id,年,月,日,曜日,品目名,品目コード,産地名,産地コード,数量,価格,対前日比（数量）,対前日比（価格）
1,2024,1,8,月,野菜総計,30000,,,11944067,241,88.2,103.4
2,2024,1,8,月,野菜総計,30000,茨　城,8,1497469,154,,
3,2024,1,8,月,野菜総計,30000,愛　知,23,1368708,177,,
4,2024,1,8,月,野菜総計,30000,千　葉,12,1245325,160,,
5,2024,1,8,月,野菜総計,30000,北海道,1,1036047,187,,
6,2024,1,8,月,野菜総計,30000,熊　本,43,993311,268,,
7,2024,1,8,月,野菜総計,30000,長　崎,42,804708,150,,
8,2024,1,8,月,野菜総計,30000,宮　崎,45,504577,401,,
9,2024,1,8,月,だいこん,30100,,,1195393,72,85.9,93.5
10,2024,1,8,月,だいこん,30100,神奈川,14,381160,67,,
11,2024,1,8,月,だいこん,30100,千　葉,12,342317,66,,
12,2024,1,8,月,だいこん,30100,長　崎,42,203806,73,,
13,2024,1,8,月,だいこん,30100,鹿児島,46,84891,68,,
14,2024,1,8,月,かぶ,30200,,,110718,133,84.5,100.8
15,2024,1,8,月,かぶ,30200,千　葉,12,61111,133,,
16,2024,1,8,月,かぶ,30200,京　都,26,13232,142,,
17,2024,1,8,月,かぶ,30200,埼　玉,11,9962,108,,
18,2024,1,8,月,かぶ,30200,徳　島,36,7824,155,,
19,2024,1,8,月,にんじん,30300,,,618124,126,98.8,99.2
20,2024,1,8,月,にんじん,30300,千　葉,12,320367,130,,
21,2024,1,8,月,にんじん,30300,長　崎,42,137380,120,,
22,2024,1,8,月,にんじん,30300,愛　知,23,74309,128,,
23,2024,1,8,月,ごぼう,30400,,,60436,396,92.6,115.5
24,2024,1,8,月,ごぼう,30400,青　森,2,37891,273,,
25,2024,1,8,月,ごぼう,30400,熊　本,43,8570,808,,
26,2024,1,8,月,ごぼう,30400,鹿児島,46,3964,706,,
27,2024,1,8,月,たけのこ,30500,,,1667,1774,109.2,102.6
28,2024,1,8,月,たけのこ,30500,鹿児島,46,713,2393,,
29,2024,1,8,月,たけのこ,30500,京　都,26,6,3492,,
30,2024,1,8,月,れんこん,30600,,,62590,370,83.6,92.3
31,2024,1,8,月,れんこん,30600,茨　城,8,48857,320,,
32,2024,1,8,月,れんこん,30600,徳　島,36,5975,630,,
33,2024,1,8,月,はくさい,31100,,,1433312,61,75.4,105.2
34,2024,1,8,月,はくさい,31100,茨　城,8,960682,57,,
35,2024,1,8,月,はくさい,31100,兵　庫,28,95249,69,,
36,2024,1,8,月,はくさい,31100,愛　知,23,78592,77,,
37,2024,1,8,月,はくさい,31100,鹿児島,46,76155,58,,
38,2024,1,8,月,みずな,31300,,,53711,402,99.3,87.8
39,2024,1,8,月,みずな,31300,茨　城,8,38383,389,,
40,2024,1,8,月,みずな,31300,福　岡,40,6858,382,,
41,2024,1,8,月,こまつな,31500,,,124487,313,107.9,95.7
42,2024,1,8,月,こまつな,31500,茨　城,8,66624,297,,
43,2024,1,8,月,こまつな,31500,福　岡,40,19845,329,,
44,2024,1,8,月,こまつな,31500,埼　玉,11,7426,266,,
45,2024,1,8,月,こまつな,31500,岐　阜,21,3379,387,,
46,2024,1,8,月,こまつな,31500,広　島,34,3186,569,,
47,2024,1,8,月,その他の菜類,31550,,,5770,344,126.4,99.7
48,2024,1,8,月,ちんげんさい,31560,,,35343,294,98,96.1
49,2024,1,8,月,ちんげんさい,31560,茨　城,8,12450,268,,
50,2024,1,8,月,ちんげんさい,31560,静　岡,22,10217,328,,
51,2024,1,8,月,ちんげんさい,31560,愛　知,23,3004,209,,
52,2024,1,8,月,ちんげんさい,31560,福　岡,40,2974,335,,
53,2024,1,8,月,キャベツ,31700,,,1456742,76,81.8,98.7
54,2024,1,8,月,キャベツ,31700,愛　知,23,807149,77,,
55,2024,1,8,月,キャベツ,31700,千　葉,12,243557,67,,
56,2024,1,8,月,キャベツ,31700,神奈川,14,91720,70,,
57,2024,1,8,月,キャベツ,31700,兵　庫,28,46660,72,,
58,2024,1,8,月,ほうれんそう,31800,,,175421,442,117.4,89.3
59,2024,1,8,月,ほうれんそう,31800,茨　城,8,52030,401,,
60,2024,1,8,月,ほうれんそう,31800,群　馬,10,48444,505,,
61,2024,1,8,月,ほうれんそう,31800,福　岡,40,27264,408,,
62,2024,1,8,月,ほうれんそう,31800,徳　島,36,10161,438,,
63,2024,1,8,月,ほうれんそう,31800,愛　知,23,8035,343,,
64,2024,1,8,月,ねぎ,31900,,,421309,435,93.2,96.5
65,2024,1,8,月,ねぎ,31900,千　葉,12,82941,397,,
66,2024,1,8,月,ねぎ,31900,茨　城,8,72922,318,,
67,2024,1,8,月,ねぎ,31900,埼　玉,11,52519,488,,
68,2024,1,8,月,ねぎ,31900,群　馬,10,47441,372,,
69,2024,1,8,月,ねぎ,31900,栃　木,9,28496,346,,
70,2024,1,8,月,ふき,32300,,,4721,379,69.8,95.9
71,2024,1,8,月,ふき,32300,愛　知,23,4176,358,,
72,2024,1,8,月,うど,32400,,,2167,681,120.1,93.8
73,2024,1,8,月,うど,32400,栃　木,9,1940,662,,
74,2024,1,8,月,みつば,32500,,,14522,949,83.6,79
75,2024,1,8,月,みつば,32500,茨　城,8,3219,1561,,
76,2024,1,8,月,みつば,32500,千　葉,12,2605,485,,
77,2024,1,8,月,みつば,32500,愛　知,23,2325,855,,
78,2024,1,8,月,みつば,32500,静　岡,22,1816,668,,
79,2024,1,8,月,みつば,32500,大　分,44,1398,821,,
80,2024,1,8,月,しゅんぎく,32600,,,27923,649,77.3,85.5
81,2024,1,8,月,しゅんぎく,32600,千　葉,12,5120,695,,
82,2024,1,8,月,しゅんぎく,32600,福　岡,40,3293,486,,
83,2024,1,8,月,しゅんぎく,32600,群　馬,10,3087,697,,
84,2024,1,8,月,しゅんぎく,32600,大　阪,27,2843,474,,
85,2024,1,8,月,しゅんぎく,32600,茨　城,8,2263,601,,
86,2024,1,8,月,にら,32800,,,57991,846,120.9,96.1
87,2024,1,8,月,にら,32800,高　知,39,24349,843,,
88,2024,1,8,月,にら,32800,栃　木,9,14887,887,,
89,2024,1,8,月,にら,32800,茨　城,8,7092,724,,
90,2024,1,8,月,にら,32800,大　分,44,2336,836,,
91,2024,1,8,月,セルリー,32900,,,40329,236,69.3,101.7
92,2024,1,8,月,セルリー,32900,静　岡,22,19252,243,,
93,2024,1,8,月,セルリー,32900,福　岡,40,10910,228,,
94,2024,1,8,月,セルリー,32900,愛　知,23,4250,240,,
95,2024,1,8,月,アスパラガス,33100,,,4945,2614,60.9,101
96,2024,1,8,月,アスパラガス,33100,岩　手,3,479,2826,,
97,2024,1,8,月,アスパラガス,33100,秋　田,5,282,2603,,
98,2024,1,8,月,アスパラガス,33100,群　馬,10,223,3034,,
99,2024,1,8,月,アスパラガス,33100,長　野,20,31,2694,,
100,2024,1,8,月,アスパラガス,33100,新　潟,15,4,2625,,
101,2024,1,8,月,　　うち輸入,33101,,,3926,2564,55.7,100.5
102,2024,1,8,月,カリフラワー,33200,,,51153,187,78.2,94.9
103,2024,1,8,月,カリフラワー,33200,熊　本,43,17879,192,,
104,2024,1,8,月,カリフラワー,33200,愛　知,23,11808,166,,
105,2024,1,8,月,カリフラワー,33200,徳　島,36,7597,207,,
106,2024,1,8,月,カリフラワー,33200,埼　玉,11,3600,185,,
107,2024,1,8,月,カリフラワー,33200,神奈川,14,2444,178,,
108,2024,1,8,月,ブロッコリー,33300,,,383041,265,92.9,103.9
109,2024,1,8,月,ブロッコリー,33300,愛　知,23,90120,178,,
110,2024,1,8,月,ブロッコリー,33300,香　川,37,86246,325,,
111,2024,1,8,月,ブロッコリー,33300,熊　本,43,40599,319,,
112,2024,1,8,月,ブロッコリー,33300,鳥　取,31,36210,301,,
113,2024,1,8,月,ブロッコリー,33300,徳　島,36,35534,265,,
114,2024,1,8,月,レタス,33400,,,650694,263,92.8,97.4
115,2024,1,8,月,レタス,33400,静　岡,22,142345,269,,
116,2024,1,8,月,レタス,33400,長　崎,42,107471,153,,
117,2024,1,8,月,レタス,33400,兵　庫,28,93937,311,,
118,2024,1,8,月,レタス,33400,福　岡,40,56080,331,,
119,2024,1,8,月,レタス,33400,香　川,37,54902,280,,
120,2024,1,8,月,パセリ,33600,,,3885,1414,88.7,87
121,2024,1,8,月,パセリ,33600,千　葉,12,1358,1222,,
122,2024,1,8,月,パセリ,33600,静　岡,22,1110,1380,,
123,2024,1,8,月,パセリ,33600,香　川,37,459,1137,,
124,2024,1,8,月,パセリ,33600,愛　知,23,355,2035,,
125,2024,1,8,月,きゅうり,34100,,,565287,392,140.3,97.8
126,2024,1,8,月,きゅうり,34100,宮　崎,45,278822,408,,
127,2024,1,8,月,きゅうり,34100,高　知,39,92713,387,,
128,2024,1,8,月,きゅうり,34100,鹿児島,46,43428,345,,
129,2024,1,8,月,きゅうり,34100,愛　知,23,38010,361,,
130,2024,1,8,月,かぼちゃ,34200,,,149388,207,78.1,92.4
131,2024,1,8,月,かぼちゃ,34200,宮　崎,45,14996,515,,
132,2024,1,8,月,かぼちゃ,34200,鹿児島,46,13190,343,,
133,2024,1,8,月,かぼちゃ,34200,北海道,1,2963,52,,
134,2024,1,8,月,かぼちゃ,34200,沖　縄,47,758,172,,
135,2024,1,8,月,かぼちゃ,34200,熊　本,43,542,477,,
136,2024,1,8,月,　　うち輸入,34201,,,115245,152,89.4,98.1
137,2024,1,8,月,なす,34300,,,233279,376,109.6,100.8
138,2024,1,8,月,なす,34300,高　知,39,114151,376,,
139,2024,1,8,月,なす,34300,熊　本,43,74579,349,,
140,2024,1,8,月,トマト,34400,,,807519,250,107.1,101.2
141,2024,1,8,月,トマト,34400,熊　本,43,505900,216,,
142,2024,1,8,月,トマト,34400,愛　知,23,112898,289,,
143,2024,1,8,月,トマト,34400,栃　木,9,58424,245,,
144,2024,1,8,月,ミニトマト,34450,,,415815,395,112.3,98
145,2024,1,8,月,ミニトマト,34450,熊　本,43,244221,344,,
146,2024,1,8,月,ミニトマト,34450,愛　知,23,47951,493,,
147,2024,1,8,月,ミニトマト,34450,宮　崎,45,34128,367,,
148,2024,1,8,月,ミニトマト,34450,静　岡,22,22745,420,,
149,2024,1,8,月,ピーマン,34500,,,239502,482,150.4,102.6
150,2024,1,8,月,ピーマン,34500,宮　崎,45,104917,489,,
151,2024,1,8,月,ピーマン,34500,鹿児島,46,47857,452,,
152,2024,1,8,月,ピーマン,34500,高　知,39,45156,467,,
153,2024,1,8,月,ししとうがらし,34600,,,6701,2200,91.9,94.1
154,2024,1,8,月,ししとうがらし,34600,高　知,39,5622,2302,,
155,2024,1,8,月,スイートコーン,34700,,,1195,325,121.3,74.9
156,2024,1,8,月,スイートコーン,34700,沖　縄,47,1055,331,,
157,2024,1,8,月,さやいんげん,35100,,,19524,946,109.2,102
158,2024,1,8,月,さやいんげん,35100,沖　縄,47,12449,923,,
159,2024,1,8,月,さやいんげん,35100,鹿児島,46,3190,1027,,
160,2024,1,8,月,さやえんどう,35200,,,37697,871,121.8,89
161,2024,1,8,月,さやえんどう,35200,鹿児島,46,21909,798,,
162,2024,1,8,月,さやえんどう,35200,愛　知,23,5039,1005,,
163,2024,1,8,月,さやえんどう,35200,和歌山,30,3846,970,,
164,2024,1,8,月,　　うち輸入,35201,,,102,730,34.7,92.5
165,2024,1,8,月,実えんどう,35300,,,7040,717,129.6,98
166,2024,1,8,月,実えんどう,35300,鹿児島,46,4008,574,,
167,2024,1,8,月,実えんどう,35300,和歌山,30,3032,906,,
168,2024,1,8,月,そらまめ,35400,,,7262,581,114.9,102.3
169,2024,1,8,月,そらまめ,35400,鹿児島,46,7262,581,,
170,2024,1,8,月,えだまめ,35500,,,673,1411,897.3,55.8
171,2024,1,8,月,えだまめ,35500,鹿児島,46,501,1011,,
172,2024,1,8,月,えだまめ,35500,静　岡,22,118,2572,,
173,2024,1,8,月,かんしょ,36100,,,272946,264,133.6,103.1
174,2024,1,8,月,かんしょ,36100,茨　城,8,119575,236,,
175,2024,1,8,月,かんしょ,36100,千　葉,12,74720,243,,
176,2024,1,8,月,かんしょ,36100,徳　島,36,49550,337,,
177,2024,1,8,月,ばれいしょ,36200,,,585550,139,82.3,108.6
178,2024,1,8,月,ばれいしょ,36200,長　崎,42,285699,154,,
179,2024,1,8,月,ばれいしょ,36200,北海道,1,267363,117,,
180,2024,1,8,月,さといも,36300,,,57751,387,114.4,98
181,2024,1,8,月,さといも,36300,愛　媛,38,27081,379,,
182,2024,1,8,月,さといも,36300,埼　玉,11,21625,405,,
183,2024,1,8,月,やまのいも,36500,,,78209,388,73.1,98.7
184,2024,1,8,月,やまのいも,36500,北海道,1,40122,326,,
185,2024,1,8,月,やまのいも,36500,青　森,2,23597,458,,
186,2024,1,8,月,たまねぎ,36610,,,905673,212,61.5,109.3
187,2024,1,8,月,たまねぎ,36610,北海道,1,721213,205,,
188,2024,1,8,月,たまねぎ,36610,静　岡,22,107553,273,,
189,2024,1,8,月,　　うち輸入,36620,,,34774,129,72.4,109.3
190,2024,1,8,月,にんにく,36700,,,17335,1080,109.6,118.9
191,2024,1,8,月,にんにく,36700,青　森,2,10287,1473,,
192,2024,1,8,月,にんにく,36700,香　川,37,120,432,,
193,2024,1,8,月,にんにく,36700,千　葉,12,40,878,,
194,2024,1,8,月,　　うち輸入,36701,,,6887,504,71.2,100.6
195,2024,1,8,月,しょうが,37200,,,14010,595,58,110.2
196,2024,1,8,月,しょうが,37200,高　知,39,9039,619,,
197,2024,1,8,月,しょうが,37200,熊　本,43,1304,582,,
198,2024,1,8,月,しょうが,37200,千　葉,12,423,546,,
199,2024,1,8,月,しょうが,37200,長　崎,42,324,556,,
200,2024,1,8,月,しょうが,37200,茨　城,8,112,351,,
201,2024,1,8,月,　　うち輸入,37201,,,2562,511,65.5,98.3
202,2024,1,8,月,生しいたけ,38100,,,64068,1122,76.9,94.4
203,2024,1,8,月,生しいたけ,38100,徳　島,36,14257,1045,,
204,2024,1,8,月,生しいたけ,38100,秋　田,5,12840,1383,,
205,2024,1,8,月,生しいたけ,38100,岩　手,3,5106,1105,,
206,2024,1,8,月,生しいたけ,38100,千　葉,12,2606,632,,
207,2024,1,8,月,生しいたけ,38100,兵　庫,28,2563,1052,,
208,2024,1,8,月,　　うち輸入,38101,,,2037,776,89.4,103.1
209,2024,1,8,月,なめこ,38300,,,18965,465,71.2,105
210,2024,1,8,月,なめこ,38300,長　野,20,5908,494,,
211,2024,1,8,月,なめこ,38300,山　形,6,2984,497,,
212,2024,1,8,月,なめこ,38300,三　重,24,2028,545,,
213,2024,1,8,月,なめこ,38300,宮　城,4,1715,474,,
214,2024,1,8,月,なめこ,38300,新　潟,15,1630,190,,
215,2024,1,8,月,えのきだけ,38400,,,116875,437,78.9,96.7
216,2024,1,8,月,えのきだけ,38400,長　野,20,86618,441,,
217,2024,1,8,月,えのきだけ,38400,新　潟,15,13417,439,,
218,2024,1,8,月,しめじ,38500,,,79383,535,80.3,95.5
219,2024,1,8,月,しめじ,38500,長　野,20,61551,501,,
220,2024,1,8,月,しめじ,38500,福　岡,40,6212,574,,
221,2024,1,8,月,その他の野菜,39000,,,246105,929,84.2,80.8
222,2024,1,8,月,輸入野菜計,39100,,,213974,288,82,93.2
223,2024,1,8,月,他の輸入野菜,39200,,,48447,479,79.9,103
224,2024,1,15,月,野菜総計,30000,,,14097541,226,104.4,99.1
225,2024,1,15,月,野菜総計,30000,北海道,1,2197194,176,,
226,2024,1,15,月,野菜総計,30000,茨　城,8,1420921,154,,
227,2024,1,15,月,野菜総計,30000,愛　知,23,1342013,158,,
228,2024,1,15,月,野菜総計,30000,千　葉,12,1202330,162,,
229,2024,1,15,月,野菜総計,30000,長　崎,42,935317,152,,
230,2024,1,15,月,野菜総計,30000,熊　本,43,817033,290,,
231,2024,1,15,月,野菜総計,30000,鹿児島,46,712839,207,,
232,2024,1,15,月,だいこん,30100,,,1289108,67,97.2,100
233,2024,1,15,月,だいこん,30100,神奈川,14,361704,68,,
234,2024,1,15,月,だいこん,30100,千　葉,12,277997,67,,
235,2024,1,15,月,だいこん,30100,長　崎,42,229668,66,,
236,2024,1,15,月,だいこん,30100,徳　島,36,88369,70,,
237,2024,1,15,月,だいこん,30100,福　岡,40,82787,54,,
238,2024,1,15,月,かぶ,30200,,,122205,112,86.5,105.7
239,2024,1,15,月,かぶ,30200,千　葉,12,59547,124,,
240,2024,1,15,月,かぶ,30200,福　岡,40,19585,77,,
241,2024,1,15,月,かぶ,30200,埼　玉,11,10906,98,,
242,2024,1,15,月,かぶ,30200,京　都,26,9623,97,,
243,2024,1,15,月,にんじん,30300,,,855940,114,102.6,98.3
244,2024,1,15,月,にんじん,30300,千　葉,12,362127,117,,
245,2024,1,15,月,にんじん,30300,長　崎,42,176130,109,,
246,2024,1,15,月,にんじん,30300,愛　知,23,120673,117,,
247,2024,1,15,月,にんじん,30300,鹿児島,46,89150,103,,
248,2024,1,15,月,ごぼう,30400,,,92910,345,111.7,99.7
249,2024,1,15,月,ごぼう,30400,青　森,2,54586,282,,
250,2024,1,15,月,ごぼう,30400,熊　本,43,10625,625,,
251,2024,1,15,月,ごぼう,30400,茨　城,8,8322,176,,
252,2024,1,15,月,ごぼう,30400,宮　崎,45,5452,759,,
253,2024,1,15,月,たけのこ,30500,,,1670,1757,156.7,100.7
254,2024,1,15,月,たけのこ,30500,鹿児島,46,556,2265,,
255,2024,1,15,月,たけのこ,30500,福　岡,40,100,2213,,
256,2024,1,15,月,たけのこ,30500,熊　本,43,27,2188,,
257,2024,1,15,月,たけのこ,30500,京　都,26,26,3162,,
258,2024,1,15,月,たけのこ,30500,埼　玉,11,12,2565,,
259,2024,1,15,月,れんこん,30600,,,81203,346,91.1,103
260,2024,1,15,月,れんこん,30600,茨　城,8,49578,282,,
261,2024,1,15,月,れんこん,30600,佐　賀,41,11747,395,,
262,2024,1,15,月,れんこん,30600,徳　島,36,8253,549,,
263,2024,1,15,月,はくさい,31100,,,1695562,56,97.3,100
264,2024,1,15,月,はくさい,31100,茨　城,8,789622,56,,
265,2024,1,15,月,はくさい,31100,鹿児島,46,184514,44,,
266,2024,1,15,月,はくさい,31100,宮　崎,45,148605,43,,
267,2024,1,15,月,はくさい,31100,兵　庫,28,146440,69,,
268,2024,1,15,月,はくさい,31100,群　馬,10,112022,59,,
269,2024,1,15,月,みずな,31300,,,48722,335,94.9,100.6
270,2024,1,15,月,みずな,31300,茨　城,8,34872,316,,
271,2024,1,15,月,みずな,31300,福　岡,40,6788,342,,
272,2024,1,15,月,こまつな,31500,,,120295,294,94.7,101
273,2024,1,15,月,こまつな,31500,茨　城,8,65368,275,,
274,2024,1,15,月,こまつな,31500,福　岡,40,19151,342,,
275,2024,1,15,月,こまつな,31500,埼　玉,11,7784,271,,
276,2024,1,15,月,こまつな,31500,群　馬,10,3210,256,,
277,2024,1,15,月,こまつな,31500,岐　阜,21,2983,358,,
278,2024,1,15,月,その他の菜類,31550,,,7085,349,144.3,106.4
279,2024,1,15,月,ちんげんさい,31560,,,37845,300,95.1,103.4
280,2024,1,15,月,ちんげんさい,31560,茨　城,8,13330,294,,
281,2024,1,15,月,ちんげんさい,31560,静　岡,22,12123,315,,
282,2024,1,15,月,ちんげんさい,31560,福　岡,40,3183,327,,
283,2024,1,15,月,ちんげんさい,31560,愛　知,23,3064,227,,
284,2024,1,15,月,キャベツ,31700,,,1638682,75,93.6,104.2
285,2024,1,15,月,キャベツ,31700,愛　知,23,884294,74,,
286,2024,1,15,月,キャベツ,31700,千　葉,12,175222,75,,
287,2024,1,15,月,キャベツ,31700,神奈川,14,125954,78,,
288,2024,1,15,月,キャベツ,31700,福　岡,40,84809,70,,
289,2024,1,15,月,キャベツ,31700,熊　本,43,66379,68,,
290,2024,1,15,月,ほうれんそう,31800,,,191920,438,98.6,104.8
291,2024,1,15,月,ほうれんそう,31800,群　馬,10,50175,454,,
292,2024,1,15,月,ほうれんそう,31800,福　岡,40,46142,392,,
293,2024,1,15,月,ほうれんそう,31800,茨　城,8,40216,469,,
294,2024,1,15,月,ほうれんそう,31800,埼　玉,11,14511,430,,
295,2024,1,15,月,ほうれんそう,31800,徳　島,36,8890,410,,
296,2024,1,15,月,ねぎ,31900,,,493925,360,94.1,96.8
297,2024,1,15,月,ねぎ,31900,千　葉,12,81853,302,,
298,2024,1,15,月,ねぎ,31900,茨　城,8,68136,261,,
299,2024,1,15,月,ねぎ,31900,群　馬,10,61930,321,,
300,2024,1,15,月,ねぎ,31900,埼　玉,11,61165,346,,
301,2024,1,15,月,ねぎ,31900,大　分,44,51561,387,,
302,2024,1,15,月,ふき,32300,,,5082,405,80.1,104.1
303,2024,1,15,月,ふき,32300,愛　知,23,4190,396,,
304,2024,1,15,月,うど,32400,,,1928,770,90.4,103.2
305,2024,1,15,月,うど,32400,栃　木,9,963,756,,
306,2024,1,15,月,うど,32400,群　馬,10,396,794,,
307,2024,1,15,月,うど,32400,青　森,2,379,723,,
308,2024,1,15,月,みつば,32500,,,11605,1083,92.3,171.9
309,2024,1,15,月,みつば,32500,愛　知,23,2012,635,,
310,2024,1,15,月,みつば,32500,千　葉,12,1966,408,,
311,2024,1,15,月,みつば,32500,静　岡,22,1375,614,,
312,2024,1,15,月,みつば,32500,大　分,44,1337,611,,
313,2024,1,15,月,みつば,32500,茨　城,8,1042,713,,
314,2024,1,15,月,しゅんぎく,32600,,,30538,496,97.4,89.4
315,2024,1,15,月,しゅんぎく,32600,福　岡,40,8906,372,,
316,2024,1,15,月,しゅんぎく,32600,千　葉,12,4006,613,,
317,2024,1,15,月,しゅんぎく,32600,群　馬,10,2690,608,,
318,2024,1,15,月,しゅんぎく,32600,栃　木,9,2118,629,,
319,2024,1,15,月,しゅんぎく,32600,大　阪,27,2022,427,,
320,2024,1,15,月,にら,32800,,,71945,845,108.7,101.6
321,2024,1,15,月,にら,32800,高　知,39,30639,884,,
322,2024,1,15,月,にら,32800,栃　木,9,15711,810,,
323,2024,1,15,月,にら,32800,大　分,44,5785,827,,
324,2024,1,15,月,にら,32800,茨　城,8,5469,742,,
325,2024,1,15,月,セルリー,32900,,,50558,236,93,95.5
326,2024,1,15,月,セルリー,32900,静　岡,22,21273,239,,
327,2024,1,15,月,セルリー,32900,福　岡,40,15498,236,,
328,2024,1,15,月,セルリー,32900,茨　城,8,4688,235,,
329,2024,1,15,月,アスパラガス,33100,,,4872,2742,99.1,97.5
330,2024,1,15,月,アスパラガス,33100,佐　賀,41,588,3487,,
331,2024,1,15,月,アスパラガス,33100,岩　手,3,297,2800,,
332,2024,1,15,月,アスパラガス,33100,群　馬,10,292,3054,,
333,2024,1,15,月,アスパラガス,33100,秋　田,5,270,2360,,
334,2024,1,15,月,アスパラガス,33100,北海道,1,36,3068,,
335,2024,1,15,月,　　うち輸入,33101,,,3358,2608,105.6,97.7
336,2024,1,15,月,カリフラワー,33200,,,38001,193,103,103.8
337,2024,1,15,月,カリフラワー,33200,熊　本,43,15920,178,,
338,2024,1,15,月,カリフラワー,33200,愛　知,23,6901,182,,
339,2024,1,15,月,カリフラワー,33200,徳　島,36,4763,251,,
340,2024,1,15,月,カリフラワー,33200,福　岡,40,3498,219,,
341,2024,1,15,月,ブロッコリー,33300,,,325393,332,102.5,105.1
342,2024,1,15,月,ブロッコリー,33300,香　川,37,66942,393,,
343,2024,1,15,月,ブロッコリー,33300,愛　知,23,51608,249,,
344,2024,1,15,月,ブロッコリー,33300,熊　本,43,48337,358,,
345,2024,1,15,月,ブロッコリー,33300,長　崎,42,43958,363,,
346,2024,1,15,月,ブロッコリー,33300,鳥　取,31,34416,341,,
347,2024,1,15,月,レタス,33400,,,669455,213,94.3,95.5
348,2024,1,15,月,レタス,33400,静　岡,22,174396,229,,
349,2024,1,15,月,レタス,33400,長　崎,42,108320,128,,
350,2024,1,15,月,レタス,33400,香　川,37,80912,206,,
351,2024,1,15,月,レタス,33400,兵　庫,28,76217,256,,
352,2024,1,15,月,レタス,33400,福　岡,40,73182,251,,
353,2024,1,15,月,パセリ,33600,,,3902,1121,94.9,94.4
354,2024,1,15,月,パセリ,33600,千　葉,12,1201,904,,
355,2024,1,15,月,パセリ,33600,静　岡,22,922,1215,,
356,2024,1,15,月,パセリ,33600,香　川,37,472,1058,,
357,2024,1,15,月,パセリ,33600,愛　知,23,352,1502,,
358,2024,1,15,月,パセリ,33600,茨　城,8,307,1525,,
359,2024,1,15,月,きゅうり,34100,,,535898,442,149,104.7
360,2024,1,15,月,きゅうり,34100,宮　崎,45,246528,463,,
361,2024,1,15,月,きゅうり,34100,高　知,39,91649,422,,
362,2024,1,15,月,きゅうり,34100,千　葉,12,44174,453,,
363,2024,1,15,月,きゅうり,34100,愛　知,23,32332,406,,
364,2024,1,15,月,きゅうり,34100,鹿児島,46,32149,414,,
365,2024,1,15,月,かぼちゃ,34200,,,206380,237,107.3,100.9
366,2024,1,15,月,かぼちゃ,34200,鹿児島,46,35380,353,,
367,2024,1,15,月,かぼちゃ,34200,宮　崎,45,19705,515,,
368,2024,1,15,月,かぼちゃ,34200,沖　縄,47,5805,341,,
369,2024,1,15,月,かぼちゃ,34200,熊　本,43,3574,410,,
370,2024,1,15,月,かぼちゃ,34200,北海道,1,777,181,,
371,2024,1,15,月,　　うち輸入,34201,,,139797,159,110.9,100.6
372,2024,1,15,月,なす,34300,,,188965,455,118.2,104.6
373,2024,1,15,月,なす,34300,高　知,39,96563,446,,
374,2024,1,15,月,なす,34300,熊　本,43,44250,455,,
375,2024,1,15,月,なす,34300,福　岡,40,25911,493,,
376,2024,1,15,月,トマト,34400,,,527661,293,101,103.5
377,2024,1,15,月,トマト,34400,熊　本,43,319841,265,,
378,2024,1,15,月,トマト,34400,栃　木,9,60592,258,,
379,2024,1,15,月,トマト,34400,愛　知,23,46455,336,,
380,2024,1,15,月,ミニトマト,34450,,,310839,424,122.7,97.5
381,2024,1,15,月,ミニトマト,34450,熊　本,43,199571,367,,
382,2024,1,15,月,ミニトマト,34450,愛　知,23,36330,559,,
383,2024,1,15,月,ミニトマト,34450,宮　崎,45,25776,401,,
384,2024,1,15,月,ピーマン,34500,,,221011,629,118.6,108.6
385,2024,1,15,月,ピーマン,34500,宮　崎,45,92393,671,,
386,2024,1,15,月,ピーマン,34500,鹿児島,46,57548,593,,
387,2024,1,15,月,ピーマン,34500,高　知,39,39527,583,,
388,2024,1,15,月,ししとうがらし,34600,,,6980,2063,120.1,98.6
389,2024,1,15,月,ししとうがらし,34600,高　知,39,5787,2183,,
390,2024,1,15,月,スイートコーン,34700,,,313,425,64.5,121.4
391,2024,1,15,月,スイートコーン,34700,沖　縄,47,313,425,,
392,2024,1,15,月,さやいんげん,35100,,,16617,988,112.2,100
393,2024,1,15,月,さやいんげん,35100,沖　縄,47,9355,980,,
394,2024,1,15,月,さやいんげん,35100,鹿児島,46,2404,1223,,
395,2024,1,15,月,さやいんげん,35100,高　知,39,1304,1365,,
396,2024,1,15,月,さやいんげん,35100,熊　本,43,186,1013,,
397,2024,1,15,月,さやいんげん,35100,長　崎,42,78,1007,,
398,2024,1,15,月,さやえんどう,35200,,,38798,879,109.6,103.7
399,2024,1,15,月,さやえんどう,35200,鹿児島,46,23737,828,,
400,2024,1,15,月,さやえんどう,35200,和歌山,30,4422,907,,
401,2024,1,15,月,さやえんどう,35200,愛　知,23,4113,1067,,
402,2024,1,15,月,　　うち輸入,35201,,,552,479,134.6,101.9
403,2024,1,15,月,実えんどう,35300,,,8520,667,128.4,103.7
404,2024,1,15,月,実えんどう,35300,鹿児島,46,5340,526,,
405,2024,1,15,月,実えんどう,35300,和歌山,30,3180,905,,
406,2024,1,15,月,そらまめ,35400,,,8849,580,91.7,104.5
407,2024,1,15,月,そらまめ,35400,鹿児島,46,8849,580,,
408,2024,1,15,月,えだまめ,35500,,,324,2234,132.8,89
409,2024,1,15,月,えだまめ,35500,静　岡,22,159,2425,,
410,2024,1,15,月,えだまめ,35500,沖　縄,47,114,2592,,
411,2024,1,15,月,かんしょ,36100,,,464264,254,104,96.6
412,2024,1,15,月,かんしょ,36100,茨　城,8,201758,230,,
413,2024,1,15,月,かんしょ,36100,千　葉,12,125638,243,,
414,2024,1,15,月,かんしょ,36100,徳　島,36,61545,296,,
415,2024,1,15,月,ばれいしょ,36200,,,1102520,133,110.1,109.9
416,2024,1,15,月,ばれいしょ,36200,北海道,1,681490,115,,
417,2024,1,15,月,ばれいしょ,36200,長　崎,42,312330,159,,
418,2024,1,15,月,さといも,36300,,,77131,375,106.5,110.9
419,2024,1,15,月,さといも,36300,埼　玉,11,33201,377,,
420,2024,1,15,月,さといも,36300,愛　媛,38,22660,336,,
421,2024,1,15,月,さといも,36300,新　潟,15,7092,401,,
422,2024,1,15,月,やまのいも,36500,,,160614,363,143.2,92.4
423,2024,1,15,月,やまのいも,36500,北海道,1,111838,325,,
424,2024,1,15,月,やまのいも,36500,青　森,2,35379,423,,
425,2024,1,15,月,たまねぎ,36610,,,1694682,197,131.4,97.5
426,2024,1,15,月,たまねぎ,36610,北海道,1,1355959,186,,
427,2024,1,15,月,　　うち輸入,36620,,,46111,123,138,112.8
428,2024,1,15,月,にんにく,36700,,,19499,1012,125.7,102.2
429,2024,1,15,月,にんにく,36700,青　森,2,9738,1536,,
430,2024,1,15,月,にんにく,36700,徳　島,36,86,321,,
431,2024,1,15,月,にんにく,36700,千　葉,12,38,887,,
432,2024,1,15,月,　　うち輸入,36701,,,9637,489,131.9,100.6
433,2024,1,15,月,しょうが,37200,,,19284,591,98.5,104.2
434,2024,1,15,月,しょうが,37200,高　知,39,12289,607,,
435,2024,1,15,月,しょうが,37200,長　崎,42,1151,490,,
436,2024,1,15,月,しょうが,37200,熊　本,43,1106,551,,
437,2024,1,15,月,しょうが,37200,千　葉,12,580,557,,
438,2024,1,15,月,しょうが,37200,愛　知,23,157,1650,,
439,2024,1,15,月,　　うち輸入,37201,,,3620,524,118.7,104.8
440,2024,1,15,月,生しいたけ,38100,,,68171,1078,92.5,102.2
441,2024,1,15,月,生しいたけ,38100,徳　島,36,15684,947,,
442,2024,1,15,月,生しいたけ,38100,秋　田,5,11694,1338,,
443,2024,1,15,月,生しいたけ,38100,岩　手,3,4508,1057,,
444,2024,1,15,月,生しいたけ,38100,長　崎,42,4347,1099,,
445,2024,1,15,月,生しいたけ,38100,大　分,44,3191,882,,
446,2024,1,15,月,　　うち輸入,38101,,,1365,782,62.3,102.1
447,2024,1,15,月,なめこ,38300,,,25436,450,102,95.9
448,2024,1,15,月,なめこ,38300,長　野,20,7676,477,,
449,2024,1,15,月,なめこ,38300,山　形,6,3152,482,,
450,2024,1,15,月,なめこ,38300,新　潟,15,2697,223,,
451,2024,1,15,月,なめこ,38300,三　重,24,2608,544,,
452,2024,1,15,月,なめこ,38300,大　分,44,2225,484,,
453,2024,1,15,月,えのきだけ,38400,,,151664,394,101.7,94.9
454,2024,1,15,月,えのきだけ,38400,長　野,20,99100,400,,
455,2024,1,15,月,えのきだけ,38400,新　潟,15,13601,387,,
456,2024,1,15,月,えのきだけ,38400,長　崎,42,8364,394,,
457,2024,1,15,月,えのきだけ,38400,福　岡,40,7994,349,,
458,2024,1,15,月,しめじ,38500,,,81373,521,86.1,95.1
459,2024,1,15,月,しめじ,38500,長　野,20,56005,484,,
460,2024,1,15,月,しめじ,38500,福　岡,40,12666,507,,
461,2024,1,15,月,その他の野菜,39000,,,271440,802,90.3,65.2
462,2024,1,15,月,輸入野菜計,39100,,,251014,267,113,97.8
463,2024,1,15,月,他の輸入野菜,39200,,,46578,481,100,103.2
464,2024,1,22,月,野菜総計,30000,,,13465906,241,97.8,107.1
465,2024,1,22,月,野菜総計,30000,北海道,1,2404333,163,,
466,2024,1,22,月,野菜総計,30000,茨　城,8,1450206,161,,
467,2024,1,22,月,野菜総計,30000,千　葉,12,1134105,169,,
468,2024,1,22,月,野菜総計,30000,愛　知,23,1083263,200,,
469,2024,1,22,月,野菜総計,30000,鹿児島,46,828417,216,,
470,2024,1,22,月,野菜総計,30000,熊　本,43,814557,313,,
471,2024,1,22,月,野菜総計,30000,長　崎,42,804187,155,,
472,2024,1,22,月,だいこん,30100,,,1203507,83,92.7,112.2
473,2024,1,22,月,だいこん,30100,神奈川,14,399803,90,,
474,2024,1,22,月,だいこん,30100,千　葉,12,259527,89,,
475,2024,1,22,月,だいこん,30100,長　崎,42,158149,70,,
476,2024,1,22,月,だいこん,30100,鹿児島,46,105396,59,,
477,2024,1,22,月,だいこん,30100,徳　島,36,77105,77,,
478,2024,1,22,月,かぶ,30200,,,106502,124,92.8,102.5
479,2024,1,22,月,かぶ,30200,千　葉,12,56473,133,,
480,2024,1,22,月,かぶ,30200,福　岡,40,13533,88,,
481,2024,1,22,月,かぶ,30200,埼　玉,11,11458,101,,
482,2024,1,22,月,かぶ,30200,京　都,26,10202,104,,
483,2024,1,22,月,にんじん,30300,,,772388,108,93.7,100
484,2024,1,22,月,にんじん,30300,千　葉,12,313152,114,,
485,2024,1,22,月,にんじん,30300,長　崎,42,171628,97,,
486,2024,1,22,月,にんじん,30300,愛　知,23,108380,105,,
487,2024,1,22,月,にんじん,30300,鹿児島,46,78800,101,,
488,2024,1,22,月,ごぼう,30400,,,80745,323,85.9,94.7
489,2024,1,22,月,ごぼう,30400,青　森,2,45316,275,,
490,2024,1,22,月,ごぼう,30400,北海道,1,9016,157,,
491,2024,1,22,月,ごぼう,30400,熊　本,43,8971,562,,
492,2024,1,22,月,ごぼう,30400,宮　崎,45,5808,583,,
493,2024,1,22,月,たけのこ,30500,,,1605,1684,111,103.8
494,2024,1,22,月,たけのこ,30500,鹿児島,46,487,2416,,
495,2024,1,22,月,たけのこ,30500,熊　本,43,12,1935,,
496,2024,1,22,月,たけのこ,30500,埼　玉,11,6,2520,,
497,2024,1,22,月,たけのこ,30500,京　都,26,4,4698,,
498,2024,1,22,月,れんこん,30600,,,59226,365,65.6,105.8
499,2024,1,22,月,れんこん,30600,茨　城,8,36151,319,,
500,2024,1,22,月,れんこん,30600,佐　賀,41,8766,370,,
501,2024,1,22,月,れんこん,30600,徳　島,36,6868,537,,
502,2024,1,22,月,はくさい,31100,,,1540152,59,92.7,101.7
503,2024,1,22,月,はくさい,31100,茨　城,8,865531,61,,
504,2024,1,22,月,はくさい,31100,鹿児島,46,209677,48,,
505,2024,1,22,月,はくさい,31100,宮　崎,45,108179,45,,
506,2024,1,22,月,はくさい,31100,兵　庫,28,101606,70,,
507,2024,1,22,月,みずな,31300,,,49435,365,103.5,105.5
508,2024,1,22,月,みずな,31300,茨　城,8,31959,362,,
509,2024,1,22,月,みずな,31300,福　岡,40,9840,327,,
510,2024,1,22,月,こまつな,31500,,,118458,356,98.7,105.3
511,2024,1,22,月,こまつな,31500,茨　城,8,57530,357,,
512,2024,1,22,月,こまつな,31500,福　岡,40,26425,345,,
513,2024,1,22,月,こまつな,31500,埼　玉,11,6555,353,,
514,2024,1,22,月,こまつな,31500,岐　阜,21,3510,397,,
515,2024,1,22,月,こまつな,31500,群　馬,10,2647,323,,
516,2024,1,22,月,その他の菜類,31550,,,5378,379,112.9,108.9
517,2024,1,22,月,ちんげんさい,31560,,,35436,327,92.1,108.3
518,2024,1,22,月,ちんげんさい,31560,茨　城,8,14605,342,,
519,2024,1,22,月,ちんげんさい,31560,静　岡,22,8964,338,,
520,2024,1,22,月,ちんげんさい,31560,福　岡,40,3076,330,,
521,2024,1,22,月,ちんげんさい,31560,愛　知,23,2643,235,,
522,2024,1,22,月,キャベツ,31700,,,1405451,89,86.5,103.5
523,2024,1,22,月,キャベツ,31700,愛　知,23,676948,98,,
524,2024,1,22,月,キャベツ,31700,千　葉,12,205535,79,,
525,2024,1,22,月,キャベツ,31700,福　岡,40,85469,76,,
526,2024,1,22,月,キャベツ,31700,神奈川,14,65842,97,,
527,2024,1,22,月,キャベツ,31700,熊　本,43,60763,75,,
528,2024,1,22,月,ほうれんそう,31800,,,164105,529,96.2,103.7
529,2024,1,22,月,ほうれんそう,31800,群　馬,10,42498,551,,
530,2024,1,22,月,ほうれんそう,31800,福　岡,40,42176,507,,
531,2024,1,22,月,ほうれんそう,31800,茨　城,8,37247,527,,
532,2024,1,22,月,ほうれんそう,31800,埼　玉,11,7038,494,,
533,2024,1,22,月,ほうれんそう,31800,千　葉,12,4289,397,,
534,2024,1,22,月,ねぎ,31900,,,428487,364,83.3,101.4
535,2024,1,22,月,ねぎ,31900,千　葉,12,70179,315,,
536,2024,1,22,月,ねぎ,31900,茨　城,8,68172,268,,
537,2024,1,22,月,ねぎ,31900,埼　玉,11,56627,356,,
538,2024,1,22,月,ねぎ,31900,群　馬,10,46690,321,,
539,2024,1,22,月,ねぎ,31900,大　分,44,44135,409,,
540,2024,1,22,月,ふき,32300,,,2982,424,86,97.9
541,2024,1,22,月,ふき,32300,愛　知,23,1996,412,,
542,2024,1,22,月,ふき,32300,福　岡,40,410,404,,
543,2024,1,22,月,うど,32400,,,3764,669,143.9,92.5
544,2024,1,22,月,うど,32400,栃　木,9,2646,645,,
545,2024,1,22,月,うど,32400,青　森,2,466,611,,
546,2024,1,22,月,みつば,32500,,,10426,615,81.7,109.2
547,2024,1,22,月,みつば,32500,千　葉,12,1919,413,,
548,2024,1,22,月,みつば,32500,愛　知,23,1554,599,,
549,2024,1,22,月,みつば,32500,大　分,44,1539,589,,
550,2024,1,22,月,みつば,32500,静　岡,22,1206,618,,
551,2024,1,22,月,みつば,32500,茨　城,8,1073,573,,
552,2024,1,22,月,しゅんぎく,32600,,,23836,661,86.1,107.3
553,2024,1,22,月,しゅんぎく,32600,福　岡,40,6663,513,,
554,2024,1,22,月,しゅんぎく,32600,千　葉,12,4093,799,,
555,2024,1,22,月,しゅんぎく,32600,栃　木,9,1976,876,,
556,2024,1,22,月,しゅんぎく,32600,大　阪,27,1331,503,,
557,2024,1,22,月,しゅんぎく,32600,宮　城,4,1305,699,,
558,2024,1,22,月,にら,32800,,,70105,853,102.7,100.9
559,2024,1,22,月,にら,32800,高　知,39,29598,857,,
560,2024,1,22,月,にら,32800,栃　木,9,13626,851,,
561,2024,1,22,月,にら,32800,宮　崎,45,6184,803,,
562,2024,1,22,月,にら,32800,大　分,44,6140,792,,
563,2024,1,22,月,にら,32800,茨　城,8,5069,810,,
564,2024,1,22,月,セルリー,32900,,,69585,221,105.2,96.9
565,2024,1,22,月,セルリー,32900,静　岡,22,28320,219,,
566,2024,1,22,月,セルリー,32900,福　岡,40,24999,220,,
567,2024,1,22,月,セルリー,32900,愛　知,23,6068,219,,
568,2024,1,22,月,アスパラガス,33100,,,5805,2792,131.5,103.8
569,2024,1,22,月,アスパラガス,33100,佐　賀,41,988,3589,,
570,2024,1,22,月,アスパラガス,33100,群　馬,10,371,3063,,
571,2024,1,22,月,アスパラガス,33100,岩　手,3,293,2795,,
572,2024,1,22,月,アスパラガス,33100,秋　田,5,252,2303,,
573,2024,1,22,月,アスパラガス,33100,北海道,1,117,2496,,
574,2024,1,22,月,　　うち輸入,33101,,,3607,2572,127.2,102.3
575,2024,1,22,月,カリフラワー,33200,,,62733,209,150.1,111.2
576,2024,1,22,月,カリフラワー,33200,福　岡,40,22926,238,,
577,2024,1,22,月,カリフラワー,33200,熊　本,43,21486,182,,
578,2024,1,22,月,カリフラワー,33200,徳　島,36,7538,227,,
579,2024,1,22,月,ブロッコリー,33300,,,321915,347,97.6,98.6
580,2024,1,22,月,ブロッコリー,33300,香　川,37,65606,417,,
581,2024,1,22,月,ブロッコリー,33300,熊　本,43,56858,399,,
582,2024,1,22,月,ブロッコリー,33300,愛　知,23,51469,280,,
583,2024,1,22,月,ブロッコリー,33300,長　崎,42,32670,388,,
584,2024,1,22,月,ブロッコリー,33300,福　岡,40,29689,255,,
585,2024,1,22,月,レタス,33400,,,535401,212,80.3,98.6
586,2024,1,22,月,レタス,33400,長　崎,42,106112,125,,
587,2024,1,22,月,レタス,33400,静　岡,22,89508,228,,
588,2024,1,22,月,レタス,33400,香　川,37,69503,214,,
589,2024,1,22,月,レタス,33400,兵　庫,28,66474,253,,
590,2024,1,22,月,レタス,33400,福　岡,40,64962,256,,
591,2024,1,22,月,パセリ,33600,,,3377,1093,90.4,97.6
592,2024,1,22,月,パセリ,33600,千　葉,12,830,1024,,
593,2024,1,22,月,パセリ,33600,静　岡,22,758,1253,,
594,2024,1,22,月,パセリ,33600,福　岡,40,582,708,,
595,2024,1,22,月,パセリ,33600,香　川,37,396,1056,,
596,2024,1,22,月,パセリ,33600,愛　知,23,300,1519,,
597,2024,1,22,月,きゅうり,34100,,,553446,496,138.3,107.1
598,2024,1,22,月,きゅうり,34100,宮　崎,45,240317,531,,
599,2024,1,22,月,きゅうり,34100,高　知,39,98023,487,,
600,2024,1,22,月,きゅうり,34100,千　葉,12,50526,482,,
601,2024,1,22,月,きゅうり,34100,鹿児島,46,33705,467,,
602,2024,1,22,月,きゅうり,34100,愛　知,23,31129,465,,
603,2024,1,22,月,かぼちゃ,34200,,,212278,240,98.1,108.1
604,2024,1,22,月,かぼちゃ,34200,鹿児島,46,42370,352,,
605,2024,1,22,月,かぼちゃ,34200,宮　崎,45,17680,510,,
606,2024,1,22,月,かぼちゃ,34200,沖　縄,47,4033,252,,
607,2024,1,22,月,かぼちゃ,34200,熊　本,43,1540,381,,
608,2024,1,22,月,かぼちゃ,34200,高　知,39,276,585,,
609,2024,1,22,月,　　うち輸入,34201,,,145867,171,89.8,100
610,2024,1,22,月,なす,34300,,,224467,472,134.8,100.4
611,2024,1,22,月,なす,34300,高　知,39,105278,460,,
612,2024,1,22,月,なす,34300,熊　本,43,57124,481,,
613,2024,1,22,月,なす,34300,福　岡,40,37388,504,,
614,2024,1,22,月,トマト,34400,,,533222,335,134.9,101.2
615,2024,1,22,月,トマト,34400,熊　本,43,304026,305,,
616,2024,1,22,月,トマト,34400,栃　木,9,66323,296,,
617,2024,1,22,月,トマト,34400,愛　知,23,59454,418,,
618,2024,1,22,月,ミニトマト,34450,,,269697,457,131.6,98.3
619,2024,1,22,月,ミニトマト,34450,熊　本,43,172802,400,,
620,2024,1,22,月,ミニトマト,34450,愛　知,23,28713,615,,
621,2024,1,22,月,ミニトマト,34450,宮　崎,45,23228,438,,
622,2024,1,22,月,ピーマン,34500,,,242842,679,124.5,101.5
623,2024,1,22,月,ピーマン,34500,宮　崎,45,100626,711,,
624,2024,1,22,月,ピーマン,34500,鹿児島,46,61605,661,,
625,2024,1,22,月,ピーマン,34500,高　知,39,42912,651,,
626,2024,1,22,月,ししとうがらし,34600,,,6225,2129,108.1,105.9
627,2024,1,22,月,ししとうがらし,34600,高　知,39,5151,2233,,
628,2024,1,22,月,スイートコーン,34700,,,94,256,－,－
629,2024,1,22,月,スイートコーン,34700,沖　縄,47,94,256,,
630,2024,1,22,月,さやいんげん,35100,,,22179,922,126,95.1
631,2024,1,22,月,さやいんげん,35100,沖　縄,47,14884,872,,
632,2024,1,22,月,さやいんげん,35100,鹿児島,46,2516,1222,,
633,2024,1,22,月,さやいんげん,35100,高　知,39,1324,1404,,
634,2024,1,22,月,さやえんどう,35200,,,44091,934,116,102.8
635,2024,1,22,月,さやえんどう,35200,鹿児島,46,25243,889,,
636,2024,1,22,月,さやえんどう,35200,熊　本,43,5322,972,,
637,2024,1,22,月,さやえんどう,35200,愛　知,23,5209,1069,,
638,2024,1,22,月,　　うち輸入,35201,,,340,263,101.2,136.3
639,2024,1,22,月,実えんどう,35300,,,8203,732,123.4,105.5
640,2024,1,22,月,実えんどう,35300,鹿児島,46,4837,583,,
641,2024,1,22,月,実えんどう,35300,和歌山,30,3360,948,,
642,2024,1,22,月,そらまめ,35400,,,8193,669,98.2,104.2
643,2024,1,22,月,そらまめ,35400,鹿児島,46,8193,669,,
644,2024,1,22,月,えだまめ,35500,,,260,2287,77.8,103.7
645,2024,1,22,月,えだまめ,35500,静　岡,22,164,2262,,
646,2024,1,22,月,えだまめ,35500,沖　縄,47,96,2329,,
647,2024,1,22,月,かんしょ,36100,,,432281,245,96.8,99.6
648,2024,1,22,月,かんしょ,36100,茨　城,8,193075,225,,
649,2024,1,22,月,かんしょ,36100,千　葉,12,111780,235,,
650,2024,1,22,月,かんしょ,36100,徳　島,36,57975,285,,
651,2024,1,22,月,ばれいしょ,36200,,,1271889,125,121.1,97.7
652,2024,1,22,月,ばれいしょ,36200,北海道,1,823337,101,,
653,2024,1,22,月,ばれいしょ,36200,長　崎,42,269161,159,,
654,2024,1,22,月,さといも,36300,,,55004,368,83.6,112.2
655,2024,1,22,月,さといも,36300,埼　玉,11,18848,337,,
656,2024,1,22,月,さといも,36300,愛　媛,38,17781,349,,
657,2024,1,22,月,さといも,36300,新　潟,15,7313,414,,
658,2024,1,22,月,さといも,36300,静　岡,22,2138,767,,
659,2024,1,22,月,やまのいも,36500,,,169227,348,145.1,101.8
660,2024,1,22,月,やまのいも,36500,北海道,1,108413,313,,
661,2024,1,22,月,やまのいも,36500,青　森,2,43562,415,,
662,2024,1,22,月,たまねぎ,36610,,,1707869,194,89.3,103.2
663,2024,1,22,月,たまねぎ,36610,北海道,1,1386661,185,,
664,2024,1,22,月,　　うち輸入,36620,,,43623,125,122.2,100.8
665,2024,1,22,月,にんにく,36700,,,22974,1120,109.7,104.3
666,2024,1,22,月,にんにく,36700,青　森,2,15910,1378,,
667,2024,1,22,月,にんにく,36700,北海道,1,55,756,,
668,2024,1,22,月,にんにく,36700,千　葉,12,34,867,,
669,2024,1,22,月,にんにく,36700,佐　賀,41,25,1512,,
670,2024,1,22,月,にんにく,36700,兵　庫,28,17,2440,,
671,2024,1,22,月,　　うち輸入,36701,,,6932,528,81.2,110.5
672,2024,1,22,月,しょうが,37200,,,19182,590,91.6,101.7
673,2024,1,22,月,しょうが,37200,高　知,39,11561,609,,
674,2024,1,22,月,しょうが,37200,熊　本,43,1506,545,,
675,2024,1,22,月,しょうが,37200,長　崎,42,961,478,,
676,2024,1,22,月,しょうが,37200,千　葉,12,605,564,,
677,2024,1,22,月,しょうが,37200,宮　崎,45,237,1291,,
678,2024,1,22,月,　　うち輸入,37201,,,3788,515,119,101.6
679,2024,1,22,月,生しいたけ,38100,,,71332,1078,96.5,100.7
680,2024,1,22,月,生しいたけ,38100,徳　島,36,13609,1005,,
681,2024,1,22,月,生しいたけ,38100,秋　田,5,11574,1300,,
682,2024,1,22,月,生しいたけ,38100,岩　手,3,5417,1010,,
683,2024,1,22,月,生しいたけ,38100,長　崎,42,5245,1084,,
684,2024,1,22,月,生しいたけ,38100,千　葉,12,4081,687,,
685,2024,1,22,月,　　うち輸入,38101,,,1694,786,87.5,101.3
686,2024,1,22,月,なめこ,38300,,,24661,468,92.8,104.2
687,2024,1,22,月,なめこ,38300,長　野,20,8062,476,,
688,2024,1,22,月,なめこ,38300,山　形,6,2815,475,,
689,2024,1,22,月,なめこ,38300,三　重,24,2611,550,,
690,2024,1,22,月,なめこ,38300,大　分,44,2217,482,,
691,2024,1,22,月,なめこ,38300,宮　城,4,2032,477,,
692,2024,1,22,月,えのきだけ,38400,,,158073,368,95.6,96.3
693,2024,1,22,月,えのきだけ,38400,長　野,20,109852,370,,
694,2024,1,22,月,えのきだけ,38400,新　潟,15,13559,367,,
695,2024,1,22,月,えのきだけ,38400,長　崎,42,7410,358,,
696,2024,1,22,月,しめじ,38500,,,93173,502,94.3,96.4
697,2024,1,22,月,しめじ,38500,長　野,20,61594,465,,
698,2024,1,22,月,しめじ,38500,福　岡,40,17027,471,,
699,2024,1,22,月,その他の野菜,39000,,,234298,894,82.7,110.9
700,2024,1,22,月,輸入野菜計,39100,,,252081,281,88.8,104.9
701,2024,1,22,月,他の輸入野菜,39200,,,46235,523,67.1,122.8
702,2024,1,29,月,野菜総計,30000,,,14582299,227,108.8,100.9
703,2024,1,29,月,野菜総計,30000,北海道,1,2593431,152,,
704,2024,1,29,月,野菜総計,30000,茨　城,8,1497923,160,,
705,2024,1,29,月,野菜総計,30000,愛　知,23,1392581,166,,
706,2024,1,29,月,野菜総計,30000,千　葉,12,1288469,160,,
707,2024,1,29,月,野菜総計,30000,鹿児島,46,866209,211,,
708,2024,1,29,月,野菜総計,30000,熊　本,43,749336,334,,
709,2024,1,29,月,野菜総計,30000,長　崎,42,663775,162,,
710,2024,1,29,月,だいこん,30100,,,1172512,84,86.2,102.4
711,2024,1,29,月,だいこん,30100,神奈川,14,401459,92,,
712,2024,1,29,月,だいこん,30100,千　葉,12,251105,90,,
713,2024,1,29,月,だいこん,30100,長　崎,42,138384,71,,
714,2024,1,29,月,だいこん,30100,鹿児島,46,88763,58,,
715,2024,1,29,月,だいこん,30100,福　岡,40,74125,57,,
716,2024,1,29,月,かぶ,30200,,,112619,123,98.3,99.2
717,2024,1,29,月,かぶ,30200,千　葉,12,54842,135,,
718,2024,1,29,月,かぶ,30200,福　岡,40,19422,78,,
719,2024,1,29,月,かぶ,30200,京　都,26,9957,111,,
720,2024,1,29,月,かぶ,30200,徳　島,36,9014,155,,
721,2024,1,29,月,にんじん,30300,,,827564,109,109.1,98.2
722,2024,1,29,月,にんじん,30300,千　葉,12,334503,112,,
723,2024,1,29,月,にんじん,30300,愛　知,23,144708,97,,
724,2024,1,29,月,にんじん,30300,長　崎,42,138198,112,,
725,2024,1,29,月,にんじん,30300,鹿児島,46,114703,107,,
726,2024,1,29,月,ごぼう,30400,,,151787,271,122.1,88
727,2024,1,29,月,ごぼう,30400,青　森,2,101667,222,,
728,2024,1,29,月,ごぼう,30400,北海道,1,15824,130,,
729,2024,1,29,月,ごぼう,30400,熊　本,43,8853,563,,
730,2024,1,29,月,たけのこ,30500,,,1832,1949,132.2,119.6
731,2024,1,29,月,たけのこ,30500,鹿児島,46,633,2949,,
732,2024,1,29,月,たけのこ,30500,福　岡,40,19,4380,,
733,2024,1,29,月,たけのこ,30500,京　都,26,8,5373,,
734,2024,1,29,月,たけのこ,30500,三　重,24,6,2196,,
735,2024,1,29,月,たけのこ,30500,熊　本,43,6,1818,,
736,2024,1,29,月,れんこん,30600,,,77503,350,90.2,99.4
737,2024,1,29,月,れんこん,30600,茨　城,8,51086,322,,
738,2024,1,29,月,れんこん,30600,佐　賀,41,8192,363,,
739,2024,1,29,月,れんこん,30600,徳　島,36,6691,531,,
740,2024,1,29,月,はくさい,31100,,,1704110,59,93.6,95.2
741,2024,1,29,月,はくさい,31100,茨　城,8,840246,59,,
742,2024,1,29,月,はくさい,31100,鹿児島,46,206252,54,,
743,2024,1,29,月,はくさい,31100,宮　崎,45,184525,48,,
744,2024,1,29,月,はくさい,31100,兵　庫,28,181516,68,,
745,2024,1,29,月,みずな,31300,,,49243,338,104.5,101.8
746,2024,1,29,月,みずな,31300,茨　城,8,34781,314,,
747,2024,1,29,月,みずな,31300,福　岡,40,6492,343,,
748,2024,1,29,月,こまつな,31500,,,126309,298,96.7,95.2
749,2024,1,29,月,こまつな,31500,茨　城,8,70491,285,,
750,2024,1,29,月,こまつな,31500,福　岡,40,19836,330,,
751,2024,1,29,月,こまつな,31500,埼　玉,11,9467,258,,
752,2024,1,29,月,こまつな,31500,群　馬,10,2917,273,,
753,2024,1,29,月,その他の菜類,31550,,,6473,340,145.5,98.6
754,2024,1,29,月,ちんげんさい,31560,,,35938,328,88.1,105.1
755,2024,1,29,月,ちんげんさい,31560,茨　城,8,13035,324,,
756,2024,1,29,月,ちんげんさい,31560,静　岡,22,9278,347,,
757,2024,1,29,月,ちんげんさい,31560,福　岡,40,4421,351,,
758,2024,1,29,月,ちんげんさい,31560,愛　知,23,2435,272,,
759,2024,1,29,月,キャベツ,31700,,,1825357,77,100.6,100
760,2024,1,29,月,キャベツ,31700,愛　知,23,893476,80,,
761,2024,1,29,月,キャベツ,31700,千　葉,12,331035,76,,
762,2024,1,29,月,キャベツ,31700,神奈川,14,144515,77,,
763,2024,1,29,月,キャベツ,31700,福　岡,40,88905,68,,
764,2024,1,29,月,キャベツ,31700,鹿児島,46,67156,72,,
765,2024,1,29,月,ほうれんそう,31800,,,210953,445,110.2,95.5
766,2024,1,29,月,ほうれんそう,31800,茨　城,8,55749,433,,
767,2024,1,29,月,ほうれんそう,31800,福　岡,40,48833,439,,
768,2024,1,29,月,ほうれんそう,31800,群　馬,10,47226,481,,
769,2024,1,29,月,ほうれんそう,31800,徳　島,36,11154,408,,
770,2024,1,29,月,ほうれんそう,31800,埼　玉,11,9605,392,,
771,2024,1,29,月,ねぎ,31900,,,424741,380,91,101.9
772,2024,1,29,月,ねぎ,31900,千　葉,12,77834,314,,
773,2024,1,29,月,ねぎ,31900,埼　玉,11,63204,390,,
774,2024,1,29,月,ねぎ,31900,茨　城,8,58111,283,,
775,2024,1,29,月,ねぎ,31900,群　馬,10,55855,334,,
776,2024,1,29,月,ねぎ,31900,大　分,44,47266,447,,
777,2024,1,29,月,ふき,32300,,,5053,456,91.4,115.2
778,2024,1,29,月,ふき,32300,愛　知,23,4212,450,,
779,2024,1,29,月,うど,32400,,,3813,679,80.8,105.3
780,2024,1,29,月,うど,32400,栃　木,9,2632,654,,
781,2024,1,29,月,うど,32400,群　馬,10,661,702,,
782,2024,1,29,月,みつば,32500,,,12881,680,105.9,107.3
783,2024,1,29,月,みつば,32500,大　分,44,2411,651,,
784,2024,1,29,月,みつば,32500,千　葉,12,2224,444,,
785,2024,1,29,月,みつば,32500,愛　知,23,1761,719,,
786,2024,1,29,月,みつば,32500,三　重,24,1422,1007,,
787,2024,1,29,月,みつば,32500,茨　城,8,1170,542,,
788,2024,1,29,月,しゅんぎく,32600,,,25081,595,86,100.2
789,2024,1,29,月,しゅんぎく,32600,福　岡,40,5399,546,,
790,2024,1,29,月,しゅんぎく,32600,千　葉,12,4046,634,,
791,2024,1,29,月,しゅんぎく,32600,茨　城,8,2058,546,,
792,2024,1,29,月,しゅんぎく,32600,栃　木,9,1876,673,,
793,2024,1,29,月,しゅんぎく,32600,群　馬,10,1797,618,,
794,2024,1,29,月,にら,32800,,,71190,877,97.4,98.8
795,2024,1,29,月,にら,32800,高　知,39,28022,879,,
796,2024,1,29,月,にら,32800,栃　木,9,14850,872,,
797,2024,1,29,月,にら,32800,宮　崎,45,6150,860,,
798,2024,1,29,月,にら,32800,大　分,44,5590,803,,
799,2024,1,29,月,にら,32800,茨　城,8,5385,814,,
800,2024,1,29,月,セルリー,32900,,,63135,217,92.9,99.1
801,2024,1,29,月,セルリー,32900,静　岡,22,23842,220,,
802,2024,1,29,月,セルリー,32900,福　岡,40,21164,216,,
803,2024,1,29,月,セルリー,32900,愛　知,23,9078,204,,
804,2024,1,29,月,アスパラガス,33100,,,9447,1811,101.9,98.7
805,2024,1,29,月,アスパラガス,33100,佐　賀,41,1105,3245,,
806,2024,1,29,月,アスパラガス,33100,群　馬,10,388,2943,,
807,2024,1,29,月,アスパラガス,33100,秋　田,5,188,2262,,
808,2024,1,29,月,アスパラガス,33100,香　川,37,118,2871,,
809,2024,1,29,月,アスパラガス,33100,北海道,1,96,2077,,
810,2024,1,29,月,　　うち輸入,33101,,,7317,1458,99.3,96.2
811,2024,1,29,月,カリフラワー,33200,,,43173,189,95.9,101.1
812,2024,1,29,月,カリフラワー,33200,熊　本,43,13436,185,,
813,2024,1,29,月,カリフラワー,33200,福　岡,40,9672,196,,
814,2024,1,29,月,カリフラワー,33200,愛　知,23,7043,174,,
815,2024,1,29,月,カリフラワー,33200,徳　島,36,3345,238,,
816,2024,1,29,月,カリフラワー,33200,埼　玉,11,2539,194,,
817,2024,1,29,月,ブロッコリー,33300,,,313111,343,102.1,103.6
818,2024,1,29,月,ブロッコリー,33300,愛　知,23,65755,254,,
819,2024,1,29,月,ブロッコリー,33300,香　川,37,64170,420,,
820,2024,1,29,月,ブロッコリー,33300,熊　本,43,51781,411,,
821,2024,1,29,月,ブロッコリー,33300,長　崎,42,37716,356,,
822,2024,1,29,月,ブロッコリー,33300,徳　島,36,27117,347,,
823,2024,1,29,月,レタス,33400,,,658581,200,97.4,97.6
824,2024,1,29,月,レタス,33400,静　岡,22,146878,207,,
825,2024,1,29,月,レタス,33400,長　崎,42,113843,123,,
826,2024,1,29,月,レタス,33400,福　岡,40,80270,262,,
827,2024,1,29,月,レタス,33400,兵　庫,28,67708,216,,
828,2024,1,29,月,レタス,33400,香　川,37,67288,202,,
829,2024,1,29,月,パセリ,33600,,,3675,1044,94.3,98.8
830,2024,1,29,月,パセリ,33600,静　岡,22,981,1129,,
831,2024,1,29,月,パセリ,33600,千　葉,12,901,980,,
832,2024,1,29,月,パセリ,33600,福　岡,40,499,638,,
833,2024,1,29,月,パセリ,33600,香　川,37,471,1017,,
834,2024,1,29,月,パセリ,33600,愛　知,23,288,1601,,
835,2024,1,29,月,きゅうり,34100,,,508510,502,149.7,99
836,2024,1,29,月,きゅうり,34100,宮　崎,45,215957,528,,
837,2024,1,29,月,きゅうり,34100,高　知,39,96172,485,,
838,2024,1,29,月,きゅうり,34100,千　葉,12,45765,479,,
839,2024,1,29,月,きゅうり,34100,愛　知,23,28786,480,,
840,2024,1,29,月,きゅうり,34100,鹿児島,46,27490,473,,
841,2024,1,29,月,かぼちゃ,34200,,,253747,221,113.7,96.5
842,2024,1,29,月,かぼちゃ,34200,鹿児島,46,31820,365,,
843,2024,1,29,月,かぼちゃ,34200,宮　崎,45,15404,511,,
844,2024,1,29,月,かぼちゃ,34200,沖　縄,47,5692,387,,
845,2024,1,29,月,かぼちゃ,34200,熊　本,43,542,433,,
846,2024,1,29,月,かぼちゃ,34200,愛　媛,38,500,247,,
847,2024,1,29,月,　　うち輸入,34201,,,199126,169,117.1,97.7
848,2024,1,29,月,なす,34300,,,189325,484,121.4,99.8
849,2024,1,29,月,なす,34300,高　知,39,101571,475,,
850,2024,1,29,月,なす,34300,熊　本,43,41041,484,,
851,2024,1,29,月,なす,34300,福　岡,40,25075,521,,
852,2024,1,29,月,トマト,34400,,,558570,341,124.3,95.5
853,2024,1,29,月,トマト,34400,熊　本,43,325979,316,,
854,2024,1,29,月,トマト,34400,栃　木,9,61534,311,,
855,2024,1,29,月,トマト,34400,愛　知,23,53209,395,,
856,2024,1,29,月,トマト,34400,福　岡,40,29703,332,,
857,2024,1,29,月,ミニトマト,34450,,,247326,507,137.3,101.6
858,2024,1,29,月,ミニトマト,34450,熊　本,43,151217,444,,
859,2024,1,29,月,ミニトマト,34450,愛　知,23,30499,666,,
860,2024,1,29,月,ミニトマト,34450,宮　崎,45,24404,466,,
861,2024,1,29,月,ピーマン,34500,,,213184,693,120.9,102.2
862,2024,1,29,月,ピーマン,34500,宮　崎,45,100182,716,,
863,2024,1,29,月,ピーマン,34500,鹿児島,46,54011,659,,
864,2024,1,29,月,ピーマン,34500,高　知,39,28411,667,,
865,2024,1,29,月,ししとうがらし,34600,,,6398,2264,105.5,106.5
866,2024,1,29,月,ししとうがらし,34600,高　知,39,5424,2309,,
867,2024,1,29,月,スイートコーン,34700,,,360,483,81.8,91.5
868,2024,1,29,月,スイートコーン,34700,沖　縄,47,360,483,,
869,2024,1,29,月,さやいんげん,35100,,,16967,1017,118.7,98.3
870,2024,1,29,月,さやいんげん,35100,沖　縄,47,9301,998,,
871,2024,1,29,月,さやいんげん,35100,鹿児島,46,2908,1193,,
872,2024,1,29,月,さやいんげん,35100,高　知,39,1560,1357,,
873,2024,1,29,月,さやえんどう,35200,,,39203,897,93.4,101.8
874,2024,1,29,月,さやえんどう,35200,鹿児島,46,23256,834,,
875,2024,1,29,月,さやえんどう,35200,熊　本,43,5088,944,,
876,2024,1,29,月,さやえんどう,35200,愛　知,23,4307,1062,,
877,2024,1,29,月,　　うち輸入,35201,,,252,414,106.8,113.4
878,2024,1,29,月,実えんどう,35300,,,10201,745,125.6,94.1
879,2024,1,29,月,実えんどう,35300,鹿児島,46,5636,591,,
880,2024,1,29,月,実えんどう,35300,和歌山,30,4493,937,,
881,2024,1,29,月,そらまめ,35400,,,11171,687,110.1,100
882,2024,1,29,月,そらまめ,35400,鹿児島,46,11171,687,,
883,2024,1,29,月,えだまめ,35500,,,107,2286,28.6,91.4
884,2024,1,29,月,えだまめ,35500,静　岡,22,107,2286,,
885,2024,1,29,月,かんしょ,36100,,,462662,248,102.8,100.4
886,2024,1,29,月,かんしょ,36100,茨　城,8,205284,226,,
887,2024,1,29,月,かんしょ,36100,千　葉,12,118072,233,,
888,2024,1,29,月,かんしょ,36100,徳　島,36,66475,304,,
889,2024,1,29,月,ばれいしょ,36200,,,1149162,128,141.9,98.5
890,2024,1,29,月,ばれいしょ,36200,北海道,1,804403,102,,
891,2024,1,29,月,ばれいしょ,36200,鹿児島,46,190922,201,,
892,2024,1,29,月,さといも,36300,,,52138,381,105.8,115.1
893,2024,1,29,月,さといも,36300,愛　媛,38,15515,351,,
894,2024,1,29,月,さといも,36300,埼　玉,11,14848,345,,
895,2024,1,29,月,さといも,36300,新　潟,15,10980,444,,
896,2024,1,29,月,さといも,36300,宮　崎,45,1885,268,,
897,2024,1,29,月,やまのいも,36500,,,196302,363,137.6,104.9
898,2024,1,29,月,やまのいも,36500,北海道,1,117877,323,,
899,2024,1,29,月,やまのいも,36500,青　森,2,64201,412,,
900,2024,1,29,月,たまねぎ,36610,,,2063165,174,138.1,90.6
901,2024,1,29,月,たまねぎ,36610,北海道,1,1610235,159,,
902,2024,1,29,月,たまねぎ,36610,静　岡,22,345791,239,,
903,2024,1,29,月,　　うち輸入,36620,,,41069,130,100.3,104
904,2024,1,29,月,にんにく,36700,,,19689,1133,106.6,103
905,2024,1,29,月,にんにく,36700,青　森,2,12166,1519,,
906,2024,1,29,月,にんにく,36700,千　葉,12,25,929,,
907,2024,1,29,月,にんにく,36700,高　知,39,6,1188,,
908,2024,1,29,月,にんにく,36700,北海道,1,6,396,,
909,2024,1,29,月,にんにく,36700,岩　手,3,1,1890,,
910,2024,1,29,月,　　うち輸入,36701,,,7485,508,105.8,97.7
911,2024,1,29,月,しょうが,37200,,,20400,592,92.8,101.9
912,2024,1,29,月,しょうが,37200,高　知,39,12458,610,,
913,2024,1,29,月,しょうが,37200,熊　本,43,1850,573,,
914,2024,1,29,月,しょうが,37200,長　崎,42,1410,502,,
915,2024,1,29,月,しょうが,37200,千　葉,12,420,538,,
916,2024,1,29,月,しょうが,37200,宮　崎,45,238,1259,,
917,2024,1,29,月,　　うち輸入,37201,,,3570,510,103.5,101.4
918,2024,1,29,月,生しいたけ,38100,,,67857,1074,89,97.5
919,2024,1,29,月,生しいたけ,38100,徳　島,36,13673,995,,
920,2024,1,29,月,生しいたけ,38100,秋　田,5,10658,1312,,
921,2024,1,29,月,生しいたけ,38100,千　葉,12,4560,773,,
922,2024,1,29,月,生しいたけ,38100,長　崎,42,4407,1083,,
923,2024,1,29,月,生しいたけ,38100,岩　手,3,3771,1158,,
924,2024,1,29,月,　　うち輸入,38101,,,1328,774,64.9,107.4
925,2024,1,29,月,なめこ,38300,,,22088,494,94.8,101.6
926,2024,1,29,月,なめこ,38300,長　野,20,7551,493,,
927,2024,1,29,月,なめこ,38300,山　形,6,3188,523,,
928,2024,1,29,月,なめこ,38300,三　重,24,2404,550,,
929,2024,1,29,月,なめこ,38300,宮　城,4,1808,501,,
930,2024,1,29,月,なめこ,38300,大　分,44,1643,479,,
931,2024,1,29,月,えのきだけ,38400,,,159754,348,93.6,95.3
932,2024,1,29,月,えのきだけ,38400,長　野,20,107021,347,,
933,2024,1,29,月,えのきだけ,38400,新　潟,15,15304,343,,
934,2024,1,29,月,えのきだけ,38400,福　岡,40,8382,348,,
935,2024,1,29,月,しめじ,38500,,,97460,497,98.9,96.3
936,2024,1,29,月,しめじ,38500,長　野,20,63484,465,,
937,2024,1,29,月,しめじ,38500,福　岡,40,17494,464,,
938,2024,1,29,月,その他の野菜,39000,,,280532,783,112.8,90.6
939,2024,1,29,月,輸入野菜計,39100,,,308598,260,106.8,94.9
940,2024,1,29,月,他の輸入野菜,39200,,,48456,495,83.7,107.8
941,2024,2,5,月,野菜総計,30000,,,13634990,244,102.9,106.6
942,2024,2,5,月,野菜総計,30000,北海道,1,2253473,157,,
943,2024,2,5,月,野菜総計,30000,茨　城,8,1509363,172,,
944,2024,2,5,月,野菜総計,30000,愛　知,23,1313853,183,,
945,2024,2,5,月,野菜総計,30000,千　葉,12,1027379,198,,
946,2024,2,5,月,野菜総計,30000,鹿児島,46,947385,206,,
947,2024,2,5,月,野菜総計,30000,熊　本,43,774427,354,,
948,2024,2,5,月,野菜総計,30000,神奈川,14,558754,100,,
949,2024,2,5,月,だいこん,30100,,,1209871,88,99.3,103.5
950,2024,2,5,月,だいこん,30100,神奈川,14,415363,98,,
951,2024,2,5,月,だいこん,30100,千　葉,12,216468,99,,
952,2024,2,5,月,だいこん,30100,鹿児島,46,162561,64,,
953,2024,2,5,月,だいこん,30100,長　崎,42,108528,72,,
954,2024,2,5,月,だいこん,30100,徳　島,36,83925,86,,
955,2024,2,5,月,かぶ,30200,,,104692,134,90.9,102.3
956,2024,2,5,月,かぶ,30200,千　葉,12,54160,145,,
957,2024,2,5,月,かぶ,30200,福　岡,40,14160,97,,
958,2024,2,5,月,かぶ,30200,埼　玉,11,9491,116,,
959,2024,2,5,月,かぶ,30200,徳　島,36,7534,153,,
960,2024,2,5,月,にんじん,30300,,,723318,119,84.8,109.2
961,2024,2,5,月,にんじん,30300,千　葉,12,278723,127,,
962,2024,2,5,月,にんじん,30300,愛　知,23,120470,109,,
963,2024,2,5,月,にんじん,30300,長　崎,42,113806,115,,
964,2024,2,5,月,にんじん,30300,鹿児島,46,94482,113,,
965,2024,2,5,月,ごぼう,30400,,,73525,338,76.4,102.1
966,2024,2,5,月,ごぼう,30400,青　森,2,38517,299,,
967,2024,2,5,月,ごぼう,30400,茨　城,8,10732,170,,
968,2024,2,5,月,ごぼう,30400,熊　本,43,9481,563,,
969,2024,2,5,月,ごぼう,30400,鹿児島,46,4969,560,,
970,2024,2,5,月,たけのこ,30500,,,2121,2006,103.6,118
971,2024,2,5,月,たけのこ,30500,鹿児島,46,449,3884,,
972,2024,2,5,月,たけのこ,30500,熊　本,43,115,2609,,
973,2024,2,5,月,たけのこ,30500,福　岡,40,52,2733,,
974,2024,2,5,月,たけのこ,30500,京　都,26,12,3731,,
975,2024,2,5,月,たけのこ,30500,埼　玉,11,4,5130,,
976,2024,2,5,月,れんこん,30600,,,81111,394,87.5,103.4
977,2024,2,5,月,れんこん,30600,茨　城,8,51310,364,,
978,2024,2,5,月,れんこん,30600,佐　賀,41,11868,415,,
979,2024,2,5,月,れんこん,30600,徳　島,36,5988,528,,
980,2024,2,5,月,はくさい,31100,,,1686203,63,101.4,103.3
981,2024,2,5,月,はくさい,31100,茨　城,8,870083,64,,
982,2024,2,5,月,はくさい,31100,鹿児島,46,174631,55,,
983,2024,2,5,月,はくさい,31100,宮　崎,45,153744,52,,
984,2024,2,5,月,はくさい,31100,兵　庫,28,122836,72,,
985,2024,2,5,月,はくさい,31100,群　馬,10,110526,66,,
986,2024,2,5,月,みずな,31300,,,49576,333,103,104.7
987,2024,2,5,月,みずな,31300,茨　城,8,34688,312,,
988,2024,2,5,月,みずな,31300,福　岡,40,6982,349,,
989,2024,2,5,月,こまつな,31500,,,126187,320,103.1,105.3
990,2024,2,5,月,こまつな,31500,茨　城,8,63752,306,,
991,2024,2,5,月,こまつな,31500,福　岡,40,27224,327,,
992,2024,2,5,月,こまつな,31500,埼　玉,11,8424,320,,
993,2024,2,5,月,こまつな,31500,広　島,34,2771,590,,
994,2024,2,5,月,その他の菜類,31550,,,6322,334,122.4,94.4
995,2024,2,5,月,ちんげんさい,31560,,,39718,330,106.8,104.4
996,2024,2,5,月,ちんげんさい,31560,茨　城,8,15971,328,,
997,2024,2,5,月,ちんげんさい,31560,静　岡,22,9383,352,,
998,2024,2,5,月,ちんげんさい,31560,福　岡,40,4786,347,,
999,2024,2,5,月,ちんげんさい,31560,愛　知,23,2373,271,,
1000,2024,2,5,月,キャベツ,31700,,,1494509,81,77.2,108
1001,2024,2,5,月,キャベツ,31700,愛　知,23,835074,83,,
1002,2024,2,5,月,キャベツ,31700,千　葉,12,134231,83,,
1003,2024,2,5,月,キャベツ,31700,神奈川,14,126270,85,,
1004,2024,2,5,月,キャベツ,31700,福　岡,40,92967,73,,
1005,2024,2,5,月,キャベツ,31700,兵　庫,28,47776,81,,
1006,2024,2,5,月,ほうれんそう,31800,,,200503,448,112.5,105.2
1007,2024,2,5,月,ほうれんそう,31800,群　馬,10,53101,466,,
1008,2024,2,5,月,ほうれんそう,31800,茨　城,8,51440,452,,
1009,2024,2,5,月,ほうれんそう,31800,福　岡,40,39116,446,,
1010,2024,2,5,月,ほうれんそう,31800,埼　玉,11,10963,405,,
1011,2024,2,5,月,ほうれんそう,31800,徳　島,36,10396,407,,
1012,2024,2,5,月,ねぎ,31900,,,412611,399,87.5,105.6
1013,2024,2,5,月,ねぎ,31900,千　葉,12,91664,342,,
1014,2024,2,5,月,ねぎ,31900,埼　玉,11,60419,417,,
1015,2024,2,5,月,ねぎ,31900,茨　城,8,47089,328,,
1016,2024,2,5,月,ねぎ,31900,群　馬,10,46696,324,,
1017,2024,2,5,月,ねぎ,31900,大　分,44,39851,470,,
1018,2024,2,5,月,ふき,32300,,,2296,402,41.4,92
1019,2024,2,5,月,ふき,32300,愛　知,23,1494,361,,
1020,2024,2,5,月,ふき,32300,福　岡,40,606,441,,
1021,2024,2,5,月,うど,32400,,,4545,698,126.6,99.9
1022,2024,2,5,月,うど,32400,栃　木,9,2910,646,,
1023,2024,2,5,月,うど,32400,秋　田,5,832,885,,
1024,2024,2,5,月,みつば,32500,,,11492,611,71.1,94.1
1025,2024,2,5,月,みつば,32500,千　葉,12,2115,406,,
1026,2024,2,5,月,みつば,32500,愛　知,23,1700,646,,
1027,2024,2,5,月,みつば,32500,大　分,44,1619,638,,
1028,2024,2,5,月,みつば,32500,静　岡,22,1234,643,,
1029,2024,2,5,月,みつば,32500,茨　城,8,1098,543,,
1030,2024,2,5,月,しゅんぎく,32600,,,23319,633,92,107.5
1031,2024,2,5,月,しゅんぎく,32600,福　岡,40,5000,554,,
1032,2024,2,5,月,しゅんぎく,32600,千　葉,12,4010,719,,
1033,2024,2,5,月,しゅんぎく,32600,栃　木,9,2045,753,,
1034,2024,2,5,月,しゅんぎく,32600,茨　城,8,1621,647,,
1035,2024,2,5,月,しゅんぎく,32600,群　馬,10,1434,693,,
1036,2024,2,5,月,にら,32800,,,71910,879,102.1,98.8
1037,2024,2,5,月,にら,32800,高　知,39,31849,846,,
1038,2024,2,5,月,にら,32800,栃　木,9,12752,883,,
1039,2024,2,5,月,にら,32800,大　分,44,5490,825,,
1040,2024,2,5,月,にら,32800,宮　崎,45,5179,878,,
1041,2024,2,5,月,にら,32800,北海道,1,5065,1097,,
1042,2024,2,5,月,セルリー,32900,,,62485,220,86.5,103.8
1043,2024,2,5,月,セルリー,32900,福　岡,40,18916,223,,
1044,2024,2,5,月,セルリー,32900,静　岡,22,18404,232,,
1045,2024,2,5,月,セルリー,32900,愛　知,23,12798,189,,
1046,2024,2,5,月,アスパラガス,33100,,,13013,1673,114.2,101
1047,2024,2,5,月,アスパラガス,33100,佐　賀,41,2128,2627,,
1048,2024,2,5,月,アスパラガス,33100,福　岡,40,817,2580,,
1049,2024,2,5,月,アスパラガス,33100,群　馬,10,646,2345,,
1050,2024,2,5,月,アスパラガス,33100,香　川,37,278,2426,,
1051,2024,2,5,月,アスパラガス,33100,長　崎,42,236,2649,,
1052,2024,2,5,月,　　うち輸入,33101,,,8272,1191,102.5,94.9
1053,2024,2,5,月,カリフラワー,33200,,,38847,208,101,95
1054,2024,2,5,月,カリフラワー,33200,熊　本,43,13006,209,,
1055,2024,2,5,月,カリフラワー,33200,徳　島,36,6775,223,,
1056,2024,2,5,月,カリフラワー,33200,愛　知,23,6659,204,,
1057,2024,2,5,月,カリフラワー,33200,福　岡,40,4298,180,,
1058,2024,2,5,月,カリフラワー,33200,神奈川,14,1754,238,,
1059,2024,2,5,月,ブロッコリー,33300,,,329901,380,103.5,102.4
1060,2024,2,5,月,ブロッコリー,33300,香　川,37,68221,444,,
1061,2024,2,5,月,ブロッコリー,33300,熊　本,43,63549,428,,
1062,2024,2,5,月,ブロッコリー,33300,愛　知,23,58156,305,,
1063,2024,2,5,月,ブロッコリー,33300,徳　島,36,34980,381,,
1064,2024,2,5,月,ブロッコリー,33300,長　崎,42,26600,384,,
1065,2024,2,5,月,レタス,33400,,,620991,208,100.3,100.5
1066,2024,2,5,月,レタス,33400,長　崎,42,111897,129,,
1067,2024,2,5,月,レタス,33400,静　岡,22,103627,214,,
1068,2024,2,5,月,レタス,33400,兵　庫,28,75819,227,,
1069,2024,2,5,月,レタス,33400,福　岡,40,71162,283,,
1070,2024,2,5,月,レタス,33400,香　川,37,68309,205,,
1071,2024,2,5,月,パセリ,33600,,,3747,994,96.6,94
1072,2024,2,5,月,パセリ,33600,千　葉,12,1057,869,,
1073,2024,2,5,月,パセリ,33600,静　岡,22,1042,1040,,
1074,2024,2,5,月,パセリ,33600,香　川,37,469,847,,
1075,2024,2,5,月,パセリ,33600,福　岡,40,318,823,,
1076,2024,2,5,月,パセリ,33600,愛　知,23,290,1646,,
1077,2024,2,5,月,きゅうり,34100,,,507966,514,137.6,102.4
1078,2024,2,5,月,きゅうり,34100,宮　崎,45,184610,550,,
1079,2024,2,5,月,きゅうり,34100,高　知,39,83623,499,,
1080,2024,2,5,月,きゅうり,34100,千　葉,12,52008,495,,
1081,2024,2,5,月,きゅうり,34100,群　馬,10,34920,527,,
1082,2024,2,5,月,きゅうり,34100,愛　知,23,34305,483,,
1083,2024,2,5,月,かぼちゃ,34200,,,275104,255,142.1,107.6
1084,2024,2,5,月,かぼちゃ,34200,沖　縄,47,45786,376,,
1085,2024,2,5,月,かぼちゃ,34200,鹿児島,46,13260,418,,
1086,2024,2,5,月,かぼちゃ,34200,宮　崎,45,11183,597,,
1087,2024,2,5,月,かぼちゃ,34200,高　知,39,260,604,,
1088,2024,2,5,月,かぼちゃ,34200,神奈川,14,200,313,,
1089,2024,2,5,月,　　うち輸入,34201,,,203847,197,133.5,108.8
1090,2024,2,5,月,なす,34300,,,198153,485,111.1,100
1091,2024,2,5,月,なす,34300,高　知,39,104538,484,,
1092,2024,2,5,月,なす,34300,熊　本,43,46263,484,,
1093,2024,2,5,月,なす,34300,福　岡,40,25082,512,,
1094,2024,2,5,月,トマト,34400,,,591107,350,122.7,99.4
1095,2024,2,5,月,トマト,34400,熊　本,43,359245,319,,
1096,2024,2,5,月,トマト,34400,栃　木,9,64815,309,,
1097,2024,2,5,月,トマト,34400,愛　知,23,60772,419,,
1098,2024,2,5,月,ミニトマト,34450,,,226760,581,124,107
1099,2024,2,5,月,ミニトマト,34450,熊　本,43,139014,525,,
1100,2024,2,5,月,ミニトマト,34450,愛　知,23,31060,723,,
1101,2024,2,5,月,ミニトマト,34450,宮　崎,45,20299,522,,
1102,2024,2,5,月,ピーマン,34500,,,206744,762,130,103.1
1103,2024,2,5,月,ピーマン,34500,宮　崎,45,83664,790,,
1104,2024,2,5,月,ピーマン,34500,鹿児島,46,47674,724,,
1105,2024,2,5,月,ピーマン,34500,高　知,39,37106,726,,
1106,2024,2,5,月,ししとうがらし,34600,,,6827,2187,108.3,100.8
1107,2024,2,5,月,ししとうがらし,34600,高　知,39,5709,2285,,
1108,2024,2,5,月,スイートコーン,34700,,,1180,417,674.3,85.3
1109,2024,2,5,月,スイートコーン,34700,沖　縄,47,1180,417,,
1110,2024,2,5,月,さやいんげん,35100,,,23551,968,131.2,93
1111,2024,2,5,月,さやいんげん,35100,沖　縄,47,16391,946,,
1112,2024,2,5,月,さやいんげん,35100,鹿児島,46,2128,1274,,
1113,2024,2,5,月,さやいんげん,35100,高　知,39,1494,1322,,
1114,2024,2,5,月,さやえんどう,35200,,,37466,958,104.2,105.2
1115,2024,2,5,月,さやえんどう,35200,鹿児島,46,19930,889,,
1116,2024,2,5,月,さやえんどう,35200,愛　知,23,5584,1116,,
1117,2024,2,5,月,さやえんどう,35200,和歌山,30,3635,956,,
1118,2024,2,5,月,さやえんどう,35200,熊　本,43,3526,1003,,
1119,2024,2,5,月,　　うち輸入,35201,,,156,487,79.6,149.4
1120,2024,2,5,月,実えんどう,35300,,,11841,824,106,99.9
1121,2024,2,5,月,実えんどう,35300,和歌山,30,6353,969,,
1122,2024,2,5,月,実えんどう,35300,鹿児島,46,5392,652,,
1123,2024,2,5,月,そらまめ,35400,,,6352,734,61.2,104
1124,2024,2,5,月,そらまめ,35400,鹿児島,46,6351,734,,
1125,2024,2,5,月,えだまめ,35500,,,283,2372,82.3,103
1126,2024,2,5,月,えだまめ,35500,静　岡,22,199,2304,,
1127,2024,2,5,月,えだまめ,35500,沖　縄,47,84,2534,,
1128,2024,2,5,月,かんしょ,36100,,,448251,245,118.5,100
1129,2024,2,5,月,かんしょ,36100,茨　城,8,199320,230,,
1130,2024,2,5,月,かんしょ,36100,千　葉,12,126080,228,,
1131,2024,2,5,月,かんしょ,36100,徳　島,36,61530,290,,
1132,2024,2,5,月,ばれいしょ,36200,,,1101406,133,110.1,99.3
1133,2024,2,5,月,ばれいしょ,36200,北海道,1,730342,99,,
1134,2024,2,5,月,ばれいしょ,36200,鹿児島,46,320784,208,,
1135,2024,2,5,月,さといも,36300,,,50608,399,104,116
1136,2024,2,5,月,さといも,36300,愛　媛,38,18742,372,,
1137,2024,2,5,月,さといも,36300,埼　玉,11,10183,344,,
1138,2024,2,5,月,さといも,36300,新　潟,15,9538,413,,
1139,2024,2,5,月,さといも,36300,千　葉,12,3272,435,,
1140,2024,2,5,月,やまのいも,36500,,,154450,319,149.3,99.4
1141,2024,2,5,月,やまのいも,36500,北海道,1,105115,283,,
1142,2024,2,5,月,やまのいも,36500,青　森,2,30643,395,,
1143,2024,2,5,月,たまねぎ,36610,,,1755551,182,130.7,93.3
1144,2024,2,5,月,たまねぎ,36610,北海道,1,1371174,173,,
1145,2024,2,5,月,たまねぎ,36610,静　岡,22,291019,229,,
1146,2024,2,5,月,　　うち輸入,36620,,,42598,132,101.7,108.2
1147,2024,2,5,月,にんにく,36700,,,27395,1077,140.9,103
1148,2024,2,5,月,にんにく,36700,青　森,2,18386,1369,,
1149,2024,2,5,月,にんにく,36700,香　川,37,100,432,,
1150,2024,2,5,月,にんにく,36700,千　葉,12,27,884,,
1151,2024,2,5,月,にんにく,36700,北海道,1,16,2703,,
1152,2024,2,5,月,　　うち輸入,36701,,,8866,476,137.2,96
1153,2024,2,5,月,しょうが,37200,,,20775,593,103.7,99.8
1154,2024,2,5,月,しょうが,37200,高　知,39,11884,618,,
1155,2024,2,5,月,しょうが,37200,熊　本,43,1747,554,,
1156,2024,2,5,月,しょうが,37200,千　葉,12,1463,565,,
1157,2024,2,5,月,しょうが,37200,長　崎,42,1432,469,,
1158,2024,2,5,月,しょうが,37200,沖　縄,47,248,676,,
1159,2024,2,5,月,　　うち輸入,37201,,,3416,493,110.8,97.2
1160,2024,2,5,月,生しいたけ,38100,,,69225,1077,94.2,99.7
1161,2024,2,5,月,生しいたけ,38100,徳　島,36,13719,1071,,
1162,2024,2,5,月,生しいたけ,38100,秋　田,5,9588,1323,,
1163,2024,2,5,月,生しいたけ,38100,岩　手,3,5311,1049,,
1164,2024,2,5,月,生しいたけ,38100,長　崎,42,4828,1011,,
1165,2024,2,5,月,生しいたけ,38100,千　葉,12,3631,705,,
1166,2024,2,5,月,　　うち輸入,38101,,,1261,791,71,100.5
1167,2024,2,5,月,なめこ,38300,,,23090,485,94.3,99.4
1168,2024,2,5,月,なめこ,38300,長　野,20,7813,483,,
1169,2024,2,5,月,なめこ,38300,山　形,6,3775,486,,
1170,2024,2,5,月,なめこ,38300,三　重,24,2621,539,,
1171,2024,2,5,月,なめこ,38300,宮　城,4,1920,476,,
1172,2024,2,5,月,なめこ,38300,大　分,44,1512,491,,
1173,2024,2,5,月,えのきだけ,38400,,,157203,335,97.3,97.4
1174,2024,2,5,月,えのきだけ,38400,長　野,20,107058,334,,
1175,2024,2,5,月,えのきだけ,38400,新　潟,15,15974,341,,
1176,2024,2,5,月,えのきだけ,38400,福　岡,40,7890,331,,
1177,2024,2,5,月,しめじ,38500,,,93985,485,90.3,97.6
1178,2024,2,5,月,しめじ,38500,長　野,20,65780,455,,
1179,2024,2,5,月,しめじ,38500,福　岡,40,14921,449,,
1180,2024,2,5,月,その他の野菜,39000,,,246965,921,82.7,116
1181,2024,2,5,月,輸入野菜計,39100,,,315574,289,113.9,101.4
1182,2024,2,5,月,他の輸入野菜,39200,,,47165,606,75,127.6
1183,2024,2,12,月,野菜総計,30000,,,253852,249,2,108.3
1184,2024,2,12,月,野菜総計,30000,沖　縄,47,159181,288,,
1185,2024,2,12,月,野菜総計,30000,鹿児島,46,61149,111,,
1186,2024,2,12,月,野菜総計,30000,北海道,1,12770,247,,
1187,2024,2,12,月,野菜総計,30000,長　崎,42,4188,304,,
1188,2024,2,12,月,野菜総計,30000,宮　崎,45,3953,250,,
1189,2024,2,12,月,野菜総計,30000,福　岡,40,3290,464,,
1190,2024,2,12,月,野菜総計,30000,青　森,2,1200,327,,
1191,2024,2,12,月,だいこん,30100,,,19654,85,1.9,90.4
1192,2024,2,12,月,だいこん,30100,鹿児島,46,19535,85,,
1193,2024,2,12,月,かぶ,30200,,,67,161,0.1,116.7
1194,2024,2,12,月,かぶ,30200,沖　縄,47,67,161,,
1195,2024,2,12,月,にんじん,30300,,,7349,113,1.1,94.2
1196,2024,2,12,月,にんじん,30300,鹿児島,46,3040,92,,
1197,2024,2,12,月,にんじん,30300,沖　縄,47,2519,141,,
1198,2024,2,12,月,にんじん,30300,宮　崎,45,1140,83,,
1199,2024,2,12,月,ごぼう,30400,,,1790,183,2,61.6
1200,2024,2,12,月,ごぼう,30400,青　森,2,370,208,,
1201,2024,2,12,月,はくさい,31100,,,18435,65,1.1,101.6
1202,2024,2,12,月,はくさい,31100,鹿児島,46,17685,64,,
1203,2024,2,12,月,みずな,31300,,,233,450,0.5,136.4
1204,2024,2,12,月,みずな,31300,福　岡,40,129,344,,
1205,2024,2,12,月,みずな,31300,沖　縄,47,54,486,,
1206,2024,2,12,月,みずな,31300,茨　城,8,50,682,,
1207,2024,2,12,月,こまつな,31500,,,1580,394,1.5,122.7
1208,2024,2,12,月,こまつな,31500,沖　縄,47,1325,400,,
1209,2024,2,12,月,その他の菜類,31550,,,441,434,10.7,115.7
1210,2024,2,12,月,ちんげんさい,31560,,,642,372,1.7,114.5
1211,2024,2,12,月,ちんげんさい,31560,沖　縄,47,606,367,,
1212,2024,2,12,月,キャベツ,31700,,,42546,103,2.7,130.4
1213,2024,2,12,月,キャベツ,31700,沖　縄,47,29406,110,,
1214,2024,2,12,月,キャベツ,31700,鹿児島,46,11170,86,,
1215,2024,2,12,月,ほうれんそう,31800,,,1544,305,1.2,63.8
1216,2024,2,12,月,ほうれんそう,31800,沖　縄,47,1332,267,,
1217,2024,2,12,月,ねぎ,31900,,,1497,445,0.4,100.5
1218,2024,2,12,月,ねぎ,31900,鹿児島,46,621,479,,
1219,2024,2,12,月,ねぎ,31900,栃　木,9,400,438,,
1220,2024,2,12,月,ねぎ,31900,長　崎,42,180,522,,
1221,2024,2,12,月,みつば,32500,,,28,1076,0.2,193.2
1222,2024,2,12,月,みつば,32500,大　分,44,18,1223,,
1223,2024,2,12,月,みつば,32500,埼　玉,11,10,810,,
1224,2024,2,12,月,しゅんぎく,32600,,,71,595,0.3,90.6
1225,2024,2,12,月,しゅんぎく,32600,沖　縄,47,53,589,,
1226,2024,2,12,月,しゅんぎく,32600,福　岡,40,18,613,,
1227,2024,2,12,月,にら,32800,,,747,1137,1.1,130.7
1228,2024,2,12,月,にら,32800,熊　本,43,220,1034,,
1229,2024,2,12,月,にら,32800,宮　崎,45,185,1060,,
1230,2024,2,12,月,にら,32800,鹿児島,46,160,1296,,
1231,2024,2,12,月,にら,32800,高　知,39,95,1329,,
1232,2024,2,12,月,セルリー,32900,,,850,180,1.2,84.9
1233,2024,2,12,月,セルリー,32900,沖　縄,47,850,180,,
1234,2024,2,12,月,カリフラワー,33200,,,711,152,1.5,66.7
1235,2024,2,12,月,カリフラワー,33200,沖　縄,47,639,151,,
1236,2024,2,12,月,ブロッコリー,33300,,,1316,263,0.5,70.7
1237,2024,2,12,月,ブロッコリー,33300,長　崎,42,1020,283,,
1238,2024,2,12,月,ブロッコリー,33300,鹿児島,46,150,241,,
1239,2024,2,12,月,レタス,33400,,,33541,118,5.8,55.4
1240,2024,2,12,月,レタス,33400,沖　縄,47,31350,109,,
1241,2024,2,12,月,パセリ,33600,,,33,1319,0.9,120.2
1242,2024,2,12,月,パセリ,33600,福　岡,40,16,750,,
1243,2024,2,12,月,パセリ,33600,佐　賀,41,15,396,,
1244,2024,2,12,月,きゅうり,34100,,,7587,549,2.6,99.8
1245,2024,2,12,月,きゅうり,34100,沖　縄,47,6837,530,,
1246,2024,2,12,月,かぼちゃ,34200,,,21784,360,11.8,146.3
1247,2024,2,12,月,かぼちゃ,34200,沖　縄,47,21784,360,,
1248,2024,2,12,月,なす,34300,,,1551,358,1.1,69.6
1249,2024,2,12,月,なす,34300,沖　縄,47,1551,358,,
1250,2024,2,12,月,トマト,34400,,,5497,260,1.4,68.2
1251,2024,2,12,月,トマト,34400,沖　縄,47,5497,260,,
1252,2024,2,12,月,ミニトマト,34450,,,832,564,0.6,87.4
1253,2024,2,12,月,ミニトマト,34450,沖　縄,47,832,564,,
1254,2024,2,12,月,ピーマン,34500,,,32670,406,22.7,53.1
1255,2024,2,12,月,ピーマン,34500,沖　縄,47,32191,395,,
1256,2024,2,12,月,ししとうがらし,34600,,,57,2269,1.3,92.4
1257,2024,2,12,月,ししとうがらし,34600,高　知,39,39,2914,,
1258,2024,2,12,月,ししとうがらし,34600,沖　縄,47,18,873,,
1259,2024,2,12,月,スイートコーン,34700,,,164,462,26.2,75.5
1260,2024,2,12,月,スイートコーン,34700,沖　縄,47,164,462,,
1261,2024,2,12,月,さやいんげん,35100,,,5802,619,34.5,67.6
1262,2024,2,12,月,さやいんげん,35100,沖　縄,47,5802,619,,
1263,2024,2,12,月,さやえんどう,35200,,,48,1022,0.1,113.9
1264,2024,2,12,月,さやえんどう,35200,沖　縄,47,48,1022,,
1265,2024,2,12,月,かんしょ,36100,,,850,190,0.2,76.9
1266,2024,2,12,月,かんしょ,36100,茨　城,8,575,188,,
1267,2024,2,12,月,かんしょ,36100,熊　本,43,275,194,,
1268,2024,2,12,月,ばれいしょ,36200,,,10559,212,1.2,169.6
1269,2024,2,12,月,ばれいしょ,36200,鹿児島,46,8050,219,,
1270,2024,2,12,月,ばれいしょ,36200,沖　縄,47,2509,190,,
1271,2024,2,12,月,やまのいも,36500,,,1408,365,1,110.9
1272,2024,2,12,月,やまのいも,36500,青　森,2,830,380,,
1273,2024,2,12,月,やまのいも,36500,北海道,1,370,385,,
1274,2024,2,12,月,たまねぎ,36610,,,14639,232,0.7,138.9
1275,2024,2,12,月,たまねぎ,36610,北海道,1,12400,243,,
1276,2024,2,12,月,　　うち輸入,36620,,,2040,155,4.5,124
1277,2024,2,12,月,にんにく,36700,,,915,581,3.6,55.2
1278,2024,2,12,月,　　うち輸入,36701,,,915,581,10.6,120.3
1279,2024,2,12,月,しょうが,37200,,,365,479,1.9,83.6
1280,2024,2,12,月,しょうが,37200,長　崎,42,300,516,,
1281,2024,2,12,月,生しいたけ,38100,,,84,1716,0.1,157.7
1282,2024,2,12,月,生しいたけ,38100,長　崎,42,60,1884,,
1283,2024,2,12,月,生しいたけ,38100,宮　崎,45,24,1296,,
1284,2024,2,12,月,なめこ,38300,,,73,689,0.3,149.8
1285,2024,2,12,月,なめこ,38300,長　崎,42,73,689,,
1286,2024,2,12,月,えのきだけ,38400,,,690,450,0.4,133.9
1287,2024,2,12,月,えのきだけ,38400,長　崎,42,690,450,,
1288,2024,2,12,月,しめじ,38500,,,1086,551,1.2,113.4
1289,2024,2,12,月,しめじ,38500,福　岡,40,1086,551,,
1290,2024,2,12,月,その他の野菜,39000,,,14120,523,5.3,62.6
1291,2024,2,12,月,輸入野菜計,39100,,,5344,304,2,105.9
1292,2024,2,12,月,他の輸入野菜,39200,,,2389,326,5.1,60.3
1293,2024,2,19,月,野菜総計,30000,,,13964956,254,106,103.7
1294,2024,2,19,月,野菜総計,30000,北海道,1,1741791,152,,
1295,2024,2,19,月,野菜総計,30000,茨　城,8,1464958,194,,
1296,2024,2,19,月,野菜総計,30000,愛　知,23,1428060,192,,
1297,2024,2,19,月,野菜総計,30000,鹿児島,46,1249565,216,,
1298,2024,2,19,月,野菜総計,30000,千　葉,12,1013477,197,,
1299,2024,2,19,月,野菜総計,30000,熊　本,43,832639,377,,
1300,2024,2,19,月,野菜総計,30000,神奈川,14,607403,90,,
1301,2024,2,19,月,だいこん,30100,,,1144122,78,93.7,102.6
1302,2024,2,19,月,だいこん,30100,神奈川,14,429099,82,,
1303,2024,2,19,月,だいこん,30100,千　葉,12,199945,87,,
1304,2024,2,19,月,だいこん,30100,鹿児島,46,145533,61,,
1305,2024,2,19,月,だいこん,30100,長　崎,42,90827,77,,
1306,2024,2,19,月,だいこん,30100,福　岡,40,86622,47,,
1307,2024,2,19,月,かぶ,30200,,,91816,138,82.7,100.7
1308,2024,2,19,月,かぶ,30200,千　葉,12,54377,139,,
1309,2024,2,19,月,かぶ,30200,埼　玉,11,8211,118,,
1310,2024,2,19,月,かぶ,30200,福　岡,40,7403,96,,
1311,2024,2,19,月,かぶ,30200,徳　島,36,5383,184,,
1312,2024,2,19,月,にんじん,30300,,,731891,129,97.7,101.6
1313,2024,2,19,月,にんじん,30300,鹿児島,46,221646,118,,
1314,2024,2,19,月,にんじん,30300,千　葉,12,216074,147,,
1315,2024,2,19,月,にんじん,30300,愛　知,23,121228,122,,
1316,2024,2,19,月,にんじん,30300,長　崎,42,98346,119,,
1317,2024,2,19,月,ごぼう,30400,,,83469,365,107.5,95.3
1318,2024,2,19,月,ごぼう,30400,青　森,2,49348,283,,
1319,2024,2,19,月,ごぼう,30400,熊　本,43,12952,611,,
1320,2024,2,19,月,ごぼう,30400,鹿児島,46,6554,657,,
1321,2024,2,19,月,たけのこ,30500,,,4007,1977,112.6,117.6
1322,2024,2,19,月,たけのこ,30500,鹿児島,46,1808,2409,,
1323,2024,2,19,月,たけのこ,30500,福　岡,40,239,2489,,
1324,2024,2,19,月,たけのこ,30500,熊　本,43,157,2253,,
1325,2024,2,19,月,たけのこ,30500,京　都,26,22,4556,,
1326,2024,2,19,月,たけのこ,30500,埼　玉,11,20,2322,,
1327,2024,2,19,月,れんこん,30600,,,78156,387,85.3,99.7
1328,2024,2,19,月,れんこん,30600,茨　城,8,51180,352,,
1329,2024,2,19,月,れんこん,30600,佐　賀,41,8550,401,,
1330,2024,2,19,月,れんこん,30600,徳　島,36,6932,563,,
1331,2024,2,19,月,はくさい,31100,,,1549412,61,97.5,98.4
1332,2024,2,19,月,はくさい,31100,茨　城,8,707190,62,,
1333,2024,2,19,月,はくさい,31100,宮　崎,45,158747,45,,
1334,2024,2,19,月,はくさい,31100,鹿児島,46,156706,53,,
1335,2024,2,19,月,はくさい,31100,長　崎,42,127170,67,,
1336,2024,2,19,月,はくさい,31100,群　馬,10,98593,66,,
1337,2024,2,19,月,みずな,31300,,,51096,314,108.6,96.9
1338,2024,2,19,月,みずな,31300,茨　城,8,34048,293,,
1339,2024,2,19,月,みずな,31300,福　岡,40,8760,314,,
1340,2024,2,19,月,こまつな,31500,,,138772,291,104.3,97.3
1341,2024,2,19,月,こまつな,31500,茨　城,8,71036,296,,
1342,2024,2,19,月,こまつな,31500,福　岡,40,31222,281,,
1343,2024,2,19,月,こまつな,31500,埼　玉,11,9043,269,,
1344,2024,2,19,月,その他の菜類,31550,,,7253,334,130.4,91.3
1345,2024,2,19,月,ちんげんさい,31560,,,40325,312,95,103.7
1346,2024,2,19,月,ちんげんさい,31560,茨　城,8,16919,299,,
1347,2024,2,19,月,ちんげんさい,31560,静　岡,22,10275,347,,
1348,2024,2,19,月,ちんげんさい,31560,福　岡,40,3562,331,,
1349,2024,2,19,月,ちんげんさい,31560,愛　知,23,2874,264,,
1350,2024,2,19,月,キャベツ,31700,,,1763904,91,103.3,109.6
1351,2024,2,19,月,キャベツ,31700,愛　知,23,910287,97,,
1352,2024,2,19,月,キャベツ,31700,千　葉,12,212203,87,,
1353,2024,2,19,月,キャベツ,31700,神奈川,14,160425,96,,
1354,2024,2,19,月,キャベツ,31700,福　岡,40,97333,75,,
1355,2024,2,19,月,キャベツ,31700,熊　本,43,65139,72,,
1356,2024,2,19,月,ほうれんそう,31800,,,215375,415,110.3,99.3
1357,2024,2,19,月,ほうれんそう,31800,茨　城,8,67118,429,,
1358,2024,2,19,月,ほうれんそう,31800,福　岡,40,46636,372,,
1359,2024,2,19,月,ほうれんそう,31800,群　馬,10,41278,452,,
1360,2024,2,19,月,ほうれんそう,31800,埼　玉,11,9857,395,,
1361,2024,2,19,月,ほうれんそう,31800,徳　島,36,7491,386,,
1362,2024,2,19,月,ねぎ,31900,,,419186,377,91.5,98.7
1363,2024,2,19,月,ねぎ,31900,千　葉,12,87914,325,,
1364,2024,2,19,月,ねぎ,31900,埼　玉,11,60969,377,,
1365,2024,2,19,月,ねぎ,31900,大　分,44,54541,378,,
1366,2024,2,19,月,ねぎ,31900,茨　城,8,40887,303,,
1367,2024,2,19,月,ねぎ,31900,群　馬,10,39081,305,,
1368,2024,2,19,月,ふき,32300,,,4708,562,99.7,107
1369,2024,2,19,月,ふき,32300,愛　知,23,3793,556,,
1370,2024,2,19,月,うど,32400,,,5697,690,119.5,99.9
1371,2024,2,19,月,うど,32400,栃　木,9,3004,674,,
1372,2024,2,19,月,うど,32400,秋　田,5,1080,757,,
1373,2024,2,19,月,うど,32400,群　馬,10,948,687,,
1374,2024,2,19,月,みつば,32500,,,12635,522,88.9,101
1375,2024,2,19,月,みつば,32500,愛　知,23,2298,478,,
1376,2024,2,19,月,みつば,32500,千　葉,12,2260,369,,
1377,2024,2,19,月,みつば,32500,大　分,44,2133,434,,
1378,2024,2,19,月,みつば,32500,静　岡,22,1223,624,,
1379,2024,2,19,月,みつば,32500,茨　城,8,1109,610,,
1380,2024,2,19,月,しゅんぎく,32600,,,23921,533,83.3,98.5
1381,2024,2,19,月,しゅんぎく,32600,福　岡,40,5657,494,,
1382,2024,2,19,月,しゅんぎく,32600,千　葉,12,3942,531,,
1383,2024,2,19,月,しゅんぎく,32600,栃　木,9,2217,566,,
1384,2024,2,19,月,しゅんぎく,32600,群　馬,10,1638,531,,
1385,2024,2,19,月,しゅんぎく,32600,宮　城,4,1582,555,,
1386,2024,2,19,月,にら,32800,,,80351,869,112.1,99.9
1387,2024,2,19,月,にら,32800,高　知,39,28998,880,,
1388,2024,2,19,月,にら,32800,栃　木,9,19607,855,,
1389,2024,2,19,月,にら,32800,茨　城,8,7141,795,,
1390,2024,2,19,月,にら,32800,大　分,44,5670,826,,
1391,2024,2,19,月,にら,32800,北海道,1,5546,1043,,
1392,2024,2,19,月,セルリー,32900,,,65862,220,88.6,97.8
1393,2024,2,19,月,セルリー,32900,静　岡,22,19699,225,,
1394,2024,2,19,月,セルリー,32900,愛　知,23,15640,185,,
1395,2024,2,19,月,セルリー,32900,福　岡,40,11356,241,,
1396,2024,2,19,月,セルリー,32900,香　川,37,8908,247,,
1397,2024,2,19,月,アスパラガス,33100,,,29924,1435,101.4,108.2
1398,2024,2,19,月,アスパラガス,33100,佐　賀,41,6579,1857,,
1399,2024,2,19,月,アスパラガス,33100,福　岡,40,3514,1692,,
1400,2024,2,19,月,アスパラガス,33100,長　崎,42,2554,1829,,
1401,2024,2,19,月,アスパラガス,33100,栃　木,9,1371,1891,,
1402,2024,2,19,月,アスパラガス,33100,熊　本,43,1243,1809,,
1403,2024,2,19,月,　　うち輸入,33101,,,12047,911,70.8,102
1404,2024,2,19,月,カリフラワー,33200,,,66371,188,109,90.4
1405,2024,2,19,月,カリフラワー,33200,熊　本,43,23688,172,,
1406,2024,2,19,月,カリフラワー,33200,福　岡,40,12963,213,,
1407,2024,2,19,月,カリフラワー,33200,徳　島,36,10907,203,,
1408,2024,2,19,月,カリフラワー,33200,愛　知,23,9147,185,,
1409,2024,2,19,月,ブロッコリー,33300,,,429981,326,113.7,95
1410,2024,2,19,月,ブロッコリー,33300,香　川,37,109712,383,,
1411,2024,2,19,月,ブロッコリー,33300,愛　知,23,83428,236,,
1412,2024,2,19,月,ブロッコリー,33300,熊　本,43,74570,377,,
1413,2024,2,19,月,ブロッコリー,33300,徳　島,36,41628,310,,
1414,2024,2,19,月,ブロッコリー,33300,長　崎,42,28228,368,,
1415,2024,2,19,月,レタス,33400,,,723742,195,106.4,98.5
1416,2024,2,19,月,レタス,33400,茨　城,8,132985,209,,
1417,2024,2,19,月,レタス,33400,静　岡,22,121072,207,,
1418,2024,2,19,月,レタス,33400,長　崎,42,108960,117,,
1419,2024,2,19,月,レタス,33400,兵　庫,28,82397,225,,
1420,2024,2,19,月,レタス,33400,香　川,37,70171,202,,
1421,2024,2,19,月,パセリ,33600,,,4300,921,91.7,99.6
1422,2024,2,19,月,パセリ,33600,静　岡,22,1325,896,,
1423,2024,2,19,月,パセリ,33600,千　葉,12,1169,758,,
1424,2024,2,19,月,パセリ,33600,香　川,37,556,797,,
1425,2024,2,19,月,パセリ,33600,福　岡,40,345,851,,
1426,2024,2,19,月,パセリ,33600,愛　知,23,328,1597,,
1427,2024,2,19,月,きゅうり,34100,,,666164,460,157.9,96.2
1428,2024,2,19,月,きゅうり,34100,宮　崎,45,235618,490,,
1429,2024,2,19,月,きゅうり,34100,高　知,39,103437,459,,
1430,2024,2,19,月,きゅうり,34100,千　葉,12,63360,453,,
1431,2024,2,19,月,きゅうり,34100,群　馬,10,55987,495,,
1432,2024,2,19,月,きゅうり,34100,愛　知,23,43259,413,,
1433,2024,2,19,月,かぼちゃ,34200,,,179649,247,95.2,98.4
1434,2024,2,19,月,かぼちゃ,34200,宮　崎,45,11422,705,,
1435,2024,2,19,月,かぼちゃ,34200,沖　縄,47,11177,499,,
1436,2024,2,19,月,かぼちゃ,34200,鹿児島,46,4270,408,,
1437,2024,2,19,月,かぼちゃ,34200,高　知,39,562,647,,
1438,2024,2,19,月,かぼちゃ,34200,千　葉,12,289,989,,
1439,2024,2,19,月,　　うち輸入,34201,,,151508,186,97.1,98.4
1440,2024,2,19,月,なす,34300,,,281490,460,131.5,96.8
1441,2024,2,19,月,なす,34300,高　知,39,138564,455,,
1442,2024,2,19,月,なす,34300,熊　本,43,63552,452,,
1443,2024,2,19,月,なす,34300,福　岡,40,46428,484,,
1444,2024,2,19,月,トマト,34400,,,615535,359,117.5,101.4
1445,2024,2,19,月,トマト,34400,熊　本,43,305194,337,,
1446,2024,2,19,月,トマト,34400,栃　木,9,95436,307,,
1447,2024,2,19,月,トマト,34400,愛　知,23,73348,385,,
1448,2024,2,19,月,トマト,34400,福　岡,40,36250,340,,
1449,2024,2,19,月,ミニトマト,34450,,,241669,694,142.4,101.3
1450,2024,2,19,月,ミニトマト,34450,熊　本,43,158649,663,,
1451,2024,2,19,月,ミニトマト,34450,愛　知,23,27167,793,,
1452,2024,2,19,月,ミニトマト,34450,宮　崎,45,18660,670,,
1453,2024,2,19,月,ピーマン,34500,,,255627,818,144.1,99.2
1454,2024,2,19,月,ピーマン,34500,宮　崎,45,96035,874,,
1455,2024,2,19,月,ピーマン,34500,鹿児島,46,59333,787,,
1456,2024,2,19,月,ピーマン,34500,高　知,39,50945,788,,
1457,2024,2,19,月,ししとうがらし,34600,,,7980,1793,118.2,80.5
1458,2024,2,19,月,ししとうがらし,34600,高　知,39,6791,1805,,
1459,2024,2,19,月,スイートコーン,34700,,,1030,557,82.7,114.1
1460,2024,2,19,月,スイートコーン,34700,沖　縄,47,1030,557,,
1461,2024,2,19,月,さやいんげん,35100,,,25857,904,125.7,95.1
1462,2024,2,19,月,さやいんげん,35100,沖　縄,47,18140,879,,
1463,2024,2,19,月,さやいんげん,35100,鹿児島,46,2389,1208,,
1464,2024,2,19,月,さやいんげん,35100,高　知,39,1428,1310,,
1465,2024,2,19,月,さやえんどう,35200,,,41002,983,109,102.8
1466,2024,2,19,月,さやえんどう,35200,鹿児島,46,19877,897,,
1467,2024,2,19,月,さやえんどう,35200,愛　知,23,6961,1122,,
1468,2024,2,19,月,さやえんどう,35200,熊　本,43,5428,1018,,
1469,2024,2,19,月,さやえんどう,35200,和歌山,30,3806,1083,,
1470,2024,2,19,月,　　うち輸入,35201,,,242,179,100,127.9
1471,2024,2,19,月,実えんどう,35300,,,21214,840,129.7,98.4
1472,2024,2,19,月,実えんどう,35300,和歌山,30,14150,940,,
1473,2024,2,19,月,実えんどう,35300,鹿児島,46,6620,630,,
1474,2024,2,19,月,そらまめ,35400,,,18667,662,107.8,100.3
1475,2024,2,19,月,そらまめ,35400,鹿児島,46,18667,662,,
1476,2024,2,19,月,えだまめ,35500,,,182,2495,55.5,105
1477,2024,2,19,月,えだまめ,35500,沖　縄,47,126,2553,,
1478,2024,2,19,月,えだまめ,35500,静　岡,22,56,2363,,
1479,2024,2,19,月,かんしょ,36100,,,443881,251,113.7,101.6
1480,2024,2,19,月,かんしょ,36100,茨　城,8,213287,231,,
1481,2024,2,19,月,かんしょ,36100,千　葉,12,99938,234,,
1482,2024,2,19,月,かんしょ,36100,徳　島,36,59769,299,,
1483,2024,2,19,月,ばれいしょ,36200,,,1141862,152,147.5,105.6
1484,2024,2,19,月,ばれいしょ,36200,北海道,1,623023,96,,
1485,2024,2,19,月,ばれいしょ,36200,鹿児島,46,494090,221,,
1486,2024,2,19,月,さといも,36300,,,48158,405,102.9,108
1487,2024,2,19,月,さといも,36300,愛　媛,38,15651,387,,
1488,2024,2,19,月,さといも,36300,埼　玉,11,12758,370,,
1489,2024,2,19,月,さといも,36300,新　潟,15,9246,392,,
1490,2024,2,19,月,さといも,36300,宮　崎,45,2903,423,,
1491,2024,2,19,月,やまのいも,36500,,,149100,331,88,101.5
1492,2024,2,19,月,やまのいも,36500,北海道,1,82343,290,,
1493,2024,2,19,月,やまのいも,36500,青　森,2,56563,357,,
1494,2024,2,19,月,たまねぎ,36610,,,1378526,179,92.2,95.7
1495,2024,2,19,月,たまねぎ,36610,北海道,1,989080,165,,
1496,2024,2,19,月,たまねぎ,36610,静　岡,22,248378,223,,
1497,2024,2,19,月,　　うち輸入,36620,,,43310,141,144,107.6
1498,2024,2,19,月,にんにく,36700,,,21567,1147,60.9,99
1499,2024,2,19,月,にんにく,36700,青　森,2,14300,1484,,
1500,2024,2,19,月,にんにく,36700,沖　縄,47,57,748,,
1501,2024,2,19,月,にんにく,36700,千　葉,12,27,884,,
1502,2024,2,19,月,にんにく,36700,北海道,1,13,1956,,
1503,2024,2,19,月,にんにく,36700,岩　手,3,1,1890,,
1504,2024,2,19,月,　　うち輸入,36701,,,7169,478,86.4,98
1505,2024,2,19,月,しょうが,37200,,,21135,583,98.4,99.1
1506,2024,2,19,月,しょうが,37200,高　知,39,10838,667,,
1507,2024,2,19,月,しょうが,37200,熊　本,43,3775,381,,
1508,2024,2,19,月,しょうが,37200,長　崎,42,1965,456,,
1509,2024,2,19,月,しょうが,37200,千　葉,12,423,534,,
1510,2024,2,19,月,　　うち輸入,37201,,,3508,503,103.5,99.8
1511,2024,2,19,月,生しいたけ,38100,,,64701,1042,91.8,97.7
1512,2024,2,19,月,生しいたけ,38100,徳　島,36,12797,990,,
1513,2024,2,19,月,生しいたけ,38100,秋　田,5,11257,1218,,
1514,2024,2,19,月,生しいたけ,38100,長　崎,42,4909,962,,
1515,2024,2,19,月,生しいたけ,38100,岩　手,3,4516,1044,,
1516,2024,2,19,月,生しいたけ,38100,千　葉,12,3394,719,,
1517,2024,2,19,月,　　うち輸入,38101,,,852,837,82.1,99.2
1518,2024,2,19,月,なめこ,38300,,,25473,472,98.6,98.1
1519,2024,2,19,月,なめこ,38300,長　野,20,8286,472,,
1520,2024,2,19,月,なめこ,38300,山　形,6,4454,465,,
1521,2024,2,19,月,なめこ,38300,三　重,24,2654,543,,
1522,2024,2,19,月,なめこ,38300,大　分,44,2504,480,,
1523,2024,2,19,月,なめこ,38300,宮　城,4,2031,468,,
1524,2024,2,19,月,えのきだけ,38400,,,164880,306,98.6,95.6
1525,2024,2,19,月,えのきだけ,38400,長　野,20,110272,309,,
1526,2024,2,19,月,えのきだけ,38400,新　潟,15,13399,314,,
1527,2024,2,19,月,えのきだけ,38400,宮　崎,45,13258,277,,
1528,2024,2,19,月,しめじ,38500,,,87265,459,81.5,95
1529,2024,2,19,月,しめじ,38500,長　野,20,60121,432,,
1530,2024,2,19,月,しめじ,38500,福　岡,40,14404,427,,
1531,2024,2,19,月,その他の野菜,39000,,,296133,866,101.7,99.8
1532,2024,2,19,月,輸入野菜計,39100,,,264005,296,97.6,93.4
1533,2024,2,19,月,他の輸入野菜,39200,,,45370,595,83.3,106.1
1534,2024,2,26,月,野菜総計,30000,,,12987055,245,106.1,97.6
1535,2024,2,26,月,野菜総計,30000,北海道,1,1846584,154,,
1536,2024,2,26,月,野菜総計,30000,愛　知,23,1339768,169,,
1537,2024,2,26,月,野菜総計,30000,茨　城,8,1294709,205,,
1538,2024,2,26,月,野菜総計,30000,鹿児島,46,1115775,225,,
1539,2024,2,26,月,野菜総計,30000,千　葉,12,858578,185,,
1540,2024,2,26,月,野菜総計,30000,長　崎,42,828080,147,,
1541,2024,2,26,月,野菜総計,30000,熊　本,43,811611,362,,
1542,2024,2,26,月,だいこん,30100,,,991441,83,116.6,105.1
1543,2024,2,26,月,だいこん,30100,神奈川,14,343826,87,,
1544,2024,2,26,月,だいこん,30100,千　葉,12,186688,96,,
1545,2024,2,26,月,だいこん,30100,長　崎,42,141406,84,,
1546,2024,2,26,月,だいこん,30100,鹿児島,46,116248,58,,
1547,2024,2,26,月,だいこん,30100,福　岡,40,83025,52,,
1548,2024,2,26,月,かぶ,30200,,,91677,133,106.5,100.8
1549,2024,2,26,月,かぶ,30200,千　葉,12,54762,139,,
1550,2024,2,26,月,かぶ,30200,埼　玉,11,10055,110,,
1551,2024,2,26,月,かぶ,30200,福　岡,40,6870,91,,
1552,2024,2,26,月,かぶ,30200,徳　島,36,5542,150,,
1553,2024,2,26,月,にんじん,30300,,,524256,144,86.2,107.5
1554,2024,2,26,月,にんじん,30300,千　葉,12,151156,158,,
1555,2024,2,26,月,にんじん,30300,鹿児島,46,147190,145,,
1556,2024,2,26,月,にんじん,30300,長　崎,42,89723,137,,
1557,2024,2,26,月,にんじん,30300,愛　知,23,74974,130,,
1558,2024,2,26,月,ごぼう,30400,,,89379,342,63.8,115.5
1559,2024,2,26,月,ごぼう,30400,青　森,2,60457,277,,
1560,2024,2,26,月,ごぼう,30400,鹿児島,46,8016,644,,
1561,2024,2,26,月,ごぼう,30400,熊　本,43,6302,668,,
1562,2024,2,26,月,たけのこ,30500,,,8515,1585,257.6,91.7
1563,2024,2,26,月,たけのこ,30500,鹿児島,46,4853,1603,,
1564,2024,2,26,月,たけのこ,30500,熊　本,43,918,1718,,
1565,2024,2,26,月,たけのこ,30500,福　岡,40,632,1856,,
1566,2024,2,26,月,たけのこ,30500,京　都,26,74,1942,,
1567,2024,2,26,月,たけのこ,30500,埼　玉,11,38,1913,,
1568,2024,2,26,月,れんこん,30600,,,83888,387,109.6,99.2
1569,2024,2,26,月,れんこん,30600,茨　城,8,54943,355,,
1570,2024,2,26,月,れんこん,30600,佐　賀,41,10527,387,,
1571,2024,2,26,月,れんこん,30600,愛　知,23,7118,400,,
1572,2024,2,26,月,はくさい,31100,,,1475416,77,113.7,106.9
1573,2024,2,26,月,はくさい,31100,茨　城,8,539592,93,,
1574,2024,2,26,月,はくさい,31100,長　崎,42,322312,75,,
1575,2024,2,26,月,はくさい,31100,宮　崎,45,160524,51,,
1576,2024,2,26,月,はくさい,31100,鹿児島,46,132742,50,,
1577,2024,2,26,月,はくさい,31100,兵　庫,28,95445,95,,
1578,2024,2,26,月,みずな,31300,,,55349,259,102.3,94.9
1579,2024,2,26,月,みずな,31300,茨　城,8,36375,261,,
1580,2024,2,26,月,みずな,31300,福　岡,40,11838,202,,
1581,2024,2,26,月,こまつな,31500,,,157412,226,107.9,93.4
1582,2024,2,26,月,こまつな,31500,茨　城,8,71391,258,,
1583,2024,2,26,月,こまつな,31500,福　岡,40,48397,155,,
1584,2024,2,26,月,こまつな,31500,埼　玉,11,9404,253,,
1585,2024,2,26,月,その他の菜類,31550,,,6592,353,139.8,98.3
1586,2024,2,26,月,ちんげんさい,31560,,,42633,278,99.5,98.9
1587,2024,2,26,月,ちんげんさい,31560,茨　城,8,16391,266,,
1588,2024,2,26,月,ちんげんさい,31560,静　岡,22,11239,311,,
1589,2024,2,26,月,ちんげんさい,31560,福　岡,40,5695,258,,
1590,2024,2,26,月,ちんげんさい,31560,愛　知,23,2060,246,,
1591,2024,2,26,月,キャベツ,31700,,,1839069,79,106.2,96.3
1592,2024,2,26,月,キャベツ,31700,愛　知,23,930705,78,,
1593,2024,2,26,月,キャベツ,31700,千　葉,12,216676,83,,
1594,2024,2,26,月,キャベツ,31700,神奈川,14,196054,89,,
1595,2024,2,26,月,キャベツ,31700,福　岡,40,109222,67,,
1596,2024,2,26,月,キャベツ,31700,熊　本,43,78500,70,,
1597,2024,2,26,月,ほうれんそう,31800,,,168599,389,98.4,101.6
1598,2024,2,26,月,ほうれんそう,31800,茨　城,8,60259,388,,
1599,2024,2,26,月,ほうれんそう,31800,群　馬,10,31341,404,,
1600,2024,2,26,月,ほうれんそう,31800,福　岡,40,26343,373,,
1601,2024,2,26,月,ほうれんそう,31800,愛　知,23,7380,361,,
1602,2024,2,26,月,ほうれんそう,31800,埼　玉,11,7071,375,,
1603,2024,2,26,月,ねぎ,31900,,,283495,445,75.9,110.1
1604,2024,2,26,月,ねぎ,31900,埼　玉,11,50461,462,,
1605,2024,2,26,月,ねぎ,31900,千　葉,12,42855,377,,
1606,2024,2,26,月,ねぎ,31900,大　分,44,35992,443,,
1607,2024,2,26,月,ねぎ,31900,群　馬,10,31213,388,,
1608,2024,2,26,月,ねぎ,31900,茨　城,8,24279,362,,
1609,2024,2,26,月,ふき,32300,,,5101,560,139.8,102
1610,2024,2,26,月,ふき,32300,愛　知,23,3681,559,,
1611,2024,2,26,月,ふき,32300,福　岡,40,790,408,,
1612,2024,2,26,月,うど,32400,,,5899,663,99.7,98.8
1613,2024,2,26,月,うど,32400,栃　木,9,3993,645,,
1614,2024,2,26,月,うど,32400,秋　田,5,1000,730,,
1615,2024,2,26,月,みつば,32500,,,13643,496,92.9,103.5
1616,2024,2,26,月,みつば,32500,愛　知,23,2409,468,,
1617,2024,2,26,月,みつば,32500,千　葉,12,2181,368,,
1618,2024,2,26,月,みつば,32500,大　分,44,2095,430,,
1619,2024,2,26,月,みつば,32500,静　岡,22,1328,594,,
1620,2024,2,26,月,みつば,32500,埼　玉,11,1266,456,,
1621,2024,2,26,月,しゅんぎく,32600,,,25769,492,91.3,101.9
1622,2024,2,26,月,しゅんぎく,32600,福　岡,40,7375,424,,
1623,2024,2,26,月,しゅんぎく,32600,千　葉,12,3774,563,,
1624,2024,2,26,月,しゅんぎく,32600,栃　木,9,2292,593,,
1625,2024,2,26,月,しゅんぎく,32600,茨　城,8,2001,474,,
1626,2024,2,26,月,しゅんぎく,32600,宮　城,4,1757,494,,
1627,2024,2,26,月,にら,32800,,,87264,772,98.3,94.4
1628,2024,2,26,月,にら,32800,高　知,39,30784,818,,
1629,2024,2,26,月,にら,32800,栃　木,9,20392,720,,
1630,2024,2,26,月,にら,32800,北海道,1,9177,852,,
1631,2024,2,26,月,にら,32800,茨　城,8,8144,650,,
1632,2024,2,26,月,にら,32800,宮　崎,45,5305,827,,
1633,2024,2,26,月,セルリー,32900,,,55399,234,93.2,103.5
1634,2024,2,26,月,セルリー,32900,静　岡,22,15464,245,,
1635,2024,2,26,月,セルリー,32900,福　岡,40,12484,246,,
1636,2024,2,26,月,セルリー,32900,愛　知,23,11798,204,,
1637,2024,2,26,月,セルリー,32900,香　川,37,6922,240,,
1638,2024,2,26,月,アスパラガス,33100,,,31815,1388,90.3,107.9
1639,2024,2,26,月,アスパラガス,33100,佐　賀,41,7523,1703,,
1640,2024,2,26,月,アスパラガス,33100,福　岡,40,5198,1519,,
1641,2024,2,26,月,アスパラガス,33100,長　崎,42,4253,1705,,
1642,2024,2,26,月,アスパラガス,33100,熊　本,43,2565,1639,,
1643,2024,2,26,月,アスパラガス,33100,香　川,37,924,1606,,
1644,2024,2,26,月,　　うち輸入,33101,,,9807,813,64.1,97.8
1645,2024,2,26,月,カリフラワー,33200,,,54731,166,90.2,101.8
1646,2024,2,26,月,カリフラワー,33200,熊　本,43,15295,175,,
1647,2024,2,26,月,カリフラワー,33200,愛　知,23,14407,154,,
1648,2024,2,26,月,カリフラワー,33200,福　岡,40,8902,173,,
1649,2024,2,26,月,カリフラワー,33200,徳　島,36,8287,163,,
1650,2024,2,26,月,ブロッコリー,33300,,,391603,292,96.3,96.4
1651,2024,2,26,月,ブロッコリー,33300,香　川,37,87111,345,,
1652,2024,2,26,月,ブロッコリー,33300,愛　知,23,83621,197,,
1653,2024,2,26,月,ブロッコリー,33300,熊　本,43,63717,343,,
1654,2024,2,26,月,ブロッコリー,33300,徳　島,36,46652,274,,
1655,2024,2,26,月,ブロッコリー,33300,長　崎,42,37886,351,,
1656,2024,2,26,月,レタス,33400,,,759497,168,112.7,96
1657,2024,2,26,月,レタス,33400,茨　城,8,191590,171,,
1658,2024,2,26,月,レタス,33400,長　崎,42,124639,117,,
1659,2024,2,26,月,レタス,33400,静　岡,22,92454,172,,
1660,2024,2,26,月,レタス,33400,兵　庫,28,83732,175,,
1661,2024,2,26,月,レタス,33400,福　岡,40,75638,239,,
1662,2024,2,26,月,パセリ,33600,,,4179,878,93.3,95.1
1663,2024,2,26,月,パセリ,33600,静　岡,22,1244,882,,
1664,2024,2,26,月,パセリ,33600,千　葉,12,1041,745,,
1665,2024,2,26,月,パセリ,33600,香　川,37,549,765,,
1666,2024,2,26,月,パセリ,33600,福　岡,40,420,675,,
1667,2024,2,26,月,パセリ,33600,愛　知,23,368,1394,,
1668,2024,2,26,月,きゅうり,34100,,,475350,444,123.4,104.5
1669,2024,2,26,月,きゅうり,34100,宮　崎,45,215417,455,,
1670,2024,2,26,月,きゅうり,34100,高　知,39,70357,448,,
1671,2024,2,26,月,きゅうり,34100,群　馬,10,35499,485,,
1672,2024,2,26,月,きゅうり,34100,鹿児島,46,28881,373,,
1673,2024,2,26,月,きゅうり,34100,千　葉,12,27732,455,,
1674,2024,2,26,月,かぼちゃ,34200,,,227510,230,93.2,99.1
1675,2024,2,26,月,かぼちゃ,34200,鹿児島,46,19780,456,,
1676,2024,2,26,月,かぼちゃ,34200,宮　崎,45,14157,642,,
1677,2024,2,26,月,かぼちゃ,34200,沖　縄,47,11736,454,,
1678,2024,2,26,月,かぼちゃ,34200,広　島,34,300,162,,
1679,2024,2,26,月,かぼちゃ,34200,高　知,39,258,652,,
1680,2024,2,26,月,　　うち輸入,34201,,,180813,157,91.4,91.3
1681,2024,2,26,月,なす,34300,,,219341,451,87.9,102
1682,2024,2,26,月,なす,34300,高　知,39,103800,453,,
1683,2024,2,26,月,なす,34300,熊　本,43,51665,431,,
1684,2024,2,26,月,なす,34300,福　岡,40,43685,470,,
1685,2024,2,26,月,トマト,34400,,,538400,369,99.3,99.2
1686,2024,2,26,月,トマト,34400,熊　本,43,284744,342,,
1687,2024,2,26,月,トマト,34400,栃　木,9,65038,326,,
1688,2024,2,26,月,トマト,34400,愛　知,23,60547,391,,
1689,2024,2,26,月,トマト,34400,福　岡,40,34405,341,,
1690,2024,2,26,月,ミニトマト,34450,,,221582,718,113.9,100.8
1691,2024,2,26,月,ミニトマト,34450,熊　本,43,147626,682,,
1692,2024,2,26,月,ミニトマト,34450,愛　知,23,19676,851,,
1693,2024,2,26,月,ミニトマト,34450,宮　崎,45,19451,708,,
1694,2024,2,26,月,ピーマン,34500,,,232728,792,107.3,102.6
1695,2024,2,26,月,ピーマン,34500,宮　崎,45,97086,837,,
1696,2024,2,26,月,ピーマン,34500,鹿児島,46,48450,760,,
1697,2024,2,26,月,ピーマン,34500,高　知,39,36851,783,,
1698,2024,2,26,月,ピーマン,34500,沖　縄,47,20646,419,,
1699,2024,2,26,月,ししとうがらし,34600,,,7253,2230,109.7,101.5
1700,2024,2,26,月,ししとうがらし,34600,高　知,39,5911,2382,,
1701,2024,2,26,月,スイートコーン,34700,,,1921,411,240.4,81.4
1702,2024,2,26,月,スイートコーン,34700,沖　縄,47,1921,411,,
1703,2024,2,26,月,さやいんげん,35100,,,23319,853,100,104.9
1704,2024,2,26,月,さやいんげん,35100,沖　縄,47,17013,824,,
1705,2024,2,26,月,さやいんげん,35100,鹿児島,46,2130,1239,,
1706,2024,2,26,月,さやえんどう,35200,,,49633,976,105.1,100.4
1707,2024,2,26,月,さやえんどう,35200,鹿児島,46,23449,865,,
1708,2024,2,26,月,さやえんどう,35200,熊　本,43,9888,1012,,
1709,2024,2,26,月,さやえんどう,35200,愛　知,23,6245,1134,,
1710,2024,2,26,月,さやえんどう,35200,和歌山,30,4648,1215,,
1711,2024,2,26,月,　　うち輸入,35201,,,132,159,98.5,209.2
1712,2024,2,26,月,実えんどう,35300,,,21152,780,92.3,94.3
1713,2024,2,26,月,実えんどう,35300,和歌山,30,14280,855,,
1714,2024,2,26,月,実えんどう,35300,鹿児島,46,6416,618,,
1715,2024,2,26,月,そらまめ,35400,,,29737,581,108.3,94.9
1716,2024,2,26,月,そらまめ,35400,鹿児島,46,29731,581,,
1717,2024,2,26,月,えだまめ,35500,,,208,2373,101,97.9
1718,2024,2,26,月,えだまめ,35500,沖　縄,47,156,2359,,
1719,2024,2,26,月,えだまめ,35500,静　岡,22,52,2415,,
1720,2024,2,26,月,かんしょ,36100,,,446630,245,119.5,97.6
1721,2024,2,26,月,かんしょ,36100,茨　城,8,204761,230,,
1722,2024,2,26,月,かんしょ,36100,千　葉,12,117351,219,,
1723,2024,2,26,月,かんしょ,36100,徳　島,36,53775,300,,
1724,2024,2,26,月,ばれいしょ,36200,,,915503,146,116.4,112.3
1725,2024,2,26,月,ばれいしょ,36200,鹿児島,46,478352,192,,
1726,2024,2,26,月,ばれいしょ,36200,北海道,1,432332,94,,
1727,2024,2,26,月,さといも,36300,,,44501,417,105.3,111.8
1728,2024,2,26,月,さといも,36300,埼　玉,11,13230,396,,
1729,2024,2,26,月,さといも,36300,愛　媛,38,11348,413,,
1730,2024,2,26,月,さといも,36300,新　潟,15,9379,406,,
1731,2024,2,26,月,さといも,36300,宮　崎,45,3120,458,,
1732,2024,2,26,月,やまのいも,36500,,,171597,323,86.2,102.2
1733,2024,2,26,月,やまのいも,36500,北海道,1,119004,286,,
1734,2024,2,26,月,やまのいも,36500,青　森,2,40615,361,,
1735,2024,2,26,月,たまねぎ,36610,,,1465728,160,122.7,95.8
1736,2024,2,26,月,たまねぎ,36610,北海道,1,1245931,151,,
1737,2024,2,26,月,　　うち輸入,36620,,,48608,134,154,95
1738,2024,2,26,月,にんにく,36700,,,26345,1151,133,104.4
1739,2024,2,26,月,にんにく,36700,青　森,2,17615,1472,,
1740,2024,2,26,月,にんにく,36700,北海道,1,61,842,,
1741,2024,2,26,月,にんにく,36700,沖　縄,47,29,818,,
1742,2024,2,26,月,にんにく,36700,千　葉,12,26,881,,
1743,2024,2,26,月,にんにく,36700,岩　手,3,2,1890,,
1744,2024,2,26,月,　　うち輸入,36701,,,8610,498,122.9,100.6
1745,2024,2,26,月,しょうが,37200,,,22248,616,98.3,103
1746,2024,2,26,月,しょうが,37200,高　知,39,13817,639,,
1747,2024,2,26,月,しょうが,37200,長　崎,42,1837,470,,
1748,2024,2,26,月,しょうが,37200,熊　本,43,1758,559,,
1749,2024,2,26,月,しょうが,37200,千　葉,12,546,563,,
1750,2024,2,26,月,　　うち輸入,37201,,,3473,492,107.8,96.9
1751,2024,2,26,月,生しいたけ,38100,,,66397,1029,93,100.9
1752,2024,2,26,月,生しいたけ,38100,徳　島,36,15543,1015,,
1753,2024,2,26,月,生しいたけ,38100,秋　田,5,9589,1263,,
1754,2024,2,26,月,生しいたけ,38100,長　崎,42,5206,910,,
1755,2024,2,26,月,生しいたけ,38100,岩　手,3,4407,1043,,
1756,2024,2,26,月,生しいたけ,38100,千　葉,12,3217,734,,
1757,2024,2,26,月,　　うち輸入,38101,,,1205,774,111.6,91.3
1758,2024,2,26,月,なめこ,38300,,,22461,482,89.7,102.3
1759,2024,2,26,月,なめこ,38300,長　野,20,6974,476,,
1760,2024,2,26,月,なめこ,38300,山　形,6,3357,512,,
1761,2024,2,26,月,なめこ,38300,三　重,24,2591,542,,
1762,2024,2,26,月,なめこ,38300,宮　城,4,2050,468,,
1763,2024,2,26,月,なめこ,38300,大　分,44,1937,468,,
1764,2024,2,26,月,えのきだけ,38400,,,146805,285,92.6,96.3
1765,2024,2,26,月,えのきだけ,38400,長　野,20,98743,286,,
1766,2024,2,26,月,えのきだけ,38400,新　潟,15,12667,277,,
1767,2024,2,26,月,えのきだけ,38400,宮　崎,45,9389,262,,
1768,2024,2,26,月,しめじ,38500,,,82821,448,83.7,95.1
1769,2024,2,26,月,しめじ,38500,長　野,20,55662,432,,
1770,2024,2,26,月,しめじ,38500,福　岡,40,15689,391,,
1771,2024,2,26,月,その他の野菜,39000,,,275294,888,87.2,108.6
1772,2024,2,26,月,輸入野菜計,39100,,,298788,259,99.5,94.2
1773,2024,2,26,月,他の輸入野菜,39200,,,46143,595,104.2,104
1774,2024,3,4,月,野菜総計,30000,,,13698482,250,101.4,104.6
1775,2024,3,4,月,野菜総計,30000,北海道,1,2263799,119,,
1776,2024,3,4,月,野菜総計,30000,愛　知,23,1339346,189,,
1777,2024,3,4,月,野菜総計,30000,鹿児島,46,1312922,207,,
1778,2024,3,4,月,野菜総計,30000,茨　城,8,1289802,216,,
1779,2024,3,4,月,野菜総計,30000,千　葉,12,900789,211,,
1780,2024,3,4,月,野菜総計,30000,長　崎,42,799375,178,,
1781,2024,3,4,月,野菜総計,30000,熊　本,43,774794,410,,
1782,2024,3,4,月,だいこん,30100,,,1043783,80,94.3,98.8
1783,2024,3,4,月,だいこん,30100,神奈川,14,308072,84,,
1784,2024,3,4,月,だいこん,30100,千　葉,12,272077,89,,
1785,2024,3,4,月,だいこん,30100,長　崎,42,130153,78,,
1786,2024,3,4,月,だいこん,30100,鹿児島,46,111418,60,,
1787,2024,3,4,月,だいこん,30100,福　岡,40,82506,53,,
1788,2024,3,4,月,かぶ,30200,,,79276,131,89.2,100
1789,2024,3,4,月,かぶ,30200,千　葉,12,46575,143,,
1790,2024,3,4,月,かぶ,30200,福　岡,40,9687,70,,
1791,2024,3,4,月,かぶ,30200,埼　玉,11,7878,115,,
1792,2024,3,4,月,にんじん,30300,,,659100,164,103.2,108.6
1793,2024,3,4,月,にんじん,30300,千　葉,12,204889,156,,
1794,2024,3,4,月,にんじん,30300,鹿児島,46,172914,168,,
1795,2024,3,4,月,にんじん,30300,長　崎,42,82801,163,,
1796,2024,3,4,月,にんじん,30300,愛　知,23,79555,141,,
1797,2024,3,4,月,ごぼう,30400,,,81247,344,89.9,95.3
1798,2024,3,4,月,ごぼう,30400,青　森,2,45385,287,,
1799,2024,3,4,月,ごぼう,30400,北海道,1,9688,155,,
1800,2024,3,4,月,ごぼう,30400,熊　本,43,7626,671,,
1801,2024,3,4,月,ごぼう,30400,鹿児島,46,7374,657,,
1802,2024,3,4,月,たけのこ,30500,,,14933,1243,152.4,89.3
1803,2024,3,4,月,たけのこ,30500,鹿児島,46,9602,1222,,
1804,2024,3,4,月,たけのこ,30500,熊　本,43,1939,1274,,
1805,2024,3,4,月,たけのこ,30500,福　岡,40,593,1241,,
1806,2024,3,4,月,れんこん,30600,,,76253,404,79.8,96.7
1807,2024,3,4,月,れんこん,30600,茨　城,8,49233,364,,
1808,2024,3,4,月,れんこん,30600,佐　賀,41,9942,406,,
1809,2024,3,4,月,れんこん,30600,徳　島,36,6412,670,,
1810,2024,3,4,月,はくさい,31100,,,1379287,90,110.3,105.9
1811,2024,3,4,月,はくさい,31100,茨　城,8,555140,92,,
1812,2024,3,4,月,はくさい,31100,長　崎,42,264155,117,,
1813,2024,3,4,月,はくさい,31100,鹿児島,46,133412,63,,
1814,2024,3,4,月,はくさい,31100,宮　崎,45,97581,58,,
1815,2024,3,4,月,はくさい,31100,兵　庫,28,94000,107,,
1816,2024,3,4,月,みずな,31300,,,47295,283,104.1,102.5
1817,2024,3,4,月,みずな,31300,茨　城,8,34951,265,,
1818,2024,3,4,月,みずな,31300,福　岡,40,6688,258,,
1819,2024,3,4,月,こまつな,31500,,,134096,253,106.3,105
1820,2024,3,4,月,こまつな,31500,茨　城,8,71367,253,,
1821,2024,3,4,月,こまつな,31500,福　岡,40,32515,211,,
1822,2024,3,4,月,こまつな,31500,埼　玉,11,6965,298,,
1823,2024,3,4,月,その他の菜類,31550,,,6496,325,135.2,93.7
1824,2024,3,4,月,ちんげんさい,31560,,,40099,288,105.6,103.6
1825,2024,3,4,月,ちんげんさい,31560,茨　城,8,15397,284,,
1826,2024,3,4,月,ちんげんさい,31560,静　岡,22,9955,326,,
1827,2024,3,4,月,ちんげんさい,31560,福　岡,40,5519,251,,
1828,2024,3,4,月,ちんげんさい,31560,愛　知,23,2380,245,,
1829,2024,3,4,月,キャベツ,31700,,,1616325,82,89.1,109.3
1830,2024,3,4,月,キャベツ,31700,愛　知,23,956184,81,,
1831,2024,3,4,月,キャベツ,31700,神奈川,14,135893,111,,
1832,2024,3,4,月,キャベツ,31700,福　岡,40,106214,66,,
1833,2024,3,4,月,キャベツ,31700,千　葉,12,77997,98,,
1834,2024,3,4,月,キャベツ,31700,熊　本,43,47394,71,,
1835,2024,3,4,月,ほうれんそう,31800,,,150713,463,97.5,112.4
1836,2024,3,4,月,ほうれんそう,31800,茨　城,8,55487,484,,
1837,2024,3,4,月,ほうれんそう,31800,群　馬,10,27506,483,,
1838,2024,3,4,月,ほうれんそう,31800,福　岡,40,27004,440,,
1839,2024,3,4,月,ほうれんそう,31800,徳　島,36,5810,417,,
1840,2024,3,4,月,ほうれんそう,31800,埼　玉,11,4513,419,,
1841,2024,3,4,月,ねぎ,31900,,,392318,410,91.8,99
1842,2024,3,4,月,ねぎ,31900,千　葉,12,86055,357,,
1843,2024,3,4,月,ねぎ,31900,埼　玉,11,53591,436,,
1844,2024,3,4,月,ねぎ,31900,茨　城,8,45288,335,,
1845,2024,3,4,月,ねぎ,31900,大　分,44,44060,429,,
1846,2024,3,4,月,ねぎ,31900,群　馬,10,36240,362,,
1847,2024,3,4,月,ふき,32300,,,6464,541,104.4,98.7
1848,2024,3,4,月,ふき,32300,愛　知,23,4870,522,,
1849,2024,3,4,月,ふき,32300,福　岡,40,762,424,,
1850,2024,3,4,月,うど,32400,,,3600,734,78,104.6
1851,2024,3,4,月,うど,32400,栃　木,9,1966,757,,
1852,2024,3,4,月,うど,32400,群　馬,10,891,692,,
1853,2024,3,4,月,うど,32400,秋　田,5,496,756,,
1854,2024,3,4,月,みつば,32500,,,13861,593,56.5,91.8
1855,2024,3,4,月,みつば,32500,千　葉,12,2287,419,,
1856,2024,3,4,月,みつば,32500,愛　知,23,2280,636,,
1857,2024,3,4,月,みつば,32500,茨　城,8,2045,654,,
1858,2024,3,4,月,みつば,32500,大　分,44,1859,520,,
1859,2024,3,4,月,みつば,32500,静　岡,22,1715,628,,
1860,2024,3,4,月,しゅんぎく,32600,,,18890,535,87.7,104.5
1861,2024,3,4,月,しゅんぎく,32600,福　岡,40,6340,439,,
1862,2024,3,4,月,しゅんぎく,32600,千　葉,12,2349,627,,
1863,2024,3,4,月,しゅんぎく,32600,茨　城,8,1518,537,,
1864,2024,3,4,月,しゅんぎく,32600,栃　木,9,1513,670,,
1865,2024,3,4,月,しゅんぎく,32600,福　島,7,1359,556,,
1866,2024,3,4,月,にら,32800,,,87888,684,98.9,95.7
1867,2024,3,4,月,にら,32800,高　知,39,33257,687,,
1868,2024,3,4,月,にら,32800,栃　木,9,17331,669,,
1869,2024,3,4,月,にら,32800,北海道,1,9385,840,,
1870,2024,3,4,月,にら,32800,茨　城,8,7107,582,,
1871,2024,3,4,月,にら,32800,宮　崎,45,6050,646,,
1872,2024,3,4,月,セルリー,32900,,,59148,244,99.7,100.8
1873,2024,3,4,月,セルリー,32900,静　岡,22,13734,257,,
1874,2024,3,4,月,セルリー,32900,愛　知,23,13398,214,,
1875,2024,3,4,月,セルリー,32900,香　川,37,12325,253,,
1876,2024,3,4,月,セルリー,32900,福　岡,40,9475,260,,
1877,2024,3,4,月,アスパラガス,33100,,,38021,1465,105.4,108.8
1878,2024,3,4,月,アスパラガス,33100,佐　賀,41,9420,1757,,
1879,2024,3,4,月,アスパラガス,33100,福　岡,40,5624,1636,,
1880,2024,3,4,月,アスパラガス,33100,長　崎,42,5181,1763,,
1881,2024,3,4,月,アスパラガス,33100,熊　本,43,2218,1721,,
1882,2024,3,4,月,アスパラガス,33100,栃　木,9,1763,1813,,
1883,2024,3,4,月,　　うち輸入,33101,,,10973,823,77,104.2
1884,2024,3,4,月,カリフラワー,33200,,,23692,238,70.1,101.7
1885,2024,3,4,月,カリフラワー,33200,福　岡,40,6741,261,,
1886,2024,3,4,月,カリフラワー,33200,徳　島,36,5550,210,,
1887,2024,3,4,月,カリフラワー,33200,愛　知,23,3998,218,,
1888,2024,3,4,月,カリフラワー,33200,熊　本,43,3757,281,,
1889,2024,3,4,月,ブロッコリー,33300,,,288154,399,101,102
1890,2024,3,4,月,ブロッコリー,33300,香　川,37,67603,472,,
1891,2024,3,4,月,ブロッコリー,33300,熊　本,43,62915,418,,
1892,2024,3,4,月,ブロッコリー,33300,愛　知,23,51076,315,,
1893,2024,3,4,月,ブロッコリー,33300,徳　島,36,33114,368,,
1894,2024,3,4,月,ブロッコリー,33300,長　崎,42,29812,424,,
1895,2024,3,4,月,レタス,33400,,,694497,161,92.2,101.3
1896,2024,3,4,月,レタス,33400,茨　城,8,174008,173,,
1897,2024,3,4,月,レタス,33400,長　崎,42,104654,111,,
1898,2024,3,4,月,レタス,33400,静　岡,22,85275,151,,
1899,2024,3,4,月,レタス,33400,香　川,37,85259,149,,
1900,2024,3,4,月,レタス,33400,福　岡,40,68338,219,,
1901,2024,3,4,月,パセリ,33600,,,3882,914,88.8,99
1902,2024,3,4,月,パセリ,33600,静　岡,22,1229,855,,
1903,2024,3,4,月,パセリ,33600,千　葉,12,906,878,,
1904,2024,3,4,月,パセリ,33600,香　川,37,542,762,,
1905,2024,3,4,月,パセリ,33600,愛　知,23,313,1424,,
1906,2024,3,4,月,パセリ,33600,茨　城,8,282,853,,
1907,2024,3,4,月,きゅうり,34100,,,464552,589,129.9,109.5
1908,2024,3,4,月,きゅうり,34100,宮　崎,45,137875,671,,
1909,2024,3,4,月,きゅうり,34100,群　馬,10,70259,595,,
1910,2024,3,4,月,きゅうり,34100,高　知,39,51630,483,,
1911,2024,3,4,月,きゅうり,34100,千　葉,12,43136,522,,
1912,2024,3,4,月,きゅうり,34100,佐　賀,41,28222,589,,
1913,2024,3,4,月,かぼちゃ,34200,,,302187,176,122.5,96.2
1914,2024,3,4,月,かぼちゃ,34200,沖　縄,47,20709,433,,
1915,2024,3,4,月,かぼちゃ,34200,宮　崎,45,7650,717,,
1916,2024,3,4,月,かぼちゃ,34200,鹿児島,46,5810,354,,
1917,2024,3,4,月,かぼちゃ,34200,高　知,39,646,669,,
1918,2024,3,4,月,かぼちゃ,34200,千　葉,12,280,1016,,
1919,2024,3,4,月,　　うち輸入,34201,,,266754,134,130.6,103.1
1920,2024,3,4,月,なす,34300,,,319703,436,139.7,96
1921,2024,3,4,月,なす,34300,高　知,39,138418,439,,
1922,2024,3,4,月,なす,34300,熊　本,43,84998,425,,
1923,2024,3,4,月,なす,34300,福　岡,40,62930,445,,
1924,2024,3,4,月,トマト,34400,,,586028,407,123.5,103.3
1925,2024,3,4,月,トマト,34400,熊　本,43,313793,378,,
1926,2024,3,4,月,トマト,34400,栃　木,9,87670,354,,
1927,2024,3,4,月,トマト,34400,愛　知,23,71432,488,,
1928,2024,3,4,月,ミニトマト,34450,,,200125,793,128.9,101.8
1929,2024,3,4,月,ミニトマト,34450,熊　本,43,125005,743,,
1930,2024,3,4,月,ミニトマト,34450,愛　知,23,25751,940,,
1931,2024,3,4,月,ミニトマト,34450,宮　崎,45,16964,753,,
1932,2024,3,4,月,ピーマン,34500,,,203304,806,124.4,100.1
1933,2024,3,4,月,ピーマン,34500,宮　崎,45,77007,858,,
1934,2024,3,4,月,ピーマン,34500,鹿児島,46,41423,765,,
1935,2024,3,4,月,ピーマン,34500,高　知,39,30689,788,,
1936,2024,3,4,月,ピーマン,34500,茨　城,8,26803,867,,
1937,2024,3,4,月,ししとうがらし,34600,,,8997,1644,153.8,72.5
1938,2024,3,4,月,ししとうがらし,34600,高　知,39,7726,1646,,
1939,2024,3,4,月,スイートコーン,34700,,,1925,454,178.7,91
1940,2024,3,4,月,スイートコーン,34700,沖　縄,47,1925,454,,
1941,2024,3,4,月,さやいんげん,35100,,,19753,1104,136.5,105
1942,2024,3,4,月,さやいんげん,35100,沖　縄,47,13907,1130,,
1943,2024,3,4,月,さやいんげん,35100,鹿児島,46,1806,1365,,
1944,2024,3,4,月,さやいんげん,35100,高　知,39,1006,1472,,
1945,2024,3,4,月,さやえんどう,35200,,,32283,998,90.8,98.5
1946,2024,3,4,月,さやえんどう,35200,鹿児島,46,14781,821,,
1947,2024,3,4,月,さやえんどう,35200,熊　本,43,6233,1063,,
1948,2024,3,4,月,さやえんどう,35200,愛　知,23,5166,1238,,
1949,2024,3,4,月,　　うち輸入,35201,,,178,141,129,67.1
1950,2024,3,4,月,実えんどう,35300,,,13701,884,93.3,101.4
1951,2024,3,4,月,実えんどう,35300,和歌山,30,8319,1045,,
1952,2024,3,4,月,実えんどう,35300,鹿児島,46,5022,626,,
1953,2024,3,4,月,そらまめ,35400,,,35654,533,84.7,99.8
1954,2024,3,4,月,そらまめ,35400,鹿児島,46,35644,533,,
1955,2024,3,4,月,えだまめ,35500,,,335,2430,223.3,98.7
1956,2024,3,4,月,えだまめ,35500,沖　縄,47,210,2378,,
1957,2024,3,4,月,えだまめ,35500,静　岡,22,125,2519,,
1958,2024,3,4,月,かんしょ,36100,,,398095,251,100.5,103.3
1959,2024,3,4,月,かんしょ,36100,茨　城,8,172045,227,,
1960,2024,3,4,月,かんしょ,36100,千　葉,12,109460,228,,
1961,2024,3,4,月,かんしょ,36100,徳　島,36,53145,312,,
1962,2024,3,4,月,ばれいしょ,36200,,,1550579,113,120.8,92.6
1963,2024,3,4,月,ばれいしょ,36200,北海道,1,853497,64,,
1964,2024,3,4,月,ばれいしょ,36200,鹿児島,46,691769,173,,
1965,2024,3,4,月,さといも,36300,,,37228,407,110.4,109.7
1966,2024,3,4,月,さといも,36300,埼　玉,11,12285,369,,
1967,2024,3,4,月,さといも,36300,愛　媛,38,8107,406,,
1968,2024,3,4,月,さといも,36300,新　潟,15,5839,485,,
1969,2024,3,4,月,さといも,36300,宮　崎,45,2881,400,,
1970,2024,3,4,月,さといも,36300,鹿児島,46,2654,452,,
1971,2024,3,4,月,やまのいも,36500,,,162239,331,86.6,92.2
1972,2024,3,4,月,やまのいも,36500,北海道,1,98756,299,,
1973,2024,3,4,月,やまのいも,36500,青　森,2,54459,354,,
1974,2024,3,4,月,たまねぎ,36610,,,1750536,155,88.5,101.3
1975,2024,3,4,月,たまねぎ,36610,北海道,1,1265125,130,,
1976,2024,3,4,月,たまねぎ,36610,静　岡,22,277068,224,,
1977,2024,3,4,月,　　うち輸入,36620,,,37394,132,117.4,103.1
1978,2024,3,4,月,にんにく,36700,,,26142,1202,128.4,111.9
1979,2024,3,4,月,にんにく,36700,青　森,2,19030,1460,,
1980,2024,3,4,月,にんにく,36700,北海道,1,101,673,,
1981,2024,3,4,月,にんにく,36700,香　川,37,100,432,,
1982,2024,3,4,月,にんにく,36700,沖　縄,47,50,1172,,
1983,2024,3,4,月,にんにく,36700,兵　庫,28,45,1891,,
1984,2024,3,4,月,　　うち輸入,36701,,,6789,494,80.7,103.6
1985,2024,3,4,月,しょうが,37200,,,19762,758,74.9,122.7
1986,2024,3,4,月,しょうが,37200,高　知,39,11323,905,,
1987,2024,3,4,月,しょうが,37200,長　崎,42,2147,481,,
1988,2024,3,4,月,しょうが,37200,熊　本,43,1447,558,,
1989,2024,3,4,月,しょうが,37200,千　葉,12,745,535,,
1990,2024,3,4,月,しょうが,37200,宮　崎,45,439,1343,,
1991,2024,3,4,月,　　うち輸入,37201,,,3078,490,78.3,98.2
1992,2024,3,4,月,生しいたけ,38100,,,67209,1020,97.1,98.8
1993,2024,3,4,月,生しいたけ,38100,徳　島,36,12530,976,,
1994,2024,3,4,月,生しいたけ,38100,秋　田,5,10225,1251,,
1995,2024,3,4,月,生しいたけ,38100,長　崎,42,4996,888,,
1996,2024,3,4,月,生しいたけ,38100,大　分,44,4367,737,,
1997,2024,3,4,月,生しいたけ,38100,千　葉,12,4234,839,,
1998,2024,3,4,月,　　うち輸入,38101,,,1502,819,84.8,101.2
1999,2024,3,4,月,なめこ,38300,,,23797,472,96.9,99.6
2000,2024,3,4,月,なめこ,38300,長　野,20,7348,459,,
2001,2024,3,4,月,なめこ,38300,山　形,6,3290,520,,
2002,2024,3,4,月,なめこ,38300,大　分,44,2963,468,,
2003,2024,3,4,月,なめこ,38300,三　重,24,2594,542,,
2004,2024,3,4,月,なめこ,38300,宮　城,4,1838,477,,
2005,2024,3,4,月,えのきだけ,38400,,,157530,260,98.2,95.6
2006,2024,3,4,月,えのきだけ,38400,長　野,20,105229,262,,
2007,2024,3,4,月,えのきだけ,38400,新　潟,15,16171,259,,
2008,2024,3,4,月,えのきだけ,38400,福　岡,40,8579,239,,
2009,2024,3,4,月,しめじ,38500,,,86339,446,84,100.2
2010,2024,3,4,月,しめじ,38500,長　野,20,54999,416,,
2011,2024,3,4,月,しめじ,38500,福　岡,40,16434,389,,
2012,2024,3,4,月,その他の野菜,39000,,,271204,922,97.6,94.5
2013,2024,3,4,月,輸入野菜計,39100,,,375040,220,116.2,89.8
2014,2024,3,4,月,他の輸入野菜,39200,,,48377,554,83.4,108.4
2015,2024,3,11,月,野菜総計,30000,,,13910026,270,111,103.8
2016,2024,3,11,月,野菜総計,30000,北海道,1,2551729,133,,
2017,2024,3,11,月,野菜総計,30000,愛　知,23,1427443,189,,
2018,2024,3,11,月,野菜総計,30000,茨　城,8,1212819,265,,
2019,2024,3,11,月,野菜総計,30000,鹿児島,46,929855,246,,
2020,2024,3,11,月,野菜総計,30000,長　崎,42,914126,197,,
2021,2024,3,11,月,野菜総計,30000,熊　本,43,824369,456,,
2022,2024,3,11,月,野菜総計,30000,千　葉,12,754847,220,,
2023,2024,3,11,月,だいこん,30100,,,954987,87,93.9,103.6
2024,2024,3,11,月,だいこん,30100,神奈川,14,280003,91,,
2025,2024,3,11,月,だいこん,30100,千　葉,12,235380,96,,
2026,2024,3,11,月,だいこん,30100,鹿児島,46,138724,68,,
2027,2024,3,11,月,だいこん,30100,長　崎,42,122362,83,,
2028,2024,3,11,月,かぶ,30200,,,70423,146,86.2,104.3
2029,2024,3,11,月,かぶ,30200,千　葉,12,45428,146,,
2030,2024,3,11,月,かぶ,30200,埼　玉,11,8711,127,,
2031,2024,3,11,月,かぶ,30200,神奈川,14,4034,96,,
2032,2024,3,11,月,にんじん,30300,,,911814,203,162.2,106.3
2033,2024,3,11,月,にんじん,30300,徳　島,36,400549,244,,
2034,2024,3,11,月,にんじん,30300,鹿児島,46,148650,177,,
2035,2024,3,11,月,にんじん,30300,千　葉,12,101826,167,,
2036,2024,3,11,月,にんじん,30300,長　崎,42,92795,180,,
2037,2024,3,11,月,ごぼう,30400,,,80017,380,93,107.6
2038,2024,3,11,月,ごぼう,30400,青　森,2,45629,282,,
2039,2024,3,11,月,ごぼう,30400,熊　本,43,13219,692,,
2040,2024,3,11,月,ごぼう,30400,茨　城,8,5240,209,,
2041,2024,3,11,月,たけのこ,30500,,,23904,1237,161.3,93.9
2042,2024,3,11,月,たけのこ,30500,鹿児島,46,12134,1202,,
2043,2024,3,11,月,たけのこ,30500,熊　本,43,5164,1212,,
2044,2024,3,11,月,たけのこ,30500,福　岡,40,3378,1224,,
2045,2024,3,11,月,れんこん,30600,,,76386,434,101.5,102.1
2046,2024,3,11,月,れんこん,30600,茨　城,8,47574,370,,
2047,2024,3,11,月,れんこん,30600,佐　賀,41,7773,472,,
2048,2024,3,11,月,れんこん,30600,石　川,17,7151,702,,
2049,2024,3,11,月,はくさい,31100,,,1223282,111,98.3,104.7
2050,2024,3,11,月,はくさい,31100,茨　城,8,377034,117,,
2051,2024,3,11,月,はくさい,31100,長　崎,42,321690,147,,
2052,2024,3,11,月,はくさい,31100,兵　庫,28,137723,108,,
2053,2024,3,11,月,はくさい,31100,宮　崎,45,101795,54,,
2054,2024,3,11,月,はくさい,31100,鹿児島,46,96408,67,,
2055,2024,3,11,月,みずな,31300,,,42249,400,109.7,106.7
2056,2024,3,11,月,みずな,31300,茨　城,8,30723,383,,
2057,2024,3,11,月,みずな,31300,福　岡,40,6241,386,,
2058,2024,3,11,月,こまつな,31500,,,123654,358,106.4,112.6
2059,2024,3,11,月,こまつな,31500,茨　城,8,66484,372,,
2060,2024,3,11,月,こまつな,31500,福　岡,40,26353,325,,
2061,2024,3,11,月,こまつな,31500,埼　玉,11,7084,397,,
2062,2024,3,11,月,その他の菜類,31550,,,6811,347,136.8,103
2063,2024,3,11,月,ちんげんさい,31560,,,41209,314,112.1,102.6
2064,2024,3,11,月,ちんげんさい,31560,茨　城,8,14011,315,,
2065,2024,3,11,月,ちんげんさい,31560,静　岡,22,11392,327,,
2066,2024,3,11,月,ちんげんさい,31560,福　岡,40,4201,322,,
2067,2024,3,11,月,ちんげんさい,31560,愛　知,23,3213,252,,
2068,2024,3,11,月,ちんげんさい,31560,広　島,34,1009,403,,
2069,2024,3,11,月,キャベツ,31700,,,1767970,89,92.7,101.1
2070,2024,3,11,月,キャベツ,31700,愛　知,23,1051562,85,,
2071,2024,3,11,月,キャベツ,31700,神奈川,14,163466,137,,
2072,2024,3,11,月,キャベツ,31700,福　岡,40,89310,68,,
2073,2024,3,11,月,キャベツ,31700,千　葉,12,89279,115,,
2074,2024,3,11,月,キャベツ,31700,熊　本,43,58411,69,,
2075,2024,3,11,月,ほうれんそう,31800,,,122328,638,111.2,101.6
2076,2024,3,11,月,ほうれんそう,31800,茨　城,8,40193,682,,
2077,2024,3,11,月,ほうれんそう,31800,福　岡,40,24017,619,,
2078,2024,3,11,月,ほうれんそう,31800,群　馬,10,23837,640,,
2079,2024,3,11,月,ほうれんそう,31800,徳　島,36,6039,565,,
2080,2024,3,11,月,ほうれんそう,31800,愛　知,23,3045,495,,
2081,2024,3,11,月,ねぎ,31900,,,374026,394,90.3,96.6
2082,2024,3,11,月,ねぎ,31900,千　葉,12,80455,340,,
2083,2024,3,11,月,ねぎ,31900,埼　玉,11,55038,404,,
2084,2024,3,11,月,ねぎ,31900,茨　城,8,43444,337,,
2085,2024,3,11,月,ねぎ,31900,大　分,44,43405,413,,
2086,2024,3,11,月,ねぎ,31900,群　馬,10,32226,297,,
2087,2024,3,11,月,ふき,32300,,,7947,489,119.6,89.9
2088,2024,3,11,月,ふき,32300,愛　知,23,6178,459,,
2089,2024,3,11,月,ふき,32300,福　岡,40,706,449,,
2090,2024,3,11,月,うど,32400,,,4471,844,95.3,105.1
2091,2024,3,11,月,うど,32400,栃　木,9,3006,872,,
2092,2024,3,11,月,うど,32400,群　馬,10,991,800,,
2093,2024,3,11,月,みつば,32500,,,12237,536,93.2,99.8
2094,2024,3,11,月,みつば,32500,千　葉,12,2017,382,,
2095,2024,3,11,月,みつば,32500,静　岡,22,1804,569,,
2096,2024,3,11,月,みつば,32500,愛　知,23,1801,555,,
2097,2024,3,11,月,みつば,32500,大　分,44,1732,489,,
2098,2024,3,11,月,みつば,32500,茨　城,8,1250,516,,
2099,2024,3,11,月,しゅんぎく,32600,,,15769,640,88.3,107.9
2100,2024,3,11,月,しゅんぎく,32600,福　岡,40,4407,479,,
2101,2024,3,11,月,しゅんぎく,32600,千　葉,12,1968,744,,
2102,2024,3,11,月,しゅんぎく,32600,栃　木,9,1644,803,,
2103,2024,3,11,月,しゅんぎく,32600,茨　城,8,1382,623,,
2104,2024,3,11,月,しゅんぎく,32600,宮　城,4,1271,719,,
2105,2024,3,11,月,にら,32800,,,92312,651,113.7,94.2
2106,2024,3,11,月,にら,32800,高　知,39,33967,696,,
2107,2024,3,11,月,にら,32800,栃　木,9,15202,685,,
2108,2024,3,11,月,にら,32800,宮　崎,45,13177,397,,
2109,2024,3,11,月,にら,32800,北海道,1,8340,828,,
2110,2024,3,11,月,にら,32800,茨　城,8,7436,613,,
2111,2024,3,11,月,セルリー,32900,,,58286,266,92.8,109.5
2112,2024,3,11,月,セルリー,32900,香　川,37,13768,270,,
2113,2024,3,11,月,セルリー,32900,静　岡,22,13503,286,,
2114,2024,3,11,月,セルリー,32900,愛　知,23,10948,237,,
2115,2024,3,11,月,セルリー,32900,福　岡,40,9288,266,,
2116,2024,3,11,月,アスパラガス,33100,,,51533,1510,105.8,114.3
2117,2024,3,11,月,アスパラガス,33100,佐　賀,41,10857,1866,,
2118,2024,3,11,月,アスパラガス,33100,長　崎,42,8658,1811,,
2119,2024,3,11,月,アスパラガス,33100,福　岡,40,7171,1691,,
2120,2024,3,11,月,アスパラガス,33100,熊　本,43,3083,1834,,
2121,2024,3,11,月,アスパラガス,33100,栃　木,9,1887,1908,,
2122,2024,3,11,月,　　うち輸入,33101,,,15997,851,69.5,112
2123,2024,3,11,月,カリフラワー,33200,,,18664,297,92.6,108.4
2124,2024,3,11,月,カリフラワー,33200,徳　島,36,4740,298,,
2125,2024,3,11,月,カリフラワー,33200,熊　本,43,4649,310,,
2126,2024,3,11,月,カリフラワー,33200,愛　知,23,4046,286,,
2127,2024,3,11,月,カリフラワー,33200,福　岡,40,1800,295,,
2128,2024,3,11,月,ブロッコリー,33300,,,286516,457,108.5,97
2129,2024,3,11,月,ブロッコリー,33300,香　川,37,89699,504,,
2130,2024,3,11,月,ブロッコリー,33300,熊　本,43,48286,492,,
2131,2024,3,11,月,ブロッコリー,33300,徳　島,36,43965,444,,
2132,2024,3,11,月,ブロッコリー,33300,愛　知,23,35925,346,,
2133,2024,3,11,月,ブロッコリー,33300,長　崎,42,33524,464,,
2134,2024,3,11,月,レタス,33400,,,700907,201,105.8,102
2135,2024,3,11,月,レタス,33400,茨　城,8,265574,214,,
2136,2024,3,11,月,レタス,33400,長　崎,42,100917,115,,
2137,2024,3,11,月,レタス,33400,福　岡,40,66079,267,,
2138,2024,3,11,月,レタス,33400,香　川,37,61209,189,,
2139,2024,3,11,月,レタス,33400,兵　庫,28,60602,228,,
2140,2024,3,11,月,パセリ,33600,,,4180,879,89,101.2
2141,2024,3,11,月,パセリ,33600,静　岡,22,1318,824,,
2142,2024,3,11,月,パセリ,33600,千　葉,12,985,820,,
2143,2024,3,11,月,パセリ,33600,香　川,37,507,800,,
2144,2024,3,11,月,パセリ,33600,福　岡,40,383,720,,
2145,2024,3,11,月,パセリ,33600,愛　知,23,281,1675,,
2146,2024,3,11,月,きゅうり,34100,,,608738,525,165.4,91.3
2147,2024,3,11,月,きゅうり,34100,宮　崎,45,158050,588,,
2148,2024,3,11,月,きゅうり,34100,群　馬,10,96984,560,,
2149,2024,3,11,月,きゅうり,34100,高　知,39,85928,476,,
2150,2024,3,11,月,きゅうり,34100,千　葉,12,44997,475,,
2151,2024,3,11,月,きゅうり,34100,愛　知,23,42665,450,,
2152,2024,3,11,月,かぼちゃ,34200,,,263251,199,97.5,102.6
2153,2024,3,11,月,かぼちゃ,34200,沖　縄,47,17684,501,,
2154,2024,3,11,月,かぼちゃ,34200,宮　崎,45,9089,752,,
2155,2024,3,11,月,かぼちゃ,34200,鹿児島,46,4080,406,,
2156,2024,3,11,月,かぼちゃ,34200,茨　城,8,3500,167,,
2157,2024,3,11,月,かぼちゃ,34200,高　知,39,748,670,,
2158,2024,3,11,月,　　うち輸入,34201,,,226625,146,101.3,102.1
2159,2024,3,11,月,なす,34300,,,303810,429,130.7,100
2160,2024,3,11,月,なす,34300,高　知,39,127409,434,,
2161,2024,3,11,月,なす,34300,熊　本,43,78566,413,,
2162,2024,3,11,月,なす,34300,福　岡,40,66539,434,,
2163,2024,3,11,月,トマト,34400,,,586109,413,129.3,95.4
2164,2024,3,11,月,トマト,34400,熊　本,43,338651,383,,
2165,2024,3,11,月,トマト,34400,栃　木,9,77081,376,,
2166,2024,3,11,月,トマト,34400,愛　知,23,61130,469,,
2167,2024,3,11,月,ミニトマト,34450,,,257866,811,159.4,97.8
2168,2024,3,11,月,ミニトマト,34450,熊　本,43,170601,770,,
2169,2024,3,11,月,ミニトマト,34450,愛　知,23,33008,923,,
2170,2024,3,11,月,ミニトマト,34450,宮　崎,45,17471,781,,
2171,2024,3,11,月,ピーマン,34500,,,260216,797,135.1,97.8
2172,2024,3,11,月,ピーマン,34500,宮　崎,45,92672,833,,
2173,2024,3,11,月,ピーマン,34500,鹿児島,46,58371,756,,
2174,2024,3,11,月,ピーマン,34500,高　知,39,48087,754,,
2175,2024,3,11,月,ピーマン,34500,茨　城,8,34347,851,,
2176,2024,3,11,月,ししとうがらし,34600,,,5576,2532,97.5,117.2
2177,2024,3,11,月,ししとうがらし,34600,高　知,39,4042,2916,,
2178,2024,3,11,月,ししとうがらし,34600,宮　崎,45,903,810,,
2179,2024,3,11,月,スイートコーン,34700,,,1271,450,126.5,92.6
2180,2024,3,11,月,スイートコーン,34700,沖　縄,47,1271,450,,
2181,2024,3,11,月,さやいんげん,35100,,,19789,1101,110,96.1
2182,2024,3,11,月,さやいんげん,35100,沖　縄,47,13288,1094,,
2183,2024,3,11,月,さやいんげん,35100,鹿児島,46,1988,1453,,
2184,2024,3,11,月,さやいんげん,35100,高　知,39,976,1569,,
2185,2024,3,11,月,さやえんどう,35200,,,27695,1219,109.3,102.7
2186,2024,3,11,月,さやえんどう,35200,鹿児島,46,8783,999,,
2187,2024,3,11,月,さやえんどう,35200,熊　本,43,6328,1263,,
2188,2024,3,11,月,さやえんどう,35200,愛　知,23,5353,1483,,
2189,2024,3,11,月,さやえんどう,35200,和歌山,30,2450,1441,,
2190,2024,3,11,月,　　うち輸入,35201,,,888,709,104.7,97
2191,2024,3,11,月,実えんどう,35300,,,13508,967,117.8,95.6
2192,2024,3,11,月,実えんどう,35300,和歌山,30,7930,1145,,
2193,2024,3,11,月,実えんどう,35300,鹿児島,46,5126,704,,
2194,2024,3,11,月,そらまめ,35400,,,42079,513,137.7,101.2
2195,2024,3,11,月,そらまめ,35400,鹿児島,46,42047,513,,
2196,2024,3,11,月,えだまめ,35500,,,134,2428,32.3,105.5
2197,2024,3,11,月,えだまめ,35500,静　岡,22,134,2428,,
2198,2024,3,11,月,かんしょ,36100,,,408435,253,100.8,101.6
2199,2024,3,11,月,かんしょ,36100,茨　城,8,195689,237,,
2200,2024,3,11,月,かんしょ,36100,千　葉,12,103831,231,,
2201,2024,3,11,月,かんしょ,36100,徳　島,36,49070,318,,
2202,2024,3,11,月,ばれいしょ,36200,,,920511,133,112.4,92.4
2203,2024,3,11,月,ばれいしょ,36200,北海道,1,600323,96,,
2204,2024,3,11,月,ばれいしょ,36200,鹿児島,46,313462,202,,
2205,2024,3,11,月,さといも,36300,,,42060,398,103.4,105.6
2206,2024,3,11,月,さといも,36300,埼　玉,11,16003,362,,
2207,2024,3,11,月,さといも,36300,愛　媛,38,8710,438,,
2208,2024,3,11,月,さといも,36300,新　潟,15,7932,382,,
2209,2024,3,11,月,さといも,36300,宮　崎,45,3232,481,,
2210,2024,3,11,月,やまのいも,36500,,,172217,331,128.8,97.6
2211,2024,3,11,月,やまのいも,36500,北海道,1,116164,312,,
2212,2024,3,11,月,やまのいも,36500,青　森,2,43838,345,,
2213,2024,3,11,月,たまねぎ,36610,,,2282086,143,127.8,96
2214,2024,3,11,月,たまねぎ,36610,北海道,1,1799362,126,,
2215,2024,3,11,月,たまねぎ,36610,長　崎,42,165037,200,,
2216,2024,3,11,月,　　うち輸入,36620,,,31866,139,71.8,121.9
2217,2024,3,11,月,にんにく,36700,,,19671,1143,124.1,111.1
2218,2024,3,11,月,にんにく,36700,青　森,2,11622,1567,,
2219,2024,3,11,月,にんにく,36700,沖　縄,47,384,767,,
2220,2024,3,11,月,にんにく,36700,兵　庫,28,28,1851,,
2221,2024,3,11,月,にんにく,36700,千　葉,12,26,864,,
2222,2024,3,11,月,にんにく,36700,北海道,1,21,1892,,
2223,2024,3,11,月,　　うち輸入,36701,,,7570,506,102.4,102.6
2224,2024,3,11,月,しょうが,37200,,,21724,754,90.3,102.9
2225,2024,3,11,月,しょうが,37200,高　知,39,12614,870,,
2226,2024,3,11,月,しょうが,37200,長　崎,42,2237,487,,
2227,2024,3,11,月,しょうが,37200,熊　本,43,1601,616,,
2228,2024,3,11,月,しょうが,37200,千　葉,12,769,591,,
2229,2024,3,11,月,しょうが,37200,宮　崎,45,493,1367,,
2230,2024,3,11,月,　　うち輸入,37201,,,3467,494,111.5,98.6
2231,2024,3,11,月,生しいたけ,38100,,,66787,1012,97.8,97.9
2232,2024,3,11,月,生しいたけ,38100,徳　島,36,13013,972,,
2233,2024,3,11,月,生しいたけ,38100,秋　田,5,9913,1232,,
2234,2024,3,11,月,生しいたけ,38100,岩　手,3,4528,1007,,
2235,2024,3,11,月,生しいたけ,38100,長　崎,42,3857,914,,
2236,2024,3,11,月,生しいたけ,38100,千　葉,12,3517,742,,
2237,2024,3,11,月,　　うち輸入,38101,,,1123,794,64.5,101.3
2238,2024,3,11,月,なめこ,38300,,,23261,485,90.8,102.5
2239,2024,3,11,月,なめこ,38300,長　野,20,7314,466,,
2240,2024,3,11,月,なめこ,38300,山　形,6,3578,529,,
2241,2024,3,11,月,なめこ,38300,三　重,24,2681,545,,
2242,2024,3,11,月,なめこ,38300,大　分,44,2016,481,,
2243,2024,3,11,月,なめこ,38300,宮　城,4,1966,482,,
2244,2024,3,11,月,えのきだけ,38400,,,146460,260,90.7,98.5
2245,2024,3,11,月,えのきだけ,38400,長　野,20,92031,263,,
2246,2024,3,11,月,えのきだけ,38400,新　潟,15,19515,248,,
2247,2024,3,11,月,えのきだけ,38400,宮　崎,45,9356,285,,
2248,2024,3,11,月,しめじ,38500,,,98245,387,97.9,86.8
2249,2024,3,11,月,しめじ,38500,長　野,20,68866,351,,
2250,2024,3,11,月,しめじ,38500,福　岡,40,16553,387,,
2251,2024,3,11,月,その他の野菜,39000,,,246705,1006,87,112.9
2252,2024,3,11,月,輸入野菜計,39100,,,351951,255,95.9,103.7
2253,2024,3,11,月,他の輸入野菜,39200,,,64416,490,102.6,107.5
2254,2024,3,18,月,野菜総計,30000,,,14035312,276,116.7,102.6
2255,2024,3,18,月,野菜総計,30000,北海道,1,2244364,136,,
2256,2024,3,18,月,野菜総計,30000,茨　城,8,1278025,264,,
2257,2024,3,18,月,野菜総計,30000,鹿児島,46,1249711,235,,
2258,2024,3,18,月,野菜総計,30000,愛　知,23,1248675,209,,
2259,2024,3,18,月,野菜総計,30000,徳　島,36,825055,274,,
2260,2024,3,18,月,野菜総計,30000,熊　本,43,819853,430,,
2261,2024,3,18,月,野菜総計,30000,長　崎,42,783421,210,,
2262,2024,3,18,月,だいこん,30100,,,971913,100,87.3,103.1
2263,2024,3,18,月,だいこん,30100,神奈川,14,307142,103,,
2264,2024,3,18,月,だいこん,30100,千　葉,12,276872,114,,
2265,2024,3,18,月,だいこん,30100,鹿児島,46,143788,83,,
2266,2024,3,18,月,だいこん,30100,長　崎,42,85128,92,,
2267,2024,3,18,月,かぶ,30200,,,61043,157,91.6,104
2268,2024,3,18,月,かぶ,30200,千　葉,12,41949,152,,
2269,2024,3,18,月,かぶ,30200,埼　玉,11,7767,133,,
2270,2024,3,18,月,にんじん,30300,,,961070,205,136.8,104.1
2271,2024,3,18,月,にんじん,30300,徳　島,36,621881,235,,
2272,2024,3,18,月,にんじん,30300,鹿児島,46,92426,152,,
2273,2024,3,18,月,にんじん,30300,長　崎,42,70106,167,,
2274,2024,3,18,月,ごぼう,30400,,,92652,346,142.7,88.7
2275,2024,3,18,月,ごぼう,30400,青　森,2,49155,297,,
2276,2024,3,18,月,ごぼう,30400,北海道,1,18269,154,,
2277,2024,3,18,月,ごぼう,30400,熊　本,43,12666,708,,
2278,2024,3,18,月,たけのこ,30500,,,33525,1188,136.3,92.3
2279,2024,3,18,月,たけのこ,30500,鹿児島,46,15567,1113,,
2280,2024,3,18,月,たけのこ,30500,熊　本,43,8101,1138,,
2281,2024,3,18,月,たけのこ,30500,福　岡,40,6270,1283,,
2282,2024,3,18,月,れんこん,30600,,,68145,433,86.5,100.5
2283,2024,3,18,月,れんこん,30600,茨　城,8,45313,395,,
2284,2024,3,18,月,れんこん,30600,佐　賀,41,7712,515,,
2285,2024,3,18,月,れんこん,30600,徳　島,36,5148,628,,
2286,2024,3,18,月,はくさい,31100,,,1144856,128,124,88.9
2287,2024,3,18,月,はくさい,31100,茨　城,8,467383,129,,
2288,2024,3,18,月,はくさい,31100,長　崎,42,289660,154,,
2289,2024,3,18,月,はくさい,31100,兵　庫,28,96497,144,,
2290,2024,3,18,月,はくさい,31100,宮　崎,45,82435,56,,
2291,2024,3,18,月,みずな,31300,,,44370,402,102.7,99.5
2292,2024,3,18,月,みずな,31300,茨　城,8,30267,379,,
2293,2024,3,18,月,みずな,31300,福　岡,40,7284,379,,
2294,2024,3,18,月,こまつな,31500,,,140776,352,117.9,98.9
2295,2024,3,18,月,こまつな,31500,茨　城,8,74660,362,,
2296,2024,3,18,月,こまつな,31500,福　岡,40,32851,332,,
2297,2024,3,18,月,こまつな,31500,埼　玉,11,7507,326,,
2298,2024,3,18,月,その他の菜類,31550,,,5385,394,106.4,105.1
2299,2024,3,18,月,ちんげんさい,31560,,,45942,312,112,98.4
2300,2024,3,18,月,ちんげんさい,31560,茨　城,8,17694,313,,
2301,2024,3,18,月,ちんげんさい,31560,静　岡,22,12569,327,,
2302,2024,3,18,月,ちんげんさい,31560,福　岡,40,5566,315,,
2303,2024,3,18,月,ちんげんさい,31560,愛　知,23,3296,236,,
2304,2024,3,18,月,キャベツ,31700,,,1745285,102,84.5,105.2
2305,2024,3,18,月,キャベツ,31700,愛　知,23,911421,97,,
2306,2024,3,18,月,キャベツ,31700,神奈川,14,310099,134,,
2307,2024,3,18,月,キャベツ,31700,千　葉,12,81141,125,,
2308,2024,3,18,月,キャベツ,31700,福　岡,40,78283,75,,
2309,2024,3,18,月,キャベツ,31700,熊　本,43,48670,79,,
2310,2024,3,18,月,ほうれんそう,31800,,,154173,553,121.9,97.2
2311,2024,3,18,月,ほうれんそう,31800,茨　城,8,50098,562,,
2312,2024,3,18,月,ほうれんそう,31800,群　馬,10,38073,560,,
2313,2024,3,18,月,ほうれんそう,31800,福　岡,40,26357,543,,
2314,2024,3,18,月,ほうれんそう,31800,徳　島,36,8080,507,,
2315,2024,3,18,月,ほうれんそう,31800,北海道,1,4407,687,,
2316,2024,3,18,月,ねぎ,31900,,,353410,380,97,99
2317,2024,3,18,月,ねぎ,31900,千　葉,12,74718,313,,
2318,2024,3,18,月,ねぎ,31900,埼　玉,11,65376,365,,
2319,2024,3,18,月,ねぎ,31900,大　分,44,46358,379,,
2320,2024,3,18,月,ねぎ,31900,茨　城,8,33648,310,,
2321,2024,3,18,月,ねぎ,31900,群　馬,10,23585,280,,
2322,2024,3,18,月,ふき,32300,,,8146,469,118.9,93.4
2323,2024,3,18,月,ふき,32300,愛　知,23,6343,432,,
2324,2024,3,18,月,ふき,32300,福　岡,40,692,464,,
2325,2024,3,18,月,うど,32400,,,4011,911,100.9,101.7
2326,2024,3,18,月,うど,32400,栃　木,9,2605,964,,
2327,2024,3,18,月,うど,32400,群　馬,10,519,875,,
2328,2024,3,18,月,うど,32400,秋　田,5,300,799,,
2329,2024,3,18,月,みつば,32500,,,13150,504,93.7,101.4
2330,2024,3,18,月,みつば,32500,千　葉,12,2538,331,,
2331,2024,3,18,月,みつば,32500,愛　知,23,2099,527,,
2332,2024,3,18,月,みつば,32500,大　分,44,1916,462,,
2333,2024,3,18,月,みつば,32500,静　岡,22,1746,568,,
2334,2024,3,18,月,みつば,32500,茨　城,8,1112,579,,
2335,2024,3,18,月,しゅんぎく,32600,,,13326,648,87.3,103.3
2336,2024,3,18,月,しゅんぎく,32600,福　岡,40,3877,522,,
2337,2024,3,18,月,しゅんぎく,32600,千　葉,12,1495,732,,
2338,2024,3,18,月,しゅんぎく,32600,栃　木,9,1492,735,,
2339,2024,3,18,月,しゅんぎく,32600,茨　城,8,1351,623,,
2340,2024,3,18,月,しゅんぎく,32600,大　阪,27,916,638,,
2341,2024,3,18,月,にら,32800,,,79990,703,100.1,104.3
2342,2024,3,18,月,にら,32800,高　知,39,28860,713,,
2343,2024,3,18,月,にら,32800,栃　木,9,13844,702,,
2344,2024,3,18,月,にら,32800,北海道,1,11131,809,,
2345,2024,3,18,月,にら,32800,茨　城,8,6682,628,,
2346,2024,3,18,月,にら,32800,宮　崎,45,6459,634,,
2347,2024,3,18,月,セルリー,32900,,,62646,290,111.2,104.7
2348,2024,3,18,月,セルリー,32900,福　岡,40,17916,293,,
2349,2024,3,18,月,セルリー,32900,香　川,37,13316,285,,
2350,2024,3,18,月,セルリー,32900,静　岡,22,13183,301,,
2351,2024,3,18,月,セルリー,32900,愛　知,23,6833,287,,
2352,2024,3,18,月,アスパラガス,33100,,,58300,1494,123.2,104.5
2353,2024,3,18,月,アスパラガス,33100,佐　賀,41,11573,1821,,
2354,2024,3,18,月,アスパラガス,33100,長　崎,42,10717,1685,,
2355,2024,3,18,月,アスパラガス,33100,福　岡,40,7799,1603,,
2356,2024,3,18,月,アスパラガス,33100,熊　本,43,4026,1902,,
2357,2024,3,18,月,アスパラガス,33100,香　川,37,2478,1746,,
2358,2024,3,18,月,　　うち輸入,33101,,,16704,859,96.8,106.2
2359,2024,3,18,月,カリフラワー,33200,,,19627,316,122.4,98.4
2360,2024,3,18,月,カリフラワー,33200,熊　本,43,8321,330,,
2361,2024,3,18,月,カリフラワー,33200,徳　島,36,3657,311,,
2362,2024,3,18,月,カリフラワー,33200,愛　知,23,2124,244,,
2363,2024,3,18,月,カリフラワー,33200,福　岡,40,1512,290,,
2364,2024,3,18,月,カリフラワー,33200,茨　城,8,1219,363,,
2365,2024,3,18,月,ブロッコリー,33300,,,267562,485,124.6,100
2366,2024,3,18,月,ブロッコリー,33300,香　川,37,91929,543,,
2367,2024,3,18,月,ブロッコリー,33300,徳　島,36,43978,471,,
2368,2024,3,18,月,ブロッコリー,33300,愛　知,23,41866,357,,
2369,2024,3,18,月,ブロッコリー,33300,熊　本,43,31568,532,,
2370,2024,3,18,月,ブロッコリー,33300,長　崎,42,18232,521,,
2371,2024,3,18,月,レタス,33400,,,657505,245,102.7,102.9
2372,2024,3,18,月,レタス,33400,茨　城,8,231571,266,,
2373,2024,3,18,月,レタス,33400,長　崎,42,87065,155,,
2374,2024,3,18,月,レタス,33400,兵　庫,28,67236,268,,
2375,2024,3,18,月,レタス,33400,福　岡,40,65714,306,,
2376,2024,3,18,月,レタス,33400,香　川,37,57384,242,,
2377,2024,3,18,月,パセリ,33600,,,4747,810,101.2,94.4
2378,2024,3,18,月,パセリ,33600,静　岡,22,1490,769,,
2379,2024,3,18,月,パセリ,33600,千　葉,12,1161,709,,
2380,2024,3,18,月,パセリ,33600,茨　城,8,549,639,,
2381,2024,3,18,月,パセリ,33600,香　川,37,514,778,,
2382,2024,3,18,月,パセリ,33600,福　岡,40,371,746,,
2383,2024,3,18,月,きゅうり,34100,,,737989,384,169.2,92.3
2384,2024,3,18,月,きゅうり,34100,宮　崎,45,184028,403,,
2385,2024,3,18,月,きゅうり,34100,群　馬,10,118772,415,,
2386,2024,3,18,月,きゅうり,34100,高　知,39,91603,385,,
2387,2024,3,18,月,きゅうり,34100,千　葉,12,52185,354,,
2388,2024,3,18,月,きゅうり,34100,佐　賀,41,50436,341,,
2389,2024,3,18,月,かぼちゃ,34200,,,241705,222,118,109.4
2390,2024,3,18,月,かぼちゃ,34200,宮　崎,45,14957,621,,
2391,2024,3,18,月,かぼちゃ,34200,鹿児島,46,12760,467,,
2392,2024,3,18,月,かぼちゃ,34200,沖　縄,47,9059,523,,
2393,2024,3,18,月,かぼちゃ,34200,高　知,39,1108,622,,
2394,2024,3,18,月,かぼちゃ,34200,千　葉,12,426,922,,
2395,2024,3,18,月,　　うち輸入,34201,,,202519,159,113.3,104.6
2396,2024,3,18,月,なす,34300,,,359347,423,136,99.1
2397,2024,3,18,月,なす,34300,高　知,39,151015,433,,
2398,2024,3,18,月,なす,34300,熊　本,43,86070,392,,
2399,2024,3,18,月,なす,34300,福　岡,40,81220,423,,
2400,2024,3,18,月,トマト,34400,,,573859,426,130.9,98.4
2401,2024,3,18,月,トマト,34400,熊　本,43,308375,399,,
2402,2024,3,18,月,トマト,34400,栃　木,9,83405,394,,
2403,2024,3,18,月,トマト,34400,愛　知,23,57000,467,,
2404,2024,3,18,月,トマト,34400,福　岡,40,38427,397,,
2405,2024,3,18,月,ミニトマト,34450,,,232716,766,146,98.8
2406,2024,3,18,月,ミニトマト,34450,熊　本,43,148649,721,,
2407,2024,3,18,月,ミニトマト,34450,愛　知,23,28767,878,,
2408,2024,3,18,月,ミニトマト,34450,宮　崎,45,15252,742,,
2409,2024,3,18,月,ピーマン,34500,,,249526,773,124.3,99.6
2410,2024,3,18,月,ピーマン,34500,宮　崎,45,93007,786,,
2411,2024,3,18,月,ピーマン,34500,鹿児島,46,49029,746,,
2412,2024,3,18,月,ピーマン,34500,高　知,39,45651,728,,
2413,2024,3,18,月,ピーマン,34500,茨　城,8,32324,841,,
2414,2024,3,18,月,ししとうがらし,34600,,,7775,2575,106.7,99.6
2415,2024,3,18,月,ししとうがらし,34600,高　知,39,6296,2812,,
2416,2024,3,18,月,スイートコーン,34700,,,1057,511,235.9,86
2417,2024,3,18,月,スイートコーン,34700,沖　縄,47,1057,511,,
2418,2024,3,18,月,さやいんげん,35100,,,20556,1218,113.2,98.4
2419,2024,3,18,月,さやいんげん,35100,沖　縄,47,13775,1234,,
2420,2024,3,18,月,さやいんげん,35100,鹿児島,46,1895,1535,,
2421,2024,3,18,月,さやいんげん,35100,高　知,39,1226,1513,,
2422,2024,3,18,月,さやえんどう,35200,,,20608,1476,100,103.9
2423,2024,3,18,月,さやえんどう,35200,愛　知,23,5094,1735,,
2424,2024,3,18,月,さやえんどう,35200,鹿児島,46,4695,1280,,
2425,2024,3,18,月,さやえんどう,35200,和歌山,30,3001,1378,,
2426,2024,3,18,月,さやえんどう,35200,熊　本,43,2708,1663,,
2427,2024,3,18,月,さやえんどう,35200,長　崎,42,1378,1473,,
2428,2024,3,18,月,　　うち輸入,35201,,,900,859,114.2,97.4
2429,2024,3,18,月,実えんどう,35300,,,13292,1024,118.8,100.3
2430,2024,3,18,月,実えんどう,35300,和歌山,30,8584,1112,,
2431,2024,3,18,月,実えんどう,35300,鹿児島,46,4061,862,,
2432,2024,3,18,月,そらまめ,35400,,,36300,570,88.6,106.9
2433,2024,3,18,月,そらまめ,35400,鹿児島,46,36186,570,,
2434,2024,3,18,月,えだまめ,35500,,,541,2394,140.2,97.8
2435,2024,3,18,月,えだまめ,35500,静　岡,22,283,2452,,
2436,2024,3,18,月,えだまめ,35500,沖　縄,47,258,2330,,
2437,2024,3,18,月,かんしょ,36100,,,382201,258,111.1,98.5
2438,2024,3,18,月,かんしょ,36100,茨　城,8,174468,232,,
2439,2024,3,18,月,かんしょ,36100,千　葉,12,96610,247,,
2440,2024,3,18,月,かんしょ,36100,徳　島,36,42216,323,,
2441,2024,3,18,月,ばれいしょ,36200,,,1263324,158,173.8,96.9
2442,2024,3,18,月,ばれいしょ,36200,鹿児島,46,726809,201,,
2443,2024,3,18,月,ばれいしょ,36200,北海道,1,529721,98,,
2444,2024,3,18,月,さといも,36300,,,38687,392,115.2,106.5
2445,2024,3,18,月,さといも,36300,埼　玉,11,13830,336,,
2446,2024,3,18,月,さといも,36300,愛　媛,38,8364,406,,
2447,2024,3,18,月,さといも,36300,新　潟,15,8242,442,,
2448,2024,3,18,月,さといも,36300,千　葉,12,2597,412,,
2449,2024,3,18,月,やまのいも,36500,,,161569,346,148.1,99.4
2450,2024,3,18,月,やまのいも,36500,北海道,1,98817,318,,
2451,2024,3,18,月,やまのいも,36500,青　森,2,52081,381,,
2452,2024,3,18,月,たまねぎ,36610,,,2064319,140,134,97.2
2453,2024,3,18,月,たまねぎ,36610,北海道,1,1554828,124,,
2454,2024,3,18,月,たまねぎ,36610,長　崎,42,157022,182,,
2455,2024,3,18,月,　　うち輸入,36620,,,37163,127,98.8,100
2456,2024,3,18,月,にんにく,36700,,,33960,1210,201.5,111.5
2457,2024,3,18,月,にんにく,36700,青　森,2,23749,1516,,
2458,2024,3,18,月,にんにく,36700,沖　縄,47,313,849,,
2459,2024,3,18,月,にんにく,36700,佐　賀,41,15,1512,,
2460,2024,3,18,月,にんにく,36700,北海道,1,9,1384,,
2461,2024,3,18,月,　　うち輸入,36701,,,9873,487,136.4,99.8
2462,2024,3,18,月,しょうが,37200,,,21672,779,88.8,100.8
2463,2024,3,18,月,しょうが,37200,高　知,39,12671,909,,
2464,2024,3,18,月,しょうが,37200,熊　本,43,2192,596,,
2465,2024,3,18,月,しょうが,37200,長　崎,42,1950,508,,
2466,2024,3,18,月,しょうが,37200,千　葉,12,726,602,,
2467,2024,3,18,月,　　うち輸入,37201,,,3269,491,88.7,96.7
2468,2024,3,18,月,生しいたけ,38100,,,63592,1008,94.2,99.9
2469,2024,3,18,月,生しいたけ,38100,徳　島,36,12473,949,,
2470,2024,3,18,月,生しいたけ,38100,秋　田,5,9537,1254,,
2471,2024,3,18,月,生しいたけ,38100,長　崎,42,4403,921,,
2472,2024,3,18,月,生しいたけ,38100,岩　手,3,3848,1042,,
2473,2024,3,18,月,生しいたけ,38100,大　分,44,3471,794,,
2474,2024,3,18,月,　　うち輸入,38101,,,1688,826,79.1,102.9
2475,2024,3,18,月,なめこ,38300,,,23193,485,89,102.1
2476,2024,3,18,月,なめこ,38300,長　野,20,7954,469,,
2477,2024,3,18,月,なめこ,38300,山　形,6,3068,536,,
2478,2024,3,18,月,なめこ,38300,三　重,24,2589,547,,
2479,2024,3,18,月,なめこ,38300,宮　城,4,2134,478,,
2480,2024,3,18,月,なめこ,38300,大　分,44,2017,484,,
2481,2024,3,18,月,えのきだけ,38400,,,137924,270,95.3,99.3
2482,2024,3,18,月,えのきだけ,38400,長　野,20,87798,275,,
2483,2024,3,18,月,えのきだけ,38400,新　潟,15,17479,255,,
2484,2024,3,18,月,えのきだけ,38400,宮　崎,45,8461,270,,
2485,2024,3,18,月,しめじ,38500,,,82776,431,87.1,96.9
2486,2024,3,18,月,しめじ,38500,長　野,20,53173,399,,
2487,2024,3,18,月,しめじ,38500,福　岡,40,13217,380,,
2488,2024,3,18,月,その他の野菜,39000,,,255334,1049,100.6,104.4
2489,2024,3,18,月,輸入野菜計,39100,,,330026,277,106.6,103.4
2490,2024,3,18,月,他の輸入野菜,39200,,,57910,545,93.1,116.2
2491,2024,3,25,月,野菜総計,30000,,,12420278,311,103.4,110.7
2492,2024,3,25,月,野菜総計,30000,北海道,1,1900954,145,,
2493,2024,3,25,月,野菜総計,30000,茨　城,8,1150806,360,,
2494,2024,3,25,月,野菜総計,30000,鹿児島,46,1113795,253,,
2495,2024,3,25,月,野菜総計,30000,愛　知,23,925849,288,,
2496,2024,3,25,月,野菜総計,30000,徳　島,36,846035,277,,
2497,2024,3,25,月,野菜総計,30000,長　崎,42,738705,247,,
2498,2024,3,25,月,野菜総計,30000,熊　本,43,714913,501,,
2499,2024,3,25,月,だいこん,30100,,,864074,115,88.3,110.6
2500,2024,3,25,月,だいこん,30100,千　葉,12,263591,134,,
2501,2024,3,25,月,だいこん,30100,神奈川,14,157994,128,,
2502,2024,3,25,月,だいこん,30100,鹿児島,46,156394,90,,
2503,2024,3,25,月,だいこん,30100,長　崎,42,113834,101,,
2504,2024,3,25,月,かぶ,30200,,,54082,164,82.1,102.5
2505,2024,3,25,月,かぶ,30200,千　葉,12,36384,162,,
2506,2024,3,25,月,かぶ,30200,埼　玉,11,7951,141,,
2507,2024,3,25,月,にんじん,30300,,,882501,218,162.8,104.3
2508,2024,3,25,月,にんじん,30300,徳　島,36,671089,239,,
2509,2024,3,25,月,にんじん,30300,鹿児島,46,71550,152,,
2510,2024,3,25,月,ごぼう,30400,,,106366,331,184.8,91.4
2511,2024,3,25,月,ごぼう,30400,青　森,2,64920,280,,
2512,2024,3,25,月,ごぼう,30400,茨　城,8,13367,190,,
2513,2024,3,25,月,ごぼう,30400,北海道,1,8409,199,,
2514,2024,3,25,月,たけのこ,30500,,,48318,1090,110.6,94.5
2515,2024,3,25,月,たけのこ,30500,鹿児島,46,19388,975,,
2516,2024,3,25,月,たけのこ,30500,熊　本,43,14186,1004,,
2517,2024,3,25,月,たけのこ,30500,福　岡,40,8756,1191,,
2518,2024,3,25,月,れんこん,30600,,,55306,476,82.9,104.8
2519,2024,3,25,月,れんこん,30600,茨　城,8,38911,453,,
2520,2024,3,25,月,れんこん,30600,佐　賀,41,5436,497,,
2521,2024,3,25,月,はくさい,31100,,,860922,224,101.8,127.3
2522,2024,3,25,月,はくさい,31100,茨　城,8,416807,281,,
2523,2024,3,25,月,はくさい,31100,長　崎,42,205025,221,,
2524,2024,3,25,月,はくさい,31100,宮　崎,45,90860,67,,
2525,2024,3,25,月,みずな,31300,,,45783,379,105.3,100.3
2526,2024,3,25,月,みずな,31300,茨　城,8,29945,367,,
2527,2024,3,25,月,みずな,31300,福　岡,40,10407,329,,
2528,2024,3,25,月,こまつな,31500,,,125440,358,106.3,104.7
2529,2024,3,25,月,こまつな,31500,茨　城,8,62547,385,,
2530,2024,3,25,月,こまつな,31500,福　岡,40,32490,320,,
2531,2024,3,25,月,こまつな,31500,埼　玉,11,7631,341,,
2532,2024,3,25,月,その他の菜類,31550,,,5997,403,145,100
2533,2024,3,25,月,ちんげんさい,31560,,,43736,322,104.4,102.5
2534,2024,3,25,月,ちんげんさい,31560,茨　城,8,16139,336,,
2535,2024,3,25,月,ちんげんさい,31560,静　岡,22,11455,339,,
2536,2024,3,25,月,ちんげんさい,31560,福　岡,40,5514,308,,
2537,2024,3,25,月,ちんげんさい,31560,愛　知,23,3867,249,,
2538,2024,3,25,月,キャベツ,31700,,,1349954,144,66.6,117.1
2539,2024,3,25,月,キャベツ,31700,愛　知,23,638429,149,,
2540,2024,3,25,月,キャベツ,31700,神奈川,14,338232,164,,
2541,2024,3,25,月,キャベツ,31700,千　葉,12,89445,145,,
2542,2024,3,25,月,キャベツ,31700,福　岡,40,71401,89,,
2543,2024,3,25,月,ほうれんそう,31800,,,125982,556,95.3,103.9
2544,2024,3,25,月,ほうれんそう,31800,茨　城,8,41215,585,,
2545,2024,3,25,月,ほうれんそう,31800,群　馬,10,25940,532,,
2546,2024,3,25,月,ほうれんそう,31800,福　岡,40,25194,549,,
2547,2024,3,25,月,ほうれんそう,31800,北海道,1,5874,614,,
2548,2024,3,25,月,ほうれんそう,31800,徳　島,36,4498,520,,
2549,2024,3,25,月,ねぎ,31900,,,358809,398,92.5,99.7
2550,2024,3,25,月,ねぎ,31900,千　葉,12,78662,317,,
2551,2024,3,25,月,ねぎ,31900,埼　玉,11,49325,410,,
2552,2024,3,25,月,ねぎ,31900,大　分,44,46029,437,,
2553,2024,3,25,月,ねぎ,31900,茨　城,8,45389,317,,
2554,2024,3,25,月,ねぎ,31900,群　馬,10,27650,314,,
2555,2024,3,25,月,ふき,32300,,,9956,501,99,99.8
2556,2024,3,25,月,ふき,32300,愛　知,23,7403,468,,
2557,2024,3,25,月,ふき,32300,大　阪,27,680,470,,
2558,2024,3,25,月,うど,32400,,,4703,924,113.7,101.7
2559,2024,3,25,月,うど,32400,栃　木,9,3252,949,,
2560,2024,3,25,月,うど,32400,群　馬,10,710,901,,
2561,2024,3,25,月,みつば,32500,,,12969,497,86.2,103.3
2562,2024,3,25,月,みつば,32500,千　葉,12,2526,326,,
2563,2024,3,25,月,みつば,32500,大　分,44,1992,432,,
2564,2024,3,25,月,みつば,32500,静　岡,22,1894,544,,
2565,2024,3,25,月,みつば,32500,愛　知,23,1636,519,,
2566,2024,3,25,月,みつば,32500,茨　城,8,1172,634,,
2567,2024,3,25,月,しゅんぎく,32600,,,13829,738,93.2,107.3
2568,2024,3,25,月,しゅんぎく,32600,福　岡,40,4510,614,,
2569,2024,3,25,月,しゅんぎく,32600,茨　城,8,1484,693,,
2570,2024,3,25,月,しゅんぎく,32600,栃　木,9,1465,877,,
2571,2024,3,25,月,しゅんぎく,32600,千　葉,12,1347,828,,
2572,2024,3,25,月,しゅんぎく,32600,大　阪,27,1042,709,,
2573,2024,3,25,月,にら,32800,,,71414,754,87.2,102.9
2574,2024,3,25,月,にら,32800,高　知,39,28787,787,,
2575,2024,3,25,月,にら,32800,栃　木,9,15122,737,,
2576,2024,3,25,月,にら,32800,茨　城,8,6635,705,,
2577,2024,3,25,月,にら,32800,大　分,44,6155,686,,
2578,2024,3,25,月,にら,32800,宮　崎,45,4574,716,,
2579,2024,3,25,月,セルリー,32900,,,60065,306,89.2,102.7
2580,2024,3,25,月,セルリー,32900,福　岡,40,18376,315,,
2581,2024,3,25,月,セルリー,32900,香　川,37,16265,310,,
2582,2024,3,25,月,セルリー,32900,静　岡,22,14152,288,,
2583,2024,3,25,月,アスパラガス,33100,,,54976,1552,110.9,104.8
2584,2024,3,25,月,アスパラガス,33100,長　崎,42,10960,1797,,
2585,2024,3,25,月,アスパラガス,33100,佐　賀,41,8092,1943,,
2586,2024,3,25,月,アスパラガス,33100,熊　本,43,5844,1978,,
2587,2024,3,25,月,アスパラガス,33100,福　岡,40,5596,1699,,
2588,2024,3,25,月,アスパラガス,33100,香　川,37,1788,1753,,
2589,2024,3,25,月,　　うち輸入,33101,,,18333,919,100.4,106.9
2590,2024,3,25,月,カリフラワー,33200,,,14179,361,120.1,104.6
2591,2024,3,25,月,カリフラワー,33200,熊　本,43,5325,355,,
2592,2024,3,25,月,カリフラワー,33200,福　岡,40,2344,288,,
2593,2024,3,25,月,カリフラワー,33200,徳　島,36,2039,369,,
2594,2024,3,25,月,カリフラワー,33200,愛　知,23,1328,335,,
2595,2024,3,25,月,カリフラワー,33200,茨　城,8,1284,450,,
2596,2024,3,25,月,ブロッコリー,33300,,,222305,593,114.6,110.6
2597,2024,3,25,月,ブロッコリー,33300,香　川,37,55707,696,,
2598,2024,3,25,月,ブロッコリー,33300,愛　知,23,44156,494,,
2599,2024,3,25,月,ブロッコリー,33300,熊　本,43,33208,598,,
2600,2024,3,25,月,ブロッコリー,33300,徳　島,36,25706,665,,
2601,2024,3,25,月,ブロッコリー,33300,長　崎,42,22299,601,,
2602,2024,3,25,月,レタス,33400,,,474900,315,76.3,115.8
2603,2024,3,25,月,レタス,33400,茨　城,8,164015,336,,
2604,2024,3,25,月,レタス,33400,長　崎,42,80277,220,,
2605,2024,3,25,月,レタス,33400,福　岡,40,49704,377,,
2606,2024,3,25,月,レタス,33400,兵　庫,28,43865,354,,
2607,2024,3,25,月,レタス,33400,香　川,37,37581,305,,
2608,2024,3,25,月,パセリ,33600,,,4446,857,101.2,93.7
2609,2024,3,25,月,パセリ,33600,静　岡,22,1396,860,,
2610,2024,3,25,月,パセリ,33600,千　葉,12,984,775,,
2611,2024,3,25,月,パセリ,33600,香　川,37,487,843,,
2612,2024,3,25,月,パセリ,33600,福　岡,40,450,644,,
2613,2024,3,25,月,パセリ,33600,茨　城,8,391,790,,
2614,2024,3,25,月,きゅうり,34100,,,696362,369,148.8,100.5
2615,2024,3,25,月,きゅうり,34100,宮　崎,45,183766,382,,
2616,2024,3,25,月,きゅうり,34100,群　馬,10,109049,398,,
2617,2024,3,25,月,きゅうり,34100,高　知,39,83772,360,,
2618,2024,3,25,月,きゅうり,34100,佐　賀,41,49975,325,,
2619,2024,3,25,月,きゅうり,34100,千　葉,12,48983,354,,
2620,2024,3,25,月,かぼちゃ,34200,,,225292,229,83.1,109.6
2621,2024,3,25,月,かぼちゃ,34200,沖　縄,47,15898,540,,
2622,2024,3,25,月,かぼちゃ,34200,宮　崎,45,13372,614,,
2623,2024,3,25,月,かぼちゃ,34200,鹿児島,46,4150,446,,
2624,2024,3,25,月,かぼちゃ,34200,熊　本,43,1562,534,,
2625,2024,3,25,月,かぼちゃ,34200,高　知,39,1266,601,,
2626,2024,3,25,月,　　うち輸入,34201,,,188094,164,79.9,100
2627,2024,3,25,月,なす,34300,,,340569,438,127.8,99.8
2628,2024,3,25,月,なす,34300,高　知,39,130457,472,,
2629,2024,3,25,月,なす,34300,熊　本,43,84702,387,,
2630,2024,3,25,月,なす,34300,福　岡,40,82179,432,,
2631,2024,3,25,月,トマト,34400,,,536266,499,119.2,104.4
2632,2024,3,25,月,トマト,34400,熊　本,43,265351,475,,
2633,2024,3,25,月,トマト,34400,栃　木,9,90662,463,,
2634,2024,3,25,月,トマト,34400,愛　知,23,49280,536,,
2635,2024,3,25,月,トマト,34400,福　岡,40,34367,434,,
2636,2024,3,25,月,ミニトマト,34450,,,223978,778,149.8,101
2637,2024,3,25,月,ミニトマト,34450,熊　本,43,142364,735,,
2638,2024,3,25,月,ミニトマト,34450,愛　知,23,28116,902,,
2639,2024,3,25,月,ミニトマト,34450,宮　崎,45,14699,756,,
2640,2024,3,25,月,ピーマン,34500,,,262989,783,125.6,99.6
2641,2024,3,25,月,ピーマン,34500,宮　崎,45,76875,801,,
2642,2024,3,25,月,ピーマン,34500,茨　城,8,72626,837,,
2643,2024,3,25,月,ピーマン,34500,鹿児島,46,47147,747,,
2644,2024,3,25,月,ピーマン,34500,高　知,39,39441,727,,
2645,2024,3,25,月,ししとうがらし,34600,,,7706,2425,117.5,92
2646,2024,3,25,月,ししとうがらし,34600,高　知,39,6446,2488,,
2647,2024,3,25,月,スイートコーン,34700,,,1794,652,129.6,114.8
2648,2024,3,25,月,スイートコーン,34700,沖　縄,47,1591,643,,
2649,2024,3,25,月,さやいんげん,35100,,,21760,1038,108.8,93.1
2650,2024,3,25,月,さやいんげん,35100,沖　縄,47,14914,983,,
2651,2024,3,25,月,さやいんげん,35100,鹿児島,46,2923,1327,,
2652,2024,3,25,月,さやえんどう,35200,,,19966,1448,108.2,98.9
2653,2024,3,25,月,さやえんどう,35200,鹿児島,46,5125,1255,,
2654,2024,3,25,月,さやえんどう,35200,熊　本,43,3965,1627,,
2655,2024,3,25,月,さやえんどう,35200,愛　知,23,3902,1710,,
2656,2024,3,25,月,さやえんどう,35200,和歌山,30,2078,1306,,
2657,2024,3,25,月,さやえんどう,35200,長　崎,42,1258,1478,,
2658,2024,3,25,月,　　うち輸入,35201,,,1012,871,94.9,117.9
2659,2024,3,25,月,実えんどう,35300,,,13060,1059,125.2,100.1
2660,2024,3,25,月,実えんどう,35300,和歌山,30,8505,1088,,
2661,2024,3,25,月,実えんどう,35300,鹿児島,46,3680,1031,,
2662,2024,3,25,月,そらまめ,35400,,,29179,693,136.9,99.7
2663,2024,3,25,月,そらまめ,35400,鹿児島,46,28983,692,,
2664,2024,3,25,月,えだまめ,35500,,,445,2330,73.8,98.7
2665,2024,3,25,月,えだまめ,35500,静　岡,22,303,2341,,
2666,2024,3,25,月,えだまめ,35500,沖　縄,47,142,2307,,
2667,2024,3,25,月,かんしょ,36100,,,350292,263,105.7,104
2668,2024,3,25,月,かんしょ,36100,茨　城,8,179025,237,,
2669,2024,3,25,月,かんしょ,36100,千　葉,12,72210,252,,
2670,2024,3,25,月,かんしょ,36100,大　分,44,35446,312,,
2671,2024,3,25,月,ばれいしょ,36200,,,1032129,172,103.4,111.7
2672,2024,3,25,月,ばれいしょ,36200,鹿児島,46,634742,210,,
2673,2024,3,25,月,ばれいしょ,36200,北海道,1,388958,109,,
2674,2024,3,25,月,さといも,36300,,,30190,399,99.4,109.3
2675,2024,3,25,月,さといも,36300,埼　玉,11,11975,360,,
2676,2024,3,25,月,さといも,36300,愛　媛,38,6896,427,,
2677,2024,3,25,月,さといも,36300,新　潟,15,4240,394,,
2678,2024,3,25,月,さといも,36300,千　葉,12,2123,376,,
2679,2024,3,25,月,やまのいも,36500,,,173199,347,153.9,99.7
2680,2024,3,25,月,やまのいも,36500,北海道,1,120846,320,,
2681,2024,3,25,月,やまのいも,36500,青　森,2,43523,384,,
2682,2024,3,25,月,たまねぎ,36610,,,1989660,146,126.6,106.6
2683,2024,3,25,月,たまねぎ,36610,北海道,1,1322353,125,,
2684,2024,3,25,月,たまねぎ,36610,佐　賀,41,225192,193,,
2685,2024,3,25,月,たまねぎ,36610,長　崎,42,209742,183,,
2686,2024,3,25,月,　　うち輸入,36620,,,29063,129,110.1,101.6
2687,2024,3,25,月,にんにく,36700,,,24820,1150,141.5,95.1
2688,2024,3,25,月,にんにく,36700,青　森,2,13967,1627,,
2689,2024,3,25,月,にんにく,36700,鹿児島,46,792,1103,,
2690,2024,3,25,月,にんにく,36700,沖　縄,47,559,733,,
2691,2024,3,25,月,にんにく,36700,茨　城,8,441,197,,
2692,2024,3,25,月,にんにく,36700,北海道,1,51,991,,
2693,2024,3,25,月,　　うち輸入,36701,,,8966,480,124.3,71.1
2694,2024,3,25,月,しょうが,37200,,,23111,814,81.5,103.7
2695,2024,3,25,月,しょうが,37200,高　知,39,14134,918,,
2696,2024,3,25,月,しょうが,37200,長　崎,42,1765,480,,
2697,2024,3,25,月,しょうが,37200,熊　本,43,1712,679,,
2698,2024,3,25,月,しょうが,37200,千　葉,12,799,576,,
2699,2024,3,25,月,しょうが,37200,宮　崎,45,714,1304,,
2700,2024,3,25,月,　　うち輸入,37201,,,3410,495,93.5,99.4
2701,2024,3,25,月,生しいたけ,38100,,,61860,1007,98.8,100.3
2702,2024,3,25,月,生しいたけ,38100,徳　島,36,11345,945,,
2703,2024,3,25,月,生しいたけ,38100,秋　田,5,9472,1250,,
2704,2024,3,25,月,生しいたけ,38100,長　崎,42,5552,912,,
2705,2024,3,25,月,生しいたけ,38100,岩　手,3,3532,1029,,
2706,2024,3,25,月,生しいたけ,38100,大　分,44,3169,810,,
2707,2024,3,25,月,　　うち輸入,38101,,,1202,789,71.4,99.7
2708,2024,3,25,月,なめこ,38300,,,24267,485,95.1,101.5
2709,2024,3,25,月,なめこ,38300,長　野,20,8285,468,,
2710,2024,3,25,月,なめこ,38300,山　形,6,3289,523,,
2711,2024,3,25,月,なめこ,38300,三　重,24,2595,539,,
2712,2024,3,25,月,なめこ,38300,大　分,44,2564,496,,
2713,2024,3,25,月,なめこ,38300,宮　城,4,2227,482,,
2714,2024,3,25,月,えのきだけ,38400,,,139505,275,100.1,100.4
2715,2024,3,25,月,えのきだけ,38400,長　野,20,85233,284,,
2716,2024,3,25,月,えのきだけ,38400,新　潟,15,21459,261,,
2717,2024,3,25,月,えのきだけ,38400,宮　崎,45,9244,259,,
2718,2024,3,25,月,しめじ,38500,,,80471,435,86.9,98.2
2719,2024,3,25,月,しめじ,38500,長　野,20,51835,398,,
2720,2024,3,25,月,しめじ,38500,福　岡,40,11886,421,,
2721,2024,3,25,月,しめじ,38500,静　岡,22,5032,563,,
2722,2024,3,25,月,その他の野菜,39000,,,240472,1069,86.8,114.9
2723,2024,3,25,月,輸入野菜計,39100,,,310680,286,85.1,107.5
2724,2024,3,25,月,他の輸入野菜,39200,,,60603,487,85.2,113.3
2725,2024,4,1,月,野菜総計,30000,,,13384313,301,105.5,106
2726,2024,4,1,月,野菜総計,30000,北海道,1,2044120,153,,
2727,2024,4,1,月,野菜総計,30000,茨　城,8,1257222,303,,
2728,2024,4,1,月,野菜総計,30000,愛　知,23,1088646,236,,
2729,2024,4,1,月,野菜総計,30000,鹿児島,46,1064161,252,,
2730,2024,4,1,月,野菜総計,30000,千　葉,12,857056,213,,
2731,2024,4,1,月,野菜総計,30000,熊　本,43,827193,510,,
2732,2024,4,1,月,野菜総計,30000,神奈川,14,771740,148,,
2733,2024,4,1,月,だいこん,30100,,,980718,126,95.2,102.4
2734,2024,4,1,月,だいこん,30100,千　葉,12,361287,136,,
2735,2024,4,1,月,だいこん,30100,鹿児島,46,198661,111,,
2736,2024,4,1,月,だいこん,30100,神奈川,14,116191,132,,
2737,2024,4,1,月,だいこん,30100,長　崎,42,104608,102,,
2738,2024,4,1,月,だいこん,30100,茨　城,8,48820,140,,
2739,2024,4,1,月,かぶ,30200,,,67282,161,102.3,99.4
2740,2024,4,1,月,かぶ,30200,千　葉,12,46585,159,,
2741,2024,4,1,月,かぶ,30200,埼　玉,11,9874,147,,
2742,2024,4,1,月,にんじん,30300,,,727610,242,120.9,114.7
2743,2024,4,1,月,にんじん,30300,徳　島,36,538964,266,,
2744,2024,4,1,月,にんじん,30300,長　崎,42,57210,218,,
2745,2024,4,1,月,ごぼう,30400,,,86057,346,188.6,77.1
2746,2024,4,1,月,ごぼう,30400,青　森,2,66298,282,,
2747,2024,4,1,月,ごぼう,30400,熊　本,43,6596,784,,
2748,2024,4,1,月,たけのこ,30500,,,161337,700,178.9,81.6
2749,2024,4,1,月,たけのこ,30500,福　岡,40,59692,668,,
2750,2024,4,1,月,たけのこ,30500,熊　本,43,52919,617,,
2751,2024,4,1,月,たけのこ,30500,鹿児島,46,24230,582,,
2752,2024,4,1,月,れんこん,30600,,,56194,510,104.1,103.4
2753,2024,4,1,月,れんこん,30600,茨　城,8,35667,496,,
2754,2024,4,1,月,れんこん,30600,佐　賀,41,6567,514,,
2755,2024,4,1,月,れんこん,30600,徳　島,36,4973,700,,
2756,2024,4,1,月,はくさい,31100,,,821284,138,93.8,82.6
2757,2024,4,1,月,はくさい,31100,茨　城,8,380514,166,,
2758,2024,4,1,月,はくさい,31100,長　崎,42,272323,136,,
2759,2024,4,1,月,はくさい,31100,宮　崎,45,90450,54,,
2760,2024,4,1,月,みずな,31300,,,48296,346,95,99.4
2761,2024,4,1,月,みずな,31300,茨　城,8,32029,341,,
2762,2024,4,1,月,みずな,31300,福　岡,40,9840,298,,
2763,2024,4,1,月,こまつな,31500,,,131744,382,99.4,102.7
2764,2024,4,1,月,こまつな,31500,茨　城,8,63250,420,,
2765,2024,4,1,月,こまつな,31500,福　岡,40,34641,341,,
2766,2024,4,1,月,こまつな,31500,埼　玉,11,8199,351,,
2767,2024,4,1,月,その他の菜類,31550,,,6357,389,149.5,93.1
2768,2024,4,1,月,ちんげんさい,31560,,,41520,337,96.5,104.3
2769,2024,4,1,月,ちんげんさい,31560,茨　城,8,16640,345,,
2770,2024,4,1,月,ちんげんさい,31560,静　岡,22,8097,367,,
2771,2024,4,1,月,ちんげんさい,31560,福　岡,40,5596,344,,
2772,2024,4,1,月,ちんげんさい,31560,愛　知,23,3730,258,,
2773,2024,4,1,月,キャベツ,31700,,,1951341,120,86.6,113.2
2774,2024,4,1,月,キャベツ,31700,愛　知,23,770981,109,,
2775,2024,4,1,月,キャベツ,31700,神奈川,14,639124,145,,
2776,2024,4,1,月,キャベツ,31700,千　葉,12,160960,134,,
2777,2024,4,1,月,ほうれんそう,31800,,,170290,530,109.8,94
2778,2024,4,1,月,ほうれんそう,31800,茨　城,8,61411,549,,
2779,2024,4,1,月,ほうれんそう,31800,群　馬,10,40666,511,,
2780,2024,4,1,月,ほうれんそう,31800,福　岡,40,22918,539,,
2781,2024,4,1,月,ほうれんそう,31800,徳　島,36,7217,497,,
2782,2024,4,1,月,ほうれんそう,31800,岐　阜,21,5222,590,,
2783,2024,4,1,月,ねぎ,31900,,,335482,424,94.8,98.8
2784,2024,4,1,月,ねぎ,31900,千　葉,12,70609,327,,
2785,2024,4,1,月,ねぎ,31900,茨　城,8,47428,334,,
2786,2024,4,1,月,ねぎ,31900,埼　玉,11,44846,452,,
2787,2024,4,1,月,ねぎ,31900,大　分,44,44460,472,,
2788,2024,4,1,月,ねぎ,31900,群　馬,10,20454,340,,
2789,2024,4,1,月,ふき,32300,,,9926,515,94.2,100.2
2790,2024,4,1,月,ふき,32300,愛　知,23,7442,451,,
2791,2024,4,1,月,ふき,32300,福　岡,40,583,487,,
2792,2024,4,1,月,うど,32400,,,5095,885,160.3,92.6
2793,2024,4,1,月,うど,32400,栃　木,9,3060,879,,
2794,2024,4,1,月,うど,32400,群　馬,10,673,953,,
2795,2024,4,1,月,うど,32400,秋　田,5,640,1036,,
2796,2024,4,1,月,みつば,32500,,,13711,472,96.3,99.8
2797,2024,4,1,月,みつば,32500,千　葉,12,3051,301,,
2798,2024,4,1,月,みつば,32500,愛　知,23,2006,449,,
2799,2024,4,1,月,みつば,32500,静　岡,22,1988,568,,
2800,2024,4,1,月,みつば,32500,大　分,44,1511,499,,
2801,2024,4,1,月,みつば,32500,茨　城,8,1239,566,,
2802,2024,4,1,月,しゅんぎく,32600,,,13122,656,89.7,100.6
2803,2024,4,1,月,しゅんぎく,32600,福　岡,40,3966,510,,
2804,2024,4,1,月,しゅんぎく,32600,大　阪,27,1419,497,,
2805,2024,4,1,月,しゅんぎく,32600,千　葉,12,1374,845,,
2806,2024,4,1,月,しゅんぎく,32600,茨　城,8,1277,672,,
2807,2024,4,1,月,しゅんぎく,32600,栃　木,9,1200,883,,
2808,2024,4,1,月,にら,32800,,,81514,744,99.6,99.5
2809,2024,4,1,月,にら,32800,高　知,39,29015,758,,
2810,2024,4,1,月,にら,32800,栃　木,9,16303,758,,
2811,2024,4,1,月,にら,32800,北海道,1,7500,798,,
2812,2024,4,1,月,にら,32800,茨　城,8,7369,708,,
2813,2024,4,1,月,にら,32800,大　分,44,6560,678,,
2814,2024,4,1,月,セルリー,32900,,,53811,317,80.7,100
2815,2024,4,1,月,セルリー,32900,福　岡,40,19118,335,,
2816,2024,4,1,月,セルリー,32900,静　岡,22,11873,318,,
2817,2024,4,1,月,セルリー,32900,香　川,37,9212,303,,
2818,2024,4,1,月,セルリー,32900,愛　知,23,6223,273,,
2819,2024,4,1,月,アスパラガス,33100,,,50740,1728,96.8,114.1
2820,2024,4,1,月,アスパラガス,33100,長　崎,42,8712,1797,,
2821,2024,4,1,月,アスパラガス,33100,佐　賀,41,7471,1878,,
2822,2024,4,1,月,アスパラガス,33100,熊　本,43,7011,2546,,
2823,2024,4,1,月,アスパラガス,33100,福　岡,40,5549,1697,,
2824,2024,4,1,月,アスパラガス,33100,香　川,37,2366,1709,,
2825,2024,4,1,月,　　うち輸入,33101,,,11984,1002,61.6,114.5
2826,2024,4,1,月,カリフラワー,33200,,,23512,338,152.4,105
2827,2024,4,1,月,カリフラワー,33200,愛　知,23,6528,313,,
2828,2024,4,1,月,カリフラワー,33200,熊　本,43,6142,313,,
2829,2024,4,1,月,カリフラワー,33200,茨　城,8,2928,417,,
2830,2024,4,1,月,カリフラワー,33200,福　岡,40,2752,301,,
2831,2024,4,1,月,カリフラワー,33200,徳　島,36,2727,352,,
2832,2024,4,1,月,ブロッコリー,33300,,,273358,550,118.1,95.5
2833,2024,4,1,月,ブロッコリー,33300,香　川,37,79834,634,,
2834,2024,4,1,月,ブロッコリー,33300,愛　知,23,47083,365,,
2835,2024,4,1,月,ブロッコリー,33300,熊　本,43,36440,620,,
2836,2024,4,1,月,ブロッコリー,33300,長　崎,42,35122,601,,
2837,2024,4,1,月,ブロッコリー,33300,徳　島,36,24318,590,,
2838,2024,4,1,月,レタス,33400,,,608408,286,87.9,90.8
2839,2024,4,1,月,レタス,33400,茨　城,8,231749,286,,
2840,2024,4,1,月,レタス,33400,兵　庫,28,94457,264,,
2841,2024,4,1,月,レタス,33400,長　崎,42,64223,226,,
2842,2024,4,1,月,レタス,33400,福　岡,40,60694,421,,
2843,2024,4,1,月,レタス,33400,香　川,37,47088,290,,
2844,2024,4,1,月,パセリ,33600,,,4034,862,82.9,105.4
2845,2024,4,1,月,パセリ,33600,静　岡,22,1546,759,,
2846,2024,4,1,月,パセリ,33600,千　葉,12,719,895,,
2847,2024,4,1,月,パセリ,33600,香　川,37,536,663,,
2848,2024,4,1,月,パセリ,33600,福　岡,40,360,742,,
2849,2024,4,1,月,パセリ,33600,茨　城,8,269,962,,
2850,2024,4,1,月,きゅうり,34100,,,666977,366,148.3,97.6
2851,2024,4,1,月,きゅうり,34100,宮　崎,45,179940,392,,
2852,2024,4,1,月,きゅうり,34100,群　馬,10,109307,391,,
2853,2024,4,1,月,きゅうり,34100,高　知,39,75759,336,,
2854,2024,4,1,月,きゅうり,34100,千　葉,12,48194,338,,
2855,2024,4,1,月,きゅうり,34100,埼　玉,11,46747,389,,
2856,2024,4,1,月,かぼちゃ,34200,,,282994,213,102.4,98.2
2857,2024,4,1,月,かぼちゃ,34200,沖　縄,47,20892,487,,
2858,2024,4,1,月,かぼちゃ,34200,宮　崎,45,15284,563,,
2859,2024,4,1,月,かぼちゃ,34200,熊　本,43,1630,533,,
2860,2024,4,1,月,かぼちゃ,34200,高　知,39,898,565,,
2861,2024,4,1,月,かぼちゃ,34200,北海道,1,630,78,,
2862,2024,4,1,月,　　うち輸入,34201,,,242866,163,101.1,94.8
2863,2024,4,1,月,なす,34300,,,328607,442,148.3,98.7
2864,2024,4,1,月,なす,34300,高　知,39,133270,471,,
2865,2024,4,1,月,なす,34300,熊　本,43,73099,394,,
2866,2024,4,1,月,なす,34300,福　岡,40,71865,441,,
2867,2024,4,1,月,トマト,34400,,,605919,511,136.7,99.8
2868,2024,4,1,月,トマト,34400,熊　本,43,337941,496,,
2869,2024,4,1,月,トマト,34400,栃　木,9,83793,482,,
2870,2024,4,1,月,トマト,34400,愛　知,23,49116,541,,
2871,2024,4,1,月,トマト,34400,福　岡,40,37128,449,,
2872,2024,4,1,月,ミニトマト,34450,,,229216,785,148.8,98.9
2873,2024,4,1,月,ミニトマト,34450,熊　本,43,144337,737,,
2874,2024,4,1,月,ミニトマト,34450,愛　知,23,27010,953,,
2875,2024,4,1,月,ミニトマト,34450,宮　崎,45,19251,760,,
2876,2024,4,1,月,ピーマン,34500,,,271920,756,119.5,97.9
2877,2024,4,1,月,ピーマン,34500,宮　崎,45,93968,765,,
2878,2024,4,1,月,ピーマン,34500,鹿児島,46,62910,705,,
2879,2024,4,1,月,ピーマン,34500,茨　城,8,53337,803,,
2880,2024,4,1,月,ピーマン,34500,高　知,39,39148,717,,
2881,2024,4,1,月,ししとうがらし,34600,,,7268,2376,106,100
2882,2024,4,1,月,ししとうがらし,34600,高　知,39,5880,2507,,
2883,2024,4,1,月,スイートコーン,34700,,,2061,589,91.8,78.4
2884,2024,4,1,月,スイートコーン,34700,沖　縄,47,2061,589,,
2885,2024,4,1,月,さやいんげん,35100,,,22105,927,134.1,95.5
2886,2024,4,1,月,さやいんげん,35100,沖　縄,47,17189,843,,
2887,2024,4,1,月,さやいんげん,35100,鹿児島,46,3078,1201,,
2888,2024,4,1,月,さやえんどう,35200,,,21277,1446,110.8,103.7
2889,2024,4,1,月,さやえんどう,35200,熊　本,43,5449,1454,,
2890,2024,4,1,月,さやえんどう,35200,愛　知,23,4814,1675,,
2891,2024,4,1,月,さやえんどう,35200,和歌山,30,2472,1249,,
2892,2024,4,1,月,さやえんどう,35200,鹿児島,46,2438,1099,,
2893,2024,4,1,月,さやえんどう,35200,長　崎,42,1608,1486,,
2894,2024,4,1,月,　　うち輸入,35201,,,746,935,161.5,102.9
2895,2024,4,1,月,実えんどう,35300,,,13923,1104,140.2,99.8
2896,2024,4,1,月,実えんどう,35300,和歌山,30,10324,1130,,
2897,2024,4,1,月,実えんどう,35300,鹿児島,46,3009,1059,,
2898,2024,4,1,月,そらまめ,35400,,,35025,617,105.8,95.5
2899,2024,4,1,月,そらまめ,35400,鹿児島,46,33531,607,,
2900,2024,4,1,月,えだまめ,35500,,,874,2023,126.1,95.8
2901,2024,4,1,月,えだまめ,35500,静　岡,22,436,2363,,
2902,2024,4,1,月,えだまめ,35500,沖　縄,47,282,2238,,
2903,2024,4,1,月,かんしょ,36100,,,390617,254,119.3,97.7
2904,2024,4,1,月,かんしょ,36100,茨　城,8,204680,233,,
2905,2024,4,1,月,かんしょ,36100,千　葉,12,101610,247,,
2906,2024,4,1,月,かんしょ,36100,徳　島,36,38520,330,,
2907,2024,4,1,月,ばれいしょ,36200,,,1107235,164,117.7,94.8
2908,2024,4,1,月,ばれいしょ,36200,鹿児島,46,599490,214,,
2909,2024,4,1,月,ばれいしょ,36200,北海道,1,498919,103,,
2910,2024,4,1,月,さといも,36300,,,33936,387,132.3,103.8
2911,2024,4,1,月,さといも,36300,埼　玉,11,18285,345,,
2912,2024,4,1,月,さといも,36300,愛　媛,38,4265,419,,
2913,2024,4,1,月,さといも,36300,新　潟,15,3725,481,,
2914,2024,4,1,月,さといも,36300,鹿児島,46,1790,564,,
2915,2024,4,1,月,やまのいも,36500,,,318645,372,218.3,103.6
2916,2024,4,1,月,やまのいも,36500,北海道,1,230298,370,,
2917,2024,4,1,月,やまのいも,36500,青　森,2,70259,370,,
2918,2024,4,1,月,たまねぎ,36610,,,1694036,135,92.8,106.3
2919,2024,4,1,月,たまねぎ,36610,北海道,1,1250357,116,,
2920,2024,4,1,月,たまねぎ,36610,佐　賀,41,158141,191,,
2921,2024,4,1,月,　　うち輸入,36620,,,22068,138,62.8,100.7
2922,2024,4,1,月,にんにく,36700,,,25039,1296,163.9,130
2923,2024,4,1,月,にんにく,36700,青　森,2,16441,1688,,
2924,2024,4,1,月,にんにく,36700,沖　縄,47,728,670,,
2925,2024,4,1,月,にんにく,36700,鹿児島,46,692,996,,
2926,2024,4,1,月,にんにく,36700,北海道,1,41,869,,
2927,2024,4,1,月,にんにく,36700,岩　手,3,2,1890,,
2928,2024,4,1,月,　　うち輸入,36701,,,7135,488,87.3,93
2929,2024,4,1,月,しょうが,37200,,,32130,796,111.3,94.9
2930,2024,4,1,月,しょうが,37200,高　知,39,19006,905,,
2931,2024,4,1,月,しょうが,37200,長　崎,42,4239,331,,
2932,2024,4,1,月,しょうが,37200,熊　本,43,1962,660,,
2933,2024,4,1,月,しょうが,37200,静　岡,22,1207,1514,,
2934,2024,4,1,月,　　うち輸入,37201,,,3415,494,92.2,97.1
2935,2024,4,1,月,生しいたけ,38100,,,64925,997,99.4,99.7
2936,2024,4,1,月,生しいたけ,38100,徳　島,36,12237,956,,
2937,2024,4,1,月,生しいたけ,38100,秋　田,5,11554,1194,,
2938,2024,4,1,月,生しいたけ,38100,長　崎,42,4909,862,,
2939,2024,4,1,月,生しいたけ,38100,岩　手,3,4356,1003,,
2940,2024,4,1,月,生しいたけ,38100,福　島,7,3797,904,,
2941,2024,4,1,月,　　うち輸入,38101,,,1143,749,67.3,96.4
2942,2024,4,1,月,なめこ,38300,,,22520,483,92.4,98.2
2943,2024,4,1,月,なめこ,38300,長　野,20,7143,467,,
2944,2024,4,1,月,なめこ,38300,三　重,24,2791,540,,
2945,2024,4,1,月,なめこ,38300,山　形,6,2754,533,,
2946,2024,4,1,月,なめこ,38300,宮　城,4,2198,474,,
2947,2024,4,1,月,なめこ,38300,大　分,44,2104,490,,
2948,2024,4,1,月,えのきだけ,38400,,,122897,297,96.1,103.8
2949,2024,4,1,月,えのきだけ,38400,長　野,20,69044,312,,
2950,2024,4,1,月,えのきだけ,38400,新　潟,15,17505,301,,
2951,2024,4,1,月,えのきだけ,38400,宮　崎,45,11029,270,,
2952,2024,4,1,月,えのきだけ,38400,福　岡,40,7171,257,,
2953,2024,4,1,月,しめじ,38500,,,77235,447,82.7,98
2954,2024,4,1,月,しめじ,38500,長　野,20,54775,412,,
2955,2024,4,1,月,しめじ,38500,福　岡,40,10006,450,,
2956,2024,4,1,月,その他の野菜,39000,,,284238,918,109.1,87.4
2957,2024,4,1,月,輸入野菜計,39100,,,365894,251,98.3,95.1
2958,2024,4,1,月,他の輸入野菜,39200,,,76539,399,120.6,92.8
2959,2024,4,8,月,野菜総計,30000,,,13766824,309,118.3,102
2960,2024,4,8,月,野菜総計,30000,北海道,1,1541649,157,,
2961,2024,4,8,月,野菜総計,30000,茨　城,8,1488450,276,,
2962,2024,4,8,月,野菜総計,30000,鹿児島,46,1204320,250,,
2963,2024,4,8,月,野菜総計,30000,愛　知,23,1063596,255,,
2964,2024,4,8,月,野菜総計,30000,熊　本,43,946854,497,,
2965,2024,4,8,月,野菜総計,30000,長　崎,42,826347,225,,
2966,2024,4,8,月,野菜総計,30000,徳　島,36,785695,316,,
2967,2024,4,8,月,だいこん,30100,,,873069,119,102.6,97.5
2968,2024,4,8,月,だいこん,30100,千　葉,12,310085,136,,
2969,2024,4,8,月,だいこん,30100,長　崎,42,166687,98,,
2970,2024,4,8,月,だいこん,30100,鹿児島,46,110110,96,,
2971,2024,4,8,月,だいこん,30100,茨　城,8,73876,140,,
2972,2024,4,8,月,だいこん,30100,神奈川,14,66824,116,,
2973,2024,4,8,月,かぶ,30200,,,72140,156,95.7,99.4
2974,2024,4,8,月,かぶ,30200,千　葉,12,45912,156,,
2975,2024,4,8,月,かぶ,30200,埼　玉,11,10272,136,,
2976,2024,4,8,月,かぶ,30200,岐　阜,21,6100,150,,
2977,2024,4,8,月,にんじん,30300,,,900641,268,216.1,109.8
2978,2024,4,8,月,にんじん,30300,徳　島,36,627214,287,,
2979,2024,4,8,月,にんじん,30300,長　崎,42,133732,259,,
2980,2024,4,8,月,ごぼう,30400,,,80103,427,180.8,96
2981,2024,4,8,月,ごぼう,30400,青　森,2,55088,298,,
2982,2024,4,8,月,ごぼう,30400,熊　本,43,13498,822,,
2983,2024,4,8,月,たけのこ,30500,,,261357,428,140,89
2984,2024,4,8,月,たけのこ,30500,福　岡,40,117791,418,,
2985,2024,4,8,月,たけのこ,30500,熊　本,43,50758,429,,
2986,2024,4,8,月,たけのこ,30500,静　岡,22,25023,400,,
2987,2024,4,8,月,たけのこ,30500,鹿児島,46,16331,350,,
2988,2024,4,8,月,れんこん,30600,,,52247,551,99,101.7
2989,2024,4,8,月,れんこん,30600,茨　城,8,34153,536,,
2990,2024,4,8,月,れんこん,30600,佐　賀,41,5638,633,,
2991,2024,4,8,月,れんこん,30600,徳　島,36,4245,713,,
2992,2024,4,8,月,はくさい,31100,,,933936,111,124.7,94.9
2993,2024,4,8,月,はくさい,31100,茨　城,8,495190,128,,
2994,2024,4,8,月,はくさい,31100,長　崎,42,189747,119,,
2995,2024,4,8,月,はくさい,31100,宮　崎,45,174291,67,,
2996,2024,4,8,月,みずな,31300,,,55632,345,117.4,101.5
2997,2024,4,8,月,みずな,31300,茨　城,8,39877,329,,
2998,2024,4,8,月,みずな,31300,福　岡,40,9587,326,,
2999,2024,4,8,月,こまつな,31500,,,136957,389,103.1,101.8
3000,2024,4,8,月,こまつな,31500,茨　城,8,67253,412,,
3001,2024,4,8,月,こまつな,31500,福　岡,40,36017,357,,
3002,2024,4,8,月,こまつな,31500,埼　玉,11,8585,361,,
3003,2024,4,8,月,その他の菜類,31550,,,6067,407,142.8,93.3
3004,2024,4,8,月,ちんげんさい,31560,,,41694,366,104.5,103.4
3005,2024,4,8,月,ちんげんさい,31560,茨　城,8,17135,346,,
3006,2024,4,8,月,ちんげんさい,31560,静　岡,22,9098,402,,
3007,2024,4,8,月,ちんげんさい,31560,福　岡,40,4837,395,,
3008,2024,4,8,月,ちんげんさい,31560,愛　知,23,3370,318,,
3009,2024,4,8,月,キャベツ,31700,,,1857813,140,102.9,104.5
3010,2024,4,8,月,キャベツ,31700,愛　知,23,786940,138,,
3011,2024,4,8,月,キャベツ,31700,神奈川,14,558044,157,,
3012,2024,4,8,月,キャベツ,31700,千　葉,12,151943,142,,
3013,2024,4,8,月,ほうれんそう,31800,,,166695,494,107.2,99
3014,2024,4,8,月,ほうれんそう,31800,茨　城,8,63232,494,,
3015,2024,4,8,月,ほうれんそう,31800,群　馬,10,44443,456,,
3016,2024,4,8,月,ほうれんそう,31800,福　岡,40,15120,539,,
3017,2024,4,8,月,ほうれんそう,31800,岐　阜,21,7992,558,,
3018,2024,4,8,月,ほうれんそう,31800,北海道,1,6674,569,,
3019,2024,4,8,月,ねぎ,31900,,,318235,427,87.7,100.7
3020,2024,4,8,月,ねぎ,31900,千　葉,12,53933,330,,
3021,2024,4,8,月,ねぎ,31900,埼　玉,11,50148,420,,
3022,2024,4,8,月,ねぎ,31900,大　分,44,43054,448,,
3023,2024,4,8,月,ねぎ,31900,茨　城,8,34558,362,,
3024,2024,4,8,月,ねぎ,31900,群　馬,10,25048,350,,
3025,2024,4,8,月,ふき,32300,,,12073,558,100.1,101.5
3026,2024,4,8,月,ふき,32300,愛　知,23,7743,502,,
3027,2024,4,8,月,ふき,32300,福　岡,40,1050,421,,
3028,2024,4,8,月,ふき,32300,徳　島,36,715,760,,
3029,2024,4,8,月,ふき,32300,群　馬,10,660,516,,
3030,2024,4,8,月,うど,32400,,,5541,848,103.1,96.7
3031,2024,4,8,月,うど,32400,栃　木,9,3868,855,,
3032,2024,4,8,月,うど,32400,群　馬,10,1120,927,,
3033,2024,4,8,月,みつば,32500,,,14819,490,98.3,100.2
3034,2024,4,8,月,みつば,32500,千　葉,12,2671,318,,
3035,2024,4,8,月,みつば,32500,愛　知,23,2464,479,,
3036,2024,4,8,月,みつば,32500,静　岡,22,2077,555,,
3037,2024,4,8,月,みつば,32500,大　分,44,1935,467,,
3038,2024,4,8,月,みつば,32500,茨　城,8,1290,561,,
3039,2024,4,8,月,しゅんぎく,32600,,,11700,661,84.7,102.2
3040,2024,4,8,月,しゅんぎく,32600,福　岡,40,3868,451,,
3041,2024,4,8,月,しゅんぎく,32600,茨　城,8,1747,746,,
3042,2024,4,8,月,しゅんぎく,32600,千　葉,12,1085,873,,
3043,2024,4,8,月,しゅんぎく,32600,宮　城,4,933,837,,
3044,2024,4,8,月,しゅんぎく,32600,栃　木,9,881,937,,
3045,2024,4,8,月,にら,32800,,,87876,732,104.8,99.6
3046,2024,4,8,月,にら,32800,高　知,39,31909,733,,
3047,2024,4,8,月,にら,32800,栃　木,9,15980,742,,
3048,2024,4,8,月,にら,32800,茨　城,8,8627,710,,
3049,2024,4,8,月,にら,32800,北海道,1,7963,780,,
3050,2024,4,8,月,にら,32800,宮　崎,45,7621,678,,
3051,2024,4,8,月,セルリー,32900,,,56610,328,94,99.7
3052,2024,4,8,月,セルリー,32900,静　岡,22,24349,328,,
3053,2024,4,8,月,セルリー,32900,福　岡,40,19136,322,,
3054,2024,4,8,月,セルリー,32900,茨　城,8,7962,345,,
3055,2024,4,8,月,アスパラガス,33100,,,54827,1663,114,102.3
3056,2024,4,8,月,アスパラガス,33100,熊　本,43,8877,1814,,
3057,2024,4,8,月,アスパラガス,33100,長　崎,42,6281,1744,,
3058,2024,4,8,月,アスパラガス,33100,佐　賀,41,5429,1892,,
3059,2024,4,8,月,アスパラガス,33100,北海道,1,4597,1845,,
3060,2024,4,8,月,アスパラガス,33100,福　岡,40,4312,1698,,
3061,2024,4,8,月,　　うち輸入,33101,,,11844,1045,90.2,103.1
3062,2024,4,8,月,カリフラワー,33200,,,28163,251,128.7,91.9
3063,2024,4,8,月,カリフラワー,33200,熊　本,43,7439,185,,
3064,2024,4,8,月,カリフラワー,33200,愛　知,23,6642,223,,
3065,2024,4,8,月,カリフラワー,33200,茨　城,8,5482,307,,
3066,2024,4,8,月,カリフラワー,33200,徳　島,36,3707,345,,
3067,2024,4,8,月,ブロッコリー,33300,,,288935,493,103.4,92.8
3068,2024,4,8,月,ブロッコリー,33300,香　川,37,99532,529,,
3069,2024,4,8,月,ブロッコリー,33300,熊　本,43,46916,546,,
3070,2024,4,8,月,ブロッコリー,33300,長　崎,42,41988,491,,
3071,2024,4,8,月,ブロッコリー,33300,徳　島,36,23328,490,,
3072,2024,4,8,月,ブロッコリー,33300,愛　知,23,17632,350,,
3073,2024,4,8,月,レタス,33400,,,693563,263,107.4,94.3
3074,2024,4,8,月,レタス,33400,茨　城,8,291652,248,,
3075,2024,4,8,月,レタス,33400,兵　庫,28,122598,228,,
3076,2024,4,8,月,レタス,33400,長　崎,42,71196,188,,
3077,2024,4,8,月,レタス,33400,福　岡,40,56088,489,,
3078,2024,4,8,月,レタス,33400,香　川,37,39455,258,,
3079,2024,4,8,月,パセリ,33600,,,4808,791,92.5,102.5
3080,2024,4,8,月,パセリ,33600,静　岡,22,1365,828,,
3081,2024,4,8,月,パセリ,33600,千　葉,12,1329,661,,
3082,2024,4,8,月,パセリ,33600,香　川,37,511,670,,
3083,2024,4,8,月,パセリ,33600,茨　城,8,493,725,,
3084,2024,4,8,月,パセリ,33600,福　岡,40,382,710,,
3085,2024,4,8,月,きゅうり,34100,,,670941,403,153.8,103.9
3086,2024,4,8,月,きゅうり,34100,宮　崎,45,174518,449,,
3087,2024,4,8,月,きゅうり,34100,群　馬,10,101326,422,,
3088,2024,4,8,月,きゅうり,34100,高　知,39,76451,348,,
3089,2024,4,8,月,きゅうり,34100,佐　賀,41,48455,374,,
3090,2024,4,8,月,きゅうり,34100,埼　玉,11,48004,430,,
3091,2024,4,8,月,かぼちゃ,34200,,,261732,193,104.1,92.3
3092,2024,4,8,月,かぼちゃ,34200,宮　崎,45,11937,601,,
3093,2024,4,8,月,かぼちゃ,34200,沖　縄,47,8847,458,,
3094,2024,4,8,月,かぼちゃ,34200,熊　本,43,3223,577,,
3095,2024,4,8,月,かぼちゃ,34200,兵　庫,28,870,157,,
3096,2024,4,8,月,かぼちゃ,34200,高　知,39,760,584,,
3097,2024,4,8,月,　　うち輸入,34201,,,234713,154,111.2,99.4
3098,2024,4,8,月,なす,34300,,,327996,441,132.1,100.9
3099,2024,4,8,月,なす,34300,高　知,39,154793,437,,
3100,2024,4,8,月,なす,34300,熊　本,43,68682,435,,
3101,2024,4,8,月,なす,34300,福　岡,40,56232,458,,
3102,2024,4,8,月,トマト,34400,,,747106,455,145.2,94.4
3103,2024,4,8,月,トマト,34400,熊　本,43,407954,436,,
3104,2024,4,8,月,トマト,34400,栃　木,9,109515,428,,
3105,2024,4,8,月,トマト,34400,愛　知,23,60649,481,,
3106,2024,4,8,月,トマト,34400,福　岡,40,60474,399,,
3107,2024,4,8,月,ミニトマト,34450,,,313527,770,174.4,96.3
3108,2024,4,8,月,ミニトマト,34450,熊　本,43,200394,722,,
3109,2024,4,8,月,ミニトマト,34450,愛　知,23,29031,976,,
3110,2024,4,8,月,ミニトマト,34450,宮　崎,45,24916,785,,
3111,2024,4,8,月,ピーマン,34500,,,365080,715,144.2,96.5
3112,2024,4,8,月,ピーマン,34500,宮　崎,45,116143,734,,
3113,2024,4,8,月,ピーマン,34500,茨　城,8,80958,773,,
3114,2024,4,8,月,ピーマン,34500,鹿児島,46,77857,664,,
3115,2024,4,8,月,ピーマン,34500,高　知,39,58092,698,,
3116,2024,4,8,月,ししとうがらし,34600,,,8519,2217,115.5,98.4
3117,2024,4,8,月,ししとうがらし,34600,高　知,39,6457,2485,,
3118,2024,4,8,月,ししとうがらし,34600,宮　崎,45,1274,844,,
3119,2024,4,8,月,スイートコーン,34700,,,3707,628,107.9,94.7
3120,2024,4,8,月,スイートコーン,34700,沖　縄,47,2263,525,,
3121,2024,4,8,月,スイートコーン,34700,宮　崎,45,1444,788,,
3122,2024,4,8,月,さやいんげん,35100,,,18535,1164,117.2,102.7
3123,2024,4,8,月,さやいんげん,35100,沖　縄,47,12577,1079,,
3124,2024,4,8,月,さやいんげん,35100,鹿児島,46,3572,1258,,
3125,2024,4,8,月,さやえんどう,35200,,,28393,1472,126.7,96.8
3126,2024,4,8,月,さやえんどう,35200,熊　本,43,8469,1379,,
3127,2024,4,8,月,さやえんどう,35200,愛　知,23,6196,1693,,
3128,2024,4,8,月,さやえんどう,35200,和歌山,30,3183,1299,,
3129,2024,4,8,月,さやえんどう,35200,長　崎,42,2272,1502,,
3130,2024,4,8,月,さやえんどう,35200,大　分,44,1886,1456,,
3131,2024,4,8,月,　　うち輸入,35201,,,874,881,82.1,102
3132,2024,4,8,月,実えんどう,35300,,,24160,976,158.9,90.3
3133,2024,4,8,月,実えんどう,35300,和歌山,30,20018,939,,
3134,2024,4,8,月,そらまめ,35400,,,26014,667,110.5,100.3
3135,2024,4,8,月,そらまめ,35400,鹿児島,46,21714,627,,
3136,2024,4,8,月,えだまめ,35500,,,1971,1505,76.5,110.6
3137,2024,4,8,月,えだまめ,35500,沖　縄,47,600,1963,,
3138,2024,4,8,月,えだまめ,35500,静　岡,22,540,2311,,
3139,2024,4,8,月,かんしょ,36100,,,374975,256,116.6,100.8
3140,2024,4,8,月,かんしょ,36100,茨　城,8,194701,234,,
3141,2024,4,8,月,かんしょ,36100,千　葉,12,96560,251,,
3142,2024,4,8,月,かんしょ,36100,徳　島,36,34080,338,,
3143,2024,4,8,月,ばれいしょ,36200,,,1188164,183,152.1,98.9
3144,2024,4,8,月,ばれいしょ,36200,鹿児島,46,822945,214,,
3145,2024,4,8,月,ばれいしょ,36200,北海道,1,331619,104,,
3146,2024,4,8,月,さといも,36300,,,28158,385,102.7,94.6
3147,2024,4,8,月,さといも,36300,埼　玉,11,13713,345,,
3148,2024,4,8,月,さといも,36300,愛　媛,38,6576,423,,
3149,2024,4,8,月,さといも,36300,千　葉,12,1594,372,,
3150,2024,4,8,月,さといも,36300,新　潟,15,1558,457,,
3151,2024,4,8,月,やまのいも,36500,,,184097,370,146.6,98.9
3152,2024,4,8,月,やまのいも,36500,北海道,1,115823,349,,
3153,2024,4,8,月,やまのいも,36500,青　森,2,55331,382,,
3154,2024,4,8,月,たまねぎ,36610,,,1596680,141,95.1,94.6
3155,2024,4,8,月,たまねぎ,36610,北海道,1,972639,119,,
3156,2024,4,8,月,たまねぎ,36610,佐　賀,41,342322,181,,
3157,2024,4,8,月,　　うち輸入,36620,,,30752,118,131.1,89.4
3158,2024,4,8,月,にんにく,36700,,,20164,1300,114.2,115.1
3159,2024,4,8,月,にんにく,36700,青　森,2,11149,1896,,
3160,2024,4,8,月,にんにく,36700,鹿児島,46,1132,969,,
3161,2024,4,8,月,にんにく,36700,沖　縄,47,374,519,,
3162,2024,4,8,月,にんにく,36700,北海道,1,121,933,,
3163,2024,4,8,月,にんにく,36700,岩　手,3,1,1890,,
3164,2024,4,8,月,　　うち輸入,36701,,,7387,496,94.1,102.3
3165,2024,4,8,月,しょうが,37200,,,28906,838,99,101.1
3166,2024,4,8,月,しょうが,37200,高　知,39,17536,899,,
3167,2024,4,8,月,しょうが,37200,熊　本,43,1952,686,,
3168,2024,4,8,月,しょうが,37200,長　崎,42,1887,524,,
3169,2024,4,8,月,しょうが,37200,静　岡,22,1773,1343,,
3170,2024,4,8,月,　　うち輸入,37201,,,3523,503,108.3,100.2
3171,2024,4,8,月,生しいたけ,38100,,,64372,983,102,100.6
3172,2024,4,8,月,生しいたけ,38100,徳　島,36,13238,933,,
3173,2024,4,8,月,生しいたけ,38100,秋　田,5,10703,1178,,
3174,2024,4,8,月,生しいたけ,38100,長　崎,42,5043,848,,
3175,2024,4,8,月,生しいたけ,38100,岩　手,3,3676,1056,,
3176,2024,4,8,月,生しいたけ,38100,千　葉,12,3215,768,,
3177,2024,4,8,月,　　うち輸入,38101,,,1160,822,69.6,105
3178,2024,4,8,月,なめこ,38300,,,24002,485,100.5,99.6
3179,2024,4,8,月,なめこ,38300,長　野,20,8055,470,,
3180,2024,4,8,月,なめこ,38300,山　形,6,3667,530,,
3181,2024,4,8,月,なめこ,38300,三　重,24,2516,539,,
3182,2024,4,8,月,なめこ,38300,宮　城,4,2490,469,,
3183,2024,4,8,月,なめこ,38300,群　馬,10,1574,468,,
3184,2024,4,8,月,えのきだけ,38400,,,121008,310,100.1,100.3
3185,2024,4,8,月,えのきだけ,38400,長　野,20,69409,323,,
3186,2024,4,8,月,えのきだけ,38400,新　潟,15,19497,318,,
3187,2024,4,8,月,えのきだけ,38400,宮　崎,45,7770,289,,
3188,2024,4,8,月,えのきだけ,38400,福　岡,40,5929,269,,
3189,2024,4,8,月,しめじ,38500,,,73673,468,89.6,101.5
3190,2024,4,8,月,しめじ,38500,長　野,20,47546,430,,
3191,2024,4,8,月,しめじ,38500,福　岡,40,12201,457,,
3192,2024,4,8,月,その他の野菜,39000,,,249494,1082,89.1,114
3193,2024,4,8,月,輸入野菜計,39100,,,358266,242,108,96.4
3194,2024,4,8,月,他の輸入野菜,39200,,,68015,402,96.6,107.2
3195,2024,4,15,月,野菜総計,30000,,,13931305,302,108.9,104.1
3196,2024,4,15,月,野菜総計,30000,北海道,1,1658021,157,,
3197,2024,4,15,月,野菜総計,30000,茨　城,8,1532729,255,,
3198,2024,4,15,月,野菜総計,30000,鹿児島,46,1071438,238,,
3199,2024,4,15,月,野菜総計,30000,愛　知,23,976801,280,,
3200,2024,4,15,月,野菜総計,30000,熊　本,43,949473,424,,
3201,2024,4,15,月,野菜総計,30000,千　葉,12,946508,200,,
3202,2024,4,15,月,野菜総計,30000,徳　島,36,897815,326,,
3203,2024,4,15,月,だいこん,30100,,,897104,120,94.7,100
3204,2024,4,15,月,だいこん,30100,千　葉,12,498155,128,,
3205,2024,4,15,月,だいこん,30100,鹿児島,46,90108,86,,
3206,2024,4,15,月,だいこん,30100,香　川,37,74692,109,,
3207,2024,4,15,月,だいこん,30100,茨　城,8,60840,134,,
3208,2024,4,15,月,かぶ,30200,,,72205,148,87.9,97.4
3209,2024,4,15,月,かぶ,30200,千　葉,12,40105,149,,
3210,2024,4,15,月,かぶ,30200,北海道,1,11149,163,,
3211,2024,4,15,月,かぶ,30200,埼　玉,11,8574,129,,
3212,2024,4,15,月,にんじん,30300,,,1063479,284,134.8,100.7
3213,2024,4,15,月,にんじん,30300,徳　島,36,747572,300,,
3214,2024,4,15,月,にんじん,30300,長　崎,42,180206,268,,
3215,2024,4,15,月,ごぼう,30400,,,69375,408,129.8,106.3
3216,2024,4,15,月,ごぼう,30400,青　森,2,30266,354,,
3217,2024,4,15,月,ごぼう,30400,熊　本,43,14573,757,,
3218,2024,4,15,月,ごぼう,30400,北海道,1,11150,165,,
3219,2024,4,15,月,たけのこ,30500,,,198265,410,92.5,108.2
3220,2024,4,15,月,たけのこ,30500,福　岡,40,64663,405,,
3221,2024,4,15,月,たけのこ,30500,静　岡,22,34371,338,,
3222,2024,4,15,月,たけのこ,30500,香　川,37,17109,243,,
3223,2024,4,15,月,たけのこ,30500,京　都,26,16117,654,,
3224,2024,4,15,月,たけのこ,30500,熊　本,43,15936,488,,
3225,2024,4,15,月,れんこん,30600,,,47679,623,82.9,104.4
3226,2024,4,15,月,れんこん,30600,茨　城,8,27913,619,,
3227,2024,4,15,月,れんこん,30600,徳　島,36,5763,733,,
3228,2024,4,15,月,れんこん,30600,佐　賀,41,5576,643,,
3229,2024,4,15,月,はくさい,31100,,,867052,98,93.5,100
3230,2024,4,15,月,はくさい,31100,茨　城,8,593935,97,,
3231,2024,4,15,月,はくさい,31100,宮　崎,45,106005,90,,
3232,2024,4,15,月,みずな,31300,,,49851,354,106.7,101.4
3233,2024,4,15,月,みずな,31300,茨　城,8,33718,342,,
3234,2024,4,15,月,みずな,31300,福　岡,40,8443,331,,
3235,2024,4,15,月,こまつな,31500,,,155575,386,110.3,102.4
3236,2024,4,15,月,こまつな,31500,茨　城,8,75686,406,,
3237,2024,4,15,月,こまつな,31500,福　岡,40,45593,348,,
3238,2024,4,15,月,こまつな,31500,埼　玉,11,7366,399,,
3239,2024,4,15,月,その他の菜類,31550,,,4706,478,121.9,110.9
3240,2024,4,15,月,ちんげんさい,31560,,,43770,404,102.6,106
3241,2024,4,15,月,ちんげんさい,31560,茨　城,8,15015,408,,
3242,2024,4,15,月,ちんげんさい,31560,静　岡,22,10398,406,,
3243,2024,4,15,月,ちんげんさい,31560,福　岡,40,5655,432,,
3244,2024,4,15,月,ちんげんさい,31560,愛　知,23,4169,305,,
3245,2024,4,15,月,キャベツ,31700,,,1679105,145,81.4,105.1
3246,2024,4,15,月,キャベツ,31700,愛　知,23,605561,150,,
3247,2024,4,15,月,キャベツ,31700,神奈川,14,533482,159,,
3248,2024,4,15,月,キャベツ,31700,千　葉,12,146251,144,,
3249,2024,4,15,月,キャベツ,31700,鹿児島,46,63950,112,,
3250,2024,4,15,月,ほうれんそう,31800,,,147189,558,105.8,106.3
3251,2024,4,15,月,ほうれんそう,31800,茨　城,8,48720,573,,
3252,2024,4,15,月,ほうれんそう,31800,群　馬,10,34926,513,,
3253,2024,4,15,月,ほうれんそう,31800,岐　阜,21,21517,589,,
3254,2024,4,15,月,ほうれんそう,31800,福　岡,40,9255,595,,
3255,2024,4,15,月,ほうれんそう,31800,北海道,1,6360,622,,
3256,2024,4,15,月,ねぎ,31900,,,329068,413,94.5,99.5
3257,2024,4,15,月,ねぎ,31900,千　葉,12,63689,315,,
3258,2024,4,15,月,ねぎ,31900,埼　玉,11,55887,391,,
3259,2024,4,15,月,ねぎ,31900,大　分,44,43399,434,,
3260,2024,4,15,月,ねぎ,31900,茨　城,8,34954,334,,
3261,2024,4,15,月,ねぎ,31900,群　馬,10,23002,331,,
3262,2024,4,15,月,ふき,32300,,,15953,541,103.1,92.3
3263,2024,4,15,月,ふき,32300,愛　知,23,8208,453,,
3264,2024,4,15,月,ふき,32300,群　馬,10,3160,497,,
3265,2024,4,15,月,ふき,32300,徳　島,36,1138,835,,
3266,2024,4,15,月,ふき,32300,福　岡,40,909,442,,
3267,2024,4,15,月,うど,32400,,,3841,823,79.1,98.7
3268,2024,4,15,月,うど,32400,栃　木,9,2562,828,,
3269,2024,4,15,月,うど,32400,群　馬,10,629,801,,
3270,2024,4,15,月,みつば,32500,,,14685,507,95.2,104.5
3271,2024,4,15,月,みつば,32500,愛　知,23,2620,485,,
3272,2024,4,15,月,みつば,32500,千　葉,12,2524,313,,
3273,2024,4,15,月,みつば,32500,静　岡,22,2061,542,,
3274,2024,4,15,月,みつば,32500,大　分,44,1722,479,,
3275,2024,4,15,月,みつば,32500,茨　城,8,1569,665,,
3276,2024,4,15,月,しゅんぎく,32600,,,10947,660,92.7,102
3277,2024,4,15,月,しゅんぎく,32600,福　岡,40,4071,484,,
3278,2024,4,15,月,しゅんぎく,32600,茨　城,8,1390,748,,
3279,2024,4,15,月,しゅんぎく,32600,大　阪,27,1179,466,,
3280,2024,4,15,月,しゅんぎく,32600,宮　城,4,866,885,,
3281,2024,4,15,月,しゅんぎく,32600,栃　木,9,792,952,,
3282,2024,4,15,月,にら,32800,,,90737,680,97.8,98
3283,2024,4,15,月,にら,32800,高　知,39,34267,674,,
3284,2024,4,15,月,にら,32800,栃　木,9,16085,713,,
3285,2024,4,15,月,にら,32800,茨　城,8,8637,668,,
3286,2024,4,15,月,にら,32800,北海道,1,8534,767,,
3287,2024,4,15,月,にら,32800,大　分,44,8105,608,,
3288,2024,4,15,月,セルリー,32900,,,52615,317,96.6,99.1
3289,2024,4,15,月,セルリー,32900,静　岡,22,23128,317,,
3290,2024,4,15,月,セルリー,32900,福　岡,40,19108,316,,
3291,2024,4,15,月,アスパラガス,33100,,,51791,1763,121.7,105.3
3292,2024,4,15,月,アスパラガス,33100,栃　木,9,7998,1987,,
3293,2024,4,15,月,アスパラガス,33100,熊　本,43,5467,1907,,
3294,2024,4,15,月,アスパラガス,33100,長　崎,42,4691,1815,,
3295,2024,4,15,月,アスパラガス,33100,北海道,1,4438,1809,,
3296,2024,4,15,月,アスパラガス,33100,佐　賀,41,3437,1910,,
3297,2024,4,15,月,　　うち輸入,33101,,,9997,1133,92.2,106.9
3298,2024,4,15,月,カリフラワー,33200,,,17819,287,119.8,104
3299,2024,4,15,月,カリフラワー,33200,茨　城,8,7974,289,,
3300,2024,4,15,月,カリフラワー,33200,徳　島,36,4593,332,,
3301,2024,4,15,月,カリフラワー,33200,山　梨,19,2448,241,,
3302,2024,4,15,月,ブロッコリー,33300,,,271570,510,107.7,101.4
3303,2024,4,15,月,ブロッコリー,33300,香　川,37,60426,574,,
3304,2024,4,15,月,ブロッコリー,33300,長　崎,42,57590,490,,
3305,2024,4,15,月,ブロッコリー,33300,熊　本,43,44843,526,,
3306,2024,4,15,月,ブロッコリー,33300,埼　玉,11,36287,485,,
3307,2024,4,15,月,ブロッコリー,33300,徳　島,36,32106,531,,
3308,2024,4,15,月,レタス,33400,,,703952,262,98.6,104
3309,2024,4,15,月,レタス,33400,茨　城,8,287098,247,,
3310,2024,4,15,月,レタス,33400,兵　庫,28,139761,232,,
3311,2024,4,15,月,レタス,33400,福　岡,40,53905,465,,
3312,2024,4,15,月,レタス,33400,長　崎,42,51027,192,,
3313,2024,4,15,月,レタス,33400,北海道,1,31044,222,,
3314,2024,4,15,月,パセリ,33600,,,3947,889,90.9,100.7
3315,2024,4,15,月,パセリ,33600,静　岡,22,1132,853,,
3316,2024,4,15,月,パセリ,33600,千　葉,12,1121,727,,
3317,2024,4,15,月,パセリ,33600,香　川,37,457,706,,
3318,2024,4,15,月,パセリ,33600,茨　城,8,305,970,,
3319,2024,4,15,月,パセリ,33600,愛　知,23,291,1702,,
3320,2024,4,15,月,きゅうり,34100,,,738261,393,149.7,99.5
3321,2024,4,15,月,きゅうり,34100,群　馬,10,133952,407,,
3322,2024,4,15,月,きゅうり,34100,宮　崎,45,129927,434,,
3323,2024,4,15,月,きゅうり,34100,高　知,39,78631,339,,
3324,2024,4,15,月,きゅうり,34100,埼　玉,11,74859,413,,
3325,2024,4,15,月,きゅうり,34100,佐　賀,41,52195,353,,
3326,2024,4,15,月,かぼちゃ,34200,,,265407,212,94.2,111
3327,2024,4,15,月,かぼちゃ,34200,宮　崎,45,15694,676,,
3328,2024,4,15,月,かぼちゃ,34200,沖　縄,47,13010,491,,
3329,2024,4,15,月,かぼちゃ,34200,熊　本,43,3164,594,,
3330,2024,4,15,月,かぼちゃ,34200,鹿児島,46,2970,369,,
3331,2024,4,15,月,かぼちゃ,34200,高　知,39,1602,588,,
3332,2024,4,15,月,　　うち輸入,34201,,,225453,148,87.8,98
3333,2024,4,15,月,なす,34300,,,357019,486,160.8,101.5
3334,2024,4,15,月,なす,34300,高　知,39,149844,483,,
3335,2024,4,15,月,なす,34300,熊　本,43,70718,465,,
3336,2024,4,15,月,なす,34300,福　岡,40,67809,517,,
3337,2024,4,15,月,トマト,34400,,,912570,381,123.3,93.6
3338,2024,4,15,月,トマト,34400,熊　本,43,473707,354,,
3339,2024,4,15,月,トマト,34400,栃　木,9,177319,346,,
3340,2024,4,15,月,トマト,34400,愛　知,23,74087,439,,
3341,2024,4,15,月,トマト,34400,福　岡,40,55669,348,,
3342,2024,4,15,月,ミニトマト,34450,,,312143,672,133.7,94.4
3343,2024,4,15,月,ミニトマト,34450,熊　本,43,186413,603,,
3344,2024,4,15,月,ミニトマト,34450,愛　知,23,42682,827,,
3345,2024,4,15,月,ミニトマト,34450,宮　崎,45,23519,665,,
3346,2024,4,15,月,ピーマン,34500,,,307786,685,123.1,99.6
3347,2024,4,15,月,ピーマン,34500,宮　崎,45,97961,684,,
3348,2024,4,15,月,ピーマン,34500,茨　城,8,78649,770,,
3349,2024,4,15,月,ピーマン,34500,鹿児島,46,52867,640,,
3350,2024,4,15,月,ピーマン,34500,高　知,39,42215,657,,
3351,2024,4,15,月,ししとうがらし,34600,,,9374,2192,116.8,100.1
3352,2024,4,15,月,ししとうがらし,34600,高　知,39,7389,2377,,
3353,2024,4,15,月,ししとうがらし,34600,宮　崎,45,863,811,,
3354,2024,4,15,月,スイートコーン,34700,,,7920,538,125.2,91.5
3355,2024,4,15,月,スイートコーン,34700,沖　縄,47,6014,485,,
3356,2024,4,15,月,スイートコーン,34700,宮　崎,45,1006,809,,
3357,2024,4,15,月,さやいんげん,35100,,,13497,1614,128.4,107
3358,2024,4,15,月,さやいんげん,35100,沖　縄,47,6739,1632,,
3359,2024,4,15,月,さやいんげん,35100,鹿児島,46,4033,1541,,
3360,2024,4,15,月,さやいんげん,35100,高　知,39,1170,1402,,
3361,2024,4,15,月,さやえんどう,35200,,,20956,1501,115.6,101
3362,2024,4,15,月,さやえんどう,35200,愛　知,23,6200,1639,,
3363,2024,4,15,月,さやえんどう,35200,熊　本,43,3006,1315,,
3364,2024,4,15,月,さやえんどう,35200,和歌山,30,1902,1287,,
3365,2024,4,15,月,さやえんどう,35200,長　崎,42,1838,1477,,
3366,2024,4,15,月,さやえんどう,35200,福　島,7,1384,1724,,
3367,2024,4,15,月,　　うち輸入,35201,,,980,884,106.5,99.9
3368,2024,4,15,月,実えんどう,35300,,,26001,973,164.4,101.8
3369,2024,4,15,月,実えんどう,35300,和歌山,30,21909,923,,
3370,2024,4,15,月,そらまめ,35400,,,30431,752,154.1,103.3
3371,2024,4,15,月,そらまめ,35400,鹿児島,46,20090,689,,
3372,2024,4,15,月,そらまめ,35400,長　崎,42,6566,890,,
3373,2024,4,15,月,えだまめ,35500,,,1673,1687,67.2,126.5
3374,2024,4,15,月,えだまめ,35500,沖　縄,47,762,2002,,
3375,2024,4,15,月,えだまめ,35500,静　岡,22,423,2300,,
3376,2024,4,15,月,かんしょ,36100,,,298585,252,98.7,98.1
3377,2024,4,15,月,かんしょ,36100,茨　城,8,143216,233,,
3378,2024,4,15,月,かんしょ,36100,千　葉,12,79180,241,,
3379,2024,4,15,月,かんしょ,36100,徳　島,36,30242,333,,
3380,2024,4,15,月,ばれいしょ,36200,,,1160895,181,137.2,97.8
3381,2024,4,15,月,ばれいしょ,36200,鹿児島,46,748930,207,,
3382,2024,4,15,月,ばれいしょ,36200,北海道,1,285785,105,,
3383,2024,4,15,月,さといも,36300,,,22976,382,119.8,96.7
3384,2024,4,15,月,さといも,36300,埼　玉,11,9683,336,,
3385,2024,4,15,月,さといも,36300,愛　媛,38,5625,414,,
3386,2024,4,15,月,さといも,36300,千　葉,12,1923,440,,
3387,2024,4,15,月,さといも,36300,新　潟,15,1275,396,,
3388,2024,4,15,月,やまのいも,36500,,,189173,379,167.5,100.5
3389,2024,4,15,月,やまのいも,36500,北海道,1,112120,360,,
3390,2024,4,15,月,やまのいも,36500,青　森,2,63811,380,,
3391,2024,4,15,月,たまねぎ,36610,,,1806772,137,116.9,95.8
3392,2024,4,15,月,たまねぎ,36610,北海道,1,1120848,120,,
3393,2024,4,15,月,たまねぎ,36610,佐　賀,41,318589,163,,
3394,2024,4,15,月,たまねぎ,36610,長　崎,42,144345,164,,
3395,2024,4,15,月,　　うち輸入,36620,,,21537,162,72.5,103.2
3396,2024,4,15,月,にんにく,36700,,,16055,1264,90.7,109.9
3397,2024,4,15,月,にんにく,36700,青　森,2,8320,1865,,
3398,2024,4,15,月,にんにく,36700,和歌山,30,606,1208,,
3399,2024,4,15,月,にんにく,36700,鹿児島,46,548,961,,
3400,2024,4,15,月,にんにく,36700,沖　縄,47,160,873,,
3401,2024,4,15,月,にんにく,36700,秋　田,5,90,972,,
3402,2024,4,15,月,　　うち輸入,36701,,,6200,504,76.1,103.9
3403,2024,4,15,月,しょうが,37200,,,34674,881,103.7,105.6
3404,2024,4,15,月,しょうが,37200,高　知,39,22960,950,,
3405,2024,4,15,月,しょうが,37200,熊　本,43,2102,638,,
3406,2024,4,15,月,しょうが,37200,静　岡,22,1756,1305,,
3407,2024,4,15,月,しょうが,37200,長　崎,42,1662,504,,
3408,2024,4,15,月,　　うち輸入,37201,,,3395,502,94.2,100.8
3409,2024,4,15,月,生しいたけ,38100,,,61570,989,100.1,101.2
3410,2024,4,15,月,生しいたけ,38100,秋　田,5,11992,1199,,
3411,2024,4,15,月,生しいたけ,38100,徳　島,36,9387,948,,
3412,2024,4,15,月,生しいたけ,38100,長　崎,42,5423,850,,
3413,2024,4,15,月,生しいたけ,38100,岩　手,3,4187,1036,,
3414,2024,4,15,月,生しいたけ,38100,大　分,44,3335,765,,
3415,2024,4,15,月,　　うち輸入,38101,,,1026,776,61.5,98.4
3416,2024,4,15,月,なめこ,38300,,,23185,489,89.3,101.7
3417,2024,4,15,月,なめこ,38300,長　野,20,8151,475,,
3418,2024,4,15,月,なめこ,38300,山　形,6,3153,517,,
3419,2024,4,15,月,なめこ,38300,三　重,24,2754,571,,
3420,2024,4,15,月,なめこ,38300,宮　城,4,1903,484,,
3421,2024,4,15,月,なめこ,38300,大　分,44,1574,492,,
3422,2024,4,15,月,えのきだけ,38400,,,119150,326,101.6,102.5
3423,2024,4,15,月,えのきだけ,38400,長　野,20,71412,341,,
3424,2024,4,15,月,えのきだけ,38400,新　潟,15,20661,319,,
3425,2024,4,15,月,えのきだけ,38400,福　岡,40,6561,287,,
3426,2024,4,15,月,しめじ,38500,,,70762,476,78.3,100.8
3427,2024,4,15,月,しめじ,38500,長　野,20,46152,445,,
3428,2024,4,15,月,しめじ,38500,福　岡,40,12599,460,,
3429,2024,4,15,月,その他の野菜,39000,,,262270,979,106.6,96.3
3430,2024,4,15,月,輸入野菜計,39100,,,352717,248,94,106
3431,2024,4,15,月,他の輸入野菜,39200,,,84133,388,132.3,98.5
3432,2024,4,22,月,野菜総計,30000,,,14301960,305,114.5,102
3433,2024,4,22,月,野菜総計,30000,北海道,1,1723788,153,,
3434,2024,4,22,月,野菜総計,30000,茨　城,8,1625871,282,,
3435,2024,4,22,月,野菜総計,30000,徳　島,36,1005091,310,,
3436,2024,4,22,月,野菜総計,30000,鹿児島,46,919605,251,,
3437,2024,4,22,月,野菜総計,30000,千　葉,12,917550,218,,
3438,2024,4,22,月,野菜総計,30000,愛　知,23,896958,309,,
3439,2024,4,22,月,野菜総計,30000,熊　本,43,880125,434,,
3440,2024,4,22,月,だいこん,30100,,,804493,136,96.3,107.9
3441,2024,4,22,月,だいこん,30100,千　葉,12,435196,139,,
3442,2024,4,22,月,だいこん,30100,茨　城,8,91393,145,,
3443,2024,4,22,月,だいこん,30100,長　崎,42,60639,113,,
3444,2024,4,22,月,だいこん,30100,鹿児島,46,51697,92,,
3445,2024,4,22,月,だいこん,30100,香　川,37,51521,136,,
3446,2024,4,22,月,かぶ,30200,,,60027,157,85.9,104.7
3447,2024,4,22,月,かぶ,30200,千　葉,12,35921,156,,
3448,2024,4,22,月,かぶ,30200,北海道,1,6853,185,,
3449,2024,4,22,月,かぶ,30200,埼　玉,11,6553,138,,
3450,2024,4,22,月,にんじん,30300,,,1099103,267,151,103.5
3451,2024,4,22,月,にんじん,30300,徳　島,36,854832,282,,
3452,2024,4,22,月,にんじん,30300,長　崎,42,127360,241,,
3453,2024,4,22,月,ごぼう,30400,,,100279,356,128.9,91
3454,2024,4,22,月,ごぼう,30400,青　森,2,65133,278,,
3455,2024,4,22,月,ごぼう,30400,熊　本,43,18990,657,,
3456,2024,4,22,月,たけのこ,30500,,,96194,396,84.7,105.6
3457,2024,4,22,月,たけのこ,30500,石　川,17,19971,515,,
3458,2024,4,22,月,たけのこ,30500,香　川,37,14303,161,,
3459,2024,4,22,月,たけのこ,30500,静　岡,22,13614,330,,
3460,2024,4,22,月,たけのこ,30500,福　岡,40,9646,441,,
3461,2024,4,22,月,たけのこ,30500,京　都,26,9603,736,,
3462,2024,4,22,月,れんこん,30600,,,40622,639,78.7,105.3
3463,2024,4,22,月,れんこん,30600,茨　城,8,23133,668,,
3464,2024,4,22,月,れんこん,30600,徳　島,36,6198,681,,
3465,2024,4,22,月,れんこん,30600,佐　賀,41,4144,569,,
3466,2024,4,22,月,はくさい,31100,,,889622,102,90.7,100
3467,2024,4,22,月,はくさい,31100,茨　城,8,561971,116,,
3468,2024,4,22,月,はくさい,31100,宮　崎,45,229355,77,,
3469,2024,4,22,月,みずな,31300,,,45791,362,100.7,101.1
3470,2024,4,22,月,みずな,31300,茨　城,8,30530,344,,
3471,2024,4,22,月,みずな,31300,福　岡,40,8463,362,,
3472,2024,4,22,月,こまつな,31500,,,152813,384,110.9,100.5
3473,2024,4,22,月,こまつな,31500,茨　城,8,74117,395,,
3474,2024,4,22,月,こまつな,31500,福　岡,40,38674,354,,
3475,2024,4,22,月,こまつな,31500,埼　玉,11,8113,397,,
3476,2024,4,22,月,こまつな,31500,広　島,34,4788,419,,
3477,2024,4,22,月,その他の菜類,31550,,,3688,437,136.2,95.6
3478,2024,4,22,月,ちんげんさい,31560,,,43226,374,98.6,97.4
3479,2024,4,22,月,ちんげんさい,31560,茨　城,8,15685,360,,
3480,2024,4,22,月,ちんげんさい,31560,静　岡,22,10537,402,,
3481,2024,4,22,月,ちんげんさい,31560,福　岡,40,4710,418,,
3482,2024,4,22,月,ちんげんさい,31560,愛　知,23,3744,315,,
3483,2024,4,22,月,キャベツ,31700,,,1596299,161,87.4,103.2
3484,2024,4,22,月,キャベツ,31700,神奈川,14,542300,163,,
3485,2024,4,22,月,キャベツ,31700,愛　知,23,512613,172,,
3486,2024,4,22,月,キャベツ,31700,千　葉,12,168407,160,,
3487,2024,4,22,月,キャベツ,31700,茨　城,8,61950,182,,
3488,2024,4,22,月,ほうれんそう,31800,,,161595,586,118.7,97.3
3489,2024,4,22,月,ほうれんそう,31800,茨　城,8,58149,568,,
3490,2024,4,22,月,ほうれんそう,31800,群　馬,10,38040,557,,
3491,2024,4,22,月,ほうれんそう,31800,岐　阜,21,25796,655,,
3492,2024,4,22,月,ほうれんそう,31800,福　岡,40,10381,610,,
3493,2024,4,22,月,ねぎ,31900,,,340378,416,96.8,100.5
3494,2024,4,22,月,ねぎ,31900,千　葉,12,69696,338,,
3495,2024,4,22,月,ねぎ,31900,茨　城,8,57332,327,,
3496,2024,4,22,月,ねぎ,31900,埼　玉,11,44846,411,,
3497,2024,4,22,月,ねぎ,31900,大　分,44,39685,469,,
3498,2024,4,22,月,ねぎ,31900,栃　木,9,19692,312,,
3499,2024,4,22,月,ふき,32300,,,18605,514,108.8,94.3
3500,2024,4,22,月,ふき,32300,愛　知,23,8542,450,,
3501,2024,4,22,月,ふき,32300,群　馬,10,4884,395,,
3502,2024,4,22,月,ふき,32300,徳　島,36,977,751,,
3503,2024,4,22,月,ふき,32300,福　岡,40,876,429,,
3504,2024,4,22,月,うど,32400,,,2409,878,88.9,99.2
3505,2024,4,22,月,うど,32400,栃　木,9,1236,985,,
3506,2024,4,22,月,うど,32400,群　馬,10,428,784,,
3507,2024,4,22,月,うど,32400,埼　玉,11,172,364,,
3508,2024,4,22,月,うど,32400,石　川,17,140,1075,,
3509,2024,4,22,月,みつば,32500,,,14830,486,91.4,100.8
3510,2024,4,22,月,みつば,32500,千　葉,12,2428,321,,
3511,2024,4,22,月,みつば,32500,静　岡,22,2189,530,,
3512,2024,4,22,月,みつば,32500,愛　知,23,2101,464,,
3513,2024,4,22,月,みつば,32500,大　分,44,1554,482,,
3514,2024,4,22,月,みつば,32500,茨　城,8,1523,539,,
3515,2024,4,22,月,しゅんぎく,32600,,,10093,742,93,103.5
3516,2024,4,22,月,しゅんぎく,32600,福　岡,40,3027,512,,
3517,2024,4,22,月,しゅんぎく,32600,茨　城,8,1805,815,,
3518,2024,4,22,月,しゅんぎく,32600,大　阪,27,1127,443,,
3519,2024,4,22,月,しゅんぎく,32600,宮　城,4,882,991,,
3520,2024,4,22,月,しゅんぎく,32600,千　葉,12,811,1038,,
3521,2024,4,22,月,にら,32800,,,97813,612,94.3,99.2
3522,2024,4,22,月,にら,32800,高　知,39,34385,595,,
3523,2024,4,22,月,にら,32800,栃　木,9,17735,660,,
3524,2024,4,22,月,にら,32800,茨　城,8,11993,524,,
3525,2024,4,22,月,にら,32800,北海道,1,9377,750,,
3526,2024,4,22,月,にら,32800,大　分,44,9215,583,,
3527,2024,4,22,月,セルリー,32900,,,56659,333,97.6,104.7
3528,2024,4,22,月,セルリー,32900,静　岡,22,28328,336,,
3529,2024,4,22,月,セルリー,32900,福　岡,40,18270,322,,
3530,2024,4,22,月,アスパラガス,33100,,,53020,1874,99.5,114.9
3531,2024,4,22,月,アスパラガス,33100,栃　木,9,14054,1911,,
3532,2024,4,22,月,アスパラガス,33100,熊　本,43,5334,1969,,
3533,2024,4,22,月,アスパラガス,33100,北海道,1,4766,1887,,
3534,2024,4,22,月,アスパラガス,33100,長　野,20,3640,2026,,
3535,2024,4,22,月,アスパラガス,33100,長　崎,42,3530,1824,,
3536,2024,4,22,月,　　うち輸入,33101,,,4978,1294,31,134.7
3537,2024,4,22,月,カリフラワー,33200,,,24464,272,109.3,94.4
3538,2024,4,22,月,カリフラワー,33200,茨　城,8,9792,284,,
3539,2024,4,22,月,カリフラワー,33200,徳　島,36,7902,301,,
3540,2024,4,22,月,カリフラワー,33200,熊　本,43,2384,176,,
3541,2024,4,22,月,ブロッコリー,33300,,,317023,519,120.2,97
3542,2024,4,22,月,ブロッコリー,33300,香　川,37,65940,582,,
3543,2024,4,22,月,ブロッコリー,33300,熊　本,43,60948,533,,
3544,2024,4,22,月,ブロッコリー,33300,長　崎,42,57928,514,,
3545,2024,4,22,月,ブロッコリー,33300,埼　玉,11,51475,477,,
3546,2024,4,22,月,ブロッコリー,33300,徳　島,36,33670,549,,
3547,2024,4,22,月,レタス,33400,,,614154,289,90.4,102.5
3548,2024,4,22,月,レタス,33400,茨　城,8,271402,288,,
3549,2024,4,22,月,レタス,33400,兵　庫,28,78670,276,,
3550,2024,4,22,月,レタス,33400,長　崎,42,51747,219,,
3551,2024,4,22,月,レタス,33400,福　岡,40,44685,491,,
3552,2024,4,22,月,レタス,33400,北海道,1,35545,241,,
3553,2024,4,22,月,パセリ,33600,,,3860,946,81,110
3554,2024,4,22,月,パセリ,33600,千　葉,12,1294,799,,
3555,2024,4,22,月,パセリ,33600,静　岡,22,670,1136,,
3556,2024,4,22,月,パセリ,33600,香　川,37,436,748,,
3557,2024,4,22,月,パセリ,33600,茨　城,8,389,859,,
3558,2024,4,22,月,パセリ,33600,大　分,44,288,497,,
3559,2024,4,22,月,きゅうり,34100,,,915113,383,151.8,96
3560,2024,4,22,月,きゅうり,34100,宮　崎,45,202170,416,,
3561,2024,4,22,月,きゅうり,34100,群　馬,10,148233,405,,
3562,2024,4,22,月,きゅうり,34100,埼　玉,11,96631,397,,
3563,2024,4,22,月,きゅうり,34100,高　知,39,83004,341,,
3564,2024,4,22,月,きゅうり,34100,千　葉,12,56097,361,,
3565,2024,4,22,月,かぼちゃ,34200,,,276407,216,98.5,105.9
3566,2024,4,22,月,かぼちゃ,34200,沖　縄,47,19399,505,,
3567,2024,4,22,月,かぼちゃ,34200,宮　崎,45,16455,594,,
3568,2024,4,22,月,かぼちゃ,34200,茨　城,8,5367,364,,
3569,2024,4,22,月,かぼちゃ,34200,熊　本,43,4271,525,,
3570,2024,4,22,月,かぼちゃ,34200,高　知,39,1406,569,,
3571,2024,4,22,月,　　うち輸入,34201,,,226130,147,94.1,100
3572,2024,4,22,月,なす,34300,,,466488,442,147.1,96.9
3573,2024,4,22,月,なす,34300,高　知,39,194120,424,,
3574,2024,4,22,月,なす,34300,福　岡,40,96329,460,,
3575,2024,4,22,月,なす,34300,熊　本,43,91576,446,,
3576,2024,4,22,月,トマト,34400,,,779337,390,132.5,97.5
3577,2024,4,22,月,トマト,34400,熊　本,43,360965,365,,
3578,2024,4,22,月,トマト,34400,栃　木,9,151087,349,,
3579,2024,4,22,月,トマト,34400,愛　知,23,66411,449,,
3580,2024,4,22,月,トマト,34400,福　岡,40,59650,357,,
3581,2024,4,22,月,ミニトマト,34450,,,328572,643,152.5,95
3582,2024,4,22,月,ミニトマト,34450,熊　本,43,200702,577,,
3583,2024,4,22,月,ミニトマト,34450,愛　知,23,45312,792,,
3584,2024,4,22,月,ミニトマト,34450,宮　崎,45,24509,632,,
3585,2024,4,22,月,ピーマン,34500,,,309243,719,134.6,100.7
3586,2024,4,22,月,ピーマン,34500,茨　城,8,110209,768,,
3587,2024,4,22,月,ピーマン,34500,宮　崎,45,69119,731,,
3588,2024,4,22,月,ピーマン,34500,鹿児島,46,49863,661,,
3589,2024,4,22,月,ピーマン,34500,高　知,39,47432,668,,
3590,2024,4,22,月,ししとうがらし,34600,,,9632,1884,104.8,95.5
3591,2024,4,22,月,ししとうがらし,34600,高　知,39,8174,1897,,
3592,2024,4,22,月,スイートコーン,34700,,,22060,514,208,96.8
3593,2024,4,22,月,スイートコーン,34700,長　崎,42,7710,483,,
3594,2024,4,22,月,スイートコーン,34700,沖　縄,47,7045,438,,
3595,2024,4,22,月,スイートコーン,34700,宮　崎,45,6025,619,,
3596,2024,4,22,月,さやいんげん,35100,,,13964,1461,112.8,94.6
3597,2024,4,22,月,さやいんげん,35100,鹿児島,46,5440,1482,,
3598,2024,4,22,月,さやいんげん,35100,沖　縄,47,4875,1211,,
3599,2024,4,22,月,さやいんげん,35100,千　葉,12,1438,2086,,
3600,2024,4,22,月,さやえんどう,35200,,,19200,1585,103.2,101.5
3601,2024,4,22,月,さやえんどう,35200,愛　知,23,4492,1710,,
3602,2024,4,22,月,さやえんどう,35200,徳　島,36,2032,1866,,
3603,2024,4,22,月,さやえんどう,35200,熊　本,43,1975,1358,,
3604,2024,4,22,月,さやえんどう,35200,茨　城,8,1463,1774,,
3605,2024,4,22,月,さやえんどう,35200,広　島,34,1427,1529,,
3606,2024,4,22,月,　　うち輸入,35201,,,802,898,111.1,100.4
3607,2024,4,22,月,実えんどう,35300,,,18190,1014,123.8,105.2
3608,2024,4,22,月,実えんどう,35300,和歌山,30,15296,942,,
3609,2024,4,22,月,そらまめ,35400,,,33010,804,147.4,99.3
3610,2024,4,22,月,そらまめ,35400,鹿児島,46,12880,723,,
3611,2024,4,22,月,そらまめ,35400,長　崎,42,12492,865,,
3612,2024,4,22,月,そらまめ,35400,和歌山,30,3334,796,,
3613,2024,4,22,月,えだまめ,35500,,,3658,1849,108.6,126
3614,2024,4,22,月,えだまめ,35500,沖　縄,47,2145,1966,,
3615,2024,4,22,月,えだまめ,35500,静　岡,22,823,2289,,
3616,2024,4,22,月,かんしょ,36100,,,307023,262,111.7,96.7
3617,2024,4,22,月,かんしょ,36100,茨　城,8,159691,239,,
3618,2024,4,22,月,かんしょ,36100,千　葉,12,80260,260,,
3619,2024,4,22,月,かんしょ,36100,徳　島,36,31915,348,,
3620,2024,4,22,月,ばれいしょ,36200,,,1108297,182,125.3,98.4
3621,2024,4,22,月,ばれいしょ,36200,鹿児島,46,672059,204,,
3622,2024,4,22,月,ばれいしょ,36200,長　崎,42,233770,191,,
3623,2024,4,22,月,さといも,36300,,,22843,402,84.7,101.3
3624,2024,4,22,月,さといも,36300,埼　玉,11,9833,331,,
3625,2024,4,22,月,さといも,36300,愛　媛,38,4394,408,,
3626,2024,4,22,月,さといも,36300,千　葉,12,2520,475,,
3627,2024,4,22,月,さといも,36300,新　潟,15,2299,400,,
3628,2024,4,22,月,やまのいも,36500,,,186246,377,135.3,100.8
3629,2024,4,22,月,やまのいも,36500,北海道,1,98757,364,,
3630,2024,4,22,月,やまのいも,36500,青　森,2,73722,384,,
3631,2024,4,22,月,たまねぎ,36610,,,2243085,130,139.3,95.6
3632,2024,4,22,月,たまねぎ,36610,北海道,1,1289331,117,,
3633,2024,4,22,月,たまねぎ,36610,佐　賀,41,576138,149,,
3634,2024,4,22,月,　　うち輸入,36620,,,22824,177,96.4,123.8
3635,2024,4,22,月,にんにく,36700,,,18620,1321,77.8,96.2
3636,2024,4,22,月,にんにく,36700,青　森,2,9879,1930,,
3637,2024,4,22,月,にんにく,36700,香　川,37,565,1405,,
3638,2024,4,22,月,にんにく,36700,和歌山,30,466,1193,,
3639,2024,4,22,月,にんにく,36700,鹿児島,46,392,980,,
3640,2024,4,22,月,にんにく,36700,北海道,1,152,949,,
3641,2024,4,22,月,　　うち輸入,36701,,,7044,502,90,105.2
3642,2024,4,22,月,しょうが,37200,,,41349,842,112.7,99.3
3643,2024,4,22,月,しょうが,37200,高　知,39,26707,915,,
3644,2024,4,22,月,しょうが,37200,熊　本,43,3782,490,,
3645,2024,4,22,月,しょうが,37200,静　岡,22,2188,1275,,
3646,2024,4,22,月,しょうが,37200,長　崎,42,1557,501,,
3647,2024,4,22,月,　　うち輸入,37201,,,3651,500,101,99
3648,2024,4,22,月,生しいたけ,38100,,,61714,992,104.2,100
3649,2024,4,22,月,生しいたけ,38100,秋　田,5,12453,1169,,
3650,2024,4,22,月,生しいたけ,38100,徳　島,36,10262,976,,
3651,2024,4,22,月,生しいたけ,38100,長　崎,42,5779,831,,
3652,2024,4,22,月,生しいたけ,38100,岩　手,3,3826,1023,,
3653,2024,4,22,月,生しいたけ,38100,福　島,7,3039,927,,
3654,2024,4,22,月,　　うち輸入,38101,,,983,779,55.9,99.5
3655,2024,4,22,月,なめこ,38300,,,25230,490,102,99.8
3656,2024,4,22,月,なめこ,38300,長　野,20,8266,473,,
3657,2024,4,22,月,なめこ,38300,山　形,6,3854,532,,
3658,2024,4,22,月,なめこ,38300,三　重,24,2577,549,,
3659,2024,4,22,月,なめこ,38300,大　分,44,2444,490,,
3660,2024,4,22,月,なめこ,38300,宮　城,4,2018,476,,
3661,2024,4,22,月,えのきだけ,38400,,,117039,337,108.4,101.5
3662,2024,4,22,月,えのきだけ,38400,長　野,20,70746,345,,
3663,2024,4,22,月,えのきだけ,38400,新　潟,15,18826,336,,
3664,2024,4,22,月,えのきだけ,38400,福　岡,40,6947,321,,
3665,2024,4,22,月,しめじ,38500,,,68545,481,84.8,100
3666,2024,4,22,月,しめじ,38500,長　野,20,45096,451,,
3667,2024,4,22,月,しめじ,38500,福　岡,40,10734,465,,
3668,2024,4,22,月,その他の野菜,39000,,,260113,1027,96.9,103.1
3669,2024,4,22,月,輸入野菜計,39100,,,336651,238,93,97.5
3670,2024,4,22,月,他の輸入野菜,39200,,,70241,418,103.2,107.2
3671,2024,4,29,月,野菜総計,30000,,,179746,290,1.6,99
3672,2024,4,29,月,野菜総計,30000,沖　縄,47,87482,323,,
3673,2024,4,29,月,野菜総計,30000,鹿児島,46,31795,194,,
3674,2024,4,29,月,野菜総計,30000,長　崎,42,20835,251,,
3675,2024,4,29,月,野菜総計,30000,佐　賀,41,11205,205,,
3676,2024,4,29,月,野菜総計,30000,福　岡,40,7899,505,,
3677,2024,4,29,月,野菜総計,30000,宮　崎,45,4074,272,,
3678,2024,4,29,月,野菜総計,30000,熊　本,43,2456,346,,
3679,2024,4,29,月,だいこん,30100,,,7115,174,1.1,115.2
3680,2024,4,29,月,だいこん,30100,鹿児島,46,7115,174,,
3681,2024,4,29,月,にんじん,30300,,,9039,250,2.1,101.2
3682,2024,4,29,月,にんじん,30300,長　崎,42,4450,300,,
3683,2024,4,29,月,にんじん,30300,沖　縄,47,2379,153,,
3684,2024,4,29,月,にんじん,30300,宮　崎,45,1430,335,,
3685,2024,4,29,月,ごぼう,30400,,,890,218,1.1,60.4
3686,2024,4,29,月,ごぼう,30400,青　森,2,90,277,,
3687,2024,4,29,月,はくさい,31100,,,6703,119,0.6,109.2
3688,2024,4,29,月,はくさい,31100,鹿児島,46,6693,118,,
3689,2024,4,29,月,みずな,31300,,,233,492,0.5,140.6
3690,2024,4,29,月,みずな,31300,福　岡,40,233,492,,
3691,2024,4,29,月,こまつな,31500,,,2989,390,2.2,112.4
3692,2024,4,29,月,こまつな,31500,沖　縄,47,1457,334,,
3693,2024,4,29,月,こまつな,31500,福　岡,40,1188,422,,
3694,2024,4,29,月,その他の菜類,31550,,,414,391,16,85.7
3695,2024,4,29,月,ちんげんさい,31560,,,1516,367,3.4,107
3696,2024,4,29,月,ちんげんさい,31560,福　岡,40,534,204,,
3697,2024,4,29,月,ちんげんさい,31560,鹿児島,46,528,487,,
3698,2024,4,29,月,ちんげんさい,31560,沖　縄,47,454,420,,
3699,2024,4,29,月,キャベツ,31700,,,36860,150,2.3,99.3
3700,2024,4,29,月,キャベツ,31700,沖　縄,47,26970,143,,
3701,2024,4,29,月,キャベツ,31700,鹿児島,46,7490,176,,
3702,2024,4,29,月,ほうれんそう,31800,,,1312,697,1,129.3
3703,2024,4,29,月,ほうれんそう,31800,福　岡,40,1184,679,,
3704,2024,4,29,月,ねぎ,31900,,,2009,429,0.6,97.7
3705,2024,4,29,月,ねぎ,31900,栃　木,9,780,379,,
3706,2024,4,29,月,ねぎ,31900,茨　城,8,555,414,,
3707,2024,4,29,月,ねぎ,31900,大　分,44,426,520,,
3708,2024,4,29,月,みつば,32500,,,30,1060,0.2,218.1
3709,2024,4,29,月,みつば,32500,埼　玉,11,12,810,,
3710,2024,4,29,月,みつば,32500,福　岡,40,10,1404,,
3711,2024,4,29,月,みつば,32500,千　葉,12,5,767,,
3712,2024,4,29,月,しゅんぎく,32600,,,1,639,0,86.9
3713,2024,4,29,月,しゅんぎく,32600,熊　本,43,1,639,,
3714,2024,4,29,月,にら,32800,,,247,649,0.3,115.7
3715,2024,4,29,月,にら,32800,沖　縄,47,112,457,,
3716,2024,4,29,月,にら,32800,熊　本,43,40,650,,
3717,2024,4,29,月,にら,32800,高　知,39,35,1051,,
3718,2024,4,29,月,にら,32800,宮　崎,45,35,665,,
3719,2024,4,29,月,セルリー,32900,,,964,233,1.8,65.6
3720,2024,4,29,月,セルリー,32900,沖　縄,47,684,199,,
3721,2024,4,29,月,アスパラガス,33100,,,20,1885,0.1,96.9
3722,2024,4,29,月,アスパラガス,33100,熊　本,43,15,1523,,
3723,2024,4,29,月,アスパラガス,33100,福　岡,40,5,2970,,
3724,2024,4,29,月,カリフラワー,33200,,,264,297,0.8,120.2
3725,2024,4,29,月,カリフラワー,33200,福　岡,40,192,266,,
3726,2024,4,29,月,カリフラワー,33200,熊　本,43,72,383,,
3727,2024,4,29,月,ブロッコリー,33300,,,1050,295,0.4,63
3728,2024,4,29,月,ブロッコリー,33300,熊　本,43,850,274,,
3729,2024,4,29,月,レタス,33400,,,20922,222,3.9,76
3730,2024,4,29,月,レタス,33400,長　崎,42,9640,240,,
3731,2024,4,29,月,レタス,33400,沖　縄,47,7540,111,,
3732,2024,4,29,月,パセリ,33600,,,44,1441,1.3,114.3
3733,2024,4,29,月,パセリ,33600,千　葉,12,30,1422,,
3734,2024,4,29,月,パセリ,33600,大　分,44,8,1566,,
3735,2024,4,29,月,きゅうり,34100,,,5705,272,1.3,75.1
3736,2024,4,29,月,きゅうり,34100,沖　縄,47,5455,265,,
3737,2024,4,29,月,かぼちゃ,34200,,,9694,262,3.3,127.2
3738,2024,4,29,月,かぼちゃ,34200,沖　縄,47,8194,263,,
3739,2024,4,29,月,　　うち輸入,34201,,,1280,177,0.5,116.4
3740,2024,4,29,月,なす,34300,,,2273,265,0.8,61.1
3741,2024,4,29,月,なす,34300,沖　縄,47,1953,243,,
3742,2024,4,29,月,トマト,34400,,,3584,281,0.8,70.6
3743,2024,4,29,月,トマト,34400,沖　縄,47,2888,235,,
3744,2024,4,29,月,ミニトマト,34450,,,1538,564,0.8,85.3
3745,2024,4,29,月,ミニトマト,34450,鹿児島,46,1221,550,,
3746,2024,4,29,月,ミニトマト,34450,沖　縄,47,317,618,,
3747,2024,4,29,月,ピーマン,34500,,,12378,452,4.9,63.8
3748,2024,4,29,月,ピーマン,34500,沖　縄,47,12243,443,,
3749,2024,4,29,月,ししとうがらし,34600,,,44,1681,0.6,81.4
3750,2024,4,29,月,ししとうがらし,34600,沖　縄,47,23,902,,
3751,2024,4,29,月,ししとうがらし,34600,高　知,39,21,2534,,
3752,2024,4,29,月,スイートコーン,34700,,,445,370,3,61.7
3753,2024,4,29,月,スイートコーン,34700,沖　縄,47,445,370,,
3754,2024,4,29,月,さやいんげん,35100,,,1709,708,15.3,49
3755,2024,4,29,月,さやいんげん,35100,沖　縄,47,1669,681,,
3756,2024,4,29,月,さやえんどう,35200,,,5,3618,0,231.6
3757,2024,4,29,月,さやえんどう,35200,大　分,44,5,3618,,
3758,2024,4,29,月,かんしょ,36100,,,1440,346,0.6,125.4
3759,2024,4,29,月,かんしょ,36100,茨　城,8,400,325,,
3760,2024,4,29,月,かんしょ,36100,熊　本,43,370,384,,
3761,2024,4,29,月,かんしょ,36100,鹿児島,46,280,242,,
3762,2024,4,29,月,かんしょ,36100,千　葉,12,235,372,,
3763,2024,4,29,月,ばれいしょ,36200,,,15380,178,1.7,96.2
3764,2024,4,29,月,ばれいしょ,36200,鹿児島,46,7580,159,,
3765,2024,4,29,月,ばれいしょ,36200,長　崎,42,5990,200,,
3766,2024,4,29,月,やまのいも,36500,,,200,518,0.1,134.9
3767,2024,4,29,月,やまのいも,36500,青　森,2,200,518,,
3768,2024,4,29,月,たまねぎ,36610,,,16560,181,1,136.1
3769,2024,4,29,月,たまねぎ,36610,佐　賀,41,11040,191,,
3770,2024,4,29,月,　　うち輸入,36620,,,5520,163,23.7,114.8
3771,2024,4,29,月,にんにく,36700,,,292,565,1.6,54
3772,2024,4,29,月,にんにく,36700,沖　縄,47,12,540,,
3773,2024,4,29,月,　　うち輸入,36701,,,280,566,2.9,111.4
3774,2024,4,29,月,しょうが,37200,,,312,525,0.8,62.8
3775,2024,4,29,月,しょうが,37200,熊　本,43,276,522,,
3776,2024,4,29,月,生しいたけ,38100,,,221,1211,0.4,121.1
3777,2024,4,29,月,生しいたけ,38100,長　崎,42,51,1456,,
3778,2024,4,29,月,生しいたけ,38100,宮　崎,45,20,1080,,
3779,2024,4,29,月,　　うち輸入,38101,,,150,1145,11.2,162.2
3780,2024,4,29,月,なめこ,38300,,,90,666,0.4,134.3
3781,2024,4,29,月,なめこ,38300,長　崎,42,90,666,,
3782,2024,4,29,月,えのきだけ,38400,,,624,411,0.6,120.9
3783,2024,4,29,月,えのきだけ,38400,長　崎,42,528,412,,
3784,2024,4,29,月,しめじ,38500,,,1144,560,1.8,114.8
3785,2024,4,29,月,しめじ,38500,福　岡,40,1080,553,,
3786,2024,4,29,月,その他の野菜,39000,,,13487,838,5.3,82.2
3787,2024,4,29,月,輸入野菜計,39100,,,9326,215,2.4,99.5
3788,2024,4,29,月,他の輸入野菜,39200,,,2096,263,2.3,79.9
3789,2024,5,6,月,野菜総計,30000,,,21885464,298,******,100.7
3790,2024,5,6,月,野菜総計,30000,茨　城,8,2801704,242,,
3791,2024,5,6,月,野菜総計,30000,熊　本,43,1806162,368,,
3792,2024,5,6,月,野菜総計,30000,千　葉,12,1727368,214,,
3793,2024,5,6,月,野菜総計,30000,愛　知,23,1534495,267,,
3794,2024,5,6,月,野菜総計,30000,佐　賀,41,1255894,161,,
3795,2024,5,6,月,野菜総計,30000,長　崎,42,1198463,252,,
3796,2024,5,6,月,野菜総計,30000,徳　島,36,1154584,299,,
3797,2024,5,6,月,だいこん,30100,,,1474589,139,7767.1,76
3798,2024,5,6,月,だいこん,30100,千　葉,12,753484,145,,
3799,2024,5,6,月,だいこん,30100,香　川,37,153130,143,,
3800,2024,5,6,月,だいこん,30100,茨　城,8,145359,156,,
3801,2024,5,6,月,だいこん,30100,鹿児島,46,121073,77,,
3802,2024,5,6,月,だいこん,30100,愛　知,23,105873,146,,
3803,2024,5,6,月,かぶ,30200,,,98532,152,－,－
3804,2024,5,6,月,かぶ,30200,千　葉,12,66653,152,,
3805,2024,5,6,月,かぶ,30200,埼　玉,11,16875,130,,
3806,2024,5,6,月,にんじん,30300,,,1250716,248,******,94.3
3807,2024,5,6,月,にんじん,30300,徳　島,36,966971,259,,
3808,2024,5,6,月,にんじん,30300,長　崎,42,165484,217,,
3809,2024,5,6,月,ごぼう,30400,,,69016,426,******,158.4
3810,2024,5,6,月,ごぼう,30400,青　森,2,30361,376,,
3811,2024,5,6,月,ごぼう,30400,熊　本,43,20934,600,,
3812,2024,5,6,月,ごぼう,30400,北海道,1,7438,221,,
3813,2024,5,6,月,たけのこ,30500,,,29612,568,－,－
3814,2024,5,6,月,たけのこ,30500,石　川,17,16660,591,,
3815,2024,5,6,月,たけのこ,30500,京　都,26,4222,676,,
3816,2024,5,6,月,たけのこ,30500,宮　城,4,2340,168,,
3817,2024,5,6,月,たけのこ,30500,福　岡,40,899,841,,
3818,2024,5,6,月,れんこん,30600,,,47927,609,－,－
3819,2024,5,6,月,れんこん,30600,茨　城,8,26017,618,,
3820,2024,5,6,月,れんこん,30600,愛　知,23,9550,470,,
3821,2024,5,6,月,れんこん,30600,徳　島,36,5981,669,,
3822,2024,5,6,月,はくさい,31100,,,1478643,100,******,74.6
3823,2024,5,6,月,はくさい,31100,茨　城,8,1191667,101,,
3824,2024,5,6,月,みずな,31300,,,82508,298,******,47.8
3825,2024,5,6,月,みずな,31300,茨　城,8,60417,269,,
3826,2024,5,6,月,みずな,31300,福　岡,40,13477,337,,
3827,2024,5,6,月,こまつな,31500,,,249667,295,******,122.4
3828,2024,5,6,月,こまつな,31500,茨　城,8,128028,275,,
3829,2024,5,6,月,こまつな,31500,福　岡,40,63351,300,,
3830,2024,5,6,月,こまつな,31500,埼　玉,11,11917,288,,
3831,2024,5,6,月,その他の菜類,31550,,,4361,431,1218.2,109.9
3832,2024,5,6,月,ちんげんさい,31560,,,63626,318,******,82.6
3833,2024,5,6,月,ちんげんさい,31560,茨　城,8,27685,296,,
3834,2024,5,6,月,ちんげんさい,31560,静　岡,22,10559,369,,
3835,2024,5,6,月,ちんげんさい,31560,福　岡,40,6007,356,,
3836,2024,5,6,月,ちんげんさい,31560,愛　知,23,4668,303,,
3837,2024,5,6,月,ちんげんさい,31560,埼　玉,11,2435,238,,
3838,2024,5,6,月,キャベツ,31700,,,3022410,152,******,77.6
3839,2024,5,6,月,キャベツ,31700,愛　知,23,743127,170,,
3840,2024,5,6,月,キャベツ,31700,神奈川,14,738025,149,,
3841,2024,5,6,月,キャベツ,31700,千　葉,12,489525,156,,
3842,2024,5,6,月,キャベツ,31700,茨　城,8,183750,172,,
3843,2024,5,6,月,キャベツ,31700,兵　庫,28,173759,151,,
3844,2024,5,6,月,ほうれんそう,31800,,,313655,462,******,68.8
3845,2024,5,6,月,ほうれんそう,31800,群　馬,10,108411,407,,
3846,2024,5,6,月,ほうれんそう,31800,茨　城,8,83196,435,,
3847,2024,5,6,月,ほうれんそう,31800,岐　阜,21,65169,552,,
3848,2024,5,6,月,ねぎ,31900,,,485731,507,******,103
3849,2024,5,6,月,ねぎ,31900,茨　城,8,120710,475,,
3850,2024,5,6,月,ねぎ,31900,千　葉,12,76999,416,,
3851,2024,5,6,月,ねぎ,31900,埼　玉,11,60781,482,,
3852,2024,5,6,月,ねぎ,31900,大　分,44,54899,535,,
3853,2024,5,6,月,ねぎ,31900,鳥　取,31,31740,439,,
3854,2024,5,6,月,ふき,32300,,,24567,370,－,－
3855,2024,5,6,月,ふき,32300,愛　知,23,15465,293,,
3856,2024,5,6,月,ふき,32300,群　馬,10,2764,288,,
3857,2024,5,6,月,ふき,32300,北海道,1,1811,457,,
3858,2024,5,6,月,うど,32400,,,4206,723,－,－
3859,2024,5,6,月,うど,32400,栃　木,9,2080,942,,
3860,2024,5,6,月,うど,32400,北海道,1,836,461,,
3861,2024,5,6,月,うど,32400,群　馬,10,818,477,,
3862,2024,5,6,月,みつば,32500,,,17023,483,******,53.1
3863,2024,5,6,月,みつば,32500,千　葉,12,3248,329,,
3864,2024,5,6,月,みつば,32500,愛　知,23,2260,471,,
3865,2024,5,6,月,みつば,32500,静　岡,22,1861,539,,
3866,2024,5,6,月,みつば,32500,大　分,44,1828,546,,
3867,2024,5,6,月,みつば,32500,埼　玉,11,1589,473,,
3868,2024,5,6,月,しゅんぎく,32600,,,14804,821,－,－
3869,2024,5,6,月,しゅんぎく,32600,福　岡,40,3977,564,,
3870,2024,5,6,月,しゅんぎく,32600,茨　城,8,2466,789,,
3871,2024,5,6,月,しゅんぎく,32600,群　馬,10,2259,1051,,
3872,2024,5,6,月,しゅんぎく,32600,大　阪,27,1805,536,,
3873,2024,5,6,月,しゅんぎく,32600,宮　城,4,1095,1068,,
3874,2024,5,6,月,にら,32800,,,156282,473,******,58.7
3875,2024,5,6,月,にら,32800,高　知,39,56060,429,,
3876,2024,5,6,月,にら,32800,栃　木,9,29604,510,,
3877,2024,5,6,月,にら,32800,茨　城,8,24098,398,,
3878,2024,5,6,月,にら,32800,大　分,44,12950,503,,
3879,2024,5,6,月,にら,32800,北海道,1,11231,678,,
3880,2024,5,6,月,セルリー,32900,,,71238,392,7701.4,179
3881,2024,5,6,月,セルリー,32900,福　岡,40,33950,385,,
3882,2024,5,6,月,セルリー,32900,静　岡,22,18107,413,,
3883,2024,5,6,月,セルリー,32900,茨　城,8,11795,432,,
3884,2024,5,6,月,アスパラガス,33100,,,107884,1827,－,－
3885,2024,5,6,月,アスパラガス,33100,栃　木,9,21848,1795,,
3886,2024,5,6,月,アスパラガス,33100,長　野,20,13312,1978,,
3887,2024,5,6,月,アスパラガス,33100,北海道,1,10228,1929,,
3888,2024,5,6,月,アスパラガス,33100,秋　田,5,9969,1870,,
3889,2024,5,6,月,アスパラガス,33100,山　形,6,9362,1898,,
3890,2024,5,6,月,　　うち輸入,33101,,,3150,1327,－,－
3891,2024,5,6,月,カリフラワー,33200,,,40707,243,******,87.1
3892,2024,5,6,月,カリフラワー,33200,茨　城,8,18034,274,,
3893,2024,5,6,月,カリフラワー,33200,徳　島,36,16433,208,,
3894,2024,5,6,月,ブロッコリー,33300,,,386462,594,－,－
3895,2024,5,6,月,ブロッコリー,33300,香　川,37,117341,674,,
3896,2024,5,6,月,ブロッコリー,33300,長　崎,42,66152,569,,
3897,2024,5,6,月,ブロッコリー,33300,埼　玉,11,63146,547,,
3898,2024,5,6,月,ブロッコリー,33300,熊　本,43,57190,588,,
3899,2024,5,6,月,ブロッコリー,33300,徳　島,36,26391,637,,
3900,2024,5,6,月,レタス,33400,,,1558827,186,8759.4,129.2
3901,2024,5,6,月,レタス,33400,長　野,20,512557,224,,
3902,2024,5,6,月,レタス,33400,茨　城,8,272229,171,,
3903,2024,5,6,月,レタス,33400,群　馬,10,258218,129,,
3904,2024,5,6,月,レタス,33400,兵　庫,28,118535,183,,
3905,2024,5,6,月,レタス,33400,山　梨,19,106089,140,,
3906,2024,5,6,月,パセリ,33600,,,5504,1333,******,94.9
3907,2024,5,6,月,パセリ,33600,千　葉,12,2925,1022,,
3908,2024,5,6,月,パセリ,33600,静　岡,22,686,1738,,
3909,2024,5,6,月,パセリ,33600,茨　城,8,561,828,,
3910,2024,5,6,月,パセリ,33600,香　川,37,434,1305,,
3911,2024,5,6,月,きゅうり,34100,,,1509615,322,******,93.6
3912,2024,5,6,月,きゅうり,34100,宮　崎,45,304723,339,,
3913,2024,5,6,月,きゅうり,34100,群　馬,10,261257,338,,
3914,2024,5,6,月,きゅうり,34100,埼　玉,11,182707,319,,
3915,2024,5,6,月,きゅうり,34100,佐　賀,41,110704,302,,
3916,2024,5,6,月,きゅうり,34100,高　知,39,93840,309,,
3917,2024,5,6,月,かぼちゃ,34200,,,326419,249,2106.9,82.5
3918,2024,5,6,月,かぼちゃ,34200,宮　崎,45,22592,460,,
3919,2024,5,6,月,かぼちゃ,34200,茨　城,8,13027,317,,
3920,2024,5,6,月,かぼちゃ,34200,鹿児島,46,12486,478,,
3921,2024,5,6,月,かぼちゃ,34200,沖　縄,47,11535,369,,
3922,2024,5,6,月,かぼちゃ,34200,熊　本,43,6755,448,,
3923,2024,5,6,月,　　うち輸入,34201,,,246964,192,******,77.4
3924,2024,5,6,月,なす,34300,,,922206,408,******,194.3
3925,2024,5,6,月,なす,34300,高　知,39,361740,395,,
3926,2024,5,6,月,なす,34300,福　岡,40,180613,429,,
3927,2024,5,6,月,なす,34300,熊　本,43,170029,394,,
3928,2024,5,6,月,なす,34300,群　馬,10,43889,502,,
3929,2024,5,6,月,トマト,34400,,,1919542,344,******,163.8
3930,2024,5,6,月,トマト,34400,熊　本,43,920337,321,,
3931,2024,5,6,月,トマト,34400,栃　木,9,312204,327,,
3932,2024,5,6,月,トマト,34400,愛　知,23,163327,357,,
3933,2024,5,6,月,トマト,34400,福　岡,40,141926,317,,
3934,2024,5,6,月,ミニトマト,34450,,,628695,528,******,105
3935,2024,5,6,月,ミニトマト,34450,熊　本,43,380334,467,,
3936,2024,5,6,月,ミニトマト,34450,愛　知,23,77281,647,,
3937,2024,5,6,月,ミニトマト,34450,宮　崎,45,43975,538,,
3938,2024,5,6,月,ミニトマト,34450,長　崎,42,35177,518,,
3939,2024,5,6,月,ピーマン,34500,,,634958,658,5305.9,125.6
3940,2024,5,6,月,ピーマン,34500,茨　城,8,236679,693,,
3941,2024,5,6,月,ピーマン,34500,宮　崎,45,141361,637,,
3942,2024,5,6,月,ピーマン,34500,高　知,39,113220,615,,
3943,2024,5,6,月,ピーマン,34500,鹿児島,46,101099,611,,
3944,2024,5,6,月,ししとうがらし,34600,,,14642,1825,******,71.3
3945,2024,5,6,月,ししとうがらし,34600,高　知,39,11402,1851,,
3946,2024,5,6,月,ししとうがらし,34600,宮　崎,45,1219,891,,
3947,2024,5,6,月,スイートコーン,34700,,,48905,633,4316.4,196.6
3948,2024,5,6,月,スイートコーン,34700,長　崎,42,21798,589,,
3949,2024,5,6,月,スイートコーン,34700,宮　崎,45,15411,690,,
3950,2024,5,6,月,スイートコーン,34700,熊　本,43,10487,657,,
3951,2024,5,6,月,さやいんげん,35100,,,27374,1223,2108.9,231.2
3952,2024,5,6,月,さやいんげん,35100,鹿児島,46,9333,1160,,
3953,2024,5,6,月,さやいんげん,35100,千　葉,12,8215,1447,,
3954,2024,5,6,月,さやいんげん,35100,沖　縄,47,3597,707,,
3955,2024,5,6,月,さやいんげん,35100,長　崎,42,2112,1252,,
3956,2024,5,6,月,さやえんどう,35200,,,22456,1545,－,－
3957,2024,5,6,月,さやえんどう,35200,福　島,7,3853,1691,,
3958,2024,5,6,月,さやえんどう,35200,茨　城,8,3512,1629,,
3959,2024,5,6,月,さやえんどう,35200,徳　島,36,3219,1551,,
3960,2024,5,6,月,さやえんどう,35200,愛　知,23,2850,1540,,
3961,2024,5,6,月,さやえんどう,35200,広　島,34,1351,1406,,
3962,2024,5,6,月,　　うち輸入,35201,,,202,971,－,－
3963,2024,5,6,月,実えんどう,35300,,,19673,1053,－,－
3964,2024,5,6,月,実えんどう,35300,和歌山,30,14353,880,,
3965,2024,5,6,月,実えんどう,35300,福　岡,40,3805,1497,,
3966,2024,5,6,月,そらまめ,35400,,,69073,684,－,－
3967,2024,5,6,月,そらまめ,35400,長　崎,42,14760,667,,
3968,2024,5,6,月,そらまめ,35400,愛　媛,38,14110,727,,
3969,2024,5,6,月,そらまめ,35400,千　葉,12,12384,762,,
3970,2024,5,6,月,そらまめ,35400,熊　本,43,7949,665,,
3971,2024,5,6,月,そらまめ,35400,香　川,37,5594,692,,
3972,2024,5,6,月,えだまめ,35500,,,8646,1884,－,－
3973,2024,5,6,月,えだまめ,35500,沖　縄,47,4344,1837,,
3974,2024,5,6,月,えだまめ,35500,静　岡,22,1861,2011,,
3975,2024,5,6,月,えだまめ,35500,千　葉,12,990,1940,,
3976,2024,5,6,月,かんしょ,36100,,,276605,288,******,83.5
3977,2024,5,6,月,かんしょ,36100,茨　城,8,133047,269,,
3978,2024,5,6,月,かんしょ,36100,千　葉,12,84630,280,,
3979,2024,5,6,月,かんしょ,36100,徳　島,36,45830,326,,
3980,2024,5,6,月,ばれいしょ,36200,,,1144935,194,6561.2,104.3
3981,2024,5,6,月,ばれいしょ,36200,長　崎,42,545052,199,,
3982,2024,5,6,月,ばれいしょ,36200,鹿児島,46,515255,198,,
3983,2024,5,6,月,さといも,36300,,,14117,492,－,－
3984,2024,5,6,月,さといも,36300,埼　玉,11,3480,342,,
3985,2024,5,6,月,さといも,36300,愛　媛,38,3322,436,,
3986,2024,5,6,月,さといも,36300,千　葉,12,3168,498,,
3987,2024,5,6,月,さといも,36300,鹿児島,46,2066,887,,
3988,2024,5,6,月,やまのいも,36500,,,210945,392,******,68.5
3989,2024,5,6,月,やまのいも,36500,北海道,1,143615,374,,
3990,2024,5,6,月,やまのいも,36500,青　森,2,57877,409,,
3991,2024,5,6,月,たまねぎ,36610,,,2084051,120,******,76.9
3992,2024,5,6,月,たまねぎ,36610,佐　賀,41,1063080,116,,
3993,2024,5,6,月,たまねぎ,36610,兵　庫,28,353935,118,,
3994,2024,5,6,月,たまねぎ,36610,北海道,1,268263,134,,
3995,2024,5,6,月,　　うち輸入,36620,,,40082,172,******,115.4
3996,2024,5,6,月,にんにく,36700,,,26062,1064,5665.7,186.3
3997,2024,5,6,月,にんにく,36700,青　森,2,8430,1840,,
3998,2024,5,6,月,にんにく,36700,香　川,37,3292,1051,,
3999,2024,5,6,月,にんにく,36700,和歌山,30,2798,819,,
4000,2024,5,6,月,にんにく,36700,徳　島,36,1220,916,,
4001,2024,5,6,月,にんにく,36700,高　知,39,140,895,,
4002,2024,5,6,月,　　うち輸入,36701,,,10015,506,2384.5,89.4
4003,2024,5,6,月,しょうが,37200,,,48905,858,******,155.7
4004,2024,5,6,月,しょうが,37200,高　知,39,33025,924,,
4005,2024,5,6,月,しょうが,37200,静　岡,22,3196,1145,,
4006,2024,5,6,月,しょうが,37200,熊　本,43,2153,651,,
4007,2024,5,6,月,しょうが,37200,長　崎,42,1615,514,,
4008,2024,5,6,月,　　うち輸入,37201,,,4632,502,3088,80.2
4009,2024,5,6,月,生しいたけ,38100,,,105660,994,******,96.3
4010,2024,5,6,月,生しいたけ,38100,秋　田,5,19505,1161,,
4011,2024,5,6,月,生しいたけ,38100,徳　島,36,16742,991,,
4012,2024,5,6,月,生しいたけ,38100,長　崎,42,11275,861,,
4013,2024,5,6,月,生しいたけ,38100,岩　手,3,8413,957,,
4014,2024,5,6,月,生しいたけ,38100,福　島,7,6018,880,,
4015,2024,5,6,月,　　うち輸入,38101,,,1546,888,－,－
4016,2024,5,6,月,なめこ,38300,,,30961,496,－,－
4017,2024,5,6,月,なめこ,38300,長　野,20,9747,464,,
4018,2024,5,6,月,なめこ,38300,山　形,6,6215,545,,
4019,2024,5,6,月,なめこ,38300,三　重,24,3136,546,,
4020,2024,5,6,月,なめこ,38300,大　分,44,2466,506,,
4021,2024,5,6,月,なめこ,38300,宮　城,4,2361,490,,
4022,2024,5,6,月,えのきだけ,38400,,,158439,329,******,76.2
4023,2024,5,6,月,えのきだけ,38400,長　野,20,96198,343,,
4024,2024,5,6,月,えのきだけ,38400,新　潟,15,26998,301,,
4025,2024,5,6,月,えのきだけ,38400,福　岡,40,9129,334,,
4026,2024,5,6,月,しめじ,38500,,,83409,480,4595.5,79.5
4027,2024,5,6,月,しめじ,38500,長　野,20,54873,449,,
4028,2024,5,6,月,しめじ,38500,福　岡,40,9612,526,,
4029,2024,5,6,月,しめじ,38500,新　潟,15,5984,615,,
4030,2024,5,6,月,その他の野菜,39000,,,490770,909,3069.6,129.3
4031,2024,5,6,月,輸入野菜計,39100,,,391310,269,******,86.5
4032,2024,5,6,月,他の輸入野菜,39200,,,84719,447,5685.8,182.4
4033,2024,5,13,月,野菜総計,30000,,,13846204,300,118.2,100
4034,2024,5,13,月,野菜総計,30000,茨　城,8,1779257,284,,
4035,2024,5,13,月,野菜総計,30000,長　崎,42,1114824,228,,
4036,2024,5,13,月,野菜総計,30000,千　葉,12,1101689,226,,
4037,2024,5,13,月,野菜総計,30000,佐　賀,41,1075989,145,,
4038,2024,5,13,月,野菜総計,30000,徳　島,36,934872,250,,
4039,2024,5,13,月,野菜総計,30000,熊　本,43,888013,372,,
4040,2024,5,13,月,野菜総計,30000,愛　知,23,706323,374,,
4041,2024,5,13,月,だいこん,30100,,,753046,133,95.4,101.5
4042,2024,5,13,月,だいこん,30100,千　葉,12,392264,135,,
4043,2024,5,13,月,だいこん,30100,茨　城,8,92746,142,,
4044,2024,5,13,月,だいこん,30100,長　崎,42,74819,104,,
4045,2024,5,13,月,だいこん,30100,鹿児島,46,45234,100,,
4046,2024,5,13,月,かぶ,30200,,,78341,144,96.5,101.4
4047,2024,5,13,月,かぶ,30200,千　葉,12,50800,142,,
4048,2024,5,13,月,かぶ,30200,埼　玉,11,10869,125,,
4049,2024,5,13,月,かぶ,30200,北海道,1,9312,149,,
4050,2024,5,13,月,にんじん,30300,,,1196665,200,141.3,93.9
4051,2024,5,13,月,にんじん,30300,徳　島,36,814521,202,,
4052,2024,5,13,月,にんじん,30300,長　崎,42,144042,181,,
4053,2024,5,13,月,ごぼう,30400,,,74301,350,119.1,86.8
4054,2024,5,13,月,ごぼう,30400,青　森,2,34411,316,,
4055,2024,5,13,月,ごぼう,30400,熊　本,43,18277,557,,
4056,2024,5,13,月,ごぼう,30400,北海道,1,15118,152,,
4057,2024,5,13,月,たけのこ,30500,,,7927,664,39.2,169.4
4058,2024,5,13,月,たけのこ,30500,石　川,17,2352,622,,
4059,2024,5,13,月,たけのこ,30500,京　都,26,1724,615,,
4060,2024,5,13,月,たけのこ,30500,宮　城,4,765,121,,
4061,2024,5,13,月,たけのこ,30500,北海道,1,501,1572,,
4062,2024,5,13,月,たけのこ,30500,香　川,37,374,334,,
4063,2024,5,13,月,れんこん,30600,,,31666,648,75.1,105.5
4064,2024,5,13,月,れんこん,30600,茨　城,8,18602,624,,
4065,2024,5,13,月,れんこん,30600,徳　島,36,4650,644,,
4066,2024,5,13,月,れんこん,30600,愛　知,23,3160,485,,
4067,2024,5,13,月,はくさい,31100,,,971135,128,114.1,100
4068,2024,5,13,月,はくさい,31100,茨　城,8,645773,140,,
4069,2024,5,13,月,はくさい,31100,大　分,44,97950,79,,
4070,2024,5,13,月,はくさい,31100,宮　崎,45,68555,82,,
4071,2024,5,13,月,みずな,31300,,,50377,311,104.4,103.7
4072,2024,5,13,月,みずな,31300,茨　城,8,36972,273,,
4073,2024,5,13,月,みずな,31300,福　岡,40,7479,359,,
4074,2024,5,13,月,こまつな,31500,,,151915,320,114.6,106
4075,2024,5,13,月,こまつな,31500,茨　城,8,79345,296,,
4076,2024,5,13,月,こまつな,31500,福　岡,40,33302,318,,
4077,2024,5,13,月,こまつな,31500,埼　玉,11,6947,365,,
4078,2024,5,13,月,こまつな,31500,北海道,1,6366,440,,
4079,2024,5,13,月,その他の菜類,31550,,,3943,438,164.6,89
4080,2024,5,13,月,ちんげんさい,31560,,,49183,327,98.6,103.8
4081,2024,5,13,月,ちんげんさい,31560,茨　城,8,15175,296,,
4082,2024,5,13,月,ちんげんさい,31560,静　岡,22,10986,361,,
4083,2024,5,13,月,ちんげんさい,31560,福　岡,40,5498,368,,
4084,2024,5,13,月,ちんげんさい,31560,愛　知,23,4274,288,,
4085,2024,5,13,月,ちんげんさい,31560,埼　玉,11,2659,248,,
4086,2024,5,13,月,キャベツ,31700,,,1455325,243,96.2,114.1
4087,2024,5,13,月,キャベツ,31700,千　葉,12,338162,196,,
4088,2024,5,13,月,キャベツ,31700,愛　知,23,288976,332,,
4089,2024,5,13,月,キャベツ,31700,神奈川,14,228433,218,,
4090,2024,5,13,月,キャベツ,31700,茨　城,8,216882,324,,
4091,2024,5,13,月,キャベツ,31700,鹿児島,46,80158,167,,
4092,2024,5,13,月,ほうれんそう,31800,,,156824,568,122.7,106
4093,2024,5,13,月,ほうれんそう,31800,群　馬,10,53575,491,,
4094,2024,5,13,月,ほうれんそう,31800,茨　城,8,36464,561,,
4095,2024,5,13,月,ほうれんそう,31800,岐　阜,21,31520,628,,
4096,2024,5,13,月,ほうれんそう,31800,福　岡,40,9659,579,,
4097,2024,5,13,月,ねぎ,31900,,,338104,491,95.3,99.6
4098,2024,5,13,月,ねぎ,31900,茨　城,8,130038,496,,
4099,2024,5,13,月,ねぎ,31900,千　葉,12,37078,405,,
4100,2024,5,13,月,ねぎ,31900,大　分,44,36975,499,,
4101,2024,5,13,月,ねぎ,31900,埼　玉,11,19543,364,,
4102,2024,5,13,月,ねぎ,31900,鳥　取,31,12874,447,,
4103,2024,5,13,月,ふき,32300,,,12698,395,103.7,93.8
4104,2024,5,13,月,ふき,32300,愛　知,23,5436,292,,
4105,2024,5,13,月,ふき,32300,群　馬,10,2024,307,,
4106,2024,5,13,月,ふき,32300,北海道,1,1844,360,,
4107,2024,5,13,月,ふき,32300,福　岡,40,700,377,,
4108,2024,5,13,月,ふき,32300,愛　媛,38,539,770,,
4109,2024,5,13,月,うど,32400,,,2072,767,70,105.8
4110,2024,5,13,月,うど,32400,北海道,1,846,585,,
4111,2024,5,13,月,うど,32400,栃　木,9,708,906,,
4112,2024,5,13,月,うど,32400,茨　城,8,308,894,,
4113,2024,5,13,月,みつば,32500,,,13284,506,97,102.6
4114,2024,5,13,月,みつば,32500,千　葉,12,2471,360,,
4115,2024,5,13,月,みつば,32500,静　岡,22,1923,553,,
4116,2024,5,13,月,みつば,32500,愛　知,23,1902,499,,
4117,2024,5,13,月,みつば,32500,埼　玉,11,1604,518,,
4118,2024,5,13,月,みつば,32500,大　分,44,1407,570,,
4119,2024,5,13,月,しゅんぎく,32600,,,9116,738,109.2,96.7
4120,2024,5,13,月,しゅんぎく,32600,福　岡,40,2635,610,,
4121,2024,5,13,月,しゅんぎく,32600,茨　城,8,2236,584,,
4122,2024,5,13,月,しゅんぎく,32600,群　馬,10,930,821,,
4123,2024,5,13,月,しゅんぎく,32600,大　阪,27,707,619,,
4124,2024,5,13,月,しゅんぎく,32600,千　葉,12,628,981,,
4125,2024,5,13,月,にら,32800,,,88928,461,89.6,100.4
4126,2024,5,13,月,にら,32800,高　知,39,28666,430,,
4127,2024,5,13,月,にら,32800,栃　木,9,15312,484,,
4128,2024,5,13,月,にら,32800,茨　城,8,12208,378,,
4129,2024,5,13,月,にら,32800,北海道,1,9475,629,,
4130,2024,5,13,月,にら,32800,大　分,44,9230,452,,
4131,2024,5,13,月,セルリー,32900,,,48508,433,104.4,106.7
4132,2024,5,13,月,セルリー,32900,福　岡,40,16060,413,,
4133,2024,5,13,月,セルリー,32900,静　岡,22,15967,438,,
4134,2024,5,13,月,セルリー,32900,茨　城,8,6606,478,,
4135,2024,5,13,月,セルリー,32900,長　野,20,4318,531,,
4136,2024,5,13,月,アスパラガス,33100,,,41774,1830,121.3,103
4137,2024,5,13,月,アスパラガス,33100,栃　木,9,6672,1812,,
4138,2024,5,13,月,アスパラガス,33100,長　野,20,5142,1887,,
4139,2024,5,13,月,アスパラガス,33100,北海道,1,4878,1764,,
4140,2024,5,13,月,アスパラガス,33100,山　形,6,3532,1970,,
4141,2024,5,13,月,アスパラガス,33100,佐　賀,41,3346,1822,,
4142,2024,5,13,月,　　うち輸入,33101,,,1303,1447,95.2,114.3
4143,2024,5,13,月,カリフラワー,33200,,,23229,288,115.7,102.5
4144,2024,5,13,月,カリフラワー,33200,茨　城,8,12805,300,,
4145,2024,5,13,月,カリフラワー,33200,徳　島,36,8394,274,,
4146,2024,5,13,月,ブロッコリー,33300,,,140865,858,134.7,100.8
4147,2024,5,13,月,ブロッコリー,33300,埼　玉,11,24379,779,,
4148,2024,5,13,月,ブロッコリー,33300,徳　島,36,23425,896,,
4149,2024,5,13,月,ブロッコリー,33300,熊　本,43,17804,892,,
4150,2024,5,13,月,ブロッコリー,33300,長　崎,42,15576,912,,
4151,2024,5,13,月,ブロッコリー,33300,香　川,37,14979,1042,,
4152,2024,5,13,月,レタス,33400,,,819540,186,121.1,106.9
4153,2024,5,13,月,レタス,33400,長　野,20,360060,218,,
4154,2024,5,13,月,レタス,33400,群　馬,10,150180,129,,
4155,2024,5,13,月,レタス,33400,茨　城,8,94330,156,,
4156,2024,5,13,月,レタス,33400,長　崎,42,41800,143,,
4157,2024,5,13,月,レタス,33400,山　梨,19,38290,148,,
4158,2024,5,13,月,パセリ,33600,,,3911,1427,97.4,95.1
4159,2024,5,13,月,パセリ,33600,千　葉,12,1836,1071,,
4160,2024,5,13,月,パセリ,33600,静　岡,22,587,1668,,
4161,2024,5,13,月,パセリ,33600,茨　城,8,377,1176,,
4162,2024,5,13,月,パセリ,33600,福　岡,40,263,1574,,
4163,2024,5,13,月,パセリ,33600,長　野,20,234,2203,,
4164,2024,5,13,月,きゅうり,34100,,,882252,331,167,100.9
4165,2024,5,13,月,きゅうり,34100,宮　崎,45,155347,354,,
4166,2024,5,13,月,きゅうり,34100,群　馬,10,135521,358,,
4167,2024,5,13,月,きゅうり,34100,埼　玉,11,113145,339,,
4168,2024,5,13,月,きゅうり,34100,佐　賀,41,61999,298,,
4169,2024,5,13,月,きゅうり,34100,高　知,39,61073,309,,
4170,2024,5,13,月,かぼちゃ,34200,,,311630,240,121.6,99.2
4171,2024,5,13,月,かぼちゃ,34200,鹿児島,46,19046,458,,
4172,2024,5,13,月,かぼちゃ,34200,宮　崎,45,13394,481,,
4173,2024,5,13,月,かぼちゃ,34200,茨　城,8,11156,368,,
4174,2024,5,13,月,かぼちゃ,34200,沖　縄,47,9595,360,,
4175,2024,5,13,月,かぼちゃ,34200,群　馬,10,7232,430,,
4176,2024,5,13,月,　　うち輸入,34201,,,241493,185,119.9,96.9
4177,2024,5,13,月,なす,34300,,,426781,410,133.3,102.2
4178,2024,5,13,月,なす,34300,高　知,39,155982,380,,
4179,2024,5,13,月,なす,34300,福　岡,40,75708,433,,
4180,2024,5,13,月,なす,34300,熊　本,43,70953,405,,
4181,2024,5,13,月,なす,34300,群　馬,10,35974,480,,
4182,2024,5,13,月,なす,34300,愛　知,23,17552,392,,
4183,2024,5,13,月,トマト,34400,,,845562,357,130.1,97.8
4184,2024,5,13,月,トマト,34400,熊　本,43,366139,331,,
4185,2024,5,13,月,トマト,34400,栃　木,9,138645,322,,
4186,2024,5,13,月,トマト,34400,愛　知,23,102387,374,,
4187,2024,5,13,月,トマト,34400,福　岡,40,56612,322,,
4188,2024,5,13,月,トマト,34400,千　葉,12,18890,321,,
4189,2024,5,13,月,ミニトマト,34450,,,356264,529,140.8,99.2
4190,2024,5,13,月,ミニトマト,34450,熊　本,43,216053,455,,
4191,2024,5,13,月,ミニトマト,34450,愛　知,23,43409,690,,
4192,2024,5,13,月,ミニトマト,34450,宮　崎,45,24832,528,,
4193,2024,5,13,月,ミニトマト,34450,長　崎,42,15082,529,,
4194,2024,5,13,月,ピーマン,34500,,,362290,581,129.6,96.7
4195,2024,5,13,月,ピーマン,34500,茨　城,8,125487,616,,
4196,2024,5,13,月,ピーマン,34500,宮　崎,45,93953,566,,
4197,2024,5,13,月,ピーマン,34500,鹿児島,46,62235,520,,
4198,2024,5,13,月,ピーマン,34500,高　知,39,50627,583,,
4199,2024,5,13,月,ししとうがらし,34600,,,9073,1966,111.8,102.7
4200,2024,5,13,月,ししとうがらし,34600,高　知,39,6426,2060,,
4201,2024,5,13,月,ししとうがらし,34600,宮　崎,45,881,937,,
4202,2024,5,13,月,スイートコーン,34700,,,75199,465,153.8,87.9
4203,2024,5,13,月,スイートコーン,34700,長　崎,42,46909,420,,
4204,2024,5,13,月,スイートコーン,34700,宮　崎,45,22908,517,,
4205,2024,5,13,月,さやいんげん,35100,,,16530,1128,98.9,101.3
4206,2024,5,13,月,さやいんげん,35100,鹿児島,46,6191,1123,,
4207,2024,5,13,月,さやいんげん,35100,千　葉,12,4733,1189,,
4208,2024,5,13,月,さやいんげん,35100,長　崎,42,1488,1093,,
4209,2024,5,13,月,さやいんげん,35100,高　知,39,1368,1398,,
4210,2024,5,13,月,さやえんどう,35200,,,16931,1470,118.8,99.3
4211,2024,5,13,月,さやえんどう,35200,福　島,7,7565,1485,,
4212,2024,5,13,月,さやえんどう,35200,茨　城,8,2130,1400,,
4213,2024,5,13,月,さやえんどう,35200,京　都,26,891,1470,,
4214,2024,5,13,月,さやえんどう,35200,広　島,34,828,1433,,
4215,2024,5,13,月,さやえんどう,35200,徳　島,36,769,1647,,
4216,2024,5,13,月,　　うち輸入,35201,,,686,925,90.5,102.9
4217,2024,5,13,月,実えんどう,35300,,,5343,1233,100.6,96
4218,2024,5,13,月,実えんどう,35300,和歌山,30,3567,1042,,
4219,2024,5,13,月,実えんどう,35300,福　岡,40,514,1509,,
4220,2024,5,13,月,実えんどう,35300,千　葉,12,399,1808,,
4221,2024,5,13,月,そらまめ,35400,,,36700,619,95.9,100.5
4222,2024,5,13,月,そらまめ,35400,千　葉,12,16559,613,,
4223,2024,5,13,月,そらまめ,35400,茨　城,8,4578,710,,
4224,2024,5,13,月,そらまめ,35400,愛　媛,38,4460,673,,
4225,2024,5,13,月,そらまめ,35400,香　川,37,3756,602,,
4226,2024,5,13,月,そらまめ,35400,熊　本,43,3073,567,,
4227,2024,5,13,月,えだまめ,35500,,,9512,1725,117,98.8
4228,2024,5,13,月,えだまめ,35500,千　葉,12,2908,1670,,
4229,2024,5,13,月,えだまめ,35500,沖　縄,47,2413,1784,,
4230,2024,5,13,月,えだまめ,35500,静　岡,22,1059,1783,,
4231,2024,5,13,月,えだまめ,35500,徳　島,36,655,1681,,
4232,2024,5,13,月,えだまめ,35500,埼　玉,11,643,1604,,
4233,2024,5,13,月,かんしょ,36100,,,193937,299,97.3,96.1
4234,2024,5,13,月,かんしょ,36100,茨　城,8,124326,283,,
4235,2024,5,13,月,かんしょ,36100,千　葉,12,32757,317,,
4236,2024,5,13,月,ばれいしょ,36200,,,1047247,197,108,101
4237,2024,5,13,月,ばれいしょ,36200,長　崎,42,662497,205,,
4238,2024,5,13,月,ばれいしょ,36200,鹿児島,46,255235,199,,
4239,2024,5,13,月,さといも,36300,,,14658,581,75.8,123.4
4240,2024,5,13,月,さといも,36300,鹿児島,46,5614,829,,
4241,2024,5,13,月,さといも,36300,千　葉,12,4765,480,,
4242,2024,5,13,月,さといも,36300,埼　玉,11,1370,310,,
4243,2024,5,13,月,やまのいも,36500,,,195897,408,144.8,102.8
4244,2024,5,13,月,やまのいも,36500,北海道,1,106413,377,,
4245,2024,5,13,月,やまのいも,36500,青　森,2,75768,403,,
4246,2024,5,13,月,たまねぎ,36610,,,1846689,120,138.3,97.6
4247,2024,5,13,月,たまねぎ,36610,佐　賀,41,967656,116,,
4248,2024,5,13,月,たまねぎ,36610,北海道,1,296219,129,,
4249,2024,5,13,月,たまねぎ,36610,兵　庫,28,288700,122,,
4250,2024,5,13,月,　　うち輸入,36620,,,25399,171,107.3,115.5
4251,2024,5,13,月,にんにく,36700,,,26993,1212,89,100.7
4252,2024,5,13,月,にんにく,36700,青　森,2,11617,1856,,
4253,2024,5,13,月,にんにく,36700,香　川,37,4781,978,,
4254,2024,5,13,月,にんにく,36700,徳　島,36,2010,897,,
4255,2024,5,13,月,にんにく,36700,和歌山,30,1158,687,,
4256,2024,5,13,月,にんにく,36700,熊　本,43,608,516,,
4257,2024,5,13,月,　　うち輸入,36701,,,6571,510,84.8,104.3
4258,2024,5,13,月,しょうが,37200,,,53139,887,111.3,103.5
4259,2024,5,13,月,しょうが,37200,高　知,39,34598,909,,
4260,2024,5,13,月,しょうが,37200,静　岡,22,5164,1074,,
4261,2024,5,13,月,しょうが,37200,和歌山,30,3764,996,,
4262,2024,5,13,月,　　うち輸入,37201,,,3613,510,111.6,100.6
4263,2024,5,13,月,生しいたけ,38100,,,57851,1005,98.7,99.1
4264,2024,5,13,月,生しいたけ,38100,秋　田,5,12252,1193,,
4265,2024,5,13,月,生しいたけ,38100,徳　島,36,9542,1012,,
4266,2024,5,13,月,生しいたけ,38100,長　崎,42,5444,839,,
4267,2024,5,13,月,生しいたけ,38100,岩　手,3,3756,1040,,
4268,2024,5,13,月,生しいたけ,38100,福　島,7,2805,883,,
4269,2024,5,13,月,　　うち輸入,38101,,,1090,721,73.3,90.6
4270,2024,5,13,月,なめこ,38300,,,21059,484,88.8,100
4271,2024,5,13,月,なめこ,38300,長　野,20,7566,460,,
4272,2024,5,13,月,なめこ,38300,山　形,6,2660,524,,
4273,2024,5,13,月,なめこ,38300,三　重,24,2576,551,,
4274,2024,5,13,月,なめこ,38300,大　分,44,1504,501,,
4275,2024,5,13,月,なめこ,38300,宮　城,4,1365,505,,
4276,2024,5,13,月,えのきだけ,38400,,,105260,320,103.3,97.9
4277,2024,5,13,月,えのきだけ,38400,長　野,20,61246,327,,
4278,2024,5,13,月,えのきだけ,38400,新　潟,15,15904,322,,
4279,2024,5,13,月,えのきだけ,38400,長　崎,42,6642,312,,
4280,2024,5,13,月,えのきだけ,38400,宮　崎,45,6167,307,,
4281,2024,5,13,月,しめじ,38500,,,64871,486,81.7,103
4282,2024,5,13,月,しめじ,38500,長　野,20,42629,473,,
4283,2024,5,13,月,しめじ,38500,福　岡,40,8659,468,,
4284,2024,5,13,月,しめじ,38500,茨　城,8,4854,350,,
4285,2024,5,13,月,その他の野菜,39000,,,341934,926,100.5,99.5
4286,2024,5,13,月,輸入野菜計,39100,,,347038,234,110.1,97.5
4287,2024,5,13,月,他の輸入野菜,39200,,,66886,355,88.4,109.6
4288,2024,5,20,月,野菜総計,30000,,,14164230,303,121.8,99.3
4289,2024,5,20,月,野菜総計,30000,茨　城,8,1759964,268,,
4290,2024,5,20,月,野菜総計,30000,千　葉,12,1368564,230,,
4291,2024,5,20,月,野菜総計,30000,長　崎,42,1273242,262,,
4292,2024,5,20,月,野菜総計,30000,佐　賀,41,891004,151,,
4293,2024,5,20,月,野菜総計,30000,熊　本,43,842910,395,,
4294,2024,5,20,月,野菜総計,30000,愛　知,23,807896,298,,
4295,2024,5,20,月,野菜総計,30000,徳　島,36,768764,245,,
4296,2024,5,20,月,だいこん,30100,,,806987,172,121.4,103
4297,2024,5,20,月,だいこん,30100,千　葉,12,399914,181,,
4298,2024,5,20,月,だいこん,30100,長　崎,42,96301,133,,
4299,2024,5,20,月,だいこん,30100,愛　知,23,51627,172,,
4300,2024,5,20,月,だいこん,30100,茨　城,8,51611,186,,
4301,2024,5,20,月,だいこん,30100,鹿児島,46,46516,133,,
4302,2024,5,20,月,かぶ,30200,,,94554,149,105.6,102.1
4303,2024,5,20,月,かぶ,30200,千　葉,12,52440,133,,
4304,2024,5,20,月,かぶ,30200,北海道,1,13225,134,,
4305,2024,5,20,月,かぶ,30200,埼　玉,11,11875,124,,
4306,2024,5,20,月,にんじん,30300,,,1119848,194,139.1,99.5
4307,2024,5,20,月,にんじん,30300,徳　島,36,628527,189,,
4308,2024,5,20,月,にんじん,30300,千　葉,12,192228,223,,
4309,2024,5,20,月,にんじん,30300,長　崎,42,119654,174,,
4310,2024,5,20,月,ごぼう,30400,,,82309,345,136.7,84.4
4311,2024,5,20,月,ごぼう,30400,青　森,2,54842,272,,
4312,2024,5,20,月,ごぼう,30400,熊　本,43,15282,552,,
4313,2024,5,20,月,たけのこ,30500,,,2907,741,102.6,106
4314,2024,5,20,月,たけのこ,30500,北海道,1,828,1363,,
4315,2024,5,20,月,たけのこ,30500,京　都,26,555,692,,
4316,2024,5,20,月,たけのこ,30500,香　川,37,390,313,,
4317,2024,5,20,月,たけのこ,30500,千　葉,12,360,194,,
4318,2024,5,20,月,たけのこ,30500,宮　城,4,238,134,,
4319,2024,5,20,月,れんこん,30600,,,25985,692,82.3,109.3
4320,2024,5,20,月,れんこん,30600,茨　城,8,15247,659,,
4321,2024,5,20,月,れんこん,30600,徳　島,36,4853,677,,
4322,2024,5,20,月,れんこん,30600,愛　知,23,1771,474,,
4323,2024,5,20,月,はくさい,31100,,,1063192,116,113.5,94.3
4324,2024,5,20,月,はくさい,31100,茨　城,8,687435,123,,
4325,2024,5,20,月,はくさい,31100,大　分,44,100416,98,,
4326,2024,5,20,月,はくさい,31100,宮　崎,45,70805,45,,
4327,2024,5,20,月,みずな,31300,,,45154,356,103.7,103.5
4328,2024,5,20,月,みずな,31300,茨　城,8,30610,325,,
4329,2024,5,20,月,みずな,31300,福　岡,40,6789,358,,
4330,2024,5,20,月,こまつな,31500,,,146239,377,103.9,106.5
4331,2024,5,20,月,こまつな,31500,茨　城,8,71344,358,,
4332,2024,5,20,月,こまつな,31500,福　岡,40,30016,370,,
4333,2024,5,20,月,こまつな,31500,埼　玉,11,7635,385,,
4334,2024,5,20,月,こまつな,31500,広　島,34,6649,569,,
4335,2024,5,20,月,こまつな,31500,北海道,1,6368,456,,
4336,2024,5,20,月,その他の菜類,31550,,,3776,454,134.3,102.3
4337,2024,5,20,月,ちんげんさい,31560,,,49171,312,99.2,99.4
4338,2024,5,20,月,ちんげんさい,31560,茨　城,8,14438,305,,
4339,2024,5,20,月,ちんげんさい,31560,静　岡,22,10391,366,,
4340,2024,5,20,月,ちんげんさい,31560,長　野,20,6738,196,,
4341,2024,5,20,月,ちんげんさい,31560,福　岡,40,5047,349,,
4342,2024,5,20,月,ちんげんさい,31560,愛　知,23,3762,282,,
4343,2024,5,20,月,キャベツ,31700,,,1626615,182,95.9,97.8
4344,2024,5,20,月,キャベツ,31700,千　葉,12,469437,187,,
4345,2024,5,20,月,キャベツ,31700,愛　知,23,374979,183,,
4346,2024,5,20,月,キャベツ,31700,茨　城,8,228680,179,,
4347,2024,5,20,月,キャベツ,31700,神奈川,14,217483,174,,
4348,2024,5,20,月,キャベツ,31700,兵　庫,28,83090,166,,
4349,2024,5,20,月,ほうれんそう,31800,,,168201,625,125.6,96.7
4350,2024,5,20,月,ほうれんそう,31800,群　馬,10,59685,551,,
4351,2024,5,20,月,ほうれんそう,31800,茨　城,8,44451,618,,
4352,2024,5,20,月,ほうれんそう,31800,岐　阜,21,30767,716,,
4353,2024,5,20,月,ねぎ,31900,,,324080,484,100.3,100.6
4354,2024,5,20,月,ねぎ,31900,茨　城,8,131353,471,,
4355,2024,5,20,月,ねぎ,31900,大　分,44,37227,479,,
4356,2024,5,20,月,ねぎ,31900,千　葉,12,30141,456,,
4357,2024,5,20,月,ねぎ,31900,埼　玉,11,16212,332,,
4358,2024,5,20,月,ねぎ,31900,栃　木,9,10993,285,,
4359,2024,5,20,月,ふき,32300,,,5370,427,72.7,101.7
4360,2024,5,20,月,ふき,32300,北海道,1,1790,292,,
4361,2024,5,20,月,ふき,32300,愛　知,23,1228,244,,
4362,2024,5,20,月,ふき,32300,福　岡,40,548,386,,
4363,2024,5,20,月,ふき,32300,愛　媛,38,382,819,,
4364,2024,5,20,月,ふき,32300,徳　島,36,258,647,,
4365,2024,5,20,月,うど,32400,,,2588,820,174.6,84.5
4366,2024,5,20,月,うど,32400,栃　木,9,1610,904,,
4367,2024,5,20,月,うど,32400,北海道,1,746,546,,
4368,2024,5,20,月,みつば,32500,,,13857,520,99.2,101.6
4369,2024,5,20,月,みつば,32500,千　葉,12,2437,389,,
4370,2024,5,20,月,みつば,32500,静　岡,22,2291,551,,
4371,2024,5,20,月,みつば,32500,愛　知,23,2217,485,,
4372,2024,5,20,月,みつば,32500,埼　玉,11,1349,557,,
4373,2024,5,20,月,みつば,32500,大　分,44,1345,572,,
4374,2024,5,20,月,しゅんぎく,32600,,,9437,686,121,88.6
4375,2024,5,20,月,しゅんぎく,32600,茨　城,8,3369,453,,
4376,2024,5,20,月,しゅんぎく,32600,福　岡,40,1905,665,,
4377,2024,5,20,月,しゅんぎく,32600,群　馬,10,999,763,,
4378,2024,5,20,月,しゅんぎく,32600,宮　城,4,737,979,,
4379,2024,5,20,月,しゅんぎく,32600,千　葉,12,640,912,,
4380,2024,5,20,月,にら,32800,,,86738,467,87.6,102.6
4381,2024,5,20,月,にら,32800,高　知,39,29917,456,,
4382,2024,5,20,月,にら,32800,栃　木,9,13518,502,,
4383,2024,5,20,月,にら,32800,茨　城,8,10808,382,,
4384,2024,5,20,月,にら,32800,大　分,44,9320,442,,
4385,2024,5,20,月,にら,32800,北海道,1,8125,613,,
4386,2024,5,20,月,セルリー,32900,,,42648,459,91.7,106.5
4387,2024,5,20,月,セルリー,32900,長　野,20,15810,522,,
4388,2024,5,20,月,セルリー,32900,福　岡,40,11892,427,,
4389,2024,5,20,月,セルリー,32900,茨　城,8,5206,474,,
4390,2024,5,20,月,セルリー,32900,静　岡,22,3727,389,,
4391,2024,5,20,月,アスパラガス,33100,,,49908,1860,113,104.1
4392,2024,5,20,月,アスパラガス,33100,北海道,1,11943,1831,,
4393,2024,5,20,月,アスパラガス,33100,長　野,20,6632,1956,,
4394,2024,5,20,月,アスパラガス,33100,栃　木,9,5572,1797,,
4395,2024,5,20,月,アスパラガス,33100,佐　賀,41,3990,1885,,
4396,2024,5,20,月,アスパラガス,33100,山　形,6,3937,1984,,
4397,2024,5,20,月,　　うち輸入,33101,,,1285,1519,107.4,107.8
4398,2024,5,20,月,カリフラワー,33200,,,18416,325,111.8,102.2
4399,2024,5,20,月,カリフラワー,33200,茨　城,8,7983,345,,
4400,2024,5,20,月,カリフラワー,33200,徳　島,36,5530,313,,
4401,2024,5,20,月,カリフラワー,33200,愛　知,23,1192,216,,
4402,2024,5,20,月,カリフラワー,33200,新　潟,15,786,427,,
4403,2024,5,20,月,ブロッコリー,33300,,,216138,659,144.5,87.4
4404,2024,5,20,月,ブロッコリー,33300,香　川,37,34716,744,,
4405,2024,5,20,月,ブロッコリー,33300,徳　島,36,31441,613,,
4406,2024,5,20,月,ブロッコリー,33300,熊　本,43,19990,784,,
4407,2024,5,20,月,ブロッコリー,33300,福　島,7,19870,780,,
4408,2024,5,20,月,ブロッコリー,33300,鳥　取,31,19680,570,,
4409,2024,5,20,月,レタス,33400,,,735236,210,105,103.4
4410,2024,5,20,月,レタス,33400,長　野,20,363685,237,,
4411,2024,5,20,月,レタス,33400,群　馬,10,141284,148,,
4412,2024,5,20,月,レタス,33400,茨　城,8,64901,180,,
4413,2024,5,20,月,レタス,33400,山　梨,19,37838,188,,
4414,2024,5,20,月,パセリ,33600,,,3830,1447,104.9,98
4415,2024,5,20,月,パセリ,33600,千　葉,12,1848,1115,,
4416,2024,5,20,月,パセリ,33600,静　岡,22,426,1682,,
4417,2024,5,20,月,パセリ,33600,長　野,20,360,2034,,
4418,2024,5,20,月,パセリ,33600,茨　城,8,321,1118,,
4419,2024,5,20,月,パセリ,33600,福　岡,40,273,1481,,
4420,2024,5,20,月,きゅうり,34100,,,905672,314,140.4,98.7
4421,2024,5,20,月,きゅうり,34100,宮　崎,45,165726,335,,
4422,2024,5,20,月,きゅうり,34100,群　馬,10,142559,332,,
4423,2024,5,20,月,きゅうり,34100,埼　玉,11,114079,315,,
4424,2024,5,20,月,きゅうり,34100,佐　賀,41,56677,285,,
4425,2024,5,20,月,きゅうり,34100,高　知,39,52418,305,,
4426,2024,5,20,月,かぼちゃ,34200,,,300516,271,132.7,111.5
4427,2024,5,20,月,かぼちゃ,34200,鹿児島,46,31136,460,,
4428,2024,5,20,月,かぼちゃ,34200,茨　城,8,14058,308,,
4429,2024,5,20,月,かぼちゃ,34200,宮　崎,45,11583,469,,
4430,2024,5,20,月,かぼちゃ,34200,群　馬,10,11462,395,,
4431,2024,5,20,月,かぼちゃ,34200,沖　縄,47,9568,346,,
4432,2024,5,20,月,　　うち輸入,34201,,,207086,207,118.2,106.2
4433,2024,5,20,月,なす,34300,,,487362,423,136.8,102.9
4434,2024,5,20,月,なす,34300,高　知,39,173394,399,,
4435,2024,5,20,月,なす,34300,福　岡,40,88781,444,,
4436,2024,5,20,月,なす,34300,熊　本,43,79931,428,,
4437,2024,5,20,月,なす,34300,群　馬,10,35215,480,,
4438,2024,5,20,月,なす,34300,宮　崎,45,24066,377,,
4439,2024,5,20,月,トマト,34400,,,775381,393,137,99.5
4440,2024,5,20,月,トマト,34400,熊　本,43,322326,377,,
4441,2024,5,20,月,トマト,34400,栃　木,9,124728,355,,
4442,2024,5,20,月,トマト,34400,愛　知,23,85758,400,,
4443,2024,5,20,月,トマト,34400,福　岡,40,53398,367,,
4444,2024,5,20,月,トマト,34400,千　葉,12,25429,354,,
4445,2024,5,20,月,ミニトマト,34450,,,313274,564,146.9,98.8
4446,2024,5,20,月,ミニトマト,34450,熊　本,43,185607,489,,
4447,2024,5,20,月,ミニトマト,34450,愛　知,23,42892,702,,
4448,2024,5,20,月,ミニトマト,34450,宮　崎,45,21641,569,,
4449,2024,5,20,月,ミニトマト,34450,静　岡,22,17370,597,,
4450,2024,5,20,月,ピーマン,34500,,,350759,577,125.4,100
4451,2024,5,20,月,ピーマン,34500,茨　城,8,133570,608,,
4452,2024,5,20,月,ピーマン,34500,宮　崎,45,91956,570,,
4453,2024,5,20,月,ピーマン,34500,鹿児島,46,50129,515,,
4454,2024,5,20,月,ピーマン,34500,高　知,39,39617,565,,
4455,2024,5,20,月,ししとうがらし,34600,,,10122,1820,111,100.3
4456,2024,5,20,月,ししとうがらし,34600,高　知,39,6974,1932,,
4457,2024,5,20,月,ししとうがらし,34600,宮　崎,45,1028,895,,
4458,2024,5,20,月,ししとうがらし,34600,千　葉,12,983,2417,,
4459,2024,5,20,月,スイートコーン,34700,,,121230,395,157.7,95.2
4460,2024,5,20,月,スイートコーン,34700,長　崎,42,73201,356,,
4461,2024,5,20,月,スイートコーン,34700,宮　崎,45,35189,443,,
4462,2024,5,20,月,さやいんげん,35100,,,22869,1019,120.7,97.2
4463,2024,5,20,月,さやいんげん,35100,鹿児島,46,10181,950,,
4464,2024,5,20,月,さやいんげん,35100,千　葉,12,5418,1131,,
4465,2024,5,20,月,さやいんげん,35100,長　崎,42,2181,1020,,
4466,2024,5,20,月,さやいんげん,35100,茨　城,8,1656,1003,,
4467,2024,5,20,月,さやえんどう,35200,,,17774,1292,110.9,99.4
4468,2024,5,20,月,さやえんどう,35200,福　島,7,9515,1234,,
4469,2024,5,20,月,さやえんどう,35200,茨　城,8,1742,1319,,
4470,2024,5,20,月,さやえんどう,35200,広　島,34,845,1314,,
4471,2024,5,20,月,さやえんどう,35200,京　都,26,783,1278,,
4472,2024,5,20,月,さやえんどう,35200,宮　城,4,625,829,,
4473,2024,5,20,月,　　うち輸入,35201,,,678,902,144.3,104.6
4474,2024,5,20,月,実えんどう,35300,,,6204,1133,135.4,92
4475,2024,5,20,月,実えんどう,35300,徳　島,36,1660,1043,,
4476,2024,5,20,月,実えんどう,35300,和歌山,30,1598,1171,,
4477,2024,5,20,月,実えんどう,35300,福　島,7,1510,1080,,
4478,2024,5,20,月,実えんどう,35300,千　葉,12,325,1096,,
4479,2024,5,20,月,そらまめ,35400,,,32837,562,115.2,102.4
4480,2024,5,20,月,そらまめ,35400,茨　城,8,15084,591,,
4481,2024,5,20,月,そらまめ,35400,千　葉,12,11812,512,,
4482,2024,5,20,月,えだまめ,35500,,,11758,1607,97,99.6
4483,2024,5,20,月,えだまめ,35500,沖　縄,47,2094,1756,,
4484,2024,5,20,月,えだまめ,35500,埼　玉,11,1906,1602,,
4485,2024,5,20,月,えだまめ,35500,静　岡,22,1601,1571,,
4486,2024,5,20,月,えだまめ,35500,徳　島,36,1565,1380,,
4487,2024,5,20,月,えだまめ,35500,千　葉,12,1358,1620,,
4488,2024,5,20,月,かんしょ,36100,,,189426,313,79.9,99.1
4489,2024,5,20,月,かんしょ,36100,茨　城,8,103916,297,,
4490,2024,5,20,月,かんしょ,36100,千　葉,12,49000,332,,
4491,2024,5,20,月,ばれいしょ,36200,,,1282413,239,195.3,103.5
4492,2024,5,20,月,ばれいしょ,36200,長　崎,42,848652,258,,
4493,2024,5,20,月,ばれいしょ,36200,鹿児島,46,185036,206,,
4494,2024,5,20,月,さといも,36300,,,14592,603,99.6,103.1
4495,2024,5,20,月,さといも,36300,鹿児島,46,8676,724,,
4496,2024,5,20,月,さといも,36300,埼　玉,11,1840,315,,
4497,2024,5,20,月,さといも,36300,千　葉,12,1751,569,,
4498,2024,5,20,月,やまのいも,36500,,,175533,390,168.1,102.9
4499,2024,5,20,月,やまのいも,36500,北海道,1,84386,385,,
4500,2024,5,20,月,やまのいも,36500,青　森,2,81661,383,,
4501,2024,5,20,月,たまねぎ,36610,,,1670403,122,121.3,98.4
4502,2024,5,20,月,たまねぎ,36610,佐　賀,41,791898,118,,
4503,2024,5,20,月,たまねぎ,36610,北海道,1,315653,129,,
4504,2024,5,20,月,たまねぎ,36610,兵　庫,28,251901,134,,
4505,2024,5,20,月,　　うち輸入,36620,,,21281,142,98.8,97.3
4506,2024,5,20,月,にんにく,36700,,,24732,1341,109.5,101.6
4507,2024,5,20,月,にんにく,36700,青　森,2,12921,1964,,
4508,2024,5,20,月,にんにく,36700,香　川,37,3195,1062,,
4509,2024,5,20,月,にんにく,36700,徳　島,36,240,828,,
4510,2024,5,20,月,にんにく,36700,熊　本,43,162,400,,
4511,2024,5,20,月,にんにく,36700,茨　城,8,151,1174,,
4512,2024,5,20,月,　　うち輸入,36701,,,7977,484,110.7,92.9
4513,2024,5,20,月,しょうが,37200,,,51495,874,94,102.1
4514,2024,5,20,月,しょうが,37200,高　知,39,28876,906,,
4515,2024,5,20,月,しょうが,37200,和歌山,30,10215,945,,
4516,2024,5,20,月,しょうが,37200,静　岡,22,2871,1086,,
4517,2024,5,20,月,　　うち輸入,37201,,,3546,504,108.1,99.4
4518,2024,5,20,月,生しいたけ,38100,,,60284,979,101.4,97.9
4519,2024,5,20,月,生しいたけ,38100,徳　島,36,12156,976,,
4520,2024,5,20,月,生しいたけ,38100,秋　田,5,12117,1111,,
4521,2024,5,20,月,生しいたけ,38100,長　崎,42,5256,855,,
4522,2024,5,20,月,生しいたけ,38100,福　島,7,3718,865,,
4523,2024,5,20,月,生しいたけ,38100,岩　手,3,3361,1033,,
4524,2024,5,20,月,　　うち輸入,38101,,,978,776,62.3,99.2
4525,2024,5,20,月,なめこ,38300,,,21575,487,90.1,101.9
4526,2024,5,20,月,なめこ,38300,長　野,20,6581,462,,
4527,2024,5,20,月,なめこ,38300,山　形,6,3409,515,,
4528,2024,5,20,月,なめこ,38300,三　重,24,2528,555,,
4529,2024,5,20,月,なめこ,38300,大　分,44,1897,502,,
4530,2024,5,20,月,なめこ,38300,宮　城,4,1812,487,,
4531,2024,5,20,月,えのきだけ,38400,,,105066,321,96.9,98.8
4532,2024,5,20,月,えのきだけ,38400,長　野,20,66102,329,,
4533,2024,5,20,月,えのきだけ,38400,新　潟,15,13617,312,,
4534,2024,5,20,月,えのきだけ,38400,宮　崎,45,6536,306,,
4535,2024,5,20,月,しめじ,38500,,,74319,445,78.8,93.9
4536,2024,5,20,月,しめじ,38500,長　野,20,49071,403,,
4537,2024,5,20,月,しめじ,38500,福　岡,40,8963,466,,
4538,2024,5,20,月,しめじ,38500,茨　城,8,4596,336,,
4539,2024,5,20,月,その他の野菜,39000,,,395515,888,110.8,98.9
4540,2024,5,20,月,輸入野菜計,39100,,,308750,258,109.8,102.8
4541,2024,5,20,月,他の輸入野菜,39200,,,65923,374,93.2,107.8
4542,2024,5,27,月,野菜総計,30000,,,14632525,291,109.7,103.2
4543,2024,5,27,月,野菜総計,30000,茨　城,8,1845438,238,,
4544,2024,5,27,月,野菜総計,30000,千　葉,12,1504166,188,,
4545,2024,5,27,月,野菜総計,30000,長　野,20,1171502,217,,
4546,2024,5,27,月,野菜総計,30000,長　崎,42,1146928,278,,
4547,2024,5,27,月,野菜総計,30000,熊　本,43,935252,391,,
4548,2024,5,27,月,野菜総計,30000,愛　知,23,865262,302,,
4549,2024,5,27,月,野菜総計,30000,佐　賀,41,775771,170,,
4550,2024,5,27,月,だいこん,30100,,,965193,125,110.4,89.3
4551,2024,5,27,月,だいこん,30100,千　葉,12,353540,116,,
4552,2024,5,27,月,だいこん,30100,長　崎,42,128088,84,,
4553,2024,5,27,月,だいこん,30100,青　森,2,91075,165,,
4554,2024,5,27,月,だいこん,30100,茨　城,8,57660,116,,
4555,2024,5,27,月,だいこん,30100,和歌山,30,55967,136,,
4556,2024,5,27,月,かぶ,30200,,,81773,148,89.7,99.3
4557,2024,5,27,月,かぶ,30200,千　葉,12,48773,132,,
4558,2024,5,27,月,かぶ,30200,青　森,2,15899,229,,
4559,2024,5,27,月,かぶ,30200,埼　玉,11,7991,109,,
4560,2024,5,27,月,にんじん,30300,,,812449,200,115.2,102
4561,2024,5,27,月,にんじん,30300,千　葉,12,235979,216,,
4562,2024,5,27,月,にんじん,30300,徳　島,36,204824,192,,
4563,2024,5,27,月,にんじん,30300,長　崎,42,105790,186,,
4564,2024,5,27,月,にんじん,30300,茨　城,8,86065,221,,
4565,2024,5,27,月,にんじん,30300,岐　阜,21,62059,220,,
4566,2024,5,27,月,ごぼう,30400,,,70996,394,123.2,99.2
4567,2024,5,27,月,ごぼう,30400,青　森,2,26799,316,,
4568,2024,5,27,月,ごぼう,30400,熊　本,43,17775,578,,
4569,2024,5,27,月,ごぼう,30400,鹿児島,46,5258,491,,
4570,2024,5,27,月,ごぼう,30400,北海道,1,4730,184,,
4571,2024,5,27,月,ごぼう,30400,群　馬,10,4640,285,,
4572,2024,5,27,月,たけのこ,30500,,,22827,199,1294.8,28.9
4573,2024,5,27,月,たけのこ,30500,福　岡,40,20822,155,,
4574,2024,5,27,月,れんこん,30600,,,19880,869,74.9,124.9
4575,2024,5,27,月,れんこん,30600,茨　城,8,9694,751,,
4576,2024,5,27,月,れんこん,30600,徳　島,36,3990,785,,
4577,2024,5,27,月,れんこん,30600,熊　本,43,2322,1848,,
4578,2024,5,27,月,はくさい,31100,,,1176745,81,109.6,87.1
4579,2024,5,27,月,はくさい,31100,茨　城,8,605717,70,,
4580,2024,5,27,月,はくさい,31100,長　野,20,288017,111,,
4581,2024,5,27,月,はくさい,31100,大　分,44,89717,76,,
4582,2024,5,27,月,みずな,31300,,,53936,309,106.2,97.2
4583,2024,5,27,月,みずな,31300,茨　城,8,36730,284,,
4584,2024,5,27,月,みずな,31300,福　岡,40,9866,315,,
4585,2024,5,27,月,こまつな,31500,,,162490,364,114.9,97.8
4586,2024,5,27,月,こまつな,31500,茨　城,8,77401,356,,
4587,2024,5,27,月,こまつな,31500,福　岡,40,41472,374,,
4588,2024,5,27,月,こまつな,31500,埼　玉,11,7051,375,,
4589,2024,5,27,月,こまつな,31500,北海道,1,6203,463,,
4590,2024,5,27,月,その他の菜類,31550,,,2126,555,83.1,119.6
4591,2024,5,27,月,ちんげんさい,31560,,,46903,338,102.3,100.6
4592,2024,5,27,月,ちんげんさい,31560,茨　城,8,17190,326,,
4593,2024,5,27,月,ちんげんさい,31560,静　岡,22,9659,389,,
4594,2024,5,27,月,ちんげんさい,31560,福　岡,40,4558,376,,
4595,2024,5,27,月,ちんげんさい,31560,長　野,20,3926,243,,
4596,2024,5,27,月,ちんげんさい,31560,愛　知,23,3009,293,,
4597,2024,5,27,月,キャベツ,31700,,,1834765,137,85.6,103
4598,2024,5,27,月,キャベツ,31700,千　葉,12,592531,132,,
4599,2024,5,27,月,キャベツ,31700,愛　知,23,422348,157,,
4600,2024,5,27,月,キャベツ,31700,茨　城,8,315750,127,,
4601,2024,5,27,月,キャベツ,31700,神奈川,14,165113,116,,
4602,2024,5,27,月,ほうれんそう,31800,,,157819,554,117,96.7
4603,2024,5,27,月,ほうれんそう,31800,群　馬,10,52919,476,,
4604,2024,5,27,月,ほうれんそう,31800,岐　阜,21,35124,670,,
4605,2024,5,27,月,ほうれんそう,31800,茨　城,8,33013,500,,
4606,2024,5,27,月,ほうれんそう,31800,福　岡,40,8731,511,,
4607,2024,5,27,月,ねぎ,31900,,,326925,480,93.6,100.6
4608,2024,5,27,月,ねぎ,31900,茨　城,8,153117,424,,
4609,2024,5,27,月,ねぎ,31900,千　葉,12,37372,436,,
4610,2024,5,27,月,ねぎ,31900,大　分,44,28986,562,,
4611,2024,5,27,月,ねぎ,31900,埼　玉,11,9653,360,,
4612,2024,5,27,月,ねぎ,31900,福　岡,40,9462,1112,,
4613,2024,5,27,月,ふき,32300,,,4570,360,73.4,96.3
4614,2024,5,27,月,ふき,32300,北海道,1,1806,301,,
4615,2024,5,27,月,ふき,32300,愛　知,23,1415,221,,
4616,2024,5,27,月,ふき,32300,群　馬,10,256,332,,
4617,2024,5,27,月,ふき,32300,岩　手,3,230,541,,
4618,2024,5,27,月,うど,32400,,,1637,804,198.2,105.1
4619,2024,5,27,月,うど,32400,北海道,1,889,616,,
4620,2024,5,27,月,うど,32400,栃　木,9,408,1200,,
4621,2024,5,27,月,うど,32400,茨　城,8,240,838,,
4622,2024,5,27,月,みつば,32500,,,12805,507,98.9,98.1
4623,2024,5,27,月,みつば,32500,千　葉,12,2510,380,,
4624,2024,5,27,月,みつば,32500,愛　知,23,2017,500,,
4625,2024,5,27,月,みつば,32500,静　岡,22,1758,574,,
4626,2024,5,27,月,みつば,32500,大　分,44,1335,568,,
4627,2024,5,27,月,みつば,32500,埼　玉,11,1096,573,,
4628,2024,5,27,月,しゅんぎく,32600,,,8625,644,92.8,98.2
4629,2024,5,27,月,しゅんぎく,32600,茨　城,8,2302,413,,
4630,2024,5,27,月,しゅんぎく,32600,福　岡,40,2207,602,,
4631,2024,5,27,月,しゅんぎく,32600,群　馬,10,837,698,,
4632,2024,5,27,月,しゅんぎく,32600,宮　城,4,660,910,,
4633,2024,5,27,月,しゅんぎく,32600,大　阪,27,513,553,,
4634,2024,5,27,月,にら,32800,,,85873,474,89.3,99.8
4635,2024,5,27,月,にら,32800,高　知,39,30112,458,,
4636,2024,5,27,月,にら,32800,栃　木,9,11473,539,,
4637,2024,5,27,月,にら,32800,茨　城,8,10702,388,,
4638,2024,5,27,月,にら,32800,大　分,44,10070,435,,
4639,2024,5,27,月,にら,32800,山　形,6,7316,445,,
4640,2024,5,27,月,セルリー,32900,,,52149,399,96.6,93.9
4641,2024,5,27,月,セルリー,32900,長　野,20,28670,438,,
4642,2024,5,27,月,セルリー,32900,福　岡,40,14210,356,,
4643,2024,5,27,月,アスパラガス,33100,,,46462,1911,116.9,108.7
4644,2024,5,27,月,アスパラガス,33100,北海道,1,7508,2024,,
4645,2024,5,27,月,アスパラガス,33100,佐　賀,41,6171,1927,,
4646,2024,5,27,月,アスパラガス,33100,長　野,20,5835,1958,,
4647,2024,5,27,月,アスパラガス,33100,山　形,6,4531,2018,,
4648,2024,5,27,月,アスパラガス,33100,栃　木,9,3567,1770,,
4649,2024,5,27,月,　　うち輸入,33101,,,1393,1422,104.9,105.9
4650,2024,5,27,月,カリフラワー,33200,,,31592,283,128,92.8
4651,2024,5,27,月,カリフラワー,33200,茨　城,8,12754,314,,
4652,2024,5,27,月,カリフラワー,33200,徳　島,36,9717,236,,
4653,2024,5,27,月,カリフラワー,33200,新　潟,15,2310,369,,
4654,2024,5,27,月,カリフラワー,33200,埼　玉,11,1728,289,,
4655,2024,5,27,月,ブロッコリー,33300,,,311590,460,122,92
4656,2024,5,27,月,ブロッコリー,33300,香　川,37,53313,469,,
4657,2024,5,27,月,ブロッコリー,33300,鳥　取,31,36888,405,,
4658,2024,5,27,月,ブロッコリー,33300,徳　島,36,36718,422,,
4659,2024,5,27,月,ブロッコリー,33300,福　島,7,35592,480,,
4660,2024,5,27,月,ブロッコリー,33300,長　野,20,27295,660,,
4661,2024,5,27,月,レタス,33400,,,976007,168,124,94.4
4662,2024,5,27,月,レタス,33400,長　野,20,663772,176,,
4663,2024,5,27,月,レタス,33400,群　馬,10,145760,125,,
4664,2024,5,27,月,パセリ,33600,,,3927,1353,95.6,99.5
4665,2024,5,27,月,パセリ,33600,千　葉,12,1854,977,,
4666,2024,5,27,月,パセリ,33600,長　野,20,598,1787,,
4667,2024,5,27,月,パセリ,33600,静　岡,22,309,1507,,
4668,2024,5,27,月,パセリ,33600,茨　城,8,292,1164,,
4669,2024,5,27,月,パセリ,33600,福　岡,40,266,1340,,
4670,2024,5,27,月,きゅうり,34100,,,1084698,266,154.8,92
4671,2024,5,27,月,きゅうり,34100,宮　崎,45,193480,277,,
4672,2024,5,27,月,きゅうり,34100,群　馬,10,166656,281,,
4673,2024,5,27,月,きゅうり,34100,埼　玉,11,118350,259,,
4674,2024,5,27,月,きゅうり,34100,宮　城,4,70835,269,,
4675,2024,5,27,月,きゅうり,34100,佐　賀,41,67171,234,,
4676,2024,5,27,月,かぼちゃ,34200,,,339936,277,142.5,105.7
4677,2024,5,27,月,かぼちゃ,34200,鹿児島,46,32462,453,,
4678,2024,5,27,月,かぼちゃ,34200,群　馬,10,25265,297,,
4679,2024,5,27,月,かぼちゃ,34200,茨　城,8,19114,299,,
4680,2024,5,27,月,かぼちゃ,34200,沖　縄,47,14595,290,,
4681,2024,5,27,月,かぼちゃ,34200,宮　崎,45,10377,442,,
4682,2024,5,27,月,　　うち輸入,34201,,,208772,215,127.6,102.9
4683,2024,5,27,月,なす,34300,,,531300,411,141.7,96.5
4684,2024,5,27,月,なす,34300,高　知,39,181413,392,,
4685,2024,5,27,月,なす,34300,熊　本,43,94340,402,,
4686,2024,5,27,月,なす,34300,福　岡,40,86034,430,,
4687,2024,5,27,月,なす,34300,群　馬,10,40495,488,,
4688,2024,5,27,月,なす,34300,宮　崎,45,30178,376,,
4689,2024,5,27,月,トマト,34400,,,924824,397,150.2,95.2
4690,2024,5,27,月,トマト,34400,熊　本,43,364755,371,,
4691,2024,5,27,月,トマト,34400,栃　木,9,131067,374,,
4692,2024,5,27,月,トマト,34400,愛　知,23,106776,398,,
4693,2024,5,27,月,トマト,34400,福　岡,40,69232,359,,
4694,2024,5,27,月,トマト,34400,北海道,1,38758,505,,
4695,2024,5,27,月,ミニトマト,34450,,,319110,645,158.1,98.8
4696,2024,5,27,月,ミニトマト,34450,熊　本,43,177299,579,,
4697,2024,5,27,月,ミニトマト,34450,愛　知,23,53638,766,,
4698,2024,5,27,月,ミニトマト,34450,宮　崎,45,17701,634,,
4699,2024,5,27,月,ミニトマト,34450,静　岡,22,17319,692,,
4700,2024,5,27,月,ピーマン,34500,,,371612,582,131.9,99.1
4701,2024,5,27,月,ピーマン,34500,茨　城,8,143082,620,,
4702,2024,5,27,月,ピーマン,34500,宮　崎,45,70610,581,,
4703,2024,5,27,月,ピーマン,34500,高　知,39,57738,568,,
4704,2024,5,27,月,ピーマン,34500,鹿児島,46,55279,511,,
4705,2024,5,27,月,ししとうがらし,34600,,,12362,1490,105.4,95.2
4706,2024,5,27,月,ししとうがらし,34600,高　知,39,7619,1578,,
4707,2024,5,27,月,ししとうがらし,34600,千　葉,12,1630,1704,,
4708,2024,5,27,月,ししとうがらし,34600,宮　崎,45,1179,772,,
4709,2024,5,27,月,スイートコーン,34700,,,137538,436,131.5,105.1
4710,2024,5,27,月,スイートコーン,34700,長　崎,42,65419,386,,
4711,2024,5,27,月,スイートコーン,34700,宮　崎,45,47400,460,,
4712,2024,5,27,月,さやいんげん,35100,,,26416,914,107.5,98.3
4713,2024,5,27,月,さやいんげん,35100,鹿児島,46,11414,858,,
4714,2024,5,27,月,さやいんげん,35100,千　葉,12,5412,1053,,
4715,2024,5,27,月,さやいんげん,35100,長　崎,42,3409,824,,
4716,2024,5,27,月,さやいんげん,35100,茨　城,8,2621,843,,
4717,2024,5,27,月,さやえんどう,35200,,,15987,1347,112.9,101.9
4718,2024,5,27,月,さやえんどう,35200,福　島,7,9160,1331,,
4719,2024,5,27,月,さやえんどう,35200,茨　城,8,1566,1209,,
4720,2024,5,27,月,さやえんどう,35200,青　森,2,623,2039,,
4721,2024,5,27,月,さやえんどう,35200,熊　本,43,555,1198,,
4722,2024,5,27,月,さやえんどう,35200,宮　城,4,553,860,,
4723,2024,5,27,月,　　うち輸入,35201,,,412,902,63.4,98.3
4724,2024,5,27,月,実えんどう,35300,,,6515,927,130.6,99.8
4725,2024,5,27,月,実えんどう,35300,和歌山,30,2222,1130,,
4726,2024,5,27,月,実えんどう,35300,福　島,7,1757,617,,
4727,2024,5,27,月,実えんどう,35300,徳　島,36,1663,888,,
4728,2024,5,27,月,そらまめ,35400,,,32761,547,112.5,104.4
4729,2024,5,27,月,そらまめ,35400,茨　城,8,14431,479,,
4730,2024,5,27,月,そらまめ,35400,宮　城,4,7434,622,,
4731,2024,5,27,月,そらまめ,35400,新　潟,15,6552,630,,
4732,2024,5,27,月,えだまめ,35500,,,25524,1321,103.1,95
4733,2024,5,27,月,えだまめ,35500,埼　玉,11,6654,1296,,
4734,2024,5,27,月,えだまめ,35500,徳　島,36,3337,1212,,
4735,2024,5,27,月,えだまめ,35500,愛　知,23,2832,1349,,
4736,2024,5,27,月,えだまめ,35500,沖　縄,47,2376,1493,,
4737,2024,5,27,月,えだまめ,35500,千　葉,12,2266,1442,,
4738,2024,5,27,月,かんしょ,36100,,,205144,308,105.1,98.4
4739,2024,5,27,月,かんしょ,36100,茨　城,8,118784,296,,
4740,2024,5,27,月,かんしょ,36100,千　葉,12,45290,326,,
4741,2024,5,27,月,かんしょ,36100,徳　島,36,22135,290,,
4742,2024,5,27,月,ばれいしょ,36200,,,925689,281,109.5,101.8
4743,2024,5,27,月,ばれいしょ,36200,長　崎,42,695317,296,,
4744,2024,5,27,月,ばれいしょ,36200,北海道,1,65071,142,,
4745,2024,5,27,月,さといも,36300,,,15656,610,97.3,106.8
4746,2024,5,27,月,さといも,36300,鹿児島,46,11232,666,,
4747,2024,5,27,月,さといも,36300,千　葉,12,2801,520,,
4748,2024,5,27,月,やまのいも,36500,,,153394,384,110.7,99.5
4749,2024,5,27,月,やまのいも,36500,北海道,1,81172,360,,
4750,2024,5,27,月,やまのいも,36500,青　森,2,67025,391,,
4751,2024,5,27,月,たまねぎ,36610,,,1425967,127,82.9,112.4
4752,2024,5,27,月,たまねぎ,36610,佐　賀,41,648751,126,,
4753,2024,5,27,月,たまねぎ,36610,兵　庫,28,307985,139,,
4754,2024,5,27,月,たまねぎ,36610,北海道,1,102199,121,,
4755,2024,5,27,月,たまねぎ,36610,愛　知,23,97194,118,,
4756,2024,5,27,月,　　うち輸入,36620,,,32653,172,164.9,123.7
4757,2024,5,27,月,にんにく,36700,,,20179,1321,81.7,96.6
4758,2024,5,27,月,にんにく,36700,青　森,2,10927,1882,,
4759,2024,5,27,月,にんにく,36700,香　川,37,1247,1109,,
4760,2024,5,27,月,にんにく,36700,埼　玉,11,730,1027,,
4761,2024,5,27,月,にんにく,36700,徳　島,36,244,851,,
4762,2024,5,27,月,にんにく,36700,静　岡,22,192,761,,
4763,2024,5,27,月,　　うち輸入,36701,,,6489,511,83.3,104.1
4764,2024,5,27,月,しょうが,37200,,,66504,845,115.5,97.5
4765,2024,5,27,月,しょうが,37200,高　知,39,35474,856,,
4766,2024,5,27,月,しょうが,37200,和歌山,30,15988,919,,
4767,2024,5,27,月,しょうが,37200,静　岡,22,3198,1053,,
4768,2024,5,27,月,　　うち輸入,37201,,,3977,493,126.5,97
4769,2024,5,27,月,生しいたけ,38100,,,56774,959,92.3,100.8
4770,2024,5,27,月,生しいたけ,38100,秋　田,5,12806,1069,,
4771,2024,5,27,月,生しいたけ,38100,徳　島,36,10124,936,,
4772,2024,5,27,月,生しいたけ,38100,長　崎,42,5030,854,,
4773,2024,5,27,月,生しいたけ,38100,岩　手,3,3191,1047,,
4774,2024,5,27,月,生しいたけ,38100,福　島,7,3115,829,,
4775,2024,5,27,月,　　うち輸入,38101,,,964,775,63.3,97.2
4776,2024,5,27,月,なめこ,38300,,,21800,486,93.4,100
4777,2024,5,27,月,なめこ,38300,長　野,20,7972,462,,
4778,2024,5,27,月,なめこ,38300,山　形,6,3401,524,,
4779,2024,5,27,月,なめこ,38300,三　重,24,2403,552,,
4780,2024,5,27,月,なめこ,38300,宮　城,4,1494,489,,
4781,2024,5,27,月,なめこ,38300,福　島,7,1455,460,,
4782,2024,5,27,月,えのきだけ,38400,,,104543,320,98.2,99.1
4783,2024,5,27,月,えのきだけ,38400,長　野,20,62255,329,,
4784,2024,5,27,月,えのきだけ,38400,新　潟,15,13396,316,,
4785,2024,5,27,月,えのきだけ,38400,福　岡,40,7745,307,,
4786,2024,5,27,月,えのきだけ,38400,長　崎,42,6714,308,,
4787,2024,5,27,月,しめじ,38500,,,76038,441,88.6,99.5
4788,2024,5,27,月,しめじ,38500,長　野,20,45002,412,,
4789,2024,5,27,月,しめじ,38500,福　岡,40,9981,444,,
4790,2024,5,27,月,しめじ,38500,新　潟,15,9739,459,,
4791,2024,5,27,月,その他の野菜,39000,,,462249,810,105,95
4792,2024,5,27,月,輸入野菜計,39100,,,324252,270,112.7,105.1
4793,2024,5,27,月,他の輸入野菜,39200,,,69593,412,77.5,132.1
4794,2024,6,3,月,野菜総計,30000,,,14192963,277,108.2,101.1
4795,2024,6,3,月,野菜総計,30000,茨　城,8,1856055,226,,
4796,2024,6,3,月,野菜総計,30000,長　野,20,1409716,183,,
4797,2024,6,3,月,野菜総計,30000,千　葉,12,1223290,199,,
4798,2024,6,3,月,野菜総計,30000,長　崎,42,952872,309,,
4799,2024,6,3,月,野菜総計,30000,熊　本,43,951004,341,,
4800,2024,6,3,月,野菜総計,30000,北海道,1,816382,201,,
4801,2024,6,3,月,野菜総計,30000,愛　知,23,725552,284,,
4802,2024,6,3,月,だいこん,30100,,,775325,103,83,96.3
4803,2024,6,3,月,だいこん,30100,千　葉,12,208441,78,,
4804,2024,6,3,月,だいこん,30100,青　森,2,195026,119,,
4805,2024,6,3,月,だいこん,30100,北海道,1,123184,134,,
4806,2024,6,3,月,だいこん,30100,愛　知,23,46426,109,,
4807,2024,6,3,月,だいこん,30100,熊　本,43,35451,75,,
4808,2024,6,3,月,かぶ,30200,,,77648,153,114.1,101.3
4809,2024,6,3,月,かぶ,30200,千　葉,12,41364,131,,
4810,2024,6,3,月,かぶ,30200,青　森,2,14167,255,,
4811,2024,6,3,月,かぶ,30200,埼　玉,11,10762,119,,
4812,2024,6,3,月,にんじん,30300,,,700066,233,109,103.1
4813,2024,6,3,月,にんじん,30300,千　葉,12,223521,232,,
4814,2024,6,3,月,にんじん,30300,長　崎,42,135042,239,,
4815,2024,6,3,月,にんじん,30300,茨　城,8,102440,246,,
4816,2024,6,3,月,にんじん,30300,岐　阜,21,60985,261,,
4817,2024,6,3,月,にんじん,30300,徳　島,36,59350,212,,
4818,2024,6,3,月,ごぼう,30400,,,67798,416,91.6,124.2
4819,2024,6,3,月,ごぼう,30400,青　森,2,15029,443,,
4820,2024,6,3,月,ごぼう,30400,熊　本,43,13890,544,,
4821,2024,6,3,月,ごぼう,30400,宮　崎,45,10228,507,,
4822,2024,6,3,月,ごぼう,30400,北海道,1,8620,135,,
4823,2024,6,3,月,ごぼう,30400,群　馬,10,8311,317,,
4824,2024,6,3,月,たけのこ,30500,,,1400,590,1.3,596
4825,2024,6,3,月,たけのこ,30500,北海道,1,549,1094,,
4826,2024,6,3,月,たけのこ,30500,茨　城,8,351,115,,
4827,2024,6,3,月,たけのこ,30500,宮　城,4,124,195,,
4828,2024,6,3,月,たけのこ,30500,福　岡,40,119,353,,
4829,2024,6,3,月,れんこん,30600,,,15116,1114,85.3,115.3
4830,2024,6,3,月,れんこん,30600,茨　城,8,6578,1133,,
4831,2024,6,3,月,れんこん,30600,徳　島,36,3444,931,,
4832,2024,6,3,月,れんこん,30600,熊　本,43,2290,1538,,
4833,2024,6,3,月,はくさい,31100,,,1245107,78,144.1,101.3
4834,2024,6,3,月,はくさい,31100,茨　城,8,582547,68,,
4835,2024,6,3,月,はくさい,31100,長　野,20,405500,95,,
4836,2024,6,3,月,はくさい,31100,大　分,44,120999,56,,
4837,2024,6,3,月,みずな,31300,,,47918,284,98.1,100
4838,2024,6,3,月,みずな,31300,茨　城,8,33216,256,,
4839,2024,6,3,月,みずな,31300,福　岡,40,6179,305,,
4840,2024,6,3,月,こまつな,31500,,,148936,314,107.3,97.8
4841,2024,6,3,月,こまつな,31500,茨　城,8,66322,312,,
4842,2024,6,3,月,こまつな,31500,福　岡,40,39537,286,,
4843,2024,6,3,月,こまつな,31500,埼　玉,11,7358,320,,
4844,2024,6,3,月,こまつな,31500,北海道,1,6708,431,,
4845,2024,6,3,月,その他の菜類,31550,,,1747,585,91.2,105
4846,2024,6,3,月,ちんげんさい,31560,,,44203,330,78.8,102.8
4847,2024,6,3,月,ちんげんさい,31560,茨　城,8,14801,311,,
4848,2024,6,3,月,ちんげんさい,31560,静　岡,22,8521,398,,
4849,2024,6,3,月,ちんげんさい,31560,長　野,20,5129,231,,
4850,2024,6,3,月,ちんげんさい,31560,福　岡,40,4744,349,,
4851,2024,6,3,月,ちんげんさい,31560,愛　知,23,2538,315,,
4852,2024,6,3,月,キャベツ,31700,,,1741630,111,93.9,95.7
4853,2024,6,3,月,キャベツ,31700,千　葉,12,448734,121,,
4854,2024,6,3,月,キャベツ,31700,茨　城,8,408923,96,,
4855,2024,6,3,月,キャベツ,31700,愛　知,23,314383,113,,
4856,2024,6,3,月,キャベツ,31700,神奈川,14,111022,110,,
4857,2024,6,3,月,キャベツ,31700,福　岡,40,60280,100,,
4858,2024,6,3,月,ほうれんそう,31800,,,165303,526,113.7,100.8
4859,2024,6,3,月,ほうれんそう,31800,群　馬,10,55608,431,,
4860,2024,6,3,月,ほうれんそう,31800,岐　阜,21,41600,628,,
4861,2024,6,3,月,ほうれんそう,31800,茨　城,8,30879,497,,
4862,2024,6,3,月,ほうれんそう,31800,北海道,1,8145,614,,
4863,2024,6,3,月,ねぎ,31900,,,332296,478,92.2,102.1
4864,2024,6,3,月,ねぎ,31900,茨　城,8,154915,416,,
4865,2024,6,3,月,ねぎ,31900,千　葉,12,41698,429,,
4866,2024,6,3,月,ねぎ,31900,大　分,44,30237,550,,
4867,2024,6,3,月,ねぎ,31900,静　岡,22,10596,776,,
4868,2024,6,3,月,ねぎ,31900,福　岡,40,10169,1010,,
4869,2024,6,3,月,ふき,32300,,,3522,320,70.8,109.6
4870,2024,6,3,月,ふき,32300,北海道,1,1938,246,,
4871,2024,6,3,月,ふき,32300,愛　知,23,432,216,,
4872,2024,6,3,月,ふき,32300,徳　島,36,258,414,,
4873,2024,6,3,月,ふき,32300,大　阪,27,184,343,,
4874,2024,6,3,月,ふき,32300,岩　手,3,120,562,,
4875,2024,6,3,月,うど,32400,,,757,840,83,95.2
4876,2024,6,3,月,うど,32400,北海道,1,476,617,,
4877,2024,6,3,月,うど,32400,栃　木,9,180,1314,,
4878,2024,6,3,月,みつば,32500,,,12147,494,90.6,101.2
4879,2024,6,3,月,みつば,32500,千　葉,12,2330,375,,
4880,2024,6,3,月,みつば,32500,愛　知,23,1851,502,,
4881,2024,6,3,月,みつば,32500,大　分,44,1436,544,,
4882,2024,6,3,月,みつば,32500,埼　玉,11,1259,523,,
4883,2024,6,3,月,みつば,32500,静　岡,22,1180,615,,
4884,2024,6,3,月,しゅんぎく,32600,,,7458,681,97.5,100.7
4885,2024,6,3,月,しゅんぎく,32600,福　岡,40,1659,553,,
4886,2024,6,3,月,しゅんぎく,32600,茨　城,8,1639,496,,
4887,2024,6,3,月,しゅんぎく,32600,群　馬,10,810,741,,
4888,2024,6,3,月,しゅんぎく,32600,宮　城,4,565,922,,
4889,2024,6,3,月,しゅんぎく,32600,岩　手,3,487,720,,
4890,2024,6,3,月,にら,32800,,,93432,444,101.4,96.5
4891,2024,6,3,月,にら,32800,高　知,39,34093,399,,
4892,2024,6,3,月,にら,32800,栃　木,9,13070,523,,
4893,2024,6,3,月,にら,32800,茨　城,8,12875,393,,
4894,2024,6,3,月,にら,32800,大　分,44,10130,452,,
4895,2024,6,3,月,にら,32800,山　形,6,8840,405,,
4896,2024,6,3,月,セルリー,32900,,,49019,350,94.1,95.9
4897,2024,6,3,月,セルリー,32900,長　野,20,35491,361,,
4898,2024,6,3,月,セルリー,32900,福　岡,40,6770,294,,
4899,2024,6,3,月,アスパラガス,33100,,,44678,1875,129.6,103.5
4900,2024,6,3,月,アスパラガス,33100,佐　賀,41,9380,1907,,
4901,2024,6,3,月,アスパラガス,33100,福　岡,40,5540,1792,,
4902,2024,6,3,月,アスパラガス,33100,長　崎,42,4244,1827,,
4903,2024,6,3,月,アスパラガス,33100,北海道,1,4115,2006,,
4904,2024,6,3,月,アスパラガス,33100,山　形,6,3949,2056,,
4905,2024,6,3,月,　　うち輸入,33101,,,1252,1200,78.7,75.9
4906,2024,6,3,月,カリフラワー,33200,,,25912,258,151.8,94.2
4907,2024,6,3,月,カリフラワー,33200,茨　城,8,9516,257,,
4908,2024,6,3,月,カリフラワー,33200,新　潟,15,5178,273,,
4909,2024,6,3,月,カリフラワー,33200,徳　島,36,4086,234,,
4910,2024,6,3,月,カリフラワー,33200,長　野,20,2418,351,,
4911,2024,6,3,月,ブロッコリー,33300,,,302306,449,117.2,100
4912,2024,6,3,月,ブロッコリー,33300,鳥　取,31,57222,447,,
4913,2024,6,3,月,ブロッコリー,33300,長　野,20,47652,647,,
4914,2024,6,3,月,ブロッコリー,33300,福　島,7,46832,390,,
4915,2024,6,3,月,ブロッコリー,33300,長　崎,42,24480,434,,
4916,2024,6,3,月,ブロッコリー,33300,香　川,37,20799,417,,
4917,2024,6,3,月,レタス,33400,,,1008051,135,123.7,97.1
4918,2024,6,3,月,レタス,33400,長　野,20,735330,134,,
4919,2024,6,3,月,レタス,33400,群　馬,10,141222,103,,
4920,2024,6,3,月,パセリ,33600,,,3703,1362,94.1,96.4
4921,2024,6,3,月,パセリ,33600,千　葉,12,1704,936,,
4922,2024,6,3,月,パセリ,33600,長　野,20,746,1775,,
4923,2024,6,3,月,パセリ,33600,茨　城,8,252,1276,,
4924,2024,6,3,月,パセリ,33600,福　岡,40,187,1606,,
4925,2024,6,3,月,パセリ,33600,愛　知,23,182,2898,,
4926,2024,6,3,月,きゅうり,34100,,,852318,233,134.4,97.9
4927,2024,6,3,月,きゅうり,34100,群　馬,10,141233,241,,
4928,2024,6,3,月,きゅうり,34100,宮　崎,45,111429,234,,
4929,2024,6,3,月,きゅうり,34100,埼　玉,11,92205,225,,
4930,2024,6,3,月,きゅうり,34100,宮　城,4,67049,219,,
4931,2024,6,3,月,きゅうり,34100,福　岡,40,54147,201,,
4932,2024,6,3,月,かぼちゃ,34200,,,344148,256,97,96.2
4933,2024,6,3,月,かぼちゃ,34200,鹿児島,46,35966,383,,
4934,2024,6,3,月,かぼちゃ,34200,群　馬,10,25067,296,,
4935,2024,6,3,月,かぼちゃ,34200,茨　城,8,14604,312,,
4936,2024,6,3,月,かぼちゃ,34200,長　崎,42,13140,270,,
4937,2024,6,3,月,かぼちゃ,34200,宮　崎,45,6648,391,,
4938,2024,6,3,月,　　うち輸入,34201,,,219404,207,95.9,96.7
4939,2024,6,3,月,なす,34300,,,444597,425,139.8,102.4
4940,2024,6,3,月,なす,34300,高　知,39,140160,420,,
4941,2024,6,3,月,なす,34300,福　岡,40,70183,444,,
4942,2024,6,3,月,なす,34300,熊　本,43,69811,406,,
4943,2024,6,3,月,なす,34300,群　馬,10,39840,500,,
4944,2024,6,3,月,なす,34300,宮　崎,45,25042,398,,
4945,2024,6,3,月,トマト,34400,,,1062425,331,131.5,94.8
4946,2024,6,3,月,トマト,34400,熊　本,43,432398,300,,
4947,2024,6,3,月,トマト,34400,栃　木,9,150473,309,,
4948,2024,6,3,月,トマト,34400,愛　知,23,120944,340,,
4949,2024,6,3,月,トマト,34400,福　岡,40,54049,307,,
4950,2024,6,3,月,トマト,34400,北海道,1,51238,465,,
4951,2024,6,3,月,ミニトマト,34450,,,291687,626,140.3,96.6
4952,2024,6,3,月,ミニトマト,34450,熊　本,43,150047,553,,
4953,2024,6,3,月,ミニトマト,34450,愛　知,23,40607,772,,
4954,2024,6,3,月,ミニトマト,34450,宮　崎,45,18948,615,,
4955,2024,6,3,月,ミニトマト,34450,静　岡,22,17034,639,,
4956,2024,6,3,月,ミニトマト,34450,長　崎,42,14729,607,,
4957,2024,6,3,月,ピーマン,34500,,,362590,537,127.5,96.1
4958,2024,6,3,月,ピーマン,34500,茨　城,8,152356,596,,
4959,2024,6,3,月,ピーマン,34500,宮　崎,45,101642,460,,
4960,2024,6,3,月,ピーマン,34500,高　知,39,55944,506,,
4961,2024,6,3,月,ししとうがらし,34600,,,15221,1254,109.6,96
4962,2024,6,3,月,ししとうがらし,34600,高　知,39,6914,1420,,
4963,2024,6,3,月,ししとうがらし,34600,京　都,26,2738,1377,,
4964,2024,6,3,月,ししとうがらし,34600,千　葉,12,1948,1387,,
4965,2024,6,3,月,ししとうがらし,34600,宮　崎,45,1186,645,,
4966,2024,6,3,月,スイートコーン,34700,,,201985,392,127.2,90.7
4967,2024,6,3,月,スイートコーン,34700,長　崎,42,53124,343,,
4968,2024,6,3,月,スイートコーン,34700,山　梨,19,37220,463,,
4969,2024,6,3,月,スイートコーン,34700,宮　崎,45,31146,395,,
4970,2024,6,3,月,スイートコーン,34700,香　川,37,17560,328,,
4971,2024,6,3,月,スイートコーン,34700,熊　本,43,15934,389,,
4972,2024,6,3,月,さやいんげん,35100,,,27926,855,110.3,104.3
4973,2024,6,3,月,さやいんげん,35100,鹿児島,46,11444,791,,
4974,2024,6,3,月,さやいんげん,35100,千　葉,12,5566,941,,
4975,2024,6,3,月,さやいんげん,35100,茨　城,8,3682,824,,
4976,2024,6,3,月,さやいんげん,35100,長　崎,42,2467,841,,
4977,2024,6,3,月,さやえんどう,35200,,,10378,1573,123.6,106.1
4978,2024,6,3,月,さやえんどう,35200,福　島,7,4226,1469,,
4979,2024,6,3,月,さやえんどう,35200,青　森,2,1756,1757,,
4980,2024,6,3,月,さやえんどう,35200,茨　城,8,885,1344,,
4981,2024,6,3,月,さやえんどう,35200,岐　阜,21,525,1526,,
4982,2024,6,3,月,さやえんどう,35200,北海道,1,326,2174,,
4983,2024,6,3,月,　　うち輸入,35201,,,282,907,58.3,99.6
4984,2024,6,3,月,実えんどう,35300,,,2063,931,75,103.7
4985,2024,6,3,月,実えんどう,35300,徳　島,36,649,825,,
4986,2024,6,3,月,実えんどう,35300,和歌山,30,642,990,,
4987,2024,6,3,月,実えんどう,35300,福　島,7,260,798,,
4988,2024,6,3,月,実えんどう,35300,岐　阜,21,200,1121,,
4989,2024,6,3,月,そらまめ,35400,,,38002,525,106.8,99.1
4990,2024,6,3,月,そらまめ,35400,宮　城,4,19084,542,,
4991,2024,6,3,月,そらまめ,35400,新　潟,15,12088,557,,
4992,2024,6,3,月,えだまめ,35500,,,47273,1149,117.6,94.3
4993,2024,6,3,月,えだまめ,35500,埼　玉,11,11979,1215,,
4994,2024,6,3,月,えだまめ,35500,千　葉,12,7266,1300,,
4995,2024,6,3,月,えだまめ,35500,群　馬,10,5611,1252,,
4996,2024,6,3,月,えだまめ,35500,徳　島,36,4924,982,,
4997,2024,6,3,月,えだまめ,35500,岐　阜,21,4051,1040,,
4998,2024,6,3,月,かんしょ,36100,,,186283,321,96.5,100.3
4999,2024,6,3,月,かんしょ,36100,茨　城,8,104579,308,,
5000,2024,6,3,月,かんしょ,36100,千　葉,12,58365,332,,
5001,2024,6,3,月,ばれいしょ,36200,,,942666,274,99,104.2
5002,2024,6,3,月,ばれいしょ,36200,長　崎,42,612250,304,,
5003,2024,6,3,月,ばれいしょ,36200,北海道,1,117609,105,,
5004,2024,6,3,月,ばれいしょ,36200,静　岡,22,75530,325,,
5005,2024,6,3,月,さといも,36300,,,11981,577,92.4,104.3
5006,2024,6,3,月,さといも,36300,鹿児島,46,5730,719,,
5007,2024,6,3,月,さといも,36300,千　葉,12,3450,464,,
5008,2024,6,3,月,さといも,36300,宮　崎,45,708,623,,
5009,2024,6,3,月,やまのいも,36500,,,150472,402,109.6,106.6
5010,2024,6,3,月,やまのいも,36500,青　森,2,72986,395,,
5011,2024,6,3,月,やまのいも,36500,北海道,1,68504,377,,
5012,2024,6,3,月,たまねぎ,36610,,,1498306,126,100.5,94.7
5013,2024,6,3,月,たまねぎ,36610,佐　賀,41,584610,131,,
5014,2024,6,3,月,たまねぎ,36610,兵　庫,28,307050,149,,
5015,2024,6,3,月,たまねぎ,36610,北海道,1,267964,84,,
5016,2024,6,3,月,たまねぎ,36610,愛　知,23,92447,129,,
5017,2024,6,3,月,　　うち輸入,36620,,,27518,147,144.1,99.3
5018,2024,6,3,月,にんにく,36700,,,32161,1455,177.4,112.5
5019,2024,6,3,月,にんにく,36700,青　森,2,20822,1915,,
5020,2024,6,3,月,にんにく,36700,埼　玉,11,2120,906,,
5021,2024,6,3,月,にんにく,36700,茨　城,8,415,519,,
5022,2024,6,3,月,にんにく,36700,香　川,37,355,1340,,
5023,2024,6,3,月,にんにく,36700,徳　島,36,198,667,,
5024,2024,6,3,月,　　うち輸入,36701,,,7874,491,114.4,96.1
5025,2024,6,3,月,しょうが,37200,,,71590,809,92.2,106.4
5026,2024,6,3,月,しょうが,37200,高　知,39,35812,824,,
5027,2024,6,3,月,しょうが,37200,和歌山,30,21120,832,,
5028,2024,6,3,月,しょうが,37200,静　岡,22,2888,1062,,
5029,2024,6,3,月,　　うち輸入,37201,,,3552,500,81.9,100
5030,2024,6,3,月,生しいたけ,38100,,,54789,939,91.4,100.9
5031,2024,6,3,月,生しいたけ,38100,秋　田,5,10637,1110,,
5032,2024,6,3,月,生しいたけ,38100,徳　島,36,9312,908,,
5033,2024,6,3,月,生しいたけ,38100,長　崎,42,5128,824,,
5034,2024,6,3,月,生しいたけ,38100,福　島,7,4100,739,,
5035,2024,6,3,月,生しいたけ,38100,岩　手,3,3008,1011,,
5036,2024,6,3,月,　　うち輸入,38101,,,602,716,37.8,91.3
5037,2024,6,3,月,なめこ,38300,,,20580,488,85.8,100.2
5038,2024,6,3,月,なめこ,38300,長　野,20,6854,462,,
5039,2024,6,3,月,なめこ,38300,山　形,6,3231,516,,
5040,2024,6,3,月,なめこ,38300,三　重,24,2460,550,,
5041,2024,6,3,月,なめこ,38300,宮　城,4,1483,498,,
5042,2024,6,3,月,なめこ,38300,大　分,44,1396,499,,
5043,2024,6,3,月,えのきだけ,38400,,,110599,318,100.2,101.6
5044,2024,6,3,月,えのきだけ,38400,長　野,20,68997,327,,
5045,2024,6,3,月,えのきだけ,38400,新　潟,15,13352,314,,
5046,2024,6,3,月,えのきだけ,38400,福　岡,40,7471,296,,
5047,2024,6,3,月,しめじ,38500,,,77319,430,93.1,96.4
5048,2024,6,3,月,しめじ,38500,長　野,20,49756,411,,
5049,2024,6,3,月,しめじ,38500,福　岡,40,10671,444,,
5050,2024,6,3,月,しめじ,38500,新　潟,15,7016,467,,
5051,2024,6,3,月,その他の野菜,39000,,,420211,825,92.6,99.3
5052,2024,6,3,月,輸入野菜計,39100,,,323517,251,95.2,98
5053,2024,6,3,月,他の輸入野菜,39200,,,63034,383,81.9,117.1
5054,2024,6,10,月,野菜総計,30000,,,13861134,278,112.8,101.5
5055,2024,6,10,月,野菜総計,30000,茨　城,8,1765866,237,,
5056,2024,6,10,月,野菜総計,30000,長　野,20,1658363,177,,
5057,2024,6,10,月,野菜総計,30000,千　葉,12,1151611,200,,
5058,2024,6,10,月,野菜総計,30000,長　崎,42,764108,347,,
5059,2024,6,10,月,野菜総計,30000,北海道,1,698016,269,,
5060,2024,6,10,月,野菜総計,30000,熊　本,43,665042,367,,
5061,2024,6,10,月,野菜総計,30000,群　馬,10,641917,263,,
5062,2024,6,10,月,だいこん,30100,,,874111,99,97.5,99
5063,2024,6,10,月,だいこん,30100,青　森,2,345303,111,,
5064,2024,6,10,月,だいこん,30100,北海道,1,200609,112,,
5065,2024,6,10,月,だいこん,30100,千　葉,12,113589,58,,
5066,2024,6,10,月,だいこん,30100,鹿児島,46,42660,64,,
5067,2024,6,10,月,かぶ,30200,,,73677,147,97.8,100.7
5068,2024,6,10,月,かぶ,30200,千　葉,12,42031,125,,
5069,2024,6,10,月,かぶ,30200,青　森,2,14211,244,,
5070,2024,6,10,月,かぶ,30200,埼　玉,11,9766,109,,
5071,2024,6,10,月,にんじん,30300,,,722285,242,108.6,103
5072,2024,6,10,月,にんじん,30300,千　葉,12,250241,236,,
5073,2024,6,10,月,にんじん,30300,長　崎,42,154672,240,,
5074,2024,6,10,月,にんじん,30300,茨　城,8,92481,246,,
5075,2024,6,10,月,にんじん,30300,岐　阜,21,70607,278,,
5076,2024,6,10,月,にんじん,30300,和歌山,30,40974,263,,
5077,2024,6,10,月,ごぼう,30400,,,68457,408,120.7,97.6
5078,2024,6,10,月,ごぼう,30400,群　馬,10,15855,304,,
5079,2024,6,10,月,ごぼう,30400,青　森,2,15749,369,,
5080,2024,6,10,月,ごぼう,30400,熊　本,43,12787,501,,
5081,2024,6,10,月,ごぼう,30400,宮　崎,45,8473,462,,
5082,2024,6,10,月,ごぼう,30400,鹿児島,46,8120,614,,
5083,2024,6,10,月,たけのこ,30500,,,1117,677,211.6,100.9
5084,2024,6,10,月,たけのこ,30500,北海道,1,507,1059,,
5085,2024,6,10,月,たけのこ,30500,茨　城,8,137,139,,
5086,2024,6,10,月,たけのこ,30500,福　岡,40,136,316,,
5087,2024,6,10,月,たけのこ,30500,宮　城,4,79,163,,
5088,2024,6,10,月,たけのこ,30500,京　都,26,70,330,,
5089,2024,6,10,月,れんこん,30600,,,12873,1311,78.9,120.9
5090,2024,6,10,月,れんこん,30600,茨　城,8,5048,1607,,
5091,2024,6,10,月,れんこん,30600,徳　島,36,3896,948,,
5092,2024,6,10,月,れんこん,30600,熊　本,43,2500,1228,,
5093,2024,6,10,月,はくさい,31100,,,1039283,79,105.8,108.2
5094,2024,6,10,月,はくさい,31100,長　野,20,524908,83,,
5095,2024,6,10,月,はくさい,31100,茨　城,8,267520,82,,
5096,2024,6,10,月,はくさい,31100,大　分,44,131916,55,,
5097,2024,6,10,月,みずな,31300,,,48521,285,113.9,95
5098,2024,6,10,月,みずな,31300,茨　城,8,34128,250,,
5099,2024,6,10,月,みずな,31300,福　岡,40,7749,305,,
5100,2024,6,10,月,こまつな,31500,,,141568,308,97.2,104.1
5101,2024,6,10,月,こまつな,31500,茨　城,8,66780,291,,
5102,2024,6,10,月,こまつな,31500,福　岡,40,31071,286,,
5103,2024,6,10,月,こまつな,31500,埼　玉,11,7555,332,,
5104,2024,6,10,月,こまつな,31500,北海道,1,6799,441,,
5105,2024,6,10,月,こまつな,31500,広　島,34,6002,343,,
5106,2024,6,10,月,その他の菜類,31550,,,2433,527,130.7,92.9
5107,2024,6,10,月,ちんげんさい,31560,,,42676,337,101.3,101.2
5108,2024,6,10,月,ちんげんさい,31560,茨　城,8,13487,304,,
5109,2024,6,10,月,ちんげんさい,31560,静　岡,22,7693,394,,
5110,2024,6,10,月,ちんげんさい,31560,福　岡,40,5900,343,,
5111,2024,6,10,月,ちんげんさい,31560,長　野,20,3482,259,,
5112,2024,6,10,月,ちんげんさい,31560,愛　知,23,3348,302,,
5113,2024,6,10,月,キャベツ,31700,,,1806401,89,95.3,97.8
5114,2024,6,10,月,キャベツ,31700,茨　城,8,576432,79,,
5115,2024,6,10,月,キャベツ,31700,千　葉,12,424843,91,,
5116,2024,6,10,月,キャベツ,31700,愛　知,23,208991,93,,
5117,2024,6,10,月,キャベツ,31700,福　岡,40,80054,81,,
5118,2024,6,10,月,キャベツ,31700,群　馬,10,74280,98,,
5119,2024,6,10,月,ほうれんそう,31800,,,166232,523,119.5,98.9
5120,2024,6,10,月,ほうれんそう,31800,群　馬,10,53439,425,,
5121,2024,6,10,月,ほうれんそう,31800,岐　阜,21,36810,653,,
5122,2024,6,10,月,ほうれんそう,31800,茨　城,8,35229,464,,
5123,2024,6,10,月,ほうれんそう,31800,栃　木,9,10099,596,,
5124,2024,6,10,月,ねぎ,31900,,,341031,455,96.2,99.8
5125,2024,6,10,月,ねぎ,31900,茨　城,8,158261,401,,
5126,2024,6,10,月,ねぎ,31900,千　葉,12,42020,424,,
5127,2024,6,10,月,ねぎ,31900,大　分,44,34779,463,,
5128,2024,6,10,月,ねぎ,31900,静　岡,22,13218,603,,
5129,2024,6,10,月,ねぎ,31900,福　岡,40,10503,911,,
5130,2024,6,10,月,ふき,32300,,,1249,329,64,111.9
5131,2024,6,10,月,ふき,32300,北海道,1,617,258,,
5132,2024,6,10,月,ふき,32300,徳　島,36,212,361,,
5133,2024,6,10,月,ふき,32300,山　形,6,164,519,,
5134,2024,6,10,月,ふき,32300,大　阪,27,116,309,,
5135,2024,6,10,月,うど,32400,,,13,904,7.9,117.9
5136,2024,6,10,月,うど,32400,福　島,7,11,990,,
5137,2024,6,10,月,みつば,32500,,,12508,478,97.5,101.9
5138,2024,6,10,月,みつば,32500,千　葉,12,2469,337,,
5139,2024,6,10,月,みつば,32500,愛　知,23,1827,496,,
5140,2024,6,10,月,みつば,32500,大　分,44,1440,496,,
5141,2024,6,10,月,みつば,32500,静　岡,22,1403,564,,
5142,2024,6,10,月,みつば,32500,埼　玉,11,1344,510,,
5143,2024,6,10,月,しゅんぎく,32600,,,8173,593,94.3,96.3
5144,2024,6,10,月,しゅんぎく,32600,茨　城,8,2044,363,,
5145,2024,6,10,月,しゅんぎく,32600,福　岡,40,1634,582,,
5146,2024,6,10,月,しゅんぎく,32600,岩　手,3,957,626,,
5147,2024,6,10,月,しゅんぎく,32600,群　馬,10,618,660,,
5148,2024,6,10,月,しゅんぎく,32600,大　阪,27,557,539,,
5149,2024,6,10,月,にら,32800,,,76724,448,88.5,99.1
5150,2024,6,10,月,にら,32800,高　知,39,24491,414,,
5151,2024,6,10,月,にら,32800,栃　木,9,11755,527,,
5152,2024,6,10,月,にら,32800,茨　城,8,10879,378,,
5153,2024,6,10,月,にら,32800,大　分,44,9965,405,,
5154,2024,6,10,月,にら,32800,山　形,6,6592,450,,
5155,2024,6,10,月,セルリー,32900,,,57658,278,88.1,92.7
5156,2024,6,10,月,セルリー,32900,長　野,20,50280,277,,
5157,2024,6,10,月,アスパラガス,33100,,,52746,1703,137.8,99.7
5158,2024,6,10,月,アスパラガス,33100,佐　賀,41,10328,1661,,
5159,2024,6,10,月,アスパラガス,33100,長　崎,42,6555,1595,,
5160,2024,6,10,月,アスパラガス,33100,北海道,1,6493,1843,,
5161,2024,6,10,月,アスパラガス,33100,福　岡,40,6050,1527,,
5162,2024,6,10,月,アスパラガス,33100,長　野,20,4962,1772,,
5163,2024,6,10,月,　　うち輸入,33101,,,1355,1569,114.7,130.9
5164,2024,6,10,月,カリフラワー,33200,,,26752,252,131.2,95.1
5165,2024,6,10,月,カリフラワー,33200,新　潟,15,6360,247,,
5166,2024,6,10,月,カリフラワー,33200,茨　城,8,6341,245,,
5167,2024,6,10,月,カリフラワー,33200,長　野,20,5476,313,,
5168,2024,6,10,月,カリフラワー,33200,徳　島,36,3177,230,,
5169,2024,6,10,月,カリフラワー,33200,宮　城,4,1754,149,,
5170,2024,6,10,月,ブロッコリー,33300,,,285259,483,130.6,101.5
5171,2024,6,10,月,ブロッコリー,33300,長　野,20,74553,642,,
5172,2024,6,10,月,ブロッコリー,33300,鳥　取,31,61858,411,,
5173,2024,6,10,月,ブロッコリー,33300,福　島,7,28316,390,,
5174,2024,6,10,月,ブロッコリー,33300,石　川,17,26499,506,,
5175,2024,6,10,月,ブロッコリー,33300,北海道,1,16494,508,,
5176,2024,6,10,月,レタス,33400,,,1044624,137,136.1,96.5
5177,2024,6,10,月,レタス,33400,長　野,20,807538,136,,
5178,2024,6,10,月,レタス,33400,群　馬,10,142728,110,,
5179,2024,6,10,月,パセリ,33600,,,4194,1268,96.2,96.6
5180,2024,6,10,月,パセリ,33600,千　葉,12,1900,803,,
5181,2024,6,10,月,パセリ,33600,長　野,20,871,1613,,
5182,2024,6,10,月,パセリ,33600,茨　城,8,400,1118,,
5183,2024,6,10,月,パセリ,33600,福　岡,40,229,1564,,
5184,2024,6,10,月,きゅうり,34100,,,1025244,245,164.5,96.1
5185,2024,6,10,月,きゅうり,34100,群　馬,10,150347,265,,
5186,2024,6,10,月,きゅうり,34100,埼　玉,11,121143,242,,
5187,2024,6,10,月,きゅうり,34100,宮　崎,45,113727,253,,
5188,2024,6,10,月,きゅうり,34100,宮　城,4,68064,239,,
5189,2024,6,10,月,きゅうり,34100,福　岡,40,63816,209,,
5190,2024,6,10,月,かぼちゃ,34200,,,335026,289,104.7,100
5191,2024,6,10,月,かぼちゃ,34200,鹿児島,46,79868,346,,
5192,2024,6,10,月,かぼちゃ,34200,群　馬,10,31213,292,,
5193,2024,6,10,月,かぼちゃ,34200,茨　城,8,21858,307,,
5194,2024,6,10,月,かぼちゃ,34200,神奈川,14,14102,488,,
5195,2024,6,10,月,かぼちゃ,34200,宮　崎,45,12495,461,,
5196,2024,6,10,月,　　うち輸入,34201,,,132954,204,85.8,95.8
5197,2024,6,10,月,なす,34300,,,535028,425,153.1,98.6
5198,2024,6,10,月,なす,34300,高　知,39,162655,432,,
5199,2024,6,10,月,なす,34300,福　岡,40,90952,440,,
5200,2024,6,10,月,なす,34300,熊　本,43,85808,386,,
5201,2024,6,10,月,なす,34300,群　馬,10,52794,510,,
5202,2024,6,10,月,なす,34300,宮　崎,45,28225,372,,
5203,2024,6,10,月,トマト,34400,,,788907,363,138.3,98.9
5204,2024,6,10,月,トマト,34400,熊　本,43,223917,326,,
5205,2024,6,10,月,トマト,34400,愛　知,23,111413,369,,
5206,2024,6,10,月,トマト,34400,栃　木,9,104002,319,,
5207,2024,6,10,月,トマト,34400,北海道,1,80067,437,,
5208,2024,6,10,月,トマト,34400,福　岡,40,37117,336,,
5209,2024,6,10,月,ミニトマト,34450,,,276502,629,137.7,98.4
5210,2024,6,10,月,ミニトマト,34450,熊　本,43,121489,561,,
5211,2024,6,10,月,ミニトマト,34450,愛　知,23,45143,713,,
5212,2024,6,10,月,ミニトマト,34450,茨　城,8,24584,657,,
5213,2024,6,10,月,ミニトマト,34450,静　岡,22,16413,608,,
5214,2024,6,10,月,ミニトマト,34450,宮　崎,45,12615,616,,
5215,2024,6,10,月,ピーマン,34500,,,377475,447,135.3,92.7
5216,2024,6,10,月,ピーマン,34500,茨　城,8,156994,524,,
5217,2024,6,10,月,ピーマン,34500,宮　崎,45,87596,336,,
5218,2024,6,10,月,ピーマン,34500,高　知,39,41940,421,,
5219,2024,6,10,月,ピーマン,34500,大　分,44,31181,514,,
5220,2024,6,10,月,ししとうがらし,34600,,,16679,1147,112.3,96.1
5221,2024,6,10,月,ししとうがらし,34600,高　知,39,6851,1358,,
5222,2024,6,10,月,ししとうがらし,34600,京　都,26,3687,1096,,
5223,2024,6,10,月,ししとうがらし,34600,千　葉,12,2361,1346,,
5224,2024,6,10,月,ししとうがらし,34600,宮　崎,45,1502,570,,
5225,2024,6,10,月,スイートコーン,34700,,,336283,298,133.8,94.3
5226,2024,6,10,月,スイートコーン,34700,埼　玉,11,55997,312,,
5227,2024,6,10,月,スイートコーン,34700,茨　城,8,49590,279,,
5228,2024,6,10,月,スイートコーン,34700,山　梨,19,45261,365,,
5229,2024,6,10,月,スイートコーン,34700,香　川,37,40126,220,,
5230,2024,6,10,月,スイートコーン,34700,長　崎,42,38545,257,,
5231,2024,6,10,月,さやいんげん,35100,,,28814,824,116.6,98.2
5232,2024,6,10,月,さやいんげん,35100,鹿児島,46,8686,726,,
5233,2024,6,10,月,さやいんげん,35100,千　葉,12,5570,978,,
5234,2024,6,10,月,さやいんげん,35100,茨　城,8,5309,736,,
5235,2024,6,10,月,さやいんげん,35100,長　崎,42,2841,821,,
5236,2024,6,10,月,さやいんげん,35100,高　知,39,1622,1003,,
5237,2024,6,10,月,さやえんどう,35200,,,11290,1665,144.6,98.2
5238,2024,6,10,月,さやえんどう,35200,福　島,7,4879,1486,,
5239,2024,6,10,月,さやえんどう,35200,青　森,2,1734,1931,,
5240,2024,6,10,月,さやえんどう,35200,岐　阜,21,964,1495,,
5241,2024,6,10,月,さやえんどう,35200,岩　手,3,782,2393,,
5242,2024,6,10,月,さやえんどう,35200,茨　城,8,549,1307,,
5243,2024,6,10,月,　　うち輸入,35201,,,122,908,45.9,102.6
5244,2024,6,10,月,実えんどう,35300,,,801,1040,100.8,99.1
5245,2024,6,10,月,実えんどう,35300,岐　阜,21,336,1127,,
5246,2024,6,10,月,実えんどう,35300,和歌山,30,270,1002,,
5247,2024,6,10,月,実えんどう,35300,福　島,7,96,860,,
5248,2024,6,10,月,そらまめ,35400,,,14055,536,84.9,101.3
5249,2024,6,10,月,そらまめ,35400,宮　城,4,11647,496,,
5250,2024,6,10,月,えだまめ,35500,,,54402,1064,100.6,101
5251,2024,6,10,月,えだまめ,35500,群　馬,10,11037,1242,,
5252,2024,6,10,月,えだまめ,35500,埼　玉,11,9890,1100,,
5253,2024,6,10,月,えだまめ,35500,徳　島,36,6808,876,,
5254,2024,6,10,月,えだまめ,35500,千　葉,12,5432,1038,,
5255,2024,6,10,月,えだまめ,35500,神奈川,14,5172,1387,,
5256,2024,6,10,月,かんしょ,36100,,,185673,315,94,95.5
5257,2024,6,10,月,かんしょ,36100,茨　城,8,97713,302,,
5258,2024,6,10,月,かんしょ,36100,千　葉,12,60835,323,,
5259,2024,6,10,月,ばれいしょ,36200,,,798196,325,104.5,109.4
5260,2024,6,10,月,ばれいしょ,36200,長　崎,42,459176,355,,
5261,2024,6,10,月,ばれいしょ,36200,静　岡,22,84602,364,,
5262,2024,6,10,月,ばれいしょ,36200,鹿児島,46,80130,236,,
5263,2024,6,10,月,ばれいしょ,36200,熊　本,43,68664,285,,
5264,2024,6,10,月,さといも,36300,,,15178,587,106.4,107.3
5265,2024,6,10,月,さといも,36300,鹿児島,46,10401,656,,
5266,2024,6,10,月,さといも,36300,千　葉,12,1356,487,,
5267,2024,6,10,月,さといも,36300,宮　崎,45,944,639,,
5268,2024,6,10,月,やまのいも,36500,,,186296,390,168.6,100
5269,2024,6,10,月,やまのいも,36500,北海道,1,95739,383,,
5270,2024,6,10,月,やまのいも,36500,青　森,2,86044,380,,
5271,2024,6,10,月,たまねぎ,36610,,,1215356,149,105.6,100
5272,2024,6,10,月,たまねぎ,36610,兵　庫,28,425265,165,,
5273,2024,6,10,月,たまねぎ,36610,佐　賀,41,414191,146,,
5274,2024,6,10,月,たまねぎ,36610,愛　知,23,91959,136,,
5275,2024,6,10,月,たまねぎ,36610,香　川,37,74330,152,,
5276,2024,6,10,月,　　うち輸入,36620,,,27338,186,117.8,133.8
5277,2024,6,10,月,にんにく,36700,,,14370,1141,90.8,107.4
5278,2024,6,10,月,にんにく,36700,青　森,2,6673,1758,,
5279,2024,6,10,月,にんにく,36700,香　川,37,665,1568,,
5280,2024,6,10,月,にんにく,36700,埼　玉,11,124,763,,
5281,2024,6,10,月,にんにく,36700,北海道,1,68,858,,
5282,2024,6,10,月,にんにく,36700,熊　本,43,66,656,,
5283,2024,6,10,月,　　うち輸入,36701,,,6645,509,75.2,103.9
5284,2024,6,10,月,しょうが,37200,,,65016,770,89.9,98
5285,2024,6,10,月,しょうが,37200,高　知,39,30320,794,,
5286,2024,6,10,月,しょうが,37200,和歌山,30,21612,756,,
5287,2024,6,10,月,しょうが,37200,静　岡,22,3138,1071,,
5288,2024,6,10,月,　　うち輸入,37201,,,3199,501,89.3,97.3
5289,2024,6,10,月,生しいたけ,38100,,,58601,926,101.3,101.1
5290,2024,6,10,月,生しいたけ,38100,徳　島,36,10636,911,,
5291,2024,6,10,月,生しいたけ,38100,秋　田,5,10581,1090,,
5292,2024,6,10,月,生しいたけ,38100,長　崎,42,5725,806,,
5293,2024,6,10,月,生しいたけ,38100,岩　手,3,3960,985,,
5294,2024,6,10,月,生しいたけ,38100,福　島,7,3590,787,,
5295,2024,6,10,月,　　うち輸入,38101,,,510,726,34.7,91.4
5296,2024,6,10,月,なめこ,38300,,,19928,488,84,100.4
5297,2024,6,10,月,なめこ,38300,長　野,20,6261,461,,
5298,2024,6,10,月,なめこ,38300,三　重,24,2843,550,,
5299,2024,6,10,月,なめこ,38300,山　形,6,2782,509,,
5300,2024,6,10,月,なめこ,38300,宮　城,4,1508,496,,
5301,2024,6,10,月,なめこ,38300,大　分,44,1388,504,,
5302,2024,6,10,月,えのきだけ,38400,,,101192,312,100.1,97.8
5303,2024,6,10,月,えのきだけ,38400,長　野,20,61386,324,,
5304,2024,6,10,月,えのきだけ,38400,新　潟,15,11863,313,,
5305,2024,6,10,月,えのきだけ,38400,福　岡,40,7476,290,,
5306,2024,6,10,月,えのきだけ,38400,宮　崎,45,6921,280,,
5307,2024,6,10,月,しめじ,38500,,,66786,434,80.5,96.4
5308,2024,6,10,月,しめじ,38500,長　野,20,41792,413,,
5309,2024,6,10,月,しめじ,38500,福　岡,40,8197,444,,
5310,2024,6,10,月,しめじ,38500,新　潟,15,7474,478,,
5311,2024,6,10,月,その他の野菜,39000,,,423560,786,95.3,97.2
5312,2024,6,10,月,輸入野菜計,39100,,,236894,265,88.3,101.5
5313,2024,6,10,月,他の輸入野菜,39200,,,64776,356,86.7,107.9
5314,2024,6,17,月,野菜総計,30000,,,13633868,270,105.1,102.3
5315,2024,6,17,月,野菜総計,30000,長　野,20,1917743,168,,
5316,2024,6,17,月,野菜総計,30000,茨　城,8,1490588,247,,
5317,2024,6,17,月,野菜総計,30000,千　葉,12,887432,227,,
5318,2024,6,17,月,野菜総計,30000,北海道,1,876594,264,,
5319,2024,6,17,月,野菜総計,30000,群　馬,10,793623,230,,
5320,2024,6,17,月,野菜総計,30000,熊　本,43,757859,333,,
5321,2024,6,17,月,野菜総計,30000,長　崎,42,706719,319,,
5322,2024,6,17,月,だいこん,30100,,,819211,92,99.4,101.1
5323,2024,6,17,月,だいこん,30100,青　森,2,441786,86,,
5324,2024,6,17,月,だいこん,30100,北海道,1,206225,108,,
5325,2024,6,17,月,だいこん,30100,熊　本,43,34795,90,,
5326,2024,6,17,月,かぶ,30200,,,65071,154,93.3,104.8
5327,2024,6,17,月,かぶ,30200,千　葉,12,36245,118,,
5328,2024,6,17,月,かぶ,30200,青　森,2,17622,242,,
5329,2024,6,17,月,にんじん,30300,,,706320,223,99.2,97.8
5330,2024,6,17,月,にんじん,30300,千　葉,12,246570,237,,
5331,2024,6,17,月,にんじん,30300,長　崎,42,146148,204,,
5332,2024,6,17,月,にんじん,30300,和歌山,30,82264,209,,
5333,2024,6,17,月,にんじん,30300,茨　城,8,63910,233,,
5334,2024,6,17,月,にんじん,30300,岐　阜,21,55048,268,,
5335,2024,6,17,月,ごぼう,30400,,,67460,371,106.2,97.4
5336,2024,6,17,月,ごぼう,30400,群　馬,10,24079,276,,
5337,2024,6,17,月,ごぼう,30400,青　森,2,10410,486,,
5338,2024,6,17,月,ごぼう,30400,宮　崎,45,10286,430,,
5339,2024,6,17,月,ごぼう,30400,熊　本,43,8542,414,,
5340,2024,6,17,月,ごぼう,30400,鹿児島,46,6945,526,,
5341,2024,6,17,月,たけのこ,30500,,,403,1292,76.3,200.9
5342,2024,6,17,月,たけのこ,30500,鹿児島,46,160,1855,,
5343,2024,6,17,月,たけのこ,30500,北海道,1,108,1640,,
5344,2024,6,17,月,たけのこ,30500,福　岡,40,40,430,,
5345,2024,6,17,月,たけのこ,30500,香　川,37,30,18,,
5346,2024,6,17,月,れんこん,30600,,,12827,1028,99.6,92.7
5347,2024,6,17,月,れんこん,30600,茨　城,8,5326,1082,,
5348,2024,6,17,月,れんこん,30600,徳　島,36,3735,945,,
5349,2024,6,17,月,れんこん,30600,熊　本,43,2026,931,,
5350,2024,6,17,月,はくさい,31100,,,661430,77,76,106.9
5351,2024,6,17,月,はくさい,31100,長　野,20,494276,76,,
5352,2024,6,17,月,はくさい,31100,茨　城,8,82758,82,,
5353,2024,6,17,月,みずな,31300,,,49888,246,105.8,93.2
5354,2024,6,17,月,みずな,31300,茨　城,8,33573,216,,
5355,2024,6,17,月,みずな,31300,福　岡,40,9014,251,,
5356,2024,6,17,月,こまつな,31500,,,159544,242,103.4,94.2
5357,2024,6,17,月,こまつな,31500,茨　城,8,72691,224,,
5358,2024,6,17,月,こまつな,31500,福　岡,40,42350,230,,
5359,2024,6,17,月,こまつな,31500,埼　玉,11,7508,278,,
5360,2024,6,17,月,こまつな,31500,北海道,1,5355,412,,
5361,2024,6,17,月,その他の菜類,31550,,,1688,548,82.2,108.3
5362,2024,6,17,月,ちんげんさい,31560,,,44969,294,101.2,98.7
5363,2024,6,17,月,ちんげんさい,31560,茨　城,8,15959,257,,
5364,2024,6,17,月,ちんげんさい,31560,静　岡,22,8552,362,,
5365,2024,6,17,月,ちんげんさい,31560,福　岡,40,4370,270,,
5366,2024,6,17,月,ちんげんさい,31560,愛　知,23,4095,267,,
5367,2024,6,17,月,ちんげんさい,31560,長　野,20,2633,242,,
5368,2024,6,17,月,キャベツ,31700,,,1484717,81,80.6,106.6
5369,2024,6,17,月,キャベツ,31700,茨　城,8,398955,70,,
5370,2024,6,17,月,キャベツ,31700,千　葉,12,249231,77,,
5371,2024,6,17,月,キャベツ,31700,群　馬,10,155590,95,,
5372,2024,6,17,月,キャベツ,31700,愛　知,23,136642,77,,
5373,2024,6,17,月,キャベツ,31700,長　野,20,122738,107,,
5374,2024,6,17,月,ほうれんそう,31800,,,156018,483,115.3,97
5375,2024,6,17,月,ほうれんそう,31800,群　馬,10,49043,374,,
5376,2024,6,17,月,ほうれんそう,31800,岐　阜,21,40977,619,,
5377,2024,6,17,月,ほうれんそう,31800,茨　城,8,28497,414,,
5378,2024,6,17,月,ほうれんそう,31800,栃　木,9,9327,573,,
5379,2024,6,17,月,ねぎ,31900,,,325156,414,90.6,99.5
5380,2024,6,17,月,ねぎ,31900,茨　城,8,143672,354,,
5381,2024,6,17,月,ねぎ,31900,千　葉,12,40154,389,,
5382,2024,6,17,月,ねぎ,31900,大　分,44,33755,399,,
5383,2024,6,17,月,ねぎ,31900,北海道,1,13975,591,,
5384,2024,6,17,月,ねぎ,31900,福　岡,40,10393,840,,
5385,2024,6,17,月,ふき,32300,,,407,433,84.6,99.3
5386,2024,6,17,月,ふき,32300,徳　島,36,108,312,,
5387,2024,6,17,月,ふき,32300,北海道,1,100,756,,
5388,2024,6,17,月,ふき,32300,大　阪,27,64,270,,
5389,2024,6,17,月,ふき,32300,宮　城,4,53,147,,
5390,2024,6,17,月,ふき,32300,山　形,6,52,550,,
5391,2024,6,17,月,うど,32400,,,216,1462,81.8,107.3
5392,2024,6,17,月,うど,32400,栃　木,9,216,1462,,
5393,2024,6,17,月,みつば,32500,,,13216,452,103.2,99.8
5394,2024,6,17,月,みつば,32500,千　葉,12,2549,301,,
5395,2024,6,17,月,みつば,32500,愛　知,23,2290,445,,
5396,2024,6,17,月,みつば,32500,大　分,44,1683,462,,
5397,2024,6,17,月,みつば,32500,埼　玉,11,1463,487,,
5398,2024,6,17,月,みつば,32500,静　岡,22,1171,572,,
5399,2024,6,17,月,しゅんぎく,32600,,,8582,530,103.2,94.5
5400,2024,6,17,月,しゅんぎく,32600,福　岡,40,1779,505,,
5401,2024,6,17,月,しゅんぎく,32600,茨　城,8,1515,379,,
5402,2024,6,17,月,しゅんぎく,32600,岩　手,3,1416,529,,
5403,2024,6,17,月,しゅんぎく,32600,宮　城,4,822,771,,
5404,2024,6,17,月,しゅんぎく,32600,青　森,2,612,187,,
5405,2024,6,17,月,にら,32800,,,77234,435,94.2,98.9
5406,2024,6,17,月,にら,32800,高　知,39,26738,386,,
5407,2024,6,17,月,にら,32800,栃　木,9,12217,541,,
5408,2024,6,17,月,にら,32800,茨　城,8,10769,369,,
5409,2024,6,17,月,にら,32800,大　分,44,9655,382,,
5410,2024,6,17,月,にら,32800,山　形,6,5332,508,,
5411,2024,6,17,月,セルリー,32900,,,52716,265,72.4,100
5412,2024,6,17,月,セルリー,32900,長　野,20,45130,263,,
5413,2024,6,17,月,アスパラガス,33100,,,57134,1448,117.7,94.1
5414,2024,6,17,月,アスパラガス,33100,佐　賀,41,13768,1407,,
5415,2024,6,17,月,アスパラガス,33100,福　岡,40,9605,1375,,
5416,2024,6,17,月,アスパラガス,33100,長　崎,42,7046,1415,,
5417,2024,6,17,月,アスパラガス,33100,北海道,1,6760,1260,,
5418,2024,6,17,月,アスパラガス,33100,熊　本,43,4719,1543,,
5419,2024,6,17,月,　　うち輸入,33101,,,717,1510,56.7,88.1
5420,2024,6,17,月,カリフラワー,33200,,,23726,259,122.6,98.1
5421,2024,6,17,月,カリフラワー,33200,長　野,20,12656,278,,
5422,2024,6,17,月,カリフラワー,33200,茨　城,8,3644,204,,
5423,2024,6,17,月,カリフラワー,33200,新　潟,15,2436,270,,
5424,2024,6,17,月,カリフラワー,33200,徳　島,36,1728,199,,
5425,2024,6,17,月,ブロッコリー,33300,,,288068,436,115,95.6
5426,2024,6,17,月,ブロッコリー,33300,長　野,20,114393,524,,
5427,2024,6,17,月,ブロッコリー,33300,北海道,1,59952,446,,
5428,2024,6,17,月,ブロッコリー,33300,鳥　取,31,42642,316,,
5429,2024,6,17,月,ブロッコリー,33300,石　川,17,13815,451,,
5430,2024,6,17,月,レタス,33400,,,1136259,128,118.8,99.2
5431,2024,6,17,月,レタス,33400,長　野,20,934038,128,,
5432,2024,6,17,月,パセリ,33600,,,4339,1215,97.9,101.8
5433,2024,6,17,月,パセリ,33600,千　葉,12,1591,822,,
5434,2024,6,17,月,パセリ,33600,長　野,20,1216,1368,,
5435,2024,6,17,月,パセリ,33600,茨　城,8,357,1385,,
5436,2024,6,17,月,パセリ,33600,静　岡,22,240,585,,
5437,2024,6,17,月,パセリ,33600,愛　知,23,206,2696,,
5438,2024,6,17,月,きゅうり,34100,,,1052616,200,138.5,93.9
5439,2024,6,17,月,きゅうり,34100,群　馬,10,144479,187,,
5440,2024,6,17,月,きゅうり,34100,福　島,7,135252,255,,
5441,2024,6,17,月,きゅうり,34100,埼　玉,11,112527,176,,
5442,2024,6,17,月,きゅうり,34100,宮　城,4,79768,178,,
5443,2024,6,17,月,きゅうり,34100,宮　崎,45,74172,191,,
5444,2024,6,17,月,かぼちゃ,34200,,,364459,250,120,98
5445,2024,6,17,月,かぼちゃ,34200,鹿児島,46,60378,287,,
5446,2024,6,17,月,かぼちゃ,34200,群　馬,10,37378,191,,
5447,2024,6,17,月,かぼちゃ,34200,茨　城,8,24890,336,,
5448,2024,6,17,月,かぼちゃ,34200,長　野,20,18467,353,,
5449,2024,6,17,月,かぼちゃ,34200,神奈川,14,17370,446,,
5450,2024,6,17,月,　　うち輸入,34201,,,146527,188,118.6,99.5
5451,2024,6,17,月,なす,34300,,,685560,381,171.5,92.9
5452,2024,6,17,月,なす,34300,高　知,39,189344,359,,
5453,2024,6,17,月,なす,34300,福　岡,40,112779,404,,
5454,2024,6,17,月,なす,34300,熊　本,43,96264,381,,
5455,2024,6,17,月,なす,34300,群　馬,10,83839,457,,
5456,2024,6,17,月,なす,34300,茨　城,8,48807,247,,
5457,2024,6,17,月,トマト,34400,,,956776,338,138.4,95.2
5458,2024,6,17,月,トマト,34400,熊　本,43,298489,303,,
5459,2024,6,17,月,トマト,34400,北海道,1,123366,398,,
5460,2024,6,17,月,トマト,34400,愛　知,23,101048,364,,
5461,2024,6,17,月,トマト,34400,栃　木,9,92234,331,,
5462,2024,6,17,月,トマト,34400,福　岡,40,46892,319,,
5463,2024,6,17,月,ミニトマト,34450,,,314155,580,137,92.4
5464,2024,6,17,月,ミニトマト,34450,熊　本,43,142183,502,,
5465,2024,6,17,月,ミニトマト,34450,茨　城,8,44799,553,,
5466,2024,6,17,月,ミニトマト,34450,愛　知,23,42080,708,,
5467,2024,6,17,月,ミニトマト,34450,北海道,1,16138,735,,
5468,2024,6,17,月,ミニトマト,34450,静　岡,22,12318,629,,
5469,2024,6,17,月,ピーマン,34500,,,351184,404,113.5,97.1
5470,2024,6,17,月,ピーマン,34500,茨　城,8,145119,446,,
5471,2024,6,17,月,ピーマン,34500,宮　崎,45,60295,252,,
5472,2024,6,17,月,ピーマン,34500,高　知,39,44203,362,,
5473,2024,6,17,月,ピーマン,34500,大　分,44,39555,422,,
5474,2024,6,17,月,ししとうがらし,34600,,,19234,1160,115.8,100.1
5475,2024,6,17,月,ししとうがらし,34600,高　知,39,7290,1293,,
5476,2024,6,17,月,ししとうがらし,34600,京　都,26,4081,1110,,
5477,2024,6,17,月,ししとうがらし,34600,千　葉,12,3377,1611,,
5478,2024,6,17,月,ししとうがらし,34600,宮　崎,45,1280,510,,
5479,2024,6,17,月,スイートコーン,34700,,,498745,228,120,91.9
5480,2024,6,17,月,スイートコーン,34700,茨　城,8,132288,210,,
5481,2024,6,17,月,スイートコーン,34700,群　馬,10,63107,202,,
5482,2024,6,17,月,スイートコーン,34700,愛　知,23,59936,239,,
5483,2024,6,17,月,スイートコーン,34700,香　川,37,47458,167,,
5484,2024,6,17,月,スイートコーン,34700,埼　玉,11,45142,260,,
5485,2024,6,17,月,さやいんげん,35100,,,30565,701,117.1,96.4
5486,2024,6,17,月,さやいんげん,35100,茨　城,8,7827,610,,
5487,2024,6,17,月,さやいんげん,35100,千　葉,12,6244,754,,
5488,2024,6,17,月,さやいんげん,35100,鹿児島,46,5439,631,,
5489,2024,6,17,月,さやいんげん,35100,長　崎,42,2270,687,,
5490,2024,6,17,月,さやいんげん,35100,愛　媛,38,1474,828,,
5491,2024,6,17,月,さやえんどう,35200,,,13048,1491,105.4,92.4
5492,2024,6,17,月,さやえんどう,35200,青　森,2,3922,1583,,
5493,2024,6,17,月,さやえんどう,35200,福　島,7,2210,1281,,
5494,2024,6,17,月,さやえんどう,35200,岩　手,3,2124,1688,,
5495,2024,6,17,月,さやえんどう,35200,岐　阜,21,1467,1237,,
5496,2024,6,17,月,さやえんどう,35200,秋　田,5,1012,1414,,
5497,2024,6,17,月,　　うち輸入,35201,,,134,833,131.4,91.7
5498,2024,6,17,月,実えんどう,35300,,,446,1109,61.4,99.4
5499,2024,6,17,月,実えんどう,35300,岐　阜,21,204,1075,,
5500,2024,6,17,月,実えんどう,35300,福　島,7,106,887,,
5501,2024,6,17,月,実えんどう,35300,長　野,20,95,1387,,
5502,2024,6,17,月,そらまめ,35400,,,29346,715,173.8,92
5503,2024,6,17,月,そらまめ,35400,秋　田,5,17684,785,,
5504,2024,6,17,月,そらまめ,35400,青　森,2,10292,639,,
5505,2024,6,17,月,えだまめ,35500,,,67973,946,95.1,92.6
5506,2024,6,17,月,えだまめ,35500,群　馬,10,20087,1113,,
5507,2024,6,17,月,えだまめ,35500,埼　玉,11,13511,968,,
5508,2024,6,17,月,えだまめ,35500,徳　島,36,6940,761,,
5509,2024,6,17,月,えだまめ,35500,岐　阜,21,5886,768,,
5510,2024,6,17,月,えだまめ,35500,千　葉,12,5563,1023,,
5511,2024,6,17,月,かんしょ,36100,,,195043,308,96,97.8
5512,2024,6,17,月,かんしょ,36100,茨　城,8,98897,291,,
5513,2024,6,17,月,かんしょ,36100,千　葉,12,65361,311,,
5514,2024,6,17,月,ばれいしょ,36200,,,760629,299,114.4,95.8
5515,2024,6,17,月,ばれいしょ,36200,長　崎,42,403374,353,,
5516,2024,6,17,月,ばれいしょ,36200,北海道,1,100915,74,,
5517,2024,6,17,月,ばれいしょ,36200,静　岡,22,63493,375,,
5518,2024,6,17,月,ばれいしょ,36200,茨　城,8,59662,280,,
5519,2024,6,17,月,さといも,36300,,,13584,593,110.9,109.6
5520,2024,6,17,月,さといも,36300,鹿児島,46,9784,628,,
5521,2024,6,17,月,さといも,36300,宮　崎,45,1658,635,,
5522,2024,6,17,月,やまのいも,36500,,,157124,394,81.3,105.9
5523,2024,6,17,月,やまのいも,36500,北海道,1,90890,371,,
5524,2024,6,17,月,やまのいも,36500,青　森,2,60091,396,,
5525,2024,6,17,月,たまねぎ,36610,,,1175593,171,91.3,100
5526,2024,6,17,月,たまねぎ,36610,兵　庫,28,502701,188,,
5527,2024,6,17,月,たまねぎ,36610,佐　賀,41,271604,172,,
5528,2024,6,17,月,たまねぎ,36610,香　川,37,75492,181,,
5529,2024,6,17,月,たまねぎ,36610,愛　知,23,73973,162,,
5530,2024,6,17,月,たまねぎ,36610,栃　木,9,43072,140,,
5531,2024,6,17,月,　　うち輸入,36620,,,65772,140,273.9,106.9
5532,2024,6,17,月,にんにく,36700,,,13060,969,95.2,85.5
5533,2024,6,17,月,にんにく,36700,青　森,2,3783,1830,,
5534,2024,6,17,月,にんにく,36700,香　川,37,850,1746,,
5535,2024,6,17,月,にんにく,36700,北海道,1,80,486,,
5536,2024,6,17,月,にんにく,36700,静　岡,22,52,806,,
5537,2024,6,17,月,にんにく,36700,徳　島,36,40,702,,
5538,2024,6,17,月,　　うち輸入,36701,,,8149,495,112.7,98
5539,2024,6,17,月,しょうが,37200,,,72037,720,93.3,97.4
5540,2024,6,17,月,しょうが,37200,高　知,39,32966,734,,
5541,2024,6,17,月,しょうが,37200,和歌山,30,24996,688,,
5542,2024,6,17,月,　　うち輸入,37201,,,3472,512,100.3,100.6
5543,2024,6,17,月,生しいたけ,38100,,,60465,895,99.9,101.1
5544,2024,6,17,月,生しいたけ,38100,秋　田,5,13501,1039,,
5545,2024,6,17,月,生しいたけ,38100,徳　島,36,11222,882,,
5546,2024,6,17,月,生しいたけ,38100,長　崎,42,5322,737,,
5547,2024,6,17,月,生しいたけ,38100,福　島,7,4205,717,,
5548,2024,6,17,月,生しいたけ,38100,大　分,44,3303,666,,
5549,2024,6,17,月,　　うち輸入,38101,,,659,706,46.8,88.4
5550,2024,6,17,月,なめこ,38300,,,19113,481,79.7,100.2
5551,2024,6,17,月,なめこ,38300,長　野,20,6121,453,,
5552,2024,6,17,月,なめこ,38300,山　形,6,3314,503,,
5553,2024,6,17,月,なめこ,38300,三　重,24,1891,549,,
5554,2024,6,17,月,なめこ,38300,宮　城,4,1438,488,,
5555,2024,6,17,月,なめこ,38300,大　分,44,1394,498,,
5556,2024,6,17,月,えのきだけ,38400,,,104323,306,107.3,97.5
5557,2024,6,17,月,えのきだけ,38400,長　野,20,62983,316,,
5558,2024,6,17,月,えのきだけ,38400,新　潟,15,12529,309,,
5559,2024,6,17,月,えのきだけ,38400,宮　崎,45,7701,295,,
5560,2024,6,17,月,えのきだけ,38400,長　崎,42,6564,274,,
5561,2024,6,17,月,しめじ,38500,,,65970,416,81.8,95.6
5562,2024,6,17,月,しめじ,38500,長　野,20,43665,398,,
5563,2024,6,17,月,しめじ,38500,福　岡,40,8907,439,,
5564,2024,6,17,月,しめじ,38500,茨　城,8,4839,296,,
5565,2024,6,17,月,その他の野菜,39000,,,396282,794,97.2,99.4
5566,2024,6,17,月,輸入野菜計,39100,,,288686,232,130.9,89.6
5567,2024,6,17,月,他の輸入野菜,39200,,,63259,358,106.1,97.3
5568,2024,6,24,月,野菜総計,30000,,,13592967,247,108.7,98.4
5569,2024,6,24,月,野菜総計,30000,長　野,20,2106211,152,,
5570,2024,6,24,月,野菜総計,30000,茨　城,8,1423037,234,,
5571,2024,6,24,月,野菜総計,30000,北海道,1,1297739,237,,
5572,2024,6,24,月,野菜総計,30000,群　馬,10,904253,199,,
5573,2024,6,24,月,野菜総計,30000,千　葉,12,841586,211,,
5574,2024,6,24,月,野菜総計,30000,青　森,2,638367,192,,
5575,2024,6,24,月,野菜総計,30000,熊　本,43,618803,270,,
5576,2024,6,24,月,だいこん,30100,,,799074,86,97.1,101.2
5577,2024,6,24,月,だいこん,30100,青　森,2,432862,81,,
5578,2024,6,24,月,だいこん,30100,北海道,1,199742,93,,
5579,2024,6,24,月,だいこん,30100,熊　本,43,35785,77,,
5580,2024,6,24,月,かぶ,30200,,,59351,147,97.5,100.7
5581,2024,6,24,月,かぶ,30200,千　葉,12,38478,113,,
5582,2024,6,24,月,かぶ,30200,青　森,2,14125,250,,
5583,2024,6,24,月,にんじん,30300,,,736534,213,123.7,97.3
5584,2024,6,24,月,にんじん,30300,千　葉,12,237897,226,,
5585,2024,6,24,月,にんじん,30300,長　崎,42,169676,196,,
5586,2024,6,24,月,にんじん,30300,和歌山,30,78330,197,,
5587,2024,6,24,月,にんじん,30300,北海道,1,57180,250,,
5588,2024,6,24,月,にんじん,30300,岐　阜,21,41003,250,,
5589,2024,6,24,月,ごぼう,30400,,,64732,344,122.2,86.6
5590,2024,6,24,月,ごぼう,30400,群　馬,10,18773,268,,
5591,2024,6,24,月,ごぼう,30400,宮　崎,45,9530,415,,
5592,2024,6,24,月,ごぼう,30400,鹿児島,46,9457,545,,
5593,2024,6,24,月,ごぼう,30400,青　森,2,9211,440,,
5594,2024,6,24,月,ごぼう,30400,北海道,1,8342,165,,
5595,2024,6,24,月,たけのこ,30500,,,87,495,68.5,84.8
5596,2024,6,24,月,たけのこ,30500,北海道,1,47,533,,
5597,2024,6,24,月,たけのこ,30500,山　形,6,20,540,,
5598,2024,6,24,月,たけのこ,30500,栃　木,9,10,216,,
5599,2024,6,24,月,れんこん,30600,,,14699,845,114.9,91.5
5600,2024,6,24,月,れんこん,30600,茨　城,8,5759,855,,
5601,2024,6,24,月,れんこん,30600,徳　島,36,4677,831,,
5602,2024,6,24,月,れんこん,30600,熊　本,43,2312,746,,
5603,2024,6,24,月,はくさい,31100,,,861748,76,91,104.1
5604,2024,6,24,月,はくさい,31100,長　野,20,721244,79,,
5605,2024,6,24,月,みずな,31300,,,43233,250,104,103.7
5606,2024,6,24,月,みずな,31300,茨　城,8,26925,226,,
5607,2024,6,24,月,みずな,31300,福　岡,40,9681,224,,
5608,2024,6,24,月,こまつな,31500,,,152997,215,107.5,96.8
5609,2024,6,24,月,こまつな,31500,茨　城,8,66965,194,,
5610,2024,6,24,月,こまつな,31500,福　岡,40,39127,190,,
5611,2024,6,24,月,こまつな,31500,群　馬,10,9782,178,,
5612,2024,6,24,月,こまつな,31500,埼　玉,11,6604,258,,
5613,2024,6,24,月,その他の菜類,31550,,,1625,541,89.3,93.3
5614,2024,6,24,月,ちんげんさい,31560,,,42841,269,92.8,101.5
5615,2024,6,24,月,ちんげんさい,31560,茨　城,8,13597,236,,
5616,2024,6,24,月,ちんげんさい,31560,静　岡,22,8836,340,,
5617,2024,6,24,月,ちんげんさい,31560,長　野,20,4577,200,,
5618,2024,6,24,月,ちんげんさい,31560,福　岡,40,3096,275,,
5619,2024,6,24,月,ちんげんさい,31560,愛　知,23,3037,203,,
5620,2024,6,24,月,キャベツ,31700,,,1598641,79,97.7,102.6
5621,2024,6,24,月,キャベツ,31700,茨　城,8,409709,64,,
5622,2024,6,24,月,キャベツ,31700,群　馬,10,334288,91,,
5623,2024,6,24,月,キャベツ,31700,千　葉,12,221100,65,,
5624,2024,6,24,月,キャベツ,31700,長　野,20,216139,98,,
5625,2024,6,24,月,キャベツ,31700,愛　知,23,66245,76,,
5626,2024,6,24,月,ほうれんそう,31800,,,136593,491,118,98.4
5627,2024,6,24,月,ほうれんそう,31800,群　馬,10,50056,381,,
5628,2024,6,24,月,ほうれんそう,31800,岐　阜,21,39199,608,,
5629,2024,6,24,月,ほうれんそう,31800,茨　城,8,14495,414,,
5630,2024,6,24,月,ほうれんそう,31800,栃　木,9,9455,563,,
5631,2024,6,24,月,ねぎ,31900,,,301084,419,90.1,101.5
5632,2024,6,24,月,ねぎ,31900,茨　城,8,134601,359,,
5633,2024,6,24,月,ねぎ,31900,大　分,44,34152,416,,
5634,2024,6,24,月,ねぎ,31900,千　葉,12,30604,374,,
5635,2024,6,24,月,ねぎ,31900,北海道,1,16180,535,,
5636,2024,6,24,月,ねぎ,31900,鳥　取,31,10409,388,,
5637,2024,6,24,月,ふき,32300,,,442,234,235.1,56.3
5638,2024,6,24,月,ふき,32300,大　阪,27,140,144,,
5639,2024,6,24,月,ふき,32300,徳　島,36,120,259,,
5640,2024,6,24,月,ふき,32300,山　形,6,74,548,,
5641,2024,6,24,月,ふき,32300,北海道,1,60,108,,
5642,2024,6,24,月,うど,32400,,,276,1250,383.3,119.4
5643,2024,6,24,月,うど,32400,栃　木,9,176,1375,,
5644,2024,6,24,月,うど,32400,茨　城,8,100,1030,,
5645,2024,6,24,月,みつば,32500,,,12510,456,97.1,101.6
5646,2024,6,24,月,みつば,32500,千　葉,12,2316,320,,
5647,2024,6,24,月,みつば,32500,愛　知,23,2118,423,,
5648,2024,6,24,月,みつば,32500,大　分,44,1517,477,,
5649,2024,6,24,月,みつば,32500,埼　玉,11,1447,489,,
5650,2024,6,24,月,みつば,32500,静　岡,22,1360,537,,
5651,2024,6,24,月,しゅんぎく,32600,,,6568,574,94.2,110
5652,2024,6,24,月,しゅんぎく,32600,福　岡,40,1490,446,,
5653,2024,6,24,月,しゅんぎく,32600,岩　手,3,1296,549,,
5654,2024,6,24,月,しゅんぎく,32600,茨　城,8,1100,428,,
5655,2024,6,24,月,しゅんぎく,32600,岐　阜,21,522,754,,
5656,2024,6,24,月,しゅんぎく,32600,北海道,1,399,579,,
5657,2024,6,24,月,にら,32800,,,75825,431,86.8,101.2
5658,2024,6,24,月,にら,32800,高　知,39,25887,381,,
5659,2024,6,24,月,にら,32800,栃　木,9,11592,532,,
5660,2024,6,24,月,にら,32800,茨　城,8,10208,372,,
5661,2024,6,24,月,にら,32800,大　分,44,9915,357,,
5662,2024,6,24,月,にら,32800,山　形,6,5304,505,,
5663,2024,6,24,月,セルリー,32900,,,52251,252,86,97.7
5664,2024,6,24,月,セルリー,32900,長　野,20,47177,250,,
5665,2024,6,24,月,アスパラガス,33100,,,57374,1267,129.9,96.1
5666,2024,6,24,月,アスパラガス,33100,佐　賀,41,14355,1203,,
5667,2024,6,24,月,アスパラガス,33100,福　岡,40,9567,1133,,
5668,2024,6,24,月,アスパラガス,33100,長　崎,42,8936,1186,,
5669,2024,6,24,月,アスパラガス,33100,熊　本,43,6591,1213,,
5670,2024,6,24,月,アスパラガス,33100,栃　木,9,5126,1466,,
5671,2024,6,24,月,　　うち輸入,33101,,,273,1973,22.5,121
5672,2024,6,24,月,カリフラワー,33200,,,20649,250,109,100
5673,2024,6,24,月,カリフラワー,33200,長　野,20,14478,251,,
5674,2024,6,24,月,カリフラワー,33200,茨　城,8,1331,266,,
5675,2024,6,24,月,カリフラワー,33200,北海道,1,1228,359,,
5676,2024,6,24,月,ブロッコリー,33300,,,335069,378,134.1,97.2
5677,2024,6,24,月,ブロッコリー,33300,北海道,1,163002,345,,
5678,2024,6,24,月,ブロッコリー,33300,長　野,20,107187,459,,
5679,2024,6,24,月,レタス,33400,,,983391,130,108.4,101.6
5680,2024,6,24,月,レタス,33400,長　野,20,810182,132,,
5681,2024,6,24,月,パセリ,33600,,,3595,1223,85.3,100.9
5682,2024,6,24,月,パセリ,33600,千　葉,12,1210,894,,
5683,2024,6,24,月,パセリ,33600,長　野,20,1185,1346,,
5684,2024,6,24,月,パセリ,33600,愛　知,23,226,2227,,
5685,2024,6,24,月,パセリ,33600,茨　城,8,209,1081,,
5686,2024,6,24,月,パセリ,33600,大　分,44,195,1415,,
5687,2024,6,24,月,きゅうり,34100,,,799455,202,132.6,101
5688,2024,6,24,月,きゅうり,34100,福　島,7,143868,257,,
5689,2024,6,24,月,きゅうり,34100,群　馬,10,86826,179,,
5690,2024,6,24,月,きゅうり,34100,宮　城,4,66676,173,,
5691,2024,6,24,月,きゅうり,34100,埼　玉,11,59955,180,,
5692,2024,6,24,月,きゅうり,34100,北海道,1,55949,261,,
5693,2024,6,24,月,かぼちゃ,34200,,,357725,243,113.6,96.8
5694,2024,6,24,月,かぼちゃ,34200,鹿児島,46,82948,266,,
5695,2024,6,24,月,かぼちゃ,34200,長　崎,42,36292,198,,
5696,2024,6,24,月,かぼちゃ,34200,茨　城,8,23525,327,,
5697,2024,6,24,月,かぼちゃ,34200,長　野,20,18080,309,,
5698,2024,6,24,月,かぼちゃ,34200,群　馬,10,17935,197,,
5699,2024,6,24,月,　　うち輸入,34201,,,120742,182,93.4,100
5700,2024,6,24,月,なす,34300,,,630090,300,129.6,94.3
5701,2024,6,24,月,なす,34300,高　知,39,152923,236,,
5702,2024,6,24,月,なす,34300,福　岡,40,112866,300,,
5703,2024,6,24,月,なす,34300,熊　本,43,95662,317,,
5704,2024,6,24,月,なす,34300,群　馬,10,76136,375,,
5705,2024,6,24,月,なす,34300,茨　城,8,32726,193,,
5706,2024,6,24,月,トマト,34400,,,1092344,293,127.4,91.6
5707,2024,6,24,月,トマト,34400,熊　本,43,229598,233,,
5708,2024,6,24,月,トマト,34400,北海道,1,200303,358,,
5709,2024,6,24,月,トマト,34400,栃　木,9,141248,250,,
5710,2024,6,24,月,トマト,34400,愛　知,23,101879,307,,
5711,2024,6,24,月,トマト,34400,千　葉,12,64224,233,,
5712,2024,6,24,月,ミニトマト,34450,,,300813,512,125.3,90.8
5713,2024,6,24,月,ミニトマト,34450,熊　本,43,96451,357,,
5714,2024,6,24,月,ミニトマト,34450,茨　城,8,64602,481,,
5715,2024,6,24,月,ミニトマト,34450,愛　知,23,40767,645,,
5716,2024,6,24,月,ミニトマト,34450,北海道,1,24762,690,,
5717,2024,6,24,月,ミニトマト,34450,宮　崎,45,10937,455,,
5718,2024,6,24,月,ピーマン,34500,,,321241,385,112.9,100.3
5719,2024,6,24,月,ピーマン,34500,茨　城,8,137257,394,,
5720,2024,6,24,月,ピーマン,34500,高　知,39,39799,309,,
5721,2024,6,24,月,ピーマン,34500,大　分,44,37353,369,,
5722,2024,6,24,月,ピーマン,34500,宮　崎,45,36752,262,,
5723,2024,6,24,月,ピーマン,34500,岩　手,3,15159,462,,
5724,2024,6,24,月,ししとうがらし,34600,,,21174,966,121.9,94.8
5725,2024,6,24,月,ししとうがらし,34600,高　知,39,6956,1169,,
5726,2024,6,24,月,ししとうがらし,34600,京　都,26,6800,970,,
5727,2024,6,24,月,ししとうがらし,34600,千　葉,12,3037,1005,,
5728,2024,6,24,月,ししとうがらし,34600,愛　媛,38,1032,449,,
5729,2024,6,24,月,スイートコーン,34700,,,581738,198,126.2,92.1
5730,2024,6,24,月,スイートコーン,34700,茨　城,8,181140,188,,
5731,2024,6,24,月,スイートコーン,34700,愛　知,23,83972,213,,
5732,2024,6,24,月,スイートコーン,34700,群　馬,10,81110,197,,
5733,2024,6,24,月,スイートコーン,34700,埼　玉,11,55530,195,,
5734,2024,6,24,月,スイートコーン,34700,香　川,37,55160,124,,
5735,2024,6,24,月,さやいんげん,35100,,,25653,635,120.3,104.3
5736,2024,6,24,月,さやいんげん,35100,茨　城,8,7050,471,,
5737,2024,6,24,月,さやいんげん,35100,千　葉,12,3802,599,,
5738,2024,6,24,月,さやいんげん,35100,鹿児島,46,3134,602,,
5739,2024,6,24,月,さやいんげん,35100,福　島,7,2221,915,,
5740,2024,6,24,月,さやいんげん,35100,愛　媛,38,1572,732,,
5741,2024,6,24,月,さやえんどう,35200,,,11267,1236,88.1,100.2
5742,2024,6,24,月,さやえんどう,35200,青　森,2,3989,1237,,
5743,2024,6,24,月,さやえんどう,35200,岩　手,3,2373,1113,,
5744,2024,6,24,月,さやえんどう,35200,北海道,1,1165,1862,,
5745,2024,6,24,月,さやえんどう,35200,秋　田,5,1048,1066,,
5746,2024,6,24,月,さやえんどう,35200,岐　阜,21,954,1366,,
5747,2024,6,24,月,　　うち輸入,35201,,,402,835,83.4,92.3
5748,2024,6,24,月,実えんどう,35300,,,515,1005,128.8,87.4
5749,2024,6,24,月,実えんどう,35300,岐　阜,21,311,936,,
5750,2024,6,24,月,実えんどう,35300,長　野,20,155,1226,,
5751,2024,6,24,月,そらまめ,35400,,,18422,461,87,100.4
5752,2024,6,24,月,そらまめ,35400,秋　田,5,11956,472,,
5753,2024,6,24,月,そらまめ,35400,青　森,2,6100,430,,
5754,2024,6,24,月,えだまめ,35500,,,79992,791,114.6,94.4
5755,2024,6,24,月,えだまめ,35500,群　馬,10,33120,860,,
5756,2024,6,24,月,えだまめ,35500,埼　玉,11,14489,681,,
5757,2024,6,24,月,えだまめ,35500,千　葉,12,5825,817,,
5758,2024,6,24,月,えだまめ,35500,徳　島,36,5373,725,,
5759,2024,6,24,月,えだまめ,35500,岐　阜,21,3988,800,,
5760,2024,6,24,月,かんしょ,36100,,,201930,301,93.8,99.7
5761,2024,6,24,月,かんしょ,36100,茨　城,8,102583,276,,
5762,2024,6,24,月,かんしょ,36100,千　葉,12,58641,297,,
5763,2024,6,24,月,かんしょ,36100,高　知,39,10448,418,,
5764,2024,6,24,月,ばれいしょ,36200,,,510527,282,75.1,99.3
5765,2024,6,24,月,ばれいしょ,36200,長　崎,42,227757,303,,
5766,2024,6,24,月,ばれいしょ,36200,茨　城,8,78699,267,,
5767,2024,6,24,月,ばれいしょ,36200,静　岡,22,57027,362,,
5768,2024,6,24,月,ばれいしょ,36200,北海道,1,42215,94,,
5769,2024,6,24,月,ばれいしょ,36200,熊　本,43,33542,266,,
5770,2024,6,24,月,さといも,36300,,,7495,573,83.6,111
5771,2024,6,24,月,さといも,36300,鹿児島,46,4183,626,,
5772,2024,6,24,月,さといも,36300,宮　崎,45,1703,610,,
5773,2024,6,24,月,さといも,36300,千　葉,12,380,502,,
5774,2024,6,24,月,やまのいも,36500,,,198679,388,152.3,104.6
5775,2024,6,24,月,やまのいも,36500,青　森,2,97901,390,,
5776,2024,6,24,月,やまのいも,36500,北海道,1,88703,367,,
5777,2024,6,24,月,たまねぎ,36610,,,1317544,161,119.2,90.4
5778,2024,6,24,月,たまねぎ,36610,兵　庫,28,501233,190,,
5779,2024,6,24,月,たまねぎ,36610,北海道,1,286577,93,,
5780,2024,6,24,月,たまねぎ,36610,佐　賀,41,240096,178,,
5781,2024,6,24,月,たまねぎ,36610,香　川,37,79809,183,,
5782,2024,6,24,月,　　うち輸入,36620,,,44589,153,126,131.9
5783,2024,6,24,月,にんにく,36700,,,14081,1203,118.2,122.4
5784,2024,6,24,月,にんにく,36700,青　森,2,5280,1879,,
5785,2024,6,24,月,にんにく,36700,香　川,37,1695,1845,,
5786,2024,6,24,月,にんにく,36700,岩　手,3,120,1386,,
5787,2024,6,24,月,にんにく,36700,徳　島,36,70,733,,
5788,2024,6,24,月,にんにく,36700,長　崎,42,60,1368,,
5789,2024,6,24,月,　　うち輸入,36701,,,6809,520,90.3,105.9
5790,2024,6,24,月,しょうが,37200,,,64930,657,80.3,98.4
5791,2024,6,24,月,しょうが,37200,高　知,39,30860,681,,
5792,2024,6,24,月,しょうが,37200,和歌山,30,17544,589,,
5793,2024,6,24,月,しょうが,37200,宮　崎,45,3788,611,,
5794,2024,6,24,月,　　うち輸入,37201,,,3279,516,92.1,100.4
5795,2024,6,24,月,生しいたけ,38100,,,54966,850,102.2,99.3
5796,2024,6,24,月,生しいたけ,38100,秋　田,5,12865,930,,
5797,2024,6,24,月,生しいたけ,38100,徳　島,36,8225,884,,
5798,2024,6,24,月,生しいたけ,38100,長　崎,42,5896,666,,
5799,2024,6,24,月,生しいたけ,38100,福　島,7,3506,733,,
5800,2024,6,24,月,生しいたけ,38100,大　分,44,2940,636,,
5801,2024,6,24,月,　　うち輸入,38101,,,828,710,68.2,90.8
5802,2024,6,24,月,なめこ,38300,,,20560,468,91.7,99.2
5803,2024,6,24,月,なめこ,38300,長　野,20,6502,455,,
5804,2024,6,24,月,なめこ,38300,山　形,6,3292,474,,
5805,2024,6,24,月,なめこ,38300,三　重,24,2157,543,,
5806,2024,6,24,月,なめこ,38300,大　分,44,1806,503,,
5807,2024,6,24,月,なめこ,38300,宮　城,4,1609,488,,
5808,2024,6,24,月,えのきだけ,38400,,,97665,290,92.8,98
5809,2024,6,24,月,えのきだけ,38400,長　野,20,60775,302,,
5810,2024,6,24,月,えのきだけ,38400,新　潟,15,12897,270,,
5811,2024,6,24,月,えのきだけ,38400,福　岡,40,6318,274,,
5812,2024,6,24,月,しめじ,38500,,,63098,417,83.4,98.6
5813,2024,6,24,月,しめじ,38500,長　野,20,36868,392,,
5814,2024,6,24,月,しめじ,38500,福　岡,40,7417,406,,
5815,2024,6,24,月,しめじ,38500,茨　城,8,4729,286,,
5816,2024,6,24,月,しめじ,38500,新　潟,15,4056,501,,
5817,2024,6,24,月,その他の野菜,39000,,,439955,725,104,95
5818,2024,6,24,月,輸入野菜計,39100,,,247289,250,104.3,105
5819,2024,6,24,月,他の輸入野菜,39200,,,70368,376,120.4,110.9
5820,2024,7,1,月,野菜総計,30000,,,13606488,241,113.2,101.3
5821,2024,7,1,月,野菜総計,30000,長　野,20,2591389,139,,
5822,2024,7,1,月,野菜総計,30000,群　馬,10,1606320,150,,
5823,2024,7,1,月,野菜総計,30000,北海道,1,1488287,262,,
5824,2024,7,1,月,野菜総計,30000,茨　城,8,1211862,260,,
5825,2024,7,1,月,野菜総計,30000,青　森,2,815228,207,,
5826,2024,7,1,月,野菜総計,30000,兵　庫,28,570916,192,,
5827,2024,7,1,月,野菜総計,30000,千　葉,12,550591,233,,
5828,2024,7,1,月,だいこん,30100,,,878098,97,113.2,101
5829,2024,7,1,月,だいこん,30100,北海道,1,378348,104,,
5830,2024,7,1,月,だいこん,30100,青　森,2,369185,88,,
5831,2024,7,1,月,かぶ,30200,,,50675,166,96.4,107.8
5832,2024,7,1,月,かぶ,30200,千　葉,12,27656,119,,
5833,2024,7,1,月,かぶ,30200,青　森,2,19562,242,,
5834,2024,7,1,月,にんじん,30300,,,654737,209,105.3,100
5835,2024,7,1,月,にんじん,30300,青　森,2,285510,222,,
5836,2024,7,1,月,にんじん,30300,北海道,1,91320,213,,
5837,2024,7,1,月,にんじん,30300,千　葉,12,88417,203,,
5838,2024,7,1,月,にんじん,30300,長　崎,42,70038,233,,
5839,2024,7,1,月,ごぼう,30400,,,86703,320,191.3,85.8
5840,2024,7,1,月,ごぼう,30400,群　馬,10,21751,256,,
5841,2024,7,1,月,ごぼう,30400,北海道,1,18864,115,,
5842,2024,7,1,月,ごぼう,30400,鹿児島,46,14822,517,,
5843,2024,7,1,月,ごぼう,30400,熊　本,43,10177,434,,
5844,2024,7,1,月,ごぼう,30400,宮　崎,45,8237,394,,
5845,2024,7,1,月,たけのこ,30500,,,21,1160,105,227.5
5846,2024,7,1,月,たけのこ,30500,北海道,1,17,1239,,
5847,2024,7,1,月,れんこん,30600,,,16199,811,96.4,100.4
5848,2024,7,1,月,れんこん,30600,茨　城,8,8634,811,,
5849,2024,7,1,月,れんこん,30600,徳　島,36,2922,946,,
5850,2024,7,1,月,れんこん,30600,熊　本,43,2476,638,,
5851,2024,7,1,月,はくさい,31100,,,898351,81,88.3,111
5852,2024,7,1,月,はくさい,31100,長　野,20,848949,81,,
5853,2024,7,1,月,みずな,31300,,,37417,274,104.7,107.5
5854,2024,7,1,月,みずな,31300,茨　城,8,25293,239,,
5855,2024,7,1,月,みずな,31300,福　岡,40,6198,268,,
5856,2024,7,1,月,こまつな,31500,,,151431,213,112.2,101.9
5857,2024,7,1,月,こまつな,31500,茨　城,8,59158,199,,
5858,2024,7,1,月,こまつな,31500,福　岡,40,42494,173,,
5859,2024,7,1,月,こまつな,31500,群　馬,10,15355,161,,
5860,2024,7,1,月,こまつな,31500,北海道,1,6212,405,,
5861,2024,7,1,月,その他の菜類,31550,,,1787,486,137.3,90.3
5862,2024,7,1,月,ちんげんさい,31560,,,38951,284,99.3,106.4
5863,2024,7,1,月,ちんげんさい,31560,茨　城,8,11530,260,,
5864,2024,7,1,月,ちんげんさい,31560,静　岡,22,8403,346,,
5865,2024,7,1,月,ちんげんさい,31560,福　岡,40,4056,260,,
5866,2024,7,1,月,ちんげんさい,31560,長　野,20,3729,214,,
5867,2024,7,1,月,ちんげんさい,31560,愛　知,23,3182,215,,
5868,2024,7,1,月,キャベツ,31700,,,2078487,75,112.8,105.6
5869,2024,7,1,月,キャベツ,31700,群　馬,10,1059368,79,,
5870,2024,7,1,月,キャベツ,31700,長　野,20,332706,81,,
5871,2024,7,1,月,キャベツ,31700,茨　城,8,182627,54,,
5872,2024,7,1,月,キャベツ,31700,千　葉,12,97106,60,,
5873,2024,7,1,月,ほうれんそう,31800,,,104509,554,105.9,106.3
5874,2024,7,1,月,ほうれんそう,31800,群　馬,10,34499,463,,
5875,2024,7,1,月,ほうれんそう,31800,岐　阜,21,31794,635,,
5876,2024,7,1,月,ほうれんそう,31800,栃　木,9,10644,625,,
5877,2024,7,1,月,ほうれんそう,31800,茨　城,8,8927,413,,
5878,2024,7,1,月,ねぎ,31900,,,303213,414,88.1,104.3
5879,2024,7,1,月,ねぎ,31900,茨　城,8,128139,346,,
5880,2024,7,1,月,ねぎ,31900,大　分,44,29711,458,,
5881,2024,7,1,月,ねぎ,31900,千　葉,12,29294,367,,
5882,2024,7,1,月,ねぎ,31900,北海道,1,23297,508,,
5883,2024,7,1,月,ねぎ,31900,鳥　取,31,10077,400,,
5884,2024,7,1,月,ふき,32300,,,100,247,48.3,96.5
5885,2024,7,1,月,ふき,32300,徳　島,36,56,309,,
5886,2024,7,1,月,ふき,32300,宮　城,4,30,18,,
5887,2024,7,1,月,うど,32400,,,72,1020,94.7,101
5888,2024,7,1,月,うど,32400,茨　城,8,72,1020,,
5889,2024,7,1,月,みつば,32500,,,10898,511,96.2,108.3
5890,2024,7,1,月,みつば,32500,千　葉,12,1822,360,,
5891,2024,7,1,月,みつば,32500,愛　知,23,1578,520,,
5892,2024,7,1,月,みつば,32500,静　岡,22,1369,500,,
5893,2024,7,1,月,みつば,32500,埼　玉,11,1323,515,,
5894,2024,7,1,月,みつば,32500,大　分,44,1280,560,,
5895,2024,7,1,月,しゅんぎく,32600,,,5392,647,94.7,108.6
5896,2024,7,1,月,しゅんぎく,32600,岩　手,3,1131,685,,
5897,2024,7,1,月,しゅんぎく,32600,福　岡,40,902,654,,
5898,2024,7,1,月,しゅんぎく,32600,茨　城,8,888,407,,
5899,2024,7,1,月,しゅんぎく,32600,宮　城,4,546,750,,
5900,2024,7,1,月,しゅんぎく,32600,岐　阜,21,537,832,,
5901,2024,7,1,月,にら,32800,,,72781,440,92.9,100
5902,2024,7,1,月,にら,32800,高　知,39,22136,406,,
5903,2024,7,1,月,にら,32800,栃　木,9,12630,522,,
5904,2024,7,1,月,にら,32800,大　分,44,10060,352,,
5905,2024,7,1,月,にら,32800,茨　城,8,9081,366,,
5906,2024,7,1,月,にら,32800,山　形,6,6144,486,,
5907,2024,7,1,月,セルリー,32900,,,56391,235,85.8,99.2
5908,2024,7,1,月,セルリー,32900,長　野,20,51913,234,,
5909,2024,7,1,月,アスパラガス,33100,,,68492,1130,129.4,97.6
5910,2024,7,1,月,アスパラガス,33100,佐　賀,41,15570,1090,,
5911,2024,7,1,月,アスパラガス,33100,福　岡,40,12680,1020,,
5912,2024,7,1,月,アスパラガス,33100,長　崎,42,11443,1056,,
5913,2024,7,1,月,アスパラガス,33100,栃　木,9,8563,1224,,
5914,2024,7,1,月,アスパラガス,33100,熊　本,43,7373,1010,,
5915,2024,7,1,月,　　うち輸入,33101,,,303,2817,195.5,172.9
5916,2024,7,1,月,カリフラワー,33200,,,18937,271,134.2,100.4
5917,2024,7,1,月,カリフラワー,33200,長　野,20,15766,275,,
5918,2024,7,1,月,ブロッコリー,33300,,,348432,409,137.6,103.8
5919,2024,7,1,月,ブロッコリー,33300,北海道,1,240851,375,,
5920,2024,7,1,月,ブロッコリー,33300,長　野,20,78302,504,,
5921,2024,7,1,月,レタス,33400,,,1209631,125,131.9,96.2
5922,2024,7,1,月,レタス,33400,長　野,20,1057474,125,,
5923,2024,7,1,月,パセリ,33600,,,3298,1319,82.7,109.2
5924,2024,7,1,月,パセリ,33600,長　野,20,1358,1266,,
5925,2024,7,1,月,パセリ,33600,千　葉,12,665,1078,,
5926,2024,7,1,月,パセリ,33600,茨　城,8,381,807,,
5927,2024,7,1,月,パセリ,33600,愛　知,23,230,2396,,
5928,2024,7,1,月,パセリ,33600,大　分,44,184,1523,,
5929,2024,7,1,月,きゅうり,34100,,,694098,281,147.6,114.2
5930,2024,7,1,月,きゅうり,34100,福　島,7,169832,315,,
5931,2024,7,1,月,きゅうり,34100,北海道,1,110734,294,,
5932,2024,7,1,月,きゅうり,34100,群　馬,10,51556,259,,
5933,2024,7,1,月,きゅうり,34100,宮　城,4,48145,235,,
5934,2024,7,1,月,きゅうり,34100,埼　玉,11,38883,247,,
5935,2024,7,1,月,かぼちゃ,34200,,,334284,246,106.2,104.2
5936,2024,7,1,月,かぼちゃ,34200,鹿児島,46,95349,270,,
5937,2024,7,1,月,かぼちゃ,34200,長　野,20,28006,355,,
5938,2024,7,1,月,かぼちゃ,34200,茨　城,8,24330,327,,
5939,2024,7,1,月,かぼちゃ,34200,長　崎,42,22540,196,,
5940,2024,7,1,月,かぼちゃ,34200,神奈川,14,17665,387,,
5941,2024,7,1,月,　　うち輸入,34201,,,108374,159,85.6,89.3
5942,2024,7,1,月,なす,34300,,,489797,299,136.3,101.4
5943,2024,7,1,月,なす,34300,群　馬,10,98849,355,,
5944,2024,7,1,月,なす,34300,高　知,39,73361,187,,
5945,2024,7,1,月,なす,34300,熊　本,43,58843,312,,
5946,2024,7,1,月,なす,34300,福　岡,40,54623,299,,
5947,2024,7,1,月,なす,34300,茨　城,8,45537,217,,
5948,2024,7,1,月,トマト,34400,,,950748,290,121.5,99.3
5949,2024,7,1,月,トマト,34400,北海道,1,265856,325,,
5950,2024,7,1,月,トマト,34400,熊　本,43,113805,250,,
5951,2024,7,1,月,トマト,34400,愛　知,23,97958,270,,
5952,2024,7,1,月,トマト,34400,栃　木,9,92911,227,,
5953,2024,7,1,月,トマト,34400,千　葉,12,48757,216,,
5954,2024,7,1,月,ミニトマト,34450,,,251254,516,120.2,96.4
5955,2024,7,1,月,ミニトマト,34450,茨　城,8,78156,434,,
5956,2024,7,1,月,ミニトマト,34450,熊　本,43,50648,356,,
5957,2024,7,1,月,ミニトマト,34450,北海道,1,28039,632,,
5958,2024,7,1,月,ミニトマト,34450,愛　知,23,26496,608,,
5959,2024,7,1,月,ミニトマト,34450,和歌山,30,9888,1069,,
5960,2024,7,1,月,ピーマン,34500,,,289782,378,108,96.7
5961,2024,7,1,月,ピーマン,34500,茨　城,8,108399,348,,
5962,2024,7,1,月,ピーマン,34500,大　分,44,43469,356,,
5963,2024,7,1,月,ピーマン,34500,高　知,39,27913,293,,
5964,2024,7,1,月,ピーマン,34500,宮　崎,45,24751,334,,
5965,2024,7,1,月,ピーマン,34500,岩　手,3,15878,464,,
5966,2024,7,1,月,ししとうがらし,34600,,,25686,885,130,97.5
5967,2024,7,1,月,ししとうがらし,34600,京　都,26,11104,756,,
5968,2024,7,1,月,ししとうがらし,34600,高　知,39,6484,1259,,
5969,2024,7,1,月,ししとうがらし,34600,千　葉,12,2746,1145,,
5970,2024,7,1,月,ししとうがらし,34600,茨　城,8,1081,576,,
5971,2024,7,1,月,スイートコーン,34700,,,523727,217,134.4,104.3
5972,2024,7,1,月,スイートコーン,34700,茨　城,8,170825,204,,
5973,2024,7,1,月,スイートコーン,34700,群　馬,10,79649,216,,
5974,2024,7,1,月,スイートコーン,34700,埼　玉,11,65662,204,,
5975,2024,7,1,月,スイートコーン,34700,千　葉,12,60598,230,,
5976,2024,7,1,月,スイートコーン,34700,愛　知,23,60134,241,,
5977,2024,7,1,月,さやいんげん,35100,,,17752,682,114.2,99
5978,2024,7,1,月,さやいんげん,35100,茨　城,8,6768,436,,
5979,2024,7,1,月,さやいんげん,35100,福　島,7,3690,876,,
5980,2024,7,1,月,さやいんげん,35100,千　葉,12,1318,555,,
5981,2024,7,1,月,さやいんげん,35100,長　野,20,748,1222,,
5982,2024,7,1,月,さやいんげん,35100,愛　媛,38,730,786,,
5983,2024,7,1,月,さやえんどう,35200,,,6976,1293,81.1,112.5
5984,2024,7,1,月,さやえんどう,35200,青　森,2,2844,1133,,
5985,2024,7,1,月,さやえんどう,35200,秋　田,5,1214,1110,,
5986,2024,7,1,月,さやえんどう,35200,北海道,1,1154,1863,,
5987,2024,7,1,月,さやえんどう,35200,岩　手,3,905,1532,,
5988,2024,7,1,月,　　うち輸入,35201,,,320,895,136.8,127
5989,2024,7,1,月,実えんどう,35300,,,36,1255,19.6,184
5990,2024,7,1,月,実えんどう,35300,長　野,20,35,1265,,
5991,2024,7,1,月,そらまめ,35400,,,1060,497,46.6,116.1
5992,2024,7,1,月,そらまめ,35400,秋　田,5,760,304,,
5993,2024,7,1,月,そらまめ,35400,北海道,1,236,1103,,
5994,2024,7,1,月,えだまめ,35500,,,78629,771,125.7,97.7
5995,2024,7,1,月,えだまめ,35500,群　馬,10,42337,800,,
5996,2024,7,1,月,えだまめ,35500,埼　玉,11,11956,671,,
5997,2024,7,1,月,えだまめ,35500,徳　島,36,4465,723,,
5998,2024,7,1,月,えだまめ,35500,神奈川,14,3779,1086,,
5999,2024,7,1,月,えだまめ,35500,千　葉,12,2526,874,,
6000,2024,7,1,月,かんしょ,36100,,,232923,285,122.3,100.7
6001,2024,7,1,月,かんしょ,36100,茨　城,8,128028,274,,
6002,2024,7,1,月,かんしょ,36100,千　葉,12,73842,283,,
6003,2024,7,1,月,ばれいしょ,36200,,,467851,269,116.2,98.9
6004,2024,7,1,月,ばれいしょ,36200,長　崎,42,134625,310,,
6005,2024,7,1,月,ばれいしょ,36200,茨　城,8,127215,266,,
6006,2024,7,1,月,ばれいしょ,36200,静　岡,22,71328,338,,
6007,2024,7,1,月,ばれいしょ,36200,北海道,1,47366,122,,
6008,2024,7,1,月,さといも,36300,,,12946,597,122.6,95.7
6009,2024,7,1,月,さといも,36300,鹿児島,46,10122,627,,
6010,2024,7,1,月,さといも,36300,宮　崎,45,1093,709,,
6011,2024,7,1,月,やまのいも,36500,,,158374,396,80.5,102.9
6012,2024,7,1,月,やまのいも,36500,北海道,1,95155,373,,
6013,2024,7,1,月,やまのいも,36500,青　森,2,55991,394,,
6014,2024,7,1,月,たまねぎ,36610,,,1214194,174,107.9,100
6015,2024,7,1,月,たまねぎ,36610,兵　庫,28,546274,186,,
6016,2024,7,1,月,たまねぎ,36610,佐　賀,41,271317,184,,
6017,2024,7,1,月,たまねぎ,36610,香　川,37,101112,182,,
6018,2024,7,1,月,たまねぎ,36610,島　根,32,29010,186,,
6019,2024,7,1,月,たまねぎ,36610,愛　知,23,27207,163,,
6020,2024,7,1,月,　　うち輸入,36620,,,86854,78,261.5,63.9
6021,2024,7,1,月,にんにく,36700,,,16552,1132,120.4,111.5
6022,2024,7,1,月,にんにく,36700,青　森,2,6076,1680,,
6023,2024,7,1,月,にんにく,36700,香　川,37,1904,1721,,
6024,2024,7,1,月,にんにく,36700,大　分,44,326,1915,,
6025,2024,7,1,月,にんにく,36700,岩　手,3,215,1273,,
6026,2024,7,1,月,にんにく,36700,茨　城,8,108,600,,
6027,2024,7,1,月,　　うち輸入,36701,,,7693,518,93.9,102.4
6028,2024,7,1,月,しょうが,37200,,,80388,603,109.9,97.6
6029,2024,7,1,月,しょうが,37200,高　知,39,36816,643,,
6030,2024,7,1,月,しょうが,37200,和歌山,30,23868,522,,
6031,2024,7,1,月,しょうが,37200,宮　崎,45,6400,590,,
6032,2024,7,1,月,　　うち輸入,37201,,,3598,510,104.9,98.1
6033,2024,7,1,月,生しいたけ,38100,,,56314,858,103.4,99.5
6034,2024,7,1,月,生しいたけ,38100,徳　島,36,12394,795,,
6035,2024,7,1,月,生しいたけ,38100,秋　田,5,10910,991,,
6036,2024,7,1,月,生しいたけ,38100,長　崎,42,4961,722,,
6037,2024,7,1,月,生しいたけ,38100,大　分,44,3459,600,,
6038,2024,7,1,月,生しいたけ,38100,福　島,7,3209,707,,
6039,2024,7,1,月,　　うち輸入,38101,,,1016,768,72.4,99
6040,2024,7,1,月,なめこ,38300,,,19959,466,86.6,100.6
6041,2024,7,1,月,なめこ,38300,長　野,20,6422,435,,
6042,2024,7,1,月,なめこ,38300,山　形,6,3255,500,,
6043,2024,7,1,月,なめこ,38300,三　重,24,2248,553,,
6044,2024,7,1,月,なめこ,38300,大　分,44,1474,502,,
6045,2024,7,1,月,なめこ,38300,群　馬,10,1364,412,,
6046,2024,7,1,月,えのきだけ,38400,,,98189,266,104.9,94.3
6047,2024,7,1,月,えのきだけ,38400,長　野,20,59485,272,,
6048,2024,7,1,月,えのきだけ,38400,新　潟,15,12969,246,,
6049,2024,7,1,月,えのきだけ,38400,福　岡,40,6627,267,,
6050,2024,7,1,月,しめじ,38500,,,62900,389,76.4,98
6051,2024,7,1,月,しめじ,38500,長　野,20,40087,373,,
6052,2024,7,1,月,しめじ,38500,福　岡,40,10054,406,,
6053,2024,7,1,月,しめじ,38500,茨　城,8,4241,253,,
6054,2024,7,1,月,その他の野菜,39000,,,427150,716,101.1,98.9
6055,2024,7,1,月,輸入野菜計,39100,,,270739,205,115.2,86.9
6056,2024,7,1,月,他の輸入野菜,39200,,,62582,379,101.2,108.6
6057,2024,7,8,月,野菜総計,30000,,,12932687,261,114.2,102.4
6058,2024,7,8,月,野菜総計,30000,長　野,20,2440249,148,,
6059,2024,7,8,月,野菜総計,30000,北海道,1,1739170,268,,
6060,2024,7,8,月,野菜総計,30000,群　馬,10,1664280,151,,
6061,2024,7,8,月,野菜総計,30000,茨　城,8,1034072,286,,
6062,2024,7,8,月,野菜総計,30000,青　森,2,755019,224,,
6063,2024,7,8,月,野菜総計,30000,兵　庫,28,628538,188,,
6064,2024,7,8,月,野菜総計,30000,千　葉,12,417061,283,,
6065,2024,7,8,月,だいこん,30100,,,823970,99,112.6,96.1
6066,2024,7,8,月,だいこん,30100,北海道,1,494618,101,,
6067,2024,7,8,月,だいこん,30100,青　森,2,228918,91,,
6068,2024,7,8,月,かぶ,30200,,,45499,165,91.1,102.5
6069,2024,7,8,月,かぶ,30200,青　森,2,20724,213,,
6070,2024,7,8,月,かぶ,30200,千　葉,12,20562,128,,
6071,2024,7,8,月,にんじん,30300,,,664038,192,111.7,98
6072,2024,7,8,月,にんじん,30300,青　森,2,357197,197,,
6073,2024,7,8,月,にんじん,30300,北海道,1,122400,205,,
6074,2024,7,8,月,にんじん,30300,和歌山,30,45870,159,,
6075,2024,7,8,月,にんじん,30300,千　葉,12,44592,153,,
6076,2024,7,8,月,ごぼう,30400,,,48071,359,72.2,108.5
6077,2024,7,8,月,ごぼう,30400,群　馬,10,17388,229,,
6078,2024,7,8,月,ごぼう,30400,鹿児島,46,11993,516,,
6079,2024,7,8,月,ごぼう,30400,青　森,2,5321,510,,
6080,2024,7,8,月,ごぼう,30400,宮　崎,45,4479,422,,
6081,2024,7,8,月,れんこん,30600,,,21301,653,80.6,98.8
6082,2024,7,8,月,れんこん,30600,茨　城,8,11432,602,,
6083,2024,7,8,月,れんこん,30600,徳　島,36,2703,1033,,
6084,2024,7,8,月,れんこん,30600,熊　本,43,2650,564,,
6085,2024,7,8,月,れんこん,30600,佐　賀,41,2052,516,,
6086,2024,7,8,月,はくさい,31100,,,937151,76,91.7,100
6087,2024,7,8,月,はくさい,31100,長　野,20,905637,76,,
6088,2024,7,8,月,みずな,31300,,,32822,382,97.9,114.4
6089,2024,7,8,月,みずな,31300,茨　城,8,24872,331,,
6090,2024,7,8,月,みずな,31300,北海道,1,2762,466,,
6091,2024,7,8,月,こまつな,31500,,,125389,257,96.1,106.2
6092,2024,7,8,月,こまつな,31500,茨　城,8,58758,210,,
6093,2024,7,8,月,こまつな,31500,福　岡,40,22468,275,,
6094,2024,7,8,月,こまつな,31500,群　馬,10,14487,177,,
6095,2024,7,8,月,こまつな,31500,北海道,1,7356,402,,
6096,2024,7,8,月,その他の菜類,31550,,,1494,513,136.8,86.1
6097,2024,7,8,月,ちんげんさい,31560,,,32345,326,94.8,106.5
6098,2024,7,8,月,ちんげんさい,31560,茨　城,8,10990,287,,
6099,2024,7,8,月,ちんげんさい,31560,静　岡,22,7521,373,,
6100,2024,7,8,月,ちんげんさい,31560,長　野,20,3082,263,,
6101,2024,7,8,月,ちんげんさい,31560,愛　知,23,1938,243,,
6102,2024,7,8,月,ちんげんさい,31560,福　岡,40,1732,410,,
6103,2024,7,8,月,キャベツ,31700,,,1780375,77,110.5,104.1
6104,2024,7,8,月,キャベツ,31700,群　馬,10,1139077,76,,
6105,2024,7,8,月,キャベツ,31700,長　野,20,244106,80,,
6106,2024,7,8,月,キャベツ,31700,岩　手,3,128390,84,,
6107,2024,7,8,月,ほうれんそう,31800,,,97994,670,114.1,103.9
6108,2024,7,8,月,ほうれんそう,31800,岐　阜,21,33855,732,,
6109,2024,7,8,月,ほうれんそう,31800,群　馬,10,30009,602,,
6110,2024,7,8,月,ほうれんそう,31800,栃　木,9,10783,698,,
6111,2024,7,8,月,ほうれんそう,31800,茨　城,8,7237,543,,
6112,2024,7,8,月,ねぎ,31900,,,325687,401,95.2,101.5
6113,2024,7,8,月,ねぎ,31900,茨　城,8,131359,318,,
6114,2024,7,8,月,ねぎ,31900,千　葉,12,39981,328,,
6115,2024,7,8,月,ねぎ,31900,北海道,1,34938,470,,
6116,2024,7,8,月,ねぎ,31900,大　分,44,28761,453,,
6117,2024,7,8,月,ねぎ,31900,鳥　取,31,10092,426,,
6118,2024,7,8,月,うど,32400,,,100,1188,47.2,100.3
6119,2024,7,8,月,うど,32400,茨　城,8,88,957,,
6120,2024,7,8,月,みつば,32500,,,10777,533,92.9,105.5
6121,2024,7,8,月,みつば,32500,千　葉,12,1975,358,,
6122,2024,7,8,月,みつば,32500,愛　知,23,1563,489,,
6123,2024,7,8,月,みつば,32500,埼　玉,11,1469,491,,
6124,2024,7,8,月,みつば,32500,大　分,44,1205,676,,
6125,2024,7,8,月,みつば,32500,静　岡,22,1133,578,,
6126,2024,7,8,月,しゅんぎく,32600,,,5109,760,100.5,108.4
6127,2024,7,8,月,しゅんぎく,32600,岩　手,3,1707,781,,
6128,2024,7,8,月,しゅんぎく,32600,茨　城,8,904,453,,
6129,2024,7,8,月,しゅんぎく,32600,岐　阜,21,405,1186,,
6130,2024,7,8,月,しゅんぎく,32600,北海道,1,373,923,,
6131,2024,7,8,月,しゅんぎく,32600,福　岡,40,311,869,,
6132,2024,7,8,月,にら,32800,,,66624,490,87.5,104.9
6133,2024,7,8,月,にら,32800,高　知,39,18202,481,,
6134,2024,7,8,月,にら,32800,栃　木,9,10232,542,,
6135,2024,7,8,月,にら,32800,茨　城,8,8276,394,,
6136,2024,7,8,月,にら,32800,山　形,6,8028,465,,
6137,2024,7,8,月,にら,32800,大　分,44,7810,406,,
6138,2024,7,8,月,セルリー,32900,,,49069,225,74.8,97.8
6139,2024,7,8,月,セルリー,32900,長　野,20,45361,223,,
6140,2024,7,8,月,アスパラガス,33100,,,63281,1110,123,98.9
6141,2024,7,8,月,アスパラガス,33100,佐　賀,41,15442,1039,,
6142,2024,7,8,月,アスパラガス,33100,栃　木,9,10569,1171,,
6143,2024,7,8,月,アスパラガス,33100,福　岡,40,8189,1001,,
6144,2024,7,8,月,アスパラガス,33100,長　崎,42,8078,979,,
6145,2024,7,8,月,アスパラガス,33100,熊　本,43,6026,1070,,
6146,2024,7,8,月,　　うち輸入,33101,,,30,2503,15.6,214.7
6147,2024,7,8,月,カリフラワー,33200,,,18456,266,101.7,101.5
6148,2024,7,8,月,カリフラワー,33200,長　野,20,16770,264,,
6149,2024,7,8,月,ブロッコリー,33300,,,399186,383,133.5,99.5
6150,2024,7,8,月,ブロッコリー,33300,北海道,1,296491,356,,
6151,2024,7,8,月,ブロッコリー,33300,長　野,20,92762,474,,
6152,2024,7,8,月,レタス,33400,,,1044080,133,117.7,102.3
6153,2024,7,8,月,レタス,33400,長　野,20,895283,136,,
6154,2024,7,8,月,パセリ,33600,,,3649,1243,87.5,100.2
6155,2024,7,8,月,パセリ,33600,長　野,20,1621,1241,,
6156,2024,7,8,月,パセリ,33600,千　葉,12,832,853,,
6157,2024,7,8,月,パセリ,33600,茨　城,8,341,833,,
6158,2024,7,8,月,パセリ,33600,北海道,1,231,1438,,
6159,2024,7,8,月,きゅうり,34100,,,809406,338,162.4,100.6
6160,2024,7,8,月,きゅうり,34100,福　島,7,252123,372,,
6161,2024,7,8,月,きゅうり,34100,北海道,1,128973,318,,
6162,2024,7,8,月,きゅうり,34100,長　野,20,48893,360,,
6163,2024,7,8,月,きゅうり,34100,宮　城,4,40891,288,,
6164,2024,7,8,月,きゅうり,34100,秋　田,5,40159,299,,
6165,2024,7,8,月,かぼちゃ,34200,,,388163,245,153.9,100
6166,2024,7,8,月,かぼちゃ,34200,鹿児島,46,114611,234,,
6167,2024,7,8,月,かぼちゃ,34200,長　崎,42,45810,237,,
6168,2024,7,8,月,かぼちゃ,34200,長　野,20,38091,416,,
6169,2024,7,8,月,かぼちゃ,34200,茨　城,8,24873,260,,
6170,2024,7,8,月,かぼちゃ,34200,佐　賀,41,14870,271,,
6171,2024,7,8,月,　　うち輸入,34201,,,83681,144,119.1,102.1
6172,2024,7,8,月,なす,34300,,,447772,347,137.2,103.9
6173,2024,7,8,月,なす,34300,群　馬,10,120283,378,,
6174,2024,7,8,月,なす,34300,茨　城,8,65531,295,,
6175,2024,7,8,月,なす,34300,栃　木,9,40563,371,,
6176,2024,7,8,月,なす,34300,山　梨,19,27806,324,,
6177,2024,7,8,月,なす,34300,宮　崎,45,27588,348,,
6178,2024,7,8,月,トマト,34400,,,809809,346,140.7,103.9
6179,2024,7,8,月,トマト,34400,北海道,1,238085,367,,
6180,2024,7,8,月,トマト,34400,熊　本,43,119675,290,,
6181,2024,7,8,月,トマト,34400,愛　知,23,66537,358,,
6182,2024,7,8,月,トマト,34400,岐　阜,21,40711,394,,
6183,2024,7,8,月,トマト,34400,青　森,2,34993,373,,
6184,2024,7,8,月,ミニトマト,34450,,,236518,544,122.4,104.6
6185,2024,7,8,月,ミニトマト,34450,茨　城,8,93354,414,,
6186,2024,7,8,月,ミニトマト,34450,北海道,1,39178,716,,
6187,2024,7,8,月,ミニトマト,34450,熊　本,43,26211,448,,
6188,2024,7,8,月,ミニトマト,34450,愛　知,23,15409,608,,
6189,2024,7,8,月,ミニトマト,34450,青　森,2,11275,757,,
6190,2024,7,8,月,ピーマン,34500,,,258479,405,102.6,100.5
6191,2024,7,8,月,ピーマン,34500,茨　城,8,85096,327,,
6192,2024,7,8,月,ピーマン,34500,岩　手,3,36484,424,,
6193,2024,7,8,月,ピーマン,34500,大　分,44,31633,398,,
6194,2024,7,8,月,ピーマン,34500,北海道,1,17788,560,,
6195,2024,7,8,月,ピーマン,34500,宮　崎,45,13438,460,,
6196,2024,7,8,月,ししとうがらし,34600,,,17754,1053,99.2,104.3
6197,2024,7,8,月,ししとうがらし,34600,京　都,26,6927,875,,
6198,2024,7,8,月,ししとうがらし,34600,高　知,39,4499,1487,,
6199,2024,7,8,月,ししとうがらし,34600,千　葉,12,2780,1244,,
6200,2024,7,8,月,スイートコーン,34700,,,431746,247,126.8,98
6201,2024,7,8,月,スイートコーン,34700,茨　城,8,161415,225,,
6202,2024,7,8,月,スイートコーン,34700,群　馬,10,90355,241,,
6203,2024,7,8,月,スイートコーン,34700,千　葉,12,68390,242,,
6204,2024,7,8,月,スイートコーン,34700,埼　玉,11,31351,245,,
6205,2024,7,8,月,さやいんげん,35100,,,17408,926,124,103.8
6206,2024,7,8,月,さやいんげん,35100,福　島,7,9268,887,,
6207,2024,7,8,月,さやいんげん,35100,茨　城,8,2128,471,,
6208,2024,7,8,月,さやいんげん,35100,長　野,20,1029,1389,,
6209,2024,7,8,月,さやいんげん,35100,北海道,1,978,1838,,
6210,2024,7,8,月,さやいんげん,35100,群　馬,10,550,917,,
6211,2024,7,8,月,さやえんどう,35200,,,4713,1922,102.1,108.8
6212,2024,7,8,月,さやえんどう,35200,北海道,1,3003,2209,,
6213,2024,7,8,月,さやえんどう,35200,青　森,2,405,1795,,
6214,2024,7,8,月,さやえんどう,35200,岩　手,3,387,1767,,
6215,2024,7,8,月,　　うち輸入,35201,,,478,878,143.1,97.6
6216,2024,7,8,月,そらまめ,35400,,,848,597,48.8,92.1
6217,2024,7,8,月,そらまめ,35400,青　森,2,252,330,,
6218,2024,7,8,月,そらまめ,35400,長　野,20,212,745,,
6219,2024,7,8,月,そらまめ,35400,秋　田,5,192,446,,
6220,2024,7,8,月,そらまめ,35400,北海道,1,174,986,,
6221,2024,7,8,月,えだまめ,35500,,,74887,856,114.5,106.7
6222,2024,7,8,月,えだまめ,35500,群　馬,10,32588,940,,
6223,2024,7,8,月,えだまめ,35500,埼　玉,11,10311,758,,
6224,2024,7,8,月,えだまめ,35500,徳　島,36,6369,761,,
6225,2024,7,8,月,えだまめ,35500,神奈川,14,3760,1015,,
6226,2024,7,8,月,えだまめ,35500,新　潟,15,3522,991,,
6227,2024,7,8,月,かんしょ,36100,,,205062,292,129.2,99
6228,2024,7,8,月,かんしょ,36100,茨　城,8,98617,269,,
6229,2024,7,8,月,かんしょ,36100,千　葉,12,66280,269,,
6230,2024,7,8,月,ばれいしょ,36200,,,404120,268,101.2,94.7
6231,2024,7,8,月,ばれいしょ,36200,茨　城,8,137797,228,,
6232,2024,7,8,月,ばれいしょ,36200,長　崎,42,80847,330,,
6233,2024,7,8,月,ばれいしょ,36200,静　岡,22,64426,311,,
6234,2024,7,8,月,ばれいしょ,36200,千　葉,12,63225,273,,
6235,2024,7,8,月,さといも,36300,,,18595,504,137.7,90.5
6236,2024,7,8,月,さといも,36300,鹿児島,46,11063,532,,
6237,2024,7,8,月,さといも,36300,宮　崎,45,6563,479,,
6238,2024,7,8,月,やまのいも,36500,,,197088,389,165.6,101.8
6239,2024,7,8,月,やまのいも,36500,北海道,1,117325,365,,
6240,2024,7,8,月,やまのいも,36500,青　森,2,68272,399,,
6241,2024,7,8,月,たまねぎ,36610,,,1229991,174,108,101.2
6242,2024,7,8,月,たまねぎ,36610,兵　庫,28,605368,179,,
6243,2024,7,8,月,たまねぎ,36610,佐　賀,41,316184,180,,
6244,2024,7,8,月,たまねぎ,36610,北海道,1,65565,150,,
6245,2024,7,8,月,　　うち輸入,36620,,,58346,148,172.5,120.3
6246,2024,7,8,月,にんにく,36700,,,16103,1268,111.5,138.6
6247,2024,7,8,月,にんにく,36700,青　森,2,6650,1944,,
6248,2024,7,8,月,にんにく,36700,香　川,37,1374,1757,,
6249,2024,7,8,月,にんにく,36700,徳　島,36,250,1080,,
6250,2024,7,8,月,にんにく,36700,大　分,44,237,1799,,
6251,2024,7,8,月,にんにく,36700,岩　手,3,140,1373,,
6252,2024,7,8,月,　　うち輸入,36701,,,7168,538,77.6,125.1
6253,2024,7,8,月,しょうが,37200,,,74534,553,93.3,95.7
6254,2024,7,8,月,しょうが,37200,高　知,39,32659,593,,
6255,2024,7,8,月,しょうが,37200,和歌山,30,24971,472,,
6256,2024,7,8,月,しょうが,37200,宮　崎,45,4932,516,,
6257,2024,7,8,月,　　うち輸入,37201,,,3728,511,115.6,100.4
6258,2024,7,8,月,生しいたけ,38100,,,54158,860,101.4,97.7
6259,2024,7,8,月,生しいたけ,38100,徳　島,36,9748,833,,
6260,2024,7,8,月,生しいたけ,38100,秋　田,5,9703,1029,,
6261,2024,7,8,月,生しいたけ,38100,長　崎,42,5773,700,,
6262,2024,7,8,月,生しいたけ,38100,福　島,7,3493,671,,
6263,2024,7,8,月,生しいたけ,38100,大　分,44,3196,654,,
6264,2024,7,8,月,　　うち輸入,38101,,,608,716,46.7,92.5
6265,2024,7,8,月,なめこ,38300,,,19014,470,82.5,102.2
6266,2024,7,8,月,なめこ,38300,長　野,20,5980,440,,
6267,2024,7,8,月,なめこ,38300,山　形,6,2739,481,,
6268,2024,7,8,月,なめこ,38300,三　重,24,2269,553,,
6269,2024,7,8,月,なめこ,38300,大　分,44,1619,499,,
6270,2024,7,8,月,なめこ,38300,宮　城,4,1232,485,,
6271,2024,7,8,月,えのきだけ,38400,,,102235,259,107.4,95.9
6272,2024,7,8,月,えのきだけ,38400,長　野,20,64605,262,,
6273,2024,7,8,月,えのきだけ,38400,新　潟,15,11045,234,,
6274,2024,7,8,月,えのきだけ,38400,宮　崎,45,6688,277,,
6275,2024,7,8,月,しめじ,38500,,,64294,384,77.1,97
6276,2024,7,8,月,しめじ,38500,長　野,20,40389,364,,
6277,2024,7,8,月,しめじ,38500,福　岡,40,7800,372,,
6278,2024,7,8,月,しめじ,38500,茨　城,8,3616,269,,
6279,2024,7,8,月,その他の野菜,39000,,,453597,764,99.2,97.9
6280,2024,7,8,月,輸入野菜計,39100,,,225712,242,123.8,97.6
6281,2024,7,8,月,他の輸入野菜,39200,,,71676,379,112.1,101.1
6282,2024,7,15,月,野菜総計,30000,,,146526,306,1.3,117.7
6283,2024,7,15,月,野菜総計,30000,沖　縄,47,28303,413,,
6284,2024,7,15,月,野菜総計,30000,長　野,20,20996,206,,
6285,2024,7,15,月,野菜総計,30000,群　馬,10,18269,135,,
6286,2024,7,15,月,野菜総計,30000,長　崎,42,13957,296,,
6287,2024,7,15,月,野菜総計,30000,兵　庫,28,9560,236,,
6288,2024,7,15,月,野菜総計,30000,大　分,44,9038,364,,
6289,2024,7,15,月,野菜総計,30000,佐　賀,41,8337,259,,
6290,2024,7,15,月,だいこん,30100,,,9050,161,1,175
6291,2024,7,15,月,だいこん,30100,北海道,1,4740,177,,
6292,2024,7,15,月,だいこん,30100,青　森,2,4230,141,,
6293,2024,7,15,月,にんじん,30300,,,2000,285,0.4,143.9
6294,2024,7,15,月,にんじん,30300,宮　崎,45,650,225,,
6295,2024,7,15,月,にんじん,30300,千　葉,12,400,292,,
6296,2024,7,15,月,にんじん,30300,沖　縄,47,240,715,,
6297,2024,7,15,月,にんじん,30300,茨　城,8,200,265,,
6298,2024,7,15,月,ごぼう,30400,,,382,262,1,71.4
6299,2024,7,15,月,ごぼう,30400,鹿児島,46,22,723,,
6300,2024,7,15,月,れんこん,30600,,,4,920,0,158.6
6301,2024,7,15,月,れんこん,30600,佐　賀,41,4,920,,
6302,2024,7,15,月,はくさい,31100,,,7557,115,1.1,145.6
6303,2024,7,15,月,はくさい,31100,長　野,20,7476,110,,
6304,2024,7,15,月,みずな,31300,,,105,1073,0.3,195.8
6305,2024,7,15,月,みずな,31300,福　岡,40,49,948,,
6306,2024,7,15,月,みずな,31300,北海道,1,40,1242,,
6307,2024,7,15,月,こまつな,31500,,,1824,504,1.6,170.3
6308,2024,7,15,月,こまつな,31500,鹿児島,46,908,526,,
6309,2024,7,15,月,こまつな,31500,福　岡,40,474,487,,
6310,2024,7,15,月,こまつな,31500,沖　縄,47,442,476,,
6311,2024,7,15,月,その他の菜類,31550,,,232,711,21.8,110.1
6312,2024,7,15,月,ちんげんさい,31560,,,425,752,1.3,216.1
6313,2024,7,15,月,ちんげんさい,31560,沖　縄,47,189,687,,
6314,2024,7,15,月,ちんげんさい,31560,鹿児島,46,140,806,,
6315,2024,7,15,月,ちんげんさい,31560,佐　賀,41,96,802,,
6316,2024,7,15,月,キャベツ,31700,,,18310,125,1.1,156.3
6317,2024,7,15,月,キャベツ,31700,群　馬,10,17850,123,,
6318,2024,7,15,月,ほうれんそう,31800,,,270,1065,0.4,146.7
6319,2024,7,15,月,ほうれんそう,31800,群　馬,10,165,972,,
6320,2024,7,15,月,ほうれんそう,31800,栃　木,9,90,1206,,
6321,2024,7,15,月,ねぎ,31900,,,2050,494,0.7,115.4
6322,2024,7,15,月,ねぎ,31900,茨　城,8,1080,437,,
6323,2024,7,15,月,ねぎ,31900,北海道,1,550,614,,
6324,2024,7,15,月,ねぎ,31900,長　崎,42,180,624,,
6325,2024,7,15,月,みつば,32500,,,22,836,0.2,138.9
6326,2024,7,15,月,みつば,32500,埼　玉,11,12,810,,
6327,2024,7,15,月,みつば,32500,千　葉,12,8,773,,
6328,2024,7,15,月,にら,32800,,,323,1183,0.5,205.7
6329,2024,7,15,月,にら,32800,北海道,1,95,1569,,
6330,2024,7,15,月,にら,32800,鹿児島,46,75,1152,,
6331,2024,7,15,月,にら,32800,沖　縄,47,68,599,,
6332,2024,7,15,月,にら,32800,高　知,39,45,1232,,
6333,2024,7,15,月,セルリー,32900,,,1240,317,2.7,139
6334,2024,7,15,月,アスパラガス,33100,,,25,1162,0.1,103.1
6335,2024,7,15,月,アスパラガス,33100,佐　賀,41,25,1162,,
6336,2024,7,15,月,カリフラワー,33200,,,72,57,0.5,21.2
6337,2024,7,15,月,カリフラワー,33200,長　野,20,72,57,,
6338,2024,7,15,月,ブロッコリー,33300,,,1490,279,0.5,74.6
6339,2024,7,15,月,ブロッコリー,33300,北海道,1,1490,279,,
6340,2024,7,15,月,レタス,33400,,,12860,256,1.7,160
6341,2024,7,15,月,レタス,33400,長　野,20,12848,256,,
6342,2024,7,15,月,パセリ,33600,,,16,3391,0.4,261.2
6343,2024,7,15,月,パセリ,33600,大　分,44,15,1953,,
6344,2024,7,15,月,きゅうり,34100,,,12056,431,2.7,114.3
6345,2024,7,15,月,きゅうり,34100,沖　縄,47,7706,357,,
6346,2024,7,15,月,きゅうり,34100,熊　本,43,2500,532,,
6347,2024,7,15,月,かぼちゃ,34200,,,160,848,0.1,310.6
6348,2024,7,15,月,かぼちゃ,34200,長　野,20,160,848,,
6349,2024,7,15,月,なす,34300,,,3928,541,1.5,148.2
6350,2024,7,15,月,なす,34300,熊　本,43,2399,575,,
6351,2024,7,15,月,なす,34300,宮　崎,45,1125,512,,
6352,2024,7,15,月,トマト,34400,,,7972,354,1.4,93.7
6353,2024,7,15,月,トマト,34400,大　分,44,7088,341,,
6354,2024,7,15,月,ミニトマト,34450,,,932,739,0.5,121.5
6355,2024,7,15,月,ミニトマト,34450,宮　崎,45,492,745,,
6356,2024,7,15,月,ミニトマト,34450,熊　本,43,336,741,,
6357,2024,7,15,月,ピーマン,34500,,,3204,410,1.5,95.8
6358,2024,7,15,月,ピーマン,34500,大　分,44,1760,388,,
6359,2024,7,15,月,ピーマン,34500,鹿児島,46,1069,388,,
6360,2024,7,15,月,ししとうがらし,34600,,,9,2844,0.1,197.5
6361,2024,7,15,月,ししとうがらし,34600,高　知,39,9,2844,,
6362,2024,7,15,月,スイートコーン,34700,,,65,346,0,127.2
6363,2024,7,15,月,スイートコーン,34700,群　馬,10,65,346,,
6364,2024,7,15,月,さやいんげん,35100,,,17,2528,0.1,254.6
6365,2024,7,15,月,さやいんげん,35100,宮　崎,45,12,2025,,
6366,2024,7,15,月,さやいんげん,35100,北海道,1,5,3737,,
6367,2024,7,15,月,さやえんどう,35200,,,8,3397,0.2,159
6368,2024,7,15,月,さやえんどう,35200,岩　手,3,8,3397,,
6369,2024,7,15,月,かんしょ,36100,,,970,253,0.5,86.9
6370,2024,7,15,月,かんしょ,36100,茨　城,8,610,335,,
6371,2024,7,15,月,かんしょ,36100,沖　縄,47,360,115,,
6372,2024,7,15,月,ばれいしょ,36200,,,14710,265,4,92.3
6373,2024,7,15,月,ばれいしょ,36200,長　崎,42,12690,278,,
6374,2024,7,15,月,やまのいも,36500,,,620,427,0.5,110.3
6375,2024,7,15,月,やまのいも,36500,北海道,1,520,394,,
6376,2024,7,15,月,たまねぎ,36610,,,19440,215,1.2,139.6
6377,2024,7,15,月,たまねぎ,36610,兵　庫,28,9560,236,,
6378,2024,7,15,月,たまねぎ,36610,佐　賀,41,8020,212,,
6379,2024,7,15,月,　　うち輸入,36620,,,1860,118,6.6,88.7
6380,2024,7,15,月,にんにく,36700,,,581,691,3.5,65.2
6381,2024,7,15,月,にんにく,36700,香　川,37,30,2605,,
6382,2024,7,15,月,にんにく,36700,大　分,44,6,2376,,
6383,2024,7,15,月,　　うち輸入,36701,,,545,567,5.2,108.4
6384,2024,7,15,月,しょうが,37200,,,288,581,0.4,105.4
6385,2024,7,15,月,しょうが,37200,熊　本,43,144,621,,
6386,2024,7,15,月,しょうが,37200,長　崎,42,144,540,,
6387,2024,7,15,月,生しいたけ,38100,,,110,1193,0.2,134.7
6388,2024,7,15,月,生しいたけ,38100,長　崎,42,82,1286,,
6389,2024,7,15,月,生しいたけ,38100,宮　崎,45,28,922,,
6390,2024,7,15,月,なめこ,38300,,,135,656,0.7,141.4
6391,2024,7,15,月,なめこ,38300,長　崎,42,135,656,,
6392,2024,7,15,月,えのきだけ,38400,,,516,347,0.6,130.9
6393,2024,7,15,月,えのきだけ,38400,長　崎,42,516,347,,
6394,2024,7,15,月,しめじ,38500,,,840,464,1.3,123.1
6395,2024,7,15,月,しめじ,38500,福　岡,40,840,464,,
6396,2024,7,15,月,その他の野菜,39000,,,21708,452,4.8,63.3
6397,2024,7,15,月,輸入野菜計,39100,,,4946,264,3.1,94.3
6398,2024,7,15,月,他の輸入野菜,39200,,,2541,305,4.1,78.8
6399,2024,7,22,月,野菜総計,30000,,,13646920,288,119.8,102.5
6400,2024,7,22,月,野菜総計,30000,長　野,20,2697367,170,,
6401,2024,7,22,月,野菜総計,30000,北海道,1,2511400,280,,
6402,2024,7,22,月,野菜総計,30000,群　馬,10,1749503,157,,
6403,2024,7,22,月,野菜総計,30000,青　森,2,947968,255,,
6404,2024,7,22,月,野菜総計,30000,茨　城,8,780586,347,,
6405,2024,7,22,月,野菜総計,30000,兵　庫,28,698659,197,,
6406,2024,7,22,月,野菜総計,30000,岩　手,3,619151,267,,
6407,2024,7,22,月,だいこん,30100,,,873343,83,84.8,109.2
6408,2024,7,22,月,だいこん,30100,北海道,1,620722,83,,
6409,2024,7,22,月,だいこん,30100,青　森,2,173868,68,,
6410,2024,7,22,月,かぶ,30200,,,33934,183,89.7,107.6
6411,2024,7,22,月,かぶ,30200,青　森,2,16489,234,,
6412,2024,7,22,月,かぶ,30200,千　葉,12,15044,137,,
6413,2024,7,22,月,にんじん,30300,,,587431,192,102.5,102.1
6414,2024,7,22,月,にんじん,30300,青　森,2,435416,188,,
6415,2024,7,22,月,にんじん,30300,北海道,1,109624,219,,
6416,2024,7,22,月,ごぼう,30400,,,46065,350,97.2,96.4
6417,2024,7,22,月,ごぼう,30400,群　馬,10,15869,232,,
6418,2024,7,22,月,ごぼう,30400,鹿児島,46,12938,467,,
6419,2024,7,22,月,ごぼう,30400,青　森,2,5777,494,,
6420,2024,7,22,月,ごぼう,30400,宮　崎,45,5652,367,,
6421,2024,7,22,月,れんこん,30600,,,36397,585,94,97.8
6422,2024,7,22,月,れんこん,30600,茨　城,8,24931,543,,
6423,2024,7,22,月,れんこん,30600,佐　賀,41,2953,526,,
6424,2024,7,22,月,れんこん,30600,徳　島,36,2531,1117,,
6425,2024,7,22,月,はくさい,31100,,,938128,100,122.7,113.6
6426,2024,7,22,月,はくさい,31100,長　野,20,884572,99,,
6427,2024,7,22,月,みずな,31300,,,33074,438,100.6,101.2
6428,2024,7,22,月,みずな,31300,茨　城,8,25015,391,,
6429,2024,7,22,月,みずな,31300,福　岡,40,3612,482,,
6430,2024,7,22,月,こまつな,31500,,,119817,298,98.6,106.4
6431,2024,7,22,月,こまつな,31500,茨　城,8,59361,269,,
6432,2024,7,22,月,こまつな,31500,福　岡,40,24292,310,,
6433,2024,7,22,月,こまつな,31500,群　馬,10,8386,251,,
6434,2024,7,22,月,こまつな,31500,北海道,1,7630,367,,
6435,2024,7,22,月,その他の菜類,31550,,,1621,501,136.8,89.6
6436,2024,7,22,月,ちんげんさい,31560,,,30914,351,95.3,98.9
6437,2024,7,22,月,ちんげんさい,31560,茨　城,8,9999,337,,
6438,2024,7,22,月,ちんげんさい,31560,静　岡,22,7007,412,,
6439,2024,7,22,月,ちんげんさい,31560,長　野,20,3585,254,,
6440,2024,7,22,月,ちんげんさい,31560,愛　知,23,2039,272,,
6441,2024,7,22,月,ちんげんさい,31560,福　岡,40,2026,398,,
6442,2024,7,22,月,キャベツ,31700,,,2033452,84,113.1,101.2
6443,2024,7,22,月,キャベツ,31700,群　馬,10,1314782,84,,
6444,2024,7,22,月,キャベツ,31700,長　野,20,272370,95,,
6445,2024,7,22,月,キャベツ,31700,岩　手,3,259830,77,,
6446,2024,7,22,月,ほうれんそう,31800,,,71329,865,111.6,105
6447,2024,7,22,月,ほうれんそう,31800,岐　阜,21,31332,884,,
6448,2024,7,22,月,ほうれんそう,31800,群　馬,10,13682,830,,
6449,2024,7,22,月,ほうれんそう,31800,栃　木,9,9161,922,,
6450,2024,7,22,月,ほうれんそう,31800,北海道,1,4142,722,,
6451,2024,7,22,月,ねぎ,31900,,,363799,455,109.5,99.6
6452,2024,7,22,月,ねぎ,31900,茨　城,8,110557,349,,
6453,2024,7,22,月,ねぎ,31900,北海道,1,82680,445,,
6454,2024,7,22,月,ねぎ,31900,秋　田,5,30568,473,,
6455,2024,7,22,月,ねぎ,31900,千　葉,12,25050,326,,
6456,2024,7,22,月,ねぎ,31900,大　分,44,24545,553,,
6457,2024,7,22,月,ふき,32300,,,8,26,－,－
6458,2024,7,22,月,ふき,32300,愛　知,23,8,26,,
6459,2024,7,22,月,うど,32400,,,52,627,30.2,72.9
6460,2024,7,22,月,うど,32400,茨　城,8,44,557,,
6461,2024,7,22,月,みつば,32500,,,16774,891,119.1,101.8
6462,2024,7,22,月,みつば,32500,千　葉,12,3280,662,,
6463,2024,7,22,月,みつば,32500,大　分,44,2684,896,,
6464,2024,7,22,月,みつば,32500,愛　知,23,2587,968,,
6465,2024,7,22,月,みつば,32500,三　重,24,1764,1279,,
6466,2024,7,22,月,みつば,32500,茨　城,8,1435,642,,
6467,2024,7,22,月,しゅんぎく,32600,,,4154,1318,102.6,103.1
6468,2024,7,22,月,しゅんぎく,32600,岩　手,3,1017,1677,,
6469,2024,7,22,月,しゅんぎく,32600,福　岡,40,754,980,,
6470,2024,7,22,月,しゅんぎく,32600,岐　阜,21,520,1330,,
6471,2024,7,22,月,しゅんぎく,32600,茨　城,8,511,1217,,
6472,2024,7,22,月,しゅんぎく,32600,宮　城,4,273,1442,,
6473,2024,7,22,月,にら,32800,,,62617,710,90.9,104
6474,2024,7,22,月,にら,32800,高　知,39,14049,873,,
6475,2024,7,22,月,にら,32800,山　形,6,10816,562,,
6476,2024,7,22,月,にら,32800,栃　木,9,8538,636,,
6477,2024,7,22,月,にら,32800,茨　城,8,8191,533,,
6478,2024,7,22,月,にら,32800,北海道,1,7830,844,,
6479,2024,7,22,月,セルリー,32900,,,38099,271,85.8,113.9
6480,2024,7,22,月,セルリー,32900,長　野,20,35922,269,,
6481,2024,7,22,月,アスパラガス,33100,,,76726,1124,146,93.3
6482,2024,7,22,月,アスパラガス,33100,栃　木,9,13580,1105,,
6483,2024,7,22,月,アスパラガス,33100,佐　賀,41,13489,1077,,
6484,2024,7,22,月,アスパラガス,33100,長　崎,42,9719,1021,,
6485,2024,7,22,月,アスパラガス,33100,福　岡,40,9618,1033,,
6486,2024,7,22,月,アスパラガス,33100,熊　本,43,7760,1059,,
6487,2024,7,22,月,カリフラワー,33200,,,14121,319,110.7,106.7
6488,2024,7,22,月,カリフラワー,33200,長　野,20,13194,320,,
6489,2024,7,22,月,ブロッコリー,33300,,,296206,435,136.3,100.9
6490,2024,7,22,月,ブロッコリー,33300,北海道,1,259388,418,,
6491,2024,7,22,月,レタス,33400,,,1257294,159,150.5,97.5
6492,2024,7,22,月,レタス,33400,長　野,20,1107792,162,,
6493,2024,7,22,月,パセリ,33600,,,3787,1399,85.9,103.1
6494,2024,7,22,月,パセリ,33600,長　野,20,2126,1197,,
6495,2024,7,22,月,パセリ,33600,千　葉,12,575,1080,,
6496,2024,7,22,月,パセリ,33600,茨　城,8,282,1023,,
6497,2024,7,22,月,パセリ,33600,北海道,1,271,1484,,
6498,2024,7,22,月,きゅうり,34100,,,976328,429,170,97.1
6499,2024,7,22,月,きゅうり,34100,福　島,7,271962,466,,
6500,2024,7,22,月,きゅうり,34100,北海道,1,165155,359,,
6501,2024,7,22,月,きゅうり,34100,岩　手,3,129525,411,,
6502,2024,7,22,月,きゅうり,34100,秋　田,5,74524,397,,
6503,2024,7,22,月,きゅうり,34100,長　野,20,56549,396,,
6504,2024,7,22,月,かぼちゃ,34200,,,283349,310,156.6,90.6
6505,2024,7,22,月,かぼちゃ,34200,茨　城,8,31274,313,,
6506,2024,7,22,月,かぼちゃ,34200,長　野,20,27821,532,,
6507,2024,7,22,月,かぼちゃ,34200,鹿児島,46,27037,252,,
6508,2024,7,22,月,かぼちゃ,34200,栃　木,9,24750,307,,
6509,2024,7,22,月,かぼちゃ,34200,北海道,1,19462,352,,
6510,2024,7,22,月,　　うち輸入,34201,,,40190,207,875.6,77.5
6511,2024,7,22,月,なす,34300,,,409360,439,151.3,95.2
6512,2024,7,22,月,なす,34300,群　馬,10,108504,468,,
6513,2024,7,22,月,なす,34300,茨　城,8,70460,389,,
6514,2024,7,22,月,なす,34300,栃　木,9,48248,438,,
6515,2024,7,22,月,なす,34300,山　梨,19,31562,428,,
6516,2024,7,22,月,なす,34300,徳　島,36,18636,481,,
6517,2024,7,22,月,トマト,34400,,,864653,368,151.4,98.4
6518,2024,7,22,月,トマト,34400,北海道,1,317028,366,,
6519,2024,7,22,月,トマト,34400,岐　阜,21,130488,399,,
6520,2024,7,22,月,トマト,34400,熊　本,43,80773,356,,
6521,2024,7,22,月,トマト,34400,青　森,2,76411,337,,
6522,2024,7,22,月,トマト,34400,岩　手,3,43263,320,,
6523,2024,7,22,月,ミニトマト,34450,,,256788,674,129.6,102.6
6524,2024,7,22,月,ミニトマト,34450,北海道,1,104159,733,,
6525,2024,7,22,月,ミニトマト,34450,茨　城,8,60343,504,,
6526,2024,7,22,月,ミニトマト,34450,青　森,2,24465,709,,
6527,2024,7,22,月,ミニトマト,34450,福　島,7,13932,717,,
6528,2024,7,22,月,ミニトマト,34450,岩　手,3,11147,671,,
6529,2024,7,22,月,ピーマン,34500,,,292084,503,126.8,102
6530,2024,7,22,月,ピーマン,34500,岩　手,3,92319,473,,
6531,2024,7,22,月,ピーマン,34500,茨　城,8,36382,451,,
6532,2024,7,22,月,ピーマン,34500,大　分,44,35504,461,,
6533,2024,7,22,月,ピーマン,34500,北海道,1,27258,555,,
6534,2024,7,22,月,ピーマン,34500,青　森,2,26958,503,,
6535,2024,7,22,月,ししとうがらし,34600,,,17883,1388,107.3,103.2
6536,2024,7,22,月,ししとうがらし,34600,京　都,26,6195,1255,,
6537,2024,7,22,月,ししとうがらし,34600,高　知,39,5447,1822,,
6538,2024,7,22,月,ししとうがらし,34600,千　葉,12,2749,1330,,
6539,2024,7,22,月,スイートコーン,34700,,,367274,291,125.8,102.1
6540,2024,7,22,月,スイートコーン,34700,千　葉,12,90809,286,,
6541,2024,7,22,月,スイートコーン,34700,長　野,20,89950,326,,
6542,2024,7,22,月,スイートコーン,34700,茨　城,8,88339,237,,
6543,2024,7,22,月,スイートコーン,34700,北海道,1,41866,334,,
6544,2024,7,22,月,さやいんげん,35100,,,14462,1107,130.4,102
6545,2024,7,22,月,さやいんげん,35100,福　島,7,6524,989,,
6546,2024,7,22,月,さやいんげん,35100,青　森,2,1498,1172,,
6547,2024,7,22,月,さやいんげん,35100,群　馬,10,1319,994,,
6548,2024,7,22,月,さやいんげん,35100,長　野,20,1306,1407,,
6549,2024,7,22,月,さやいんげん,35100,北海道,1,1281,2053,,
6550,2024,7,22,月,さやえんどう,35200,,,4074,2128,97.4,100.9
6551,2024,7,22,月,さやえんどう,35200,北海道,1,3245,2412,,
6552,2024,7,22,月,さやえんどう,35200,岩　手,3,49,1470,,
6553,2024,7,22,月,　　うち輸入,35201,,,739,904,112.3,108.7
6554,2024,7,22,月,実えんどう,35300,,,0,…,－,－
6555,2024,7,22,月,実えんどう,35300,北海道,1,0,…,,
6556,2024,7,22,月,そらまめ,35400,,,68,1182,38.6,121.1
6557,2024,7,22,月,そらまめ,35400,北海道,1,48,1244,,
6558,2024,7,22,月,そらまめ,35400,長　野,20,20,1034,,
6559,2024,7,22,月,えだまめ,35500,,,81346,1008,114.6,102.3
6560,2024,7,22,月,えだまめ,35500,群　馬,10,31692,1114,,
6561,2024,7,22,月,えだまめ,35500,山　形,6,12405,1047,,
6562,2024,7,22,月,えだまめ,35500,秋　田,5,7113,1009,,
6563,2024,7,22,月,えだまめ,35500,埼　玉,11,5569,793,,
6564,2024,7,22,月,えだまめ,35500,徳　島,36,3557,838,,
6565,2024,7,22,月,かんしょ,36100,,,213519,302,103,102.4
6566,2024,7,22,月,かんしょ,36100,茨　城,8,93366,265,,
6567,2024,7,22,月,かんしょ,36100,千　葉,12,49619,275,,
6568,2024,7,22,月,かんしょ,36100,徳　島,36,41065,417,,
6569,2024,7,22,月,ばれいしょ,36200,,,611081,277,129.3,104.1
6570,2024,7,22,月,ばれいしょ,36200,北海道,1,281820,259,,
6571,2024,7,22,月,ばれいしょ,36200,茨　城,8,99211,251,,
6572,2024,7,22,月,ばれいしょ,36200,千　葉,12,99010,265,,
6573,2024,7,22,月,ばれいしょ,36200,青　森,2,83770,385,,
6574,2024,7,22,月,さといも,36300,,,9591,531,119.8,109
6575,2024,7,22,月,さといも,36300,宮　崎,45,5960,486,,
6576,2024,7,22,月,さといも,36300,鹿児島,46,3247,628,,
6577,2024,7,22,月,やまのいも,36500,,,186993,389,108.5,112.1
6578,2024,7,22,月,やまのいも,36500,北海道,1,106402,364,,
6579,2024,7,22,月,やまのいも,36500,青　森,2,62113,419,,
6580,2024,7,22,月,たまねぎ,36610,,,1344737,176,115.7,99.4
6581,2024,7,22,月,たまねぎ,36610,兵　庫,28,666579,192,,
6582,2024,7,22,月,たまねぎ,36610,佐　賀,41,278244,177,,
6583,2024,7,22,月,たまねぎ,36610,北海道,1,200095,157,,
6584,2024,7,22,月,　　うち輸入,36620,,,55094,119,123.7,107.2
6585,2024,7,22,月,にんにく,36700,,,12891,1249,64.4,94.4
6586,2024,7,22,月,にんにく,36700,青　森,2,4790,2121,,
6587,2024,7,22,月,にんにく,36700,香　川,37,857,1827,,
6588,2024,7,22,月,にんにく,36700,宮　城,4,153,1396,,
6589,2024,7,22,月,にんにく,36700,山　梨,19,105,1913,,
6590,2024,7,22,月,にんにく,36700,佐　賀,41,53,1170,,
6591,2024,7,22,月,　　うち輸入,36701,,,6682,538,80.8,102.9
6592,2024,7,22,月,しょうが,37200,,,59983,591,85.8,103
6593,2024,7,22,月,しょうが,37200,高　知,39,25825,625,,
6594,2024,7,22,月,しょうが,37200,和歌山,30,16040,497,,
6595,2024,7,22,月,しょうが,37200,宮　崎,45,4732,587,,
6596,2024,7,22,月,しょうが,37200,熊　本,43,2559,695,,
6597,2024,7,22,月,　　うち輸入,37201,,,3406,511,87.3,100
6598,2024,7,22,月,生しいたけ,38100,,,53514,886,94.1,102.8
6599,2024,7,22,月,生しいたけ,38100,秋　田,5,11597,1003,,
6600,2024,7,22,月,生しいたけ,38100,徳　島,36,9208,894,,
6601,2024,7,22,月,生しいたけ,38100,長　崎,42,5617,745,,
6602,2024,7,22,月,生しいたけ,38100,福　島,7,3143,671,,
6603,2024,7,22,月,生しいたけ,38100,岩　手,3,3033,921,,
6604,2024,7,22,月,　　うち輸入,38101,,,1148,767,73.4,100.9
6605,2024,7,22,月,なめこ,38300,,,20514,456,89.2,98.9
6606,2024,7,22,月,なめこ,38300,長　野,20,6521,434,,
6607,2024,7,22,月,なめこ,38300,山　形,6,3392,490,,
6608,2024,7,22,月,なめこ,38300,三　重,24,2148,549,,
6609,2024,7,22,月,なめこ,38300,大　分,44,1399,495,,
6610,2024,7,22,月,なめこ,38300,福　島,7,1265,424,,
6611,2024,7,22,月,えのきだけ,38400,,,106264,242,93.6,96.4
6612,2024,7,22,月,えのきだけ,38400,長　野,20,65308,247,,
6613,2024,7,22,月,えのきだけ,38400,新　潟,15,12804,200,,
6614,2024,7,22,月,えのきだけ,38400,福　岡,40,7403,257,,
6615,2024,7,22,月,しめじ,38500,,,61524,365,80.1,97.6
6616,2024,7,22,月,しめじ,38500,長　野,20,39716,340,,
6617,2024,7,22,月,しめじ,38500,福　岡,40,7861,392,,
6618,2024,7,22,月,しめじ,38500,新　潟,15,4280,469,,
6619,2024,7,22,月,その他の野菜,39000,,,459579,828,100.3,100.7
6620,2024,7,22,月,輸入野菜計,39100,,,170594,304,125.9,95
6621,2024,7,22,月,他の輸入野菜,39200,,,63337,475,88,117
6622,2024,7,29,月,野菜総計,30000,,,13721360,288,116.9,102.1
6623,2024,7,29,月,野菜総計,30000,北海道,1,3598947,250,,
6624,2024,7,29,月,野菜総計,30000,長　野,20,2557366,179,,
6625,2024,7,29,月,野菜総計,30000,群　馬,10,1689957,180,,
6626,2024,7,29,月,野菜総計,30000,青　森,2,764125,296,,
6627,2024,7,29,月,野菜総計,30000,岩　手,3,639207,240,,
6628,2024,7,29,月,野菜総計,30000,茨　城,8,570749,354,,
6629,2024,7,29,月,野菜総計,30000,兵　庫,28,559073,212,,
6630,2024,7,29,月,だいこん,30100,,,859443,85,99.9,106.3
6631,2024,7,29,月,だいこん,30100,北海道,1,651049,83,,
6632,2024,7,29,月,だいこん,30100,青　森,2,136164,75,,
6633,2024,7,29,月,かぶ,30200,,,34055,189,122.5,108.6
6634,2024,7,29,月,かぶ,30200,千　葉,12,15145,142,,
6635,2024,7,29,月,かぶ,30200,青　森,2,14545,264,,
6636,2024,7,29,月,にんじん,30300,,,935703,159,110.8,93
6637,2024,7,29,月,にんじん,30300,北海道,1,688445,169,,
6638,2024,7,29,月,にんじん,30300,青　森,2,216499,130,,
6639,2024,7,29,月,ごぼう,30400,,,44603,345,101.8,93
6640,2024,7,29,月,ごぼう,30400,群　馬,10,14827,240,,
6641,2024,7,29,月,ごぼう,30400,鹿児島,46,10383,501,,
6642,2024,7,29,月,ごぼう,30400,宮　崎,45,8479,311,,
6643,2024,7,29,月,ごぼう,30400,青　森,2,5169,497,,
6644,2024,7,29,月,たけのこ,30500,,,22,810,－,－
6645,2024,7,29,月,たけのこ,30500,鹿児島,46,22,810,,
6646,2024,7,29,月,れんこん,30600,,,37058,545,93.2,93.3
6647,2024,7,29,月,れんこん,30600,茨　城,8,27341,510,,
6648,2024,7,29,月,れんこん,30600,佐　賀,41,3168,526,,
6649,2024,7,29,月,はくさい,31100,,,1024879,96,123.2,94.1
6650,2024,7,29,月,はくさい,31100,長　野,20,997092,96,,
6651,2024,7,29,月,みずな,31300,,,31830,434,97.9,100.7
6652,2024,7,29,月,みずな,31300,茨　城,8,23170,405,,
6653,2024,7,29,月,みずな,31300,福　岡,40,4223,457,,
6654,2024,7,29,月,こまつな,31500,,,112666,329,98.2,104.4
6655,2024,7,29,月,こまつな,31500,茨　城,8,52762,319,,
6656,2024,7,29,月,こまつな,31500,福　岡,40,22809,321,,
6657,2024,7,29,月,こまつな,31500,群　馬,10,10826,295,,
6658,2024,7,29,月,こまつな,31500,北海道,1,4925,351,,
6659,2024,7,29,月,その他の菜類,31550,,,896,608,113.3,95.7
6660,2024,7,29,月,ちんげんさい,31560,,,28936,373,94.6,102.5
6661,2024,7,29,月,ちんげんさい,31560,茨　城,8,8920,405,,
6662,2024,7,29,月,ちんげんさい,31560,静　岡,22,5924,422,,
6663,2024,7,29,月,ちんげんさい,31560,長　野,20,3402,252,,
6664,2024,7,29,月,ちんげんさい,31560,福　岡,40,2911,353,,
6665,2024,7,29,月,ちんげんさい,31560,愛　知,23,1830,260,,
6666,2024,7,29,月,キャベツ,31700,,,1933381,87,113.1,104.8
6667,2024,7,29,月,キャベツ,31700,群　馬,10,1226188,88,,
6668,2024,7,29,月,キャベツ,31700,岩　手,3,341970,77,,
6669,2024,7,29,月,ほうれんそう,31800,,,76886,890,126.4,99.9
6670,2024,7,29,月,ほうれんそう,31800,岐　阜,21,32323,873,,
6671,2024,7,29,月,ほうれんそう,31800,群　馬,10,17620,900,,
6672,2024,7,29,月,ほうれんそう,31800,栃　木,9,9384,1015,,
6673,2024,7,29,月,ほうれんそう,31800,北海道,1,5863,778,,
6674,2024,7,29,月,ねぎ,31900,,,343143,428,98.4,100.9
6675,2024,7,29,月,ねぎ,31900,北海道,1,91414,400,,
6676,2024,7,29,月,ねぎ,31900,茨　城,8,88558,294,,
6677,2024,7,29,月,ねぎ,31900,秋　田,5,32547,423,,
6678,2024,7,29,月,ねぎ,31900,大　分,44,23790,504,,
6679,2024,7,29,月,ねぎ,31900,千　葉,12,14924,314,,
6680,2024,7,29,月,うど,32400,,,152,895,2533.3,82.9
6681,2024,7,29,月,うど,32400,栃　木,9,96,1096,,
6682,2024,7,29,月,うど,32400,茨　城,8,56,552,,
6683,2024,7,29,月,みつば,32500,,,8523,752,97.4,100.3
6684,2024,7,29,月,みつば,32500,千　葉,12,1569,618,,
6685,2024,7,29,月,みつば,32500,愛　知,23,1373,798,,
6686,2024,7,29,月,みつば,32500,茨　城,8,1224,608,,
6687,2024,7,29,月,みつば,32500,静　岡,22,1047,757,,
6688,2024,7,29,月,みつば,32500,大　分,44,995,854,,
6689,2024,7,29,月,しゅんぎく,32600,,,3075,1449,91.3,100.1
6690,2024,7,29,月,しゅんぎく,32600,岐　阜,21,701,1512,,
6691,2024,7,29,月,しゅんぎく,32600,茨　城,8,565,806,,
6692,2024,7,29,月,しゅんぎく,32600,福　岡,40,386,1434,,
6693,2024,7,29,月,しゅんぎく,32600,岩　手,3,368,1929,,
6694,2024,7,29,月,しゅんぎく,32600,北海道,1,323,1507,,
6695,2024,7,29,月,にら,32800,,,61721,695,88.8,99.4
6696,2024,7,29,月,にら,32800,高　知,39,16923,704,,
6697,2024,7,29,月,にら,32800,栃　木,9,9825,703,,
6698,2024,7,29,月,にら,32800,茨　城,8,8594,594,,
6699,2024,7,29,月,にら,32800,北海道,1,7265,843,,
6700,2024,7,29,月,にら,32800,山　形,6,6180,631,,
6701,2024,7,29,月,セルリー,32900,,,37370,312,80.7,114.3
6702,2024,7,29,月,セルリー,32900,長　野,20,35788,306,,
6703,2024,7,29,月,アスパラガス,33100,,,60168,1092,144.1,99.5
6704,2024,7,29,月,アスパラガス,33100,栃　木,9,10255,1075,,
6705,2024,7,29,月,アスパラガス,33100,佐　賀,41,9859,1057,,
6706,2024,7,29,月,アスパラガス,33100,長　崎,42,7658,1006,,
6707,2024,7,29,月,アスパラガス,33100,熊　本,43,6476,1020,,
6708,2024,7,29,月,アスパラガス,33100,福　岡,40,6424,1006,,
6709,2024,7,29,月,　　うち輸入,33101,,,135,2045,2700,94.7
6710,2024,7,29,月,カリフラワー,33200,,,17930,324,112.2,100
6711,2024,7,29,月,カリフラワー,33200,長　野,20,17526,323,,
6712,2024,7,29,月,ブロッコリー,33300,,,335385,459,160.3,97.2
6713,2024,7,29,月,ブロッコリー,33300,北海道,1,279533,436,,
6714,2024,7,29,月,レタス,33400,,,1070676,178,120.8,102.9
6715,2024,7,29,月,レタス,33400,長　野,20,962825,178,,
6716,2024,7,29,月,パセリ,33600,,,3617,1450,85.9,107.1
6717,2024,7,29,月,パセリ,33600,長　野,20,2184,1198,,
6718,2024,7,29,月,パセリ,33600,千　葉,12,466,1255,,
6719,2024,7,29,月,パセリ,33600,北海道,1,283,1337,,
6720,2024,7,29,月,きゅうり,34100,,,870380,402,154.6,101
6721,2024,7,29,月,きゅうり,34100,福　島,7,289096,440,,
6722,2024,7,29,月,きゅうり,34100,北海道,1,128678,361,,
6723,2024,7,29,月,きゅうり,34100,岩　手,3,94130,406,,
6724,2024,7,29,月,きゅうり,34100,長　野,20,58844,392,,
6725,2024,7,29,月,きゅうり,34100,秋　田,5,50220,392,,
6726,2024,7,29,月,かぼちゃ,34200,,,251483,344,92.4,100
6727,2024,7,29,月,かぼちゃ,34200,北海道,1,82984,364,,
6728,2024,7,29,月,かぼちゃ,34200,長　野,20,26723,560,,
6729,2024,7,29,月,かぼちゃ,34200,茨　城,8,23282,308,,
6730,2024,7,29,月,かぼちゃ,34200,石　川,17,18911,314,,
6731,2024,7,29,月,かぼちゃ,34200,青　森,2,17170,258,,
6732,2024,7,29,月,　　うち輸入,34201,,,13110,183,89,111.6
6733,2024,7,29,月,なす,34300,,,435593,429,151.5,96.4
6734,2024,7,29,月,なす,34300,群　馬,10,128115,451,,
6735,2024,7,29,月,なす,34300,茨　城,8,75223,326,,
6736,2024,7,29,月,なす,34300,栃　木,9,56890,436,,
6737,2024,7,29,月,なす,34300,山　梨,19,30948,433,,
6738,2024,7,29,月,なす,34300,徳　島,36,23224,477,,
6739,2024,7,29,月,トマト,34400,,,1123750,371,162.5,100
6740,2024,7,29,月,トマト,34400,北海道,1,350706,371,,
6741,2024,7,29,月,トマト,34400,岐　阜,21,191122,404,,
6742,2024,7,29,月,トマト,34400,熊　本,43,128006,314,,
6743,2024,7,29,月,トマト,34400,青　森,2,98173,360,,
6744,2024,7,29,月,トマト,34400,群　馬,10,64011,357,,
6745,2024,7,29,月,ミニトマト,34450,,,250396,700,130.9,99.7
6746,2024,7,29,月,ミニトマト,34450,北海道,1,107844,742,,
6747,2024,7,29,月,ミニトマト,34450,茨　城,8,30968,549,,
6748,2024,7,29,月,ミニトマト,34450,青　森,2,29398,696,,
6749,2024,7,29,月,ミニトマト,34450,福　島,7,15378,689,,
6750,2024,7,29,月,ミニトマト,34450,熊　本,43,14358,711,,
6751,2024,7,29,月,ピーマン,34500,,,249966,523,113.9,103.2
6752,2024,7,29,月,ピーマン,34500,岩　手,3,75805,550,,
6753,2024,7,29,月,ピーマン,34500,大　分,44,27638,467,,
6754,2024,7,29,月,ピーマン,34500,北海道,1,24665,564,,
6755,2024,7,29,月,ピーマン,34500,青　森,2,21410,491,,
6756,2024,7,29,月,ピーマン,34500,茨　城,8,18195,450,,
6757,2024,7,29,月,ししとうがらし,34600,,,16032,1466,107.5,108
6758,2024,7,29,月,ししとうがらし,34600,京　都,26,6445,1183,,
6759,2024,7,29,月,ししとうがらし,34600,高　知,39,4657,2052,,
6760,2024,7,29,月,ししとうがらし,34600,千　葉,12,2367,1466,,
6761,2024,7,29,月,スイートコーン,34700,,,313042,296,115.7,100
6762,2024,7,29,月,スイートコーン,34700,長　野,20,74823,329,,
6763,2024,7,29,月,スイートコーン,34700,北海道,1,73352,304,,
6764,2024,7,29,月,スイートコーン,34700,千　葉,12,66200,287,,
6765,2024,7,29,月,スイートコーン,34700,群　馬,10,48800,287,,
6766,2024,7,29,月,さやいんげん,35100,,,19465,1069,133.6,96.4
6767,2024,7,29,月,さやいんげん,35100,福　島,7,7944,1005,,
6768,2024,7,29,月,さやいんげん,35100,群　馬,10,2606,949,,
6769,2024,7,29,月,さやいんげん,35100,北海道,1,2102,1364,,
6770,2024,7,29,月,さやいんげん,35100,長　野,20,2040,1329,,
6771,2024,7,29,月,さやいんげん,35100,青　森,2,1712,1190,,
6772,2024,7,29,月,さやえんどう,35200,,,3677,2176,104.3,96.2
6773,2024,7,29,月,さやえんどう,35200,北海道,1,3181,2358,,
6774,2024,7,29,月,　　うち輸入,35201,,,451,951,85.3,120.5
6775,2024,7,29,月,えだまめ,35500,,,88341,1013,116.6,99.4
6776,2024,7,29,月,えだまめ,35500,群　馬,10,38558,1135,,
6777,2024,7,29,月,えだまめ,35500,秋　田,5,19263,925,,
6778,2024,7,29,月,えだまめ,35500,山　形,6,4677,1075,,
6779,2024,7,29,月,えだまめ,35500,徳　島,36,3754,870,,
6780,2024,7,29,月,えだまめ,35500,埼　玉,11,3153,808,,
6781,2024,7,29,月,かんしょ,36100,,,194911,309,97.5,100.7
6782,2024,7,29,月,かんしょ,36100,茨　城,8,78547,261,,
6783,2024,7,29,月,かんしょ,36100,徳　島,36,58641,390,,
6784,2024,7,29,月,かんしょ,36100,千　葉,12,24875,284,,
6785,2024,7,29,月,ばれいしょ,36200,,,541016,280,93,96.6
6786,2024,7,29,月,ばれいしょ,36200,北海道,1,320032,272,,
6787,2024,7,29,月,ばれいしょ,36200,青　森,2,83116,306,,
6788,2024,7,29,月,ばれいしょ,36200,茨　城,8,69114,255,,
6789,2024,7,29,月,さといも,36300,,,18302,478,180.3,98.4
6790,2024,7,29,月,さといも,36300,宮　崎,45,12494,432,,
6791,2024,7,29,月,さといも,36300,千　葉,12,4924,587,,
6792,2024,7,29,月,やまのいも,36500,,,195873,406,119.4,108
6793,2024,7,29,月,やまのいも,36500,北海道,1,98277,367,,
6794,2024,7,29,月,やまのいも,36500,青　森,2,90739,428,,
6795,2024,7,29,月,たまねぎ,36610,,,1341947,170,113.4,101.2
6796,2024,7,29,月,たまねぎ,36610,兵　庫,28,535121,200,,
6797,2024,7,29,月,たまねぎ,36610,北海道,1,515533,145,,
6798,2024,7,29,月,たまねぎ,36610,佐　賀,41,125026,178,,
6799,2024,7,29,月,　　うち輸入,36620,,,59259,150,87.8,154.6
6800,2024,7,29,月,にんにく,36700,,,25301,1660,173.8,140.4
6801,2024,7,29,月,にんにく,36700,青　森,2,16005,2090,,
6802,2024,7,29,月,にんにく,36700,香　川,37,1003,1680,,
6803,2024,7,29,月,にんにく,36700,大　分,44,898,1975,,
6804,2024,7,29,月,にんにく,36700,山　梨,19,490,1710,,
6805,2024,7,29,月,にんにく,36700,宮　城,4,205,1236,,
6806,2024,7,29,月,　　うち輸入,36701,,,6195,541,78.8,99.1
6807,2024,7,29,月,しょうが,37200,,,54561,598,87.9,102.9
6808,2024,7,29,月,しょうが,37200,高　知,39,22533,634,,
6809,2024,7,29,月,しょうが,37200,和歌山,30,14532,506,,
6810,2024,7,29,月,しょうが,37200,長　崎,42,3804,537,,
6811,2024,7,29,月,しょうが,37200,宮　崎,45,2677,613,,
6812,2024,7,29,月,しょうが,37200,熊　本,43,1909,687,,
6813,2024,7,29,月,　　うち輸入,37201,,,3648,512,95.8,103.2
6814,2024,7,29,月,生しいたけ,38100,,,51677,875,97.2,99.9
6815,2024,7,29,月,生しいたけ,38100,秋　田,5,11333,962,,
6816,2024,7,29,月,生しいたけ,38100,徳　島,36,10481,857,,
6817,2024,7,29,月,生しいたけ,38100,長　崎,42,5051,739,,
6818,2024,7,29,月,生しいたけ,38100,岩　手,3,3694,804,,
6819,2024,7,29,月,生しいたけ,38100,福　島,7,2624,648,,
6820,2024,7,29,月,　　うち輸入,38101,,,665,705,48.5,91.2
6821,2024,7,29,月,なめこ,38300,,,20442,450,93.9,103.2
6822,2024,7,29,月,なめこ,38300,長　野,20,5953,419,,
6823,2024,7,29,月,なめこ,38300,山　形,6,4375,481,,
6824,2024,7,29,月,なめこ,38300,三　重,24,2168,538,,
6825,2024,7,29,月,なめこ,38300,福　島,7,1553,426,,
6826,2024,7,29,月,なめこ,38300,大　分,44,1428,489,,
6827,2024,7,29,月,えのきだけ,38400,,,89393,234,89.8,97.5
6828,2024,7,29,月,えのきだけ,38400,長　野,20,57379,241,,
6829,2024,7,29,月,えのきだけ,38400,新　潟,15,13369,196,,
6830,2024,7,29,月,えのきだけ,38400,大　分,44,4140,183,,
6831,2024,7,29,月,しめじ,38500,,,60181,367,81.5,95.6
6832,2024,7,29,月,しめじ,38500,長　野,20,38793,346,,
6833,2024,7,29,月,しめじ,38500,福　岡,40,8447,383,,
6834,2024,7,29,月,しめじ,38500,新　潟,15,5472,470,,
6835,2024,7,29,月,その他の野菜,39000,,,443573,847,101.6,97.9
6836,2024,7,29,月,輸入野菜計,39100,,,141729,350,88.6,122
6837,2024,7,29,月,他の輸入野菜,39200,,,58269,548,90.9,120.2
6838,2024,8,5,月,野菜総計,30000,,,13495120,296,120.5,103.1
6839,2024,8,5,月,野菜総計,30000,北海道,1,4160264,242,,
6840,2024,8,5,月,野菜総計,30000,長　野,20,2477996,198,,
6841,2024,8,5,月,野菜総計,30000,群　馬,10,1747378,174,,
6842,2024,8,5,月,野菜総計,30000,岩　手,3,588412,313,,
6843,2024,8,5,月,野菜総計,30000,青　森,2,534391,311,,
6844,2024,8,5,月,野菜総計,30000,茨　城,8,507268,378,,
6845,2024,8,5,月,野菜総計,30000,福　島,7,471067,432,,
6846,2024,8,5,月,だいこん,30100,,,768517,87,85,106.1
6847,2024,8,5,月,だいこん,30100,北海道,1,607985,84,,
6848,2024,8,5,月,だいこん,30100,青　森,2,106103,77,,
6849,2024,8,5,月,かぶ,30200,,,32337,194,96.9,104.3
6850,2024,8,5,月,かぶ,30200,千　葉,12,15562,147,,
6851,2024,8,5,月,かぶ,30200,青　森,2,15065,249,,
6852,2024,8,5,月,にんじん,30300,,,889084,123,108.5,96.1
6853,2024,8,5,月,にんじん,30300,北海道,1,794233,128,,
6854,2024,8,5,月,ごぼう,30400,,,43394,347,91.1,97.7
6855,2024,8,5,月,ごぼう,30400,群　馬,10,14881,234,,
6856,2024,8,5,月,ごぼう,30400,鹿児島,46,12312,518,,
6857,2024,8,5,月,ごぼう,30400,宮　崎,45,6531,353,,
6858,2024,8,5,月,ごぼう,30400,青　森,2,2520,494,,
6859,2024,8,5,月,たけのこ,30500,,,18,864,－,－
6860,2024,8,5,月,たけのこ,30500,鹿児島,46,18,864,,
6861,2024,8,5,月,れんこん,30600,,,44405,518,94.4,97.2
6862,2024,8,5,月,れんこん,30600,茨　城,8,28906,466,,
6863,2024,8,5,月,れんこん,30600,佐　賀,41,5328,513,,
6864,2024,8,5,月,れんこん,30600,徳　島,36,4652,860,,
6865,2024,8,5,月,はくさい,31100,,,965831,91,129.8,92.9
6866,2024,8,5,月,はくさい,31100,長　野,20,901851,91,,
6867,2024,8,5,月,みずな,31300,,,26186,525,102,109.1
6868,2024,8,5,月,みずな,31300,茨　城,8,18129,485,,
6869,2024,8,5,月,みずな,31300,福　岡,40,3658,515,,
6870,2024,8,5,月,こまつな,31500,,,112243,361,99.8,104.6
6871,2024,8,5,月,こまつな,31500,茨　城,8,53310,350,,
6872,2024,8,5,月,こまつな,31500,福　岡,40,25398,369,,
6873,2024,8,5,月,こまつな,31500,群　馬,10,10255,323,,
6874,2024,8,5,月,こまつな,31500,北海道,1,5414,358,,
6875,2024,8,5,月,その他の菜類,31550,,,981,600,95.5,101.9
6876,2024,8,5,月,ちんげんさい,31560,,,28894,376,99.2,100
6877,2024,8,5,月,ちんげんさい,31560,茨　城,8,8937,419,,
6878,2024,8,5,月,ちんげんさい,31560,静　岡,22,7108,431,,
6879,2024,8,5,月,ちんげんさい,31560,長　野,20,2874,217,,
6880,2024,8,5,月,ちんげんさい,31560,福　岡,40,2227,362,,
6881,2024,8,5,月,ちんげんさい,31560,愛　知,23,2148,255,,
6882,2024,8,5,月,キャベツ,31700,,,1857350,98,114.2,106.5
6883,2024,8,5,月,キャベツ,31700,群　馬,10,1264718,98,,
6884,2024,8,5,月,キャベツ,31700,岩　手,3,213430,92,,
6885,2024,8,5,月,キャベツ,31700,長　野,20,206587,105,,
6886,2024,8,5,月,ほうれんそう,31800,,,60907,899,106.7,100.8
6887,2024,8,5,月,ほうれんそう,31800,岐　阜,21,27047,907,,
6888,2024,8,5,月,ほうれんそう,31800,群　馬,10,12455,871,,
6889,2024,8,5,月,ほうれんそう,31800,栃　木,9,9278,989,,
6890,2024,8,5,月,ねぎ,31900,,,386420,442,112.4,100.7
6891,2024,8,5,月,ねぎ,31900,北海道,1,112768,401,,
6892,2024,8,5,月,ねぎ,31900,茨　城,8,79199,327,,
6893,2024,8,5,月,ねぎ,31900,秋　田,5,54865,405,,
6894,2024,8,5,月,ねぎ,31900,大　分,44,23319,469,,
6895,2024,8,5,月,ねぎ,31900,青　森,2,18930,392,,
6896,2024,8,5,月,うど,32400,,,247,857,154.4,85.3
6897,2024,8,5,月,うど,32400,栃　木,9,147,1059,,
6898,2024,8,5,月,うど,32400,茨　城,8,100,558,,
6899,2024,8,5,月,みつば,32500,,,8637,835,92.2,103.9
6900,2024,8,5,月,みつば,32500,千　葉,12,1424,692,,
6901,2024,8,5,月,みつば,32500,愛　知,23,1410,913,,
6902,2024,8,5,月,みつば,32500,三　重,24,1110,849,,
6903,2024,8,5,月,みつば,32500,静　岡,22,1042,817,,
6904,2024,8,5,月,みつば,32500,大　分,44,979,913,,
6905,2024,8,5,月,しゅんぎく,32600,,,3166,1675,116.9,101.8
6906,2024,8,5,月,しゅんぎく,32600,北海道,1,609,1526,,
6907,2024,8,5,月,しゅんぎく,32600,福　岡,40,579,1348,,
6908,2024,8,5,月,しゅんぎく,32600,岐　阜,21,549,1738,,
6909,2024,8,5,月,しゅんぎく,32600,青　森,2,363,2055,,
6910,2024,8,5,月,しゅんぎく,32600,岩　手,3,285,1851,,
6911,2024,8,5,月,にら,32800,,,58845,703,90.6,101.7
6912,2024,8,5,月,にら,32800,高　知,39,14641,720,,
6913,2024,8,5,月,にら,32800,茨　城,8,9287,587,,
6914,2024,8,5,月,にら,32800,栃　木,9,8695,707,,
6915,2024,8,5,月,にら,32800,北海道,1,8411,866,,
6916,2024,8,5,月,にら,32800,山　形,6,5748,706,,
6917,2024,8,5,月,セルリー,32900,,,40989,337,89.1,104.7
6918,2024,8,5,月,セルリー,32900,長　野,20,38033,335,,
6919,2024,8,5,月,アスパラガス,33100,,,57484,1086,137.9,99.5
6920,2024,8,5,月,アスパラガス,33100,栃　木,9,11085,1059,,
6921,2024,8,5,月,アスパラガス,33100,佐　賀,41,8462,1070,,
6922,2024,8,5,月,アスパラガス,33100,長　崎,42,7436,1017,,
6923,2024,8,5,月,アスパラガス,33100,熊　本,43,5952,1032,,
6924,2024,8,5,月,アスパラガス,33100,福　岡,40,5865,978,,
6925,2024,8,5,月,　　うち輸入,33101,,,20,2063,200,93.2
6926,2024,8,5,月,カリフラワー,33200,,,13192,324,109.9,103.2
6927,2024,8,5,月,カリフラワー,33200,長　野,20,12886,321,,
6928,2024,8,5,月,ブロッコリー,33300,,,232291,470,122.5,100.9
6929,2024,8,5,月,ブロッコリー,33300,北海道,1,191621,452,,
6930,2024,8,5,月,レタス,33400,,,1089079,227,146.2,101.3
6931,2024,8,5,月,レタス,33400,長　野,20,965666,232,,
6932,2024,8,5,月,パセリ,33600,,,3196,1672,77.8,113.7
6933,2024,8,5,月,パセリ,33600,長　野,20,1953,1296,,
6934,2024,8,5,月,パセリ,33600,千　葉,12,392,1379,,
6935,2024,8,5,月,パセリ,33600,北海道,1,223,1648,,
6936,2024,8,5,月,きゅうり,34100,,,973229,397,171,99.3
6937,2024,8,5,月,きゅうり,34100,福　島,7,333334,421,,
6938,2024,8,5,月,きゅうり,34100,岩　手,3,143155,402,,
6939,2024,8,5,月,きゅうり,34100,北海道,1,120291,369,,
6940,2024,8,5,月,きゅうり,34100,長　野,20,63422,382,,
6941,2024,8,5,月,きゅうり,34100,秋　田,5,53747,387,,
6942,2024,8,5,月,かぼちゃ,34200,,,258651,361,104.5,103.7
6943,2024,8,5,月,かぼちゃ,34200,北海道,1,154071,338,,
6944,2024,8,5,月,かぼちゃ,34200,長　野,20,27512,600,,
6945,2024,8,5,月,かぼちゃ,34200,石　川,17,23365,335,,
6946,2024,8,5,月,かぼちゃ,34200,茨　城,8,12540,337,,
6947,2024,8,5,月,　　うち輸入,34201,,,760,249,44.2,76.4
6948,2024,8,5,月,なす,34300,,,375675,417,136.9,104.5
6949,2024,8,5,月,なす,34300,群　馬,10,92432,425,,
6950,2024,8,5,月,なす,34300,茨　城,8,66344,306,,
6951,2024,8,5,月,なす,34300,栃　木,9,44369,423,,
6952,2024,8,5,月,なす,34300,山　梨,19,29287,430,,
6953,2024,8,5,月,なす,34300,徳　島,36,24243,491,,
6954,2024,8,5,月,トマト,34400,,,1031899,376,157.5,98.2
6955,2024,8,5,月,トマト,34400,北海道,1,315555,370,,
6956,2024,8,5,月,トマト,34400,岐　阜,21,213501,397,,
6957,2024,8,5,月,トマト,34400,群　馬,10,90562,333,,
6958,2024,8,5,月,トマト,34400,青　森,2,85424,366,,
6959,2024,8,5,月,トマト,34400,熊　本,43,70765,365,,
6960,2024,8,5,月,ミニトマト,34450,,,265562,732,140.5,101.4
6961,2024,8,5,月,ミニトマト,34450,北海道,1,145021,760,,
6962,2024,8,5,月,ミニトマト,34450,青　森,2,30562,706,,
6963,2024,8,5,月,ミニトマト,34450,茨　城,8,23590,537,,
6964,2024,8,5,月,ミニトマト,34450,福　島,7,14201,724,,
6965,2024,8,5,月,ピーマン,34500,,,289903,543,135.2,100.9
6966,2024,8,5,月,ピーマン,34500,岩　手,3,117218,535,,
6967,2024,8,5,月,ピーマン,34500,北海道,1,31960,542,,
6968,2024,8,5,月,ピーマン,34500,福　島,7,25956,615,,
6969,2024,8,5,月,ピーマン,34500,青　森,2,24600,505,,
6970,2024,8,5,月,ピーマン,34500,茨　城,8,19511,532,,
6971,2024,8,5,月,ししとうがらし,34600,,,13445,1817,118.1,114.4
6972,2024,8,5,月,ししとうがらし,34600,京　都,26,5018,1786,,
6973,2024,8,5,月,ししとうがらし,34600,高　知,39,4061,2309,,
6974,2024,8,5,月,ししとうがらし,34600,千　葉,12,1895,1753,,
6975,2024,8,5,月,スイートコーン,34700,,,376871,289,140.2,94.4
6976,2024,8,5,月,スイートコーン,34700,北海道,1,208872,283,,
6977,2024,8,5,月,スイートコーン,34700,長　野,20,55109,326,,
6978,2024,8,5,月,スイートコーン,34700,群　馬,10,49035,291,,
6979,2024,8,5,月,さやいんげん,35100,,,13561,1144,137.4,101.3
6980,2024,8,5,月,さやいんげん,35100,福　島,7,3899,1041,,
6981,2024,8,5,月,さやいんげん,35100,群　馬,10,3148,989,,
6982,2024,8,5,月,さやいんげん,35100,長　野,20,1709,1257,,
6983,2024,8,5,月,さやいんげん,35100,北海道,1,1699,1858,,
6984,2024,8,5,月,さやいんげん,35100,青　森,2,1205,1076,,
6985,2024,8,5,月,さやえんどう,35200,,,2993,2462,109.8,107.2
6986,2024,8,5,月,さやえんどう,35200,北海道,1,2316,2872,,
6987,2024,8,5,月,さやえんどう,35200,青　森,2,2,6480,,
6988,2024,8,5,月,　　うち輸入,35201,,,675,1043,114.8,92.1
6989,2024,8,5,月,えだまめ,35500,,,89239,1053,127.2,107.1
6990,2024,8,5,月,えだまめ,35500,群　馬,10,29677,1218,,
6991,2024,8,5,月,えだまめ,35500,秋　田,5,21209,880,,
6992,2024,8,5,月,えだまめ,35500,山　形,6,13949,1310,,
6993,2024,8,5,月,えだまめ,35500,宮　城,4,3018,714,,
6994,2024,8,5,月,えだまめ,35500,岐　阜,21,2758,897,,
6995,2024,8,5,月,かんしょ,36100,,,249834,319,124,104.9
6996,2024,8,5,月,かんしょ,36100,茨　城,8,108108,280,,
6997,2024,8,5,月,かんしょ,36100,徳　島,36,76525,387,,
6998,2024,8,5,月,かんしょ,36100,千　葉,12,26135,333,,
6999,2024,8,5,月,ばれいしょ,36200,,,523237,275,110.1,107.4
7000,2024,8,5,月,ばれいしょ,36200,北海道,1,367475,266,,
7001,2024,8,5,月,ばれいしょ,36200,青　森,2,59827,303,,
7002,2024,8,5,月,さといも,36300,,,23022,524,97.6,109.9
7003,2024,8,5,月,さといも,36300,宮　崎,45,13125,448,,
7004,2024,8,5,月,さといも,36300,千　葉,12,8036,528,,
7005,2024,8,5,月,やまのいも,36500,,,216844,407,145.5,101.2
7006,2024,8,5,月,やまのいも,36500,北海道,1,134748,389,,
7007,2024,8,5,月,やまのいも,36500,青　森,2,64511,434,,
7008,2024,8,5,月,たまねぎ,36610,,,1302816,162,113,98.2
7009,2024,8,5,月,たまねぎ,36610,北海道,1,790829,152,,
7010,2024,8,5,月,たまねぎ,36610,兵　庫,28,319357,194,,
7011,2024,8,5,月,　　うち輸入,36620,,,56670,139,135.5,114.9
7012,2024,8,5,月,にんにく,36700,,,19145,1267,110.2,105.9
7013,2024,8,5,月,にんにく,36700,青　森,2,8333,1922,,
7014,2024,8,5,月,にんにく,36700,香　川,37,1466,1621,,
7015,2024,8,5,月,にんにく,36700,長　野,20,350,1481,,
7016,2024,8,5,月,にんにく,36700,北海道,1,340,1379,,
7017,2024,8,5,月,にんにく,36700,宮　城,4,133,1421,,
7018,2024,8,5,月,　　うち輸入,36701,,,8156,539,100,103.1
7019,2024,8,5,月,しょうが,37200,,,46958,624,85.4,102.3
7020,2024,8,5,月,しょうが,37200,高　知,39,18007,668,,
7021,2024,8,5,月,しょうが,37200,和歌山,30,13296,539,,
7022,2024,8,5,月,しょうが,37200,長　崎,42,3389,548,,
7023,2024,8,5,月,しょうが,37200,熊　本,43,2541,695,,
7024,2024,8,5,月,しょうが,37200,宮　崎,45,2237,610,,
7025,2024,8,5,月,　　うち輸入,37201,,,3257,520,87.4,101.4
7026,2024,8,5,月,生しいたけ,38100,,,48852,894,94.3,98.8
7027,2024,8,5,月,生しいたけ,38100,徳　島,36,9792,900,,
7028,2024,8,5,月,生しいたけ,38100,秋　田,5,8898,1017,,
7029,2024,8,5,月,生しいたけ,38100,長　崎,42,5658,731,,
7030,2024,8,5,月,生しいたけ,38100,大　分,44,2592,766,,
7031,2024,8,5,月,生しいたけ,38100,岩　手,3,2512,922,,
7032,2024,8,5,月,　　うち輸入,38101,,,1272,773,90.8,97.8
7033,2024,8,5,月,なめこ,38300,,,19530,444,95.4,98.7
7034,2024,8,5,月,なめこ,38300,長　野,20,5775,422,,
7035,2024,8,5,月,なめこ,38300,山　形,6,3395,447,,
7036,2024,8,5,月,なめこ,38300,三　重,24,1944,551,,
7037,2024,8,5,月,なめこ,38300,大　分,44,1591,484,,
7038,2024,8,5,月,なめこ,38300,福　島,7,1276,400,,
7039,2024,8,5,月,えのきだけ,38400,,,97840,231,92.9,97.9
7040,2024,8,5,月,えのきだけ,38400,長　野,20,59154,232,,
7041,2024,8,5,月,えのきだけ,38400,新　潟,15,13314,200,,
7042,2024,8,5,月,えのきだけ,38400,福　岡,40,5617,255,,
7043,2024,8,5,月,えのきだけ,38400,長　崎,42,5394,236,,
7044,2024,8,5,月,しめじ,38500,,,70372,372,89.6,101.4
7045,2024,8,5,月,しめじ,38500,長　野,20,39744,333,,
7046,2024,8,5,月,しめじ,38500,新　潟,15,9601,446,,
7047,2024,8,5,月,しめじ,38500,福　岡,40,8154,379,,
7048,2024,8,5,月,その他の野菜,39000,,,462024,862,103.2,97.8
7049,2024,8,5,月,輸入野菜計,39100,,,122537,425,106.9,95.3
7050,2024,8,5,月,他の輸入野菜,39200,,,51729,699,90.4,106.4
7051,2024,8,12,月,野菜総計,30000,,,15949639,291,118.1,104.3
7052,2024,8,12,月,野菜総計,30000,北海道,1,6066571,233,,
7053,2024,8,12,月,野菜総計,30000,長　野,20,2872354,172,,
7054,2024,8,12,月,野菜総計,30000,群　馬,10,1904273,181,,
7055,2024,8,12,月,野菜総計,30000,青　森,2,554693,350,,
7056,2024,8,12,月,野菜総計,30000,岩　手,3,551187,338,,
7057,2024,8,12,月,野菜総計,30000,茨　城,8,488478,399,,
7058,2024,8,12,月,野菜総計,30000,福　島,7,444174,444,,
7059,2024,8,12,月,だいこん,30100,,,860017,103,91.1,109.6
7060,2024,8,12,月,だいこん,30100,北海道,1,618462,96,,
7061,2024,8,12,月,だいこん,30100,青　森,2,147445,109,,
7062,2024,8,12,月,かぶ,30200,,,27397,202,85.9,111.6
7063,2024,8,12,月,かぶ,30200,千　葉,12,14182,144,,
7064,2024,8,12,月,かぶ,30200,青　森,2,12758,268,,
7065,2024,8,12,月,にんじん,30300,,,797115,118,83.7,106.3
7066,2024,8,12,月,にんじん,30300,北海道,1,778235,118,,
7067,2024,8,12,月,ごぼう,30400,,,59204,355,102.8,111.3
7068,2024,8,12,月,ごぼう,30400,群　馬,10,19592,246,,
7069,2024,8,12,月,ごぼう,30400,鹿児島,46,18122,479,,
7070,2024,8,12,月,ごぼう,30400,宮　崎,45,9486,403,,
7071,2024,8,12,月,ごぼう,30400,青　森,2,2653,522,,
7072,2024,8,12,月,たけのこ,30500,,,32,861,－,－
7073,2024,8,12,月,たけのこ,30500,鹿児島,46,32,861,,
7074,2024,8,12,月,れんこん,30600,,,60379,478,95.9,99.4
7075,2024,8,12,月,れんこん,30600,茨　城,8,40706,443,,
7076,2024,8,12,月,れんこん,30600,佐　賀,41,5417,510,,
7077,2024,8,12,月,れんこん,30600,徳　島,36,4829,707,,
7078,2024,8,12,月,はくさい,31100,,,1061325,105,127.5,107.1
7079,2024,8,12,月,はくさい,31100,長　野,20,1038134,104,,
7080,2024,8,12,月,みずな,31300,,,39407,532,114.6,98.7
7081,2024,8,12,月,みずな,31300,茨　城,8,29371,484,,
7082,2024,8,12,月,みずな,31300,福　岡,40,4467,603,,
7083,2024,8,12,月,こまつな,31500,,,126402,339,109.2,96.6
7084,2024,8,12,月,こまつな,31500,茨　城,8,60783,338,,
7085,2024,8,12,月,こまつな,31500,福　岡,40,25589,354,,
7086,2024,8,12,月,こまつな,31500,群　馬,10,14877,273,,
7087,2024,8,12,月,その他の菜類,31550,,,1008,699,92.1,105.9
7088,2024,8,12,月,ちんげんさい,31560,,,29684,406,99.2,103.6
7089,2024,8,12,月,ちんげんさい,31560,茨　城,8,10107,387,,
7090,2024,8,12,月,ちんげんさい,31560,静　岡,22,6595,496,,
7091,2024,8,12,月,ちんげんさい,31560,長　野,20,2667,281,,
7092,2024,8,12,月,ちんげんさい,31560,福　岡,40,2374,406,,
7093,2024,8,12,月,ちんげんさい,31560,愛　知,23,1766,365,,
7094,2024,8,12,月,キャベツ,31700,,,1984505,106,110.2,103.9
7095,2024,8,12,月,キャベツ,31700,群　馬,10,1441565,105,,
7096,2024,8,12,月,キャベツ,31700,長　野,20,232512,117,,
7097,2024,8,12,月,ほうれんそう,31800,,,80262,993,140.9,101.8
7098,2024,8,12,月,ほうれんそう,31800,岐　阜,21,33764,997,,
7099,2024,8,12,月,ほうれんそう,31800,群　馬,10,22552,949,,
7100,2024,8,12,月,ほうれんそう,31800,栃　木,9,9682,1114,,
7101,2024,8,12,月,ねぎ,31900,,,414195,480,113.1,103
7102,2024,8,12,月,ねぎ,31900,北海道,1,133495,419,,
7103,2024,8,12,月,ねぎ,31900,茨　城,8,60082,329,,
7104,2024,8,12,月,ねぎ,31900,秋　田,5,54028,398,,
7105,2024,8,12,月,ねぎ,31900,青　森,2,24732,385,,
7106,2024,8,12,月,ねぎ,31900,大　分,44,20746,614,,
7107,2024,8,12,月,うど,32400,,,172,847,159.3,75.5
7108,2024,8,12,月,うど,32400,栃　木,9,124,1027,,
7109,2024,8,12,月,うど,32400,茨　城,8,48,383,,
7110,2024,8,12,月,みつば,32500,,,12203,1044,119.6,105
7111,2024,8,12,月,みつば,32500,大　分,44,2231,1092,,
7112,2024,8,12,月,みつば,32500,千　葉,12,1953,824,,
7113,2024,8,12,月,みつば,32500,三　重,24,1897,1215,,
7114,2024,8,12,月,みつば,32500,愛　知,23,1393,1187,,
7115,2024,8,12,月,みつば,32500,静　岡,22,1287,955,,
7116,2024,8,12,月,しゅんぎく,32600,,,3849,1818,111.6,105.6
7117,2024,8,12,月,しゅんぎく,32600,岩　手,3,933,2206,,
7118,2024,8,12,月,しゅんぎく,32600,岐　阜,21,708,2058,,
7119,2024,8,12,月,しゅんぎく,32600,北海道,1,672,1309,,
7120,2024,8,12,月,しゅんぎく,32600,群　馬,10,327,1931,,
7121,2024,8,12,月,しゅんぎく,32600,福　岡,40,293,1594,,
7122,2024,8,12,月,にら,32800,,,62561,732,99.9,102.2
7123,2024,8,12,月,にら,32800,高　知,39,17218,682,,
7124,2024,8,12,月,にら,32800,茨　城,8,11109,611,,
7125,2024,8,12,月,にら,32800,北海道,1,8308,902,,
7126,2024,8,12,月,にら,32800,栃　木,9,7898,781,,
7127,2024,8,12,月,にら,32800,山　形,6,6048,773,,
7128,2024,8,12,月,セルリー,32900,,,41201,341,83.5,98.6
7129,2024,8,12,月,セルリー,32900,長　野,20,38966,342,,
7130,2024,8,12,月,アスパラガス,33100,,,55877,1057,126.9,92.7
7131,2024,8,12,月,アスパラガス,33100,栃　木,9,11979,1043,,
7132,2024,8,12,月,アスパラガス,33100,佐　賀,41,7902,1071,,
7133,2024,8,12,月,アスパラガス,33100,長　崎,42,6943,998,,
7134,2024,8,12,月,アスパラガス,33100,熊　本,43,6912,1082,,
7135,2024,8,12,月,アスパラガス,33100,福　岡,40,4802,935,,
7136,2024,8,12,月,　　うち輸入,33101,,,25,2201,－,－
7137,2024,8,12,月,カリフラワー,33200,,,11336,345,94.6,102.4
7138,2024,8,12,月,カリフラワー,33200,長　野,20,11191,344,,
7139,2024,8,12,月,ブロッコリー,33300,,,229901,473,124.5,105.3
7140,2024,8,12,月,ブロッコリー,33300,北海道,1,203119,460,,
7141,2024,8,12,月,レタス,33400,,,1325754,167,131.7,97.7
7142,2024,8,12,月,レタス,33400,長　野,20,1213423,165,,
7143,2024,8,12,月,パセリ,33600,,,3603,2815,77.9,112
7144,2024,8,12,月,パセリ,33600,長　野,20,2058,2506,,
7145,2024,8,12,月,パセリ,33600,千　葉,12,369,2010,,
7146,2024,8,12,月,パセリ,33600,大　分,44,330,4454,,
7147,2024,8,12,月,パセリ,33600,北海道,1,298,1914,,
7148,2024,8,12,月,きゅうり,34100,,,854689,421,151.9,107.9
7149,2024,8,12,月,きゅうり,34100,福　島,7,268424,452,,
7150,2024,8,12,月,きゅうり,34100,北海道,1,116831,374,,
7151,2024,8,12,月,きゅうり,34100,岩　手,3,112770,397,,
7152,2024,8,12,月,きゅうり,34100,長　野,20,63760,399,,
7153,2024,8,12,月,きゅうり,34100,秋　田,5,57094,382,,
7154,2024,8,12,月,かぼちゃ,34200,,,387553,287,105.1,99.3
7155,2024,8,12,月,かぼちゃ,34200,北海道,1,260527,273,,
7156,2024,8,12,月,かぼちゃ,34200,石　川,17,32679,216,,
7157,2024,8,12,月,かぼちゃ,34200,茨　城,8,23279,211,,
7158,2024,8,12,月,　　うち輸入,34201,,,1150,309,92,111.6
7159,2024,8,12,月,なす,34300,,,414460,448,142.6,103.9
7160,2024,8,12,月,なす,34300,群　馬,10,104782,471,,
7161,2024,8,12,月,なす,34300,栃　木,9,55836,448,,
7162,2024,8,12,月,なす,34300,茨　城,8,54645,380,,
7163,2024,8,12,月,なす,34300,山　梨,19,33656,446,,
7164,2024,8,12,月,なす,34300,徳　島,36,28611,480,,
7165,2024,8,12,月,トマト,34400,,,1191963,372,148.4,97.9
7166,2024,8,12,月,トマト,34400,北海道,1,376366,370,,
7167,2024,8,12,月,トマト,34400,岐　阜,21,272807,390,,
7168,2024,8,12,月,トマト,34400,福　島,7,94216,341,,
7169,2024,8,12,月,トマト,34400,熊　本,43,93171,364,,
7170,2024,8,12,月,トマト,34400,群　馬,10,90467,309,,
7171,2024,8,12,月,ミニトマト,34450,,,326528,745,148.5,98.8
7172,2024,8,12,月,ミニトマト,34450,北海道,1,203923,745,,
7173,2024,8,12,月,ミニトマト,34450,青　森,2,38683,728,,
7174,2024,8,12,月,ミニトマト,34450,岩　手,3,14024,682,,
7175,2024,8,12,月,ミニトマト,34450,熊　本,43,12559,810,,
7176,2024,8,12,月,ピーマン,34500,,,361136,519,141.3,99.6
7177,2024,8,12,月,ピーマン,34500,岩　手,3,166933,468,,
7178,2024,8,12,月,ピーマン,34500,青　森,2,38544,504,,
7179,2024,8,12,月,ピーマン,34500,北海道,1,33798,485,,
7180,2024,8,12,月,ピーマン,34500,福　島,7,31001,555,,
7181,2024,8,12,月,ピーマン,34500,茨　城,8,23849,584,,
7182,2024,8,12,月,ししとうがらし,34600,,,12407,2127,99.7,107.9
7183,2024,8,12,月,ししとうがらし,34600,京　都,26,4687,2035,,
7184,2024,8,12,月,ししとうがらし,34600,高　知,39,3237,2719,,
7185,2024,8,12,月,ししとうがらし,34600,千　葉,12,1832,2176,,
7186,2024,8,12,月,ししとうがらし,34600,茨　城,8,501,901,,
7187,2024,8,12,月,スイートコーン,34700,,,441425,279,120.1,99.6
7188,2024,8,12,月,スイートコーン,34700,北海道,1,332007,276,,
7189,2024,8,12,月,スイートコーン,34700,群　馬,10,47055,289,,
7190,2024,8,12,月,さやいんげん,35100,,,13072,1422,125.3,107.1
7191,2024,8,12,月,さやいんげん,35100,福　島,7,4402,1230,,
7192,2024,8,12,月,さやいんげん,35100,群　馬,10,2579,1285,,
7193,2024,8,12,月,さやいんげん,35100,北海道,1,1981,2133,,
7194,2024,8,12,月,さやいんげん,35100,青　森,2,1438,1499,,
7195,2024,8,12,月,さやいんげん,35100,長　野,20,1059,1308,,
7196,2024,8,12,月,さやえんどう,35200,,,3667,3145,117.5,110.1
7197,2024,8,12,月,さやえんどう,35200,北海道,1,2621,3861,,
7198,2024,8,12,月,さやえんどう,35200,鹿児島,46,0,…,,
7199,2024,8,12,月,　　うち輸入,35201,,,1046,1351,94.2,125.8
7200,2024,8,12,月,えだまめ,35500,,,95254,1130,131.5,107.3
7201,2024,8,12,月,えだまめ,35500,群　馬,10,23017,1473,,
7202,2024,8,12,月,えだまめ,35500,秋　田,5,22943,914,,
7203,2024,8,12,月,えだまめ,35500,山　形,6,21394,1302,,
7204,2024,8,12,月,えだまめ,35500,北海道,1,5948,718,,
7205,2024,8,12,月,えだまめ,35500,新　潟,15,4493,1233,,
7206,2024,8,12,月,かんしょ,36100,,,313083,323,136.1,102.5
7207,2024,8,12,月,かんしょ,36100,茨　城,8,113073,281,,
7208,2024,8,12,月,かんしょ,36100,徳　島,36,112510,383,,
7209,2024,8,12,月,かんしょ,36100,千　葉,12,37620,334,,
7210,2024,8,12,月,ばれいしょ,36200,,,952985,264,113.7,98.9
7211,2024,8,12,月,ばれいしょ,36200,北海道,1,835500,259,,
7212,2024,8,12,月,さといも,36300,,,25054,482,111.4,101.7
7213,2024,8,12,月,さといも,36300,千　葉,12,11392,476,,
7214,2024,8,12,月,さといも,36300,宮　崎,45,10729,450,,
7215,2024,8,12,月,やまのいも,36500,,,215491,418,93.8,106.6
7216,2024,8,12,月,やまのいも,36500,北海道,1,125218,386,,
7217,2024,8,12,月,やまのいも,36500,青　森,2,78403,432,,
7218,2024,8,12,月,たまねぎ,36610,,,2217917,150,126.2,94.9
7219,2024,8,12,月,たまねぎ,36610,北海道,1,1867912,145,,
7220,2024,8,12,月,　　うち輸入,36620,,,65478,135,97.9,120.5
7221,2024,8,12,月,にんにく,36700,,,22709,973,93.7,79
7222,2024,8,12,月,にんにく,36700,青　森,2,6508,2075,,
7223,2024,8,12,月,にんにく,36700,香　川,37,160,1944,,
7224,2024,8,12,月,にんにく,36700,埼　玉,11,155,826,,
7225,2024,8,12,月,にんにく,36700,茨　城,8,90,548,,
7226,2024,8,12,月,にんにく,36700,宮　城,4,40,1134,,
7227,2024,8,12,月,　　うち輸入,36701,,,15664,507,135.6,96.8
7228,2024,8,12,月,しょうが,37200,,,58477,640,98.5,101.7
7229,2024,8,12,月,しょうが,37200,高　知,39,22687,676,,
7230,2024,8,12,月,しょうが,37200,和歌山,30,17256,600,,
7231,2024,8,12,月,しょうが,37200,長　崎,42,5238,578,,
7232,2024,8,12,月,しょうが,37200,熊　本,43,2384,708,,
7233,2024,8,12,月,　　うち輸入,37201,,,5147,517,133.2,101
7234,2024,8,12,月,生しいたけ,38100,,,59144,953,100.5,102.4
7235,2024,8,12,月,生しいたけ,38100,徳　島,36,11781,960,,
7236,2024,8,12,月,生しいたけ,38100,秋　田,5,8029,1145,,
7237,2024,8,12,月,生しいたけ,38100,長　崎,42,6231,840,,
7238,2024,8,12,月,生しいたけ,38100,千　葉,12,3057,864,,
7239,2024,8,12,月,生しいたけ,38100,大　分,44,3040,853,,
7240,2024,8,12,月,　　うち輸入,38101,,,2660,726,151.1,92.7
7241,2024,8,12,月,なめこ,38300,,,22348,443,95.1,102.3
7242,2024,8,12,月,なめこ,38300,長　野,20,5966,428,,
7243,2024,8,12,月,なめこ,38300,三　重,24,2985,549,,
7244,2024,8,12,月,なめこ,38300,山　形,6,2980,503,,
7245,2024,8,12,月,なめこ,38300,新　潟,15,2005,235,,
7246,2024,8,12,月,なめこ,38300,大　分,44,1674,493,,
7247,2024,8,12,月,えのきだけ,38400,,,105304,231,101.8,97.1
7248,2024,8,12,月,えのきだけ,38400,長　野,20,65410,235,,
7249,2024,8,12,月,えのきだけ,38400,新　潟,15,13809,194,,
7250,2024,8,12,月,えのきだけ,38400,宮　崎,45,5742,261,,
7251,2024,8,12,月,しめじ,38500,,,73648,369,101.4,96.3
7252,2024,8,12,月,しめじ,38500,長　野,20,46142,351,,
7253,2024,8,12,月,しめじ,38500,福　岡,40,13432,355,,
7254,2024,8,12,月,その他の野菜,39000,,,494022,945,108.8,103.3
7255,2024,8,12,月,輸入野菜計,39100,,,153578,488,107.9,111.9
7256,2024,8,12,月,他の輸入野菜,39200,,,62413,830,111.4,106.7
7257,2024,8,19,月,野菜総計,30000,,,14769108,279,62.3,96.9
7258,2024,8,19,月,野菜総計,30000,北海道,1,5317860,223,,
7259,2024,8,19,月,野菜総計,30000,長　野,20,3138010,168,,
7260,2024,8,19,月,野菜総計,30000,群　馬,10,1970376,166,,
7261,2024,8,19,月,野菜総計,30000,岩　手,3,512395,335,,
7262,2024,8,19,月,野菜総計,30000,福　島,7,445825,441,,
7263,2024,8,19,月,野菜総計,30000,茨　城,8,425928,428,,
7264,2024,8,19,月,野菜総計,30000,青　森,2,378730,394,,
7265,2024,8,19,月,だいこん,30100,,,644041,127,52.9,108.5
7266,2024,8,19,月,だいこん,30100,北海道,1,457623,118,,
7267,2024,8,19,月,だいこん,30100,青　森,2,86701,148,,
7268,2024,8,19,月,かぶ,30200,,,25129,182,167.2,85.8
7269,2024,8,19,月,かぶ,30200,千　葉,12,18666,151,,
7270,2024,8,19,月,かぶ,30200,青　森,2,5395,297,,
7271,2024,8,19,月,にんじん,30300,,,785954,113,70.9,99.1
7272,2024,8,19,月,にんじん,30300,北海道,1,760368,113,,
7273,2024,8,19,月,ごぼう,30400,,,40959,380,136.8,98.2
7274,2024,8,19,月,ごぼう,30400,宮　崎,45,13803,317,,
7275,2024,8,19,月,ごぼう,30400,鹿児島,46,11750,535,,
7276,2024,8,19,月,ごぼう,30400,群　馬,10,4864,335,,
7277,2024,8,19,月,ごぼう,30400,北海道,1,3760,271,,
7278,2024,8,19,月,たけのこ,30500,,,26,781,52,109.5
7279,2024,8,19,月,たけのこ,30500,鹿児島,46,26,781,,
7280,2024,8,19,月,れんこん,30600,,,50910,427,113.4,90.5
7281,2024,8,19,月,れんこん,30600,茨　城,8,35771,404,,
7282,2024,8,19,月,れんこん,30600,徳　島,36,5562,542,,
7283,2024,8,19,月,はくさい,31100,,,1185073,107,61.3,104.9
7284,2024,8,19,月,はくさい,31100,長　野,20,1157033,105,,
7285,2024,8,19,月,みずな,31300,,,38126,525,64.1,99.8
7286,2024,8,19,月,みずな,31300,茨　城,8,26993,471,,
7287,2024,8,19,月,みずな,31300,福　岡,40,5176,530,,
7288,2024,8,19,月,こまつな,31500,,,148204,365,77,100.3
7289,2024,8,19,月,こまつな,31500,茨　城,8,62357,367,,
7290,2024,8,19,月,こまつな,31500,福　岡,40,29950,361,,
7291,2024,8,19,月,こまつな,31500,群　馬,10,28868,319,,
7292,2024,8,19,月,その他の菜類,31550,,,803,731,86.7,104.9
7293,2024,8,19,月,ちんげんさい,31560,,,27104,443,84.1,103
7294,2024,8,19,月,ちんげんさい,31560,茨　城,8,8577,489,,
7295,2024,8,19,月,ちんげんさい,31560,静　岡,22,5463,505,,
7296,2024,8,19,月,ちんげんさい,31560,長　野,20,4854,293,,
7297,2024,8,19,月,ちんげんさい,31560,福　岡,40,1782,455,,
7298,2024,8,19,月,ちんげんさい,31560,埼　玉,11,1508,403,,
7299,2024,8,19,月,キャベツ,31700,,,2220583,99,63.6,92.5
7300,2024,8,19,月,キャベツ,31700,群　馬,10,1520646,99,,
7301,2024,8,19,月,キャベツ,31700,長　野,20,318945,101,,
7302,2024,8,19,月,ほうれんそう,31800,,,66048,1017,61.2,100.2
7303,2024,8,19,月,ほうれんそう,31800,岐　阜,21,26511,1050,,
7304,2024,8,19,月,ほうれんそう,31800,群　馬,10,19853,940,,
7305,2024,8,19,月,ほうれんそう,31800,栃　木,9,7818,1103,,
7306,2024,8,19,月,ねぎ,31900,,,312237,553,77.7,97.7
7307,2024,8,19,月,ねぎ,31900,北海道,1,71959,426,,
7308,2024,8,19,月,ねぎ,31900,秋　田,5,63718,476,,
7309,2024,8,19,月,ねぎ,31900,茨　城,8,49996,437,,
7310,2024,8,19,月,ねぎ,31900,長　野,20,14743,380,,
7311,2024,8,19,月,ねぎ,31900,大　分,44,13972,711,,
7312,2024,8,19,月,うど,32400,,,216,864,150,85.8
7313,2024,8,19,月,うど,32400,栃　木,9,152,1004,,
7314,2024,8,19,月,うど,32400,茨　城,8,64,532,,
7315,2024,8,19,月,みつば,32500,,,8289,1148,80.9,103.8
7316,2024,8,19,月,みつば,32500,大　分,44,1375,1168,,
7317,2024,8,19,月,みつば,32500,千　葉,12,1274,1084,,
7318,2024,8,19,月,みつば,32500,三　重,24,1271,1211,,
7319,2024,8,19,月,みつば,32500,愛　知,23,1142,1295,,
7320,2024,8,19,月,みつば,32500,静　岡,22,909,1127,,
7321,2024,8,19,月,しゅんぎく,32600,,,3648,1757,79.9,95.8
7322,2024,8,19,月,しゅんぎく,32600,岩　手,3,819,1973,,
7323,2024,8,19,月,しゅんぎく,32600,岐　阜,21,699,1958,,
7324,2024,8,19,月,しゅんぎく,32600,北海道,1,644,1579,,
7325,2024,8,19,月,しゅんぎく,32600,群　馬,10,270,2015,,
7326,2024,8,19,月,しゅんぎく,32600,福　岡,40,222,1711,,
7327,2024,8,19,月,にら,32800,,,58199,885,62.3,107.3
7328,2024,8,19,月,にら,32800,高　知,39,15574,858,,
7329,2024,8,19,月,にら,32800,北海道,1,9962,946,,
7330,2024,8,19,月,にら,32800,茨　城,8,8722,889,,
7331,2024,8,19,月,にら,32800,栃　木,9,6806,902,,
7332,2024,8,19,月,にら,32800,山　形,6,5288,885,,
7333,2024,8,19,月,セルリー,32900,,,49038,332,65.1,92.7
7334,2024,8,19,月,セルリー,32900,長　野,20,43504,330,,
7335,2024,8,19,月,アスパラガス,33100,,,61676,1023,49.4,101.1
7336,2024,8,19,月,アスパラガス,33100,栃　木,9,12925,988,,
7337,2024,8,19,月,アスパラガス,33100,佐　賀,41,9153,1051,,
7338,2024,8,19,月,アスパラガス,33100,福　岡,40,6766,976,,
7339,2024,8,19,月,アスパラガス,33100,熊　本,43,6430,1023,,
7340,2024,8,19,月,アスパラガス,33100,長　崎,42,6128,956,,
7341,2024,8,19,月,　　うち輸入,33101,,,31,1630,155,81.6
7342,2024,8,19,月,カリフラワー,33200,,,17953,332,58.9,97.6
7343,2024,8,19,月,カリフラワー,33200,長　野,20,17810,331,,
7344,2024,8,19,月,ブロッコリー,33300,,,259776,464,54.7,96.1
7345,2024,8,19,月,ブロッコリー,33300,北海道,1,208919,438,,
7346,2024,8,19,月,レタス,33400,,,1384753,158,58,98.8
7347,2024,8,19,月,レタス,33400,長　野,20,1242306,156,,
7348,2024,8,19,月,パセリ,33600,,,3242,2825,57.7,102.5
7349,2024,8,19,月,パセリ,33600,長　野,20,2378,2645,,
7350,2024,8,19,月,パセリ,33600,千　葉,12,225,2073,,
7351,2024,8,19,月,きゅうり,34100,,,991821,397,51.6,96.1
7352,2024,8,19,月,きゅうり,34100,福　島,7,288834,440,,
7353,2024,8,19,月,きゅうり,34100,北海道,1,141602,389,,
7354,2024,8,19,月,きゅうり,34100,岩　手,3,139293,385,,
7355,2024,8,19,月,きゅうり,34100,長　野,20,69044,410,,
7356,2024,8,19,月,きゅうり,34100,秋　田,5,65779,352,,
7357,2024,8,19,月,かぼちゃ,34200,,,316319,275,85.1,93.2
7358,2024,8,19,月,かぼちゃ,34200,北海道,1,255608,243,,
7359,2024,8,19,月,なす,34300,,,443876,390,47.8,96.1
7360,2024,8,19,月,なす,34300,群　馬,10,114064,426,,
7361,2024,8,19,月,なす,34300,茨　城,8,71254,309,,
7362,2024,8,19,月,なす,34300,栃　木,9,55562,421,,
7363,2024,8,19,月,なす,34300,山　梨,19,36386,404,,
7364,2024,8,19,月,なす,34300,徳　島,36,28012,403,,
7365,2024,8,19,月,トマト,34400,,,1083697,404,51.3,108
7366,2024,8,19,月,トマト,34400,北海道,1,407393,393,,
7367,2024,8,19,月,トマト,34400,岐　阜,21,219185,419,,
7368,2024,8,19,月,トマト,34400,福　島,7,89358,392,,
7369,2024,8,19,月,トマト,34400,青　森,2,79683,396,,
7370,2024,8,19,月,トマト,34400,熊　本,43,69171,393,,
7371,2024,8,19,月,ミニトマト,34450,,,262757,762,49.7,102.8
7372,2024,8,19,月,ミニトマト,34450,北海道,1,164787,742,,
7373,2024,8,19,月,ミニトマト,34450,青　森,2,25007,793,,
7374,2024,8,19,月,ミニトマト,34450,茨　城,8,12682,710,,
7375,2024,8,19,月,ミニトマト,34450,岩　手,3,9089,775,,
7376,2024,8,19,月,ピーマン,34500,,,328718,518,69.2,103.8
7377,2024,8,19,月,ピーマン,34500,岩　手,3,135217,451,,
7378,2024,8,19,月,ピーマン,34500,青　森,2,38258,467,,
7379,2024,8,19,月,ピーマン,34500,茨　城,8,36781,550,,
7380,2024,8,19,月,ピーマン,34500,北海道,1,27618,548,,
7381,2024,8,19,月,ピーマン,34500,福　島,7,22400,522,,
7382,2024,8,19,月,ししとうがらし,34600,,,14606,1909,71.8,102.1
7383,2024,8,19,月,ししとうがらし,34600,京　都,26,6455,1466,,
7384,2024,8,19,月,ししとうがらし,34600,高　知,39,3665,2805,,
7385,2024,8,19,月,ししとうがらし,34600,千　葉,12,1766,2318,,
7386,2024,8,19,月,スイートコーン,34700,,,309406,245,50.2,91.8
7387,2024,8,19,月,スイートコーン,34700,北海道,1,230015,245,,
7388,2024,8,19,月,スイートコーン,34700,群　馬,10,42145,231,,
7389,2024,8,19,月,さやいんげん,35100,,,10108,1547,52,114.8
7390,2024,8,19,月,さやいんげん,35100,福　島,7,2962,1323,,
7391,2024,8,19,月,さやいんげん,35100,群　馬,10,2438,1279,,
7392,2024,8,19,月,さやいんげん,35100,北海道,1,1644,2549,,
7393,2024,8,19,月,さやいんげん,35100,長　野,20,1069,1549,,
7394,2024,8,19,月,さやえんどう,35200,,,2964,2601,77.2,100
7395,2024,8,19,月,さやえんどう,35200,北海道,1,2018,3208,,
7396,2024,8,19,月,　　うち輸入,35201,,,946,1305,135.9,126.8
7397,2024,8,19,月,えだまめ,35500,,,79257,1174,60.3,99.9
7398,2024,8,19,月,えだまめ,35500,山　形,6,20115,1348,,
7399,2024,8,19,月,えだまめ,35500,秋　田,5,18944,919,,
7400,2024,8,19,月,えだまめ,35500,群　馬,10,18199,1519,,
7401,2024,8,19,月,えだまめ,35500,新　潟,15,5800,1209,,
7402,2024,8,19,月,えだまめ,35500,北海道,1,3045,636,,
7403,2024,8,19,月,かんしょ,36100,,,184244,317,92.6,103.9
7404,2024,8,19,月,かんしょ,36100,茨　城,8,73938,282,,
7405,2024,8,19,月,かんしょ,36100,徳　島,36,58769,355,,
7406,2024,8,19,月,かんしょ,36100,千　葉,12,25795,330,,
7407,2024,8,19,月,ばれいしょ,36200,,,658087,237,60.8,94.8
7408,2024,8,19,月,ばれいしょ,36200,北海道,1,605809,232,,
7409,2024,8,19,月,さといも,36300,,,12375,513,75,109.6
7410,2024,8,19,月,さといも,36300,宮　崎,45,5859,494,,
7411,2024,8,19,月,さといも,36300,千　葉,12,4232,469,,
7412,2024,8,19,月,やまのいも,36500,,,114651,408,77.4,100.2
7413,2024,8,19,月,やまのいも,36500,北海道,1,61276,389,,
7414,2024,8,19,月,やまのいも,36500,青　森,2,34379,428,,
7415,2024,8,19,月,たまねぎ,36610,,,1844850,139,89,100
7416,2024,8,19,月,たまねぎ,36610,北海道,1,1621763,134,,
7417,2024,8,19,月,　　うち輸入,36620,,,54241,139,108.7,95.9
7418,2024,8,19,月,にんにく,36700,,,19919,1314,127.2,119.7
7419,2024,8,19,月,にんにく,36700,青　森,2,9021,1978,,
7420,2024,8,19,月,にんにく,36700,香　川,37,1994,1433,,
7421,2024,8,19,月,にんにく,36700,大　分,44,520,1296,,
7422,2024,8,19,月,にんにく,36700,愛　知,23,120,108,,
7423,2024,8,19,月,にんにく,36700,宮　城,4,100,1523,,
7424,2024,8,19,月,　　うち輸入,36701,,,8023,563,96.9,107
7425,2024,8,19,月,しょうが,37200,,,38998,632,92,93.5
7426,2024,8,19,月,しょうが,37200,高　知,39,15390,665,,
7427,2024,8,19,月,しょうが,37200,和歌山,30,8948,586,,
7428,2024,8,19,月,しょうが,37200,長　崎,42,4892,558,,
7429,2024,8,19,月,しょうが,37200,千　葉,12,1894,888,,
7430,2024,8,19,月,しょうが,37200,熊　本,43,1383,688,,
7431,2024,8,19,月,　　うち輸入,37201,,,4524,530,121.2,101.3
7432,2024,8,19,月,生しいたけ,38100,,,53018,935,57.6,97.3
7433,2024,8,19,月,生しいたけ,38100,徳　島,36,10475,882,,
7434,2024,8,19,月,生しいたけ,38100,秋　田,5,8100,1155,,
7435,2024,8,19,月,生しいたけ,38100,長　崎,42,4784,800,,
7436,2024,8,19,月,生しいたけ,38100,大　分,44,3294,734,,
7437,2024,8,19,月,生しいたけ,38100,福　島,7,3213,761,,
7438,2024,8,19,月,　　うち輸入,38101,,,750,700,35.6,87.1
7439,2024,8,19,月,なめこ,38300,,,22761,422,67.2,98.4
7440,2024,8,19,月,なめこ,38300,長　野,20,6268,415,,
7441,2024,8,19,月,なめこ,38300,山　形,6,2886,465,,
7442,2024,8,19,月,なめこ,38300,新　潟,15,2554,263,,
7443,2024,8,19,月,なめこ,38300,三　重,24,2243,557,,
7444,2024,8,19,月,なめこ,38300,宮　城,4,1835,457,,
7445,2024,8,19,月,えのきだけ,38400,,,103719,236,58.5,102.6
7446,2024,8,19,月,えのきだけ,38400,長　野,20,64672,241,,
7447,2024,8,19,月,えのきだけ,38400,新　潟,15,14201,192,,
7448,2024,8,19,月,えのきだけ,38400,福　岡,40,6616,278,,
7449,2024,8,19,月,しめじ,38500,,,65938,385,59.6,101.9
7450,2024,8,19,月,しめじ,38500,長　野,20,42736,347,,
7451,2024,8,19,月,しめじ,38500,福　岡,40,9895,409,,
7452,2024,8,19,月,しめじ,38500,茨　城,8,4606,265,,
7453,2024,8,19,月,その他の野菜,39000,,,415086,892,57.2,109.6
7454,2024,8,19,月,輸入野菜計,39100,,,125574,523,102.5,106.3
7455,2024,8,19,月,他の輸入野菜,39200,,,57058,865,105.9,107.5
7456,2024,8,26,月,野菜総計,30000,,,16037222,281,119,103.3
7457,2024,8,26,月,野菜総計,30000,北海道,1,6360766,224,,
7458,2024,8,26,月,野菜総計,30000,長　野,20,2925667,183,,
7459,2024,8,26,月,野菜総計,30000,群　馬,10,2015385,162,,
7460,2024,8,26,月,野菜総計,30000,岩　手,3,594005,318,,
7461,2024,8,26,月,野菜総計,30000,青　森,2,583768,345,,
7462,2024,8,26,月,野菜総計,30000,福　島,7,478388,466,,
7463,2024,8,26,月,野菜総計,30000,茨　城,8,452661,408,,
7464,2024,8,26,月,だいこん,30100,,,911415,145,114.7,100
7465,2024,8,26,月,だいこん,30100,北海道,1,530770,146,,
7466,2024,8,26,月,だいこん,30100,青　森,2,255097,141,,
7467,2024,8,26,月,かぶ,30200,,,24624,221,103.7,110.5
7468,2024,8,26,月,かぶ,30200,青　森,2,11310,296,,
7469,2024,8,26,月,かぶ,30200,千　葉,12,9759,159,,
7470,2024,8,26,月,にんじん,30300,,,1020304,119,105.4,107.2
7471,2024,8,26,月,にんじん,30300,北海道,1,996828,119,,
7472,2024,8,26,月,ごぼう,30400,,,52394,367,97,102.2
7473,2024,8,26,月,ごぼう,30400,群　馬,10,15064,258,,
7474,2024,8,26,月,ごぼう,30400,鹿児島,46,12790,535,,
7475,2024,8,26,月,ごぼう,30400,宮　崎,45,8260,398,,
7476,2024,8,26,月,ごぼう,30400,青　森,2,4732,423,,
7477,2024,8,26,月,ごぼう,30400,北海道,1,4344,281,,
7478,2024,8,26,月,たけのこ,30500,,,16,668,－,－
7479,2024,8,26,月,たけのこ,30500,鹿児島,46,16,668,,
7480,2024,8,26,月,れんこん,30600,,,76671,367,100.7,97.9
7481,2024,8,26,月,れんこん,30600,茨　城,8,48337,349,,
7482,2024,8,26,月,れんこん,30600,愛　知,23,9099,388,,
7483,2024,8,26,月,れんこん,30600,佐　賀,41,8391,328,,
7484,2024,8,26,月,はくさい,31100,,,1189641,92,121.5,100
7485,2024,8,26,月,はくさい,31100,長　野,20,1157975,92,,
7486,2024,8,26,月,みずな,31300,,,33501,464,98.9,101.1
7487,2024,8,26,月,みずな,31300,茨　城,8,23861,446,,
7488,2024,8,26,月,みずな,31300,福　岡,40,5256,433,,
7489,2024,8,26,月,こまつな,31500,,,125164,402,108,106.6
7490,2024,8,26,月,こまつな,31500,茨　城,8,55080,406,,
7491,2024,8,26,月,こまつな,31500,福　岡,40,26084,368,,
7492,2024,8,26,月,こまつな,31500,群　馬,10,18148,365,,
7493,2024,8,26,月,こまつな,31500,北海道,1,5944,449,,
7494,2024,8,26,月,その他の菜類,31550,,,687,759,80.4,112.9
7495,2024,8,26,月,ちんげんさい,31560,,,24153,509,90.5,107.2
7496,2024,8,26,月,ちんげんさい,31560,茨　城,8,7437,514,,
7497,2024,8,26,月,ちんげんさい,31560,静　岡,22,4662,578,,
7498,2024,8,26,月,ちんげんさい,31560,福　岡,40,2754,465,,
7499,2024,8,26,月,ちんげんさい,31560,埼　玉,11,1824,436,,
7500,2024,8,26,月,ちんげんさい,31560,長　野,20,1687,361,,
7501,2024,8,26,月,キャベツ,31700,,,2110737,90,108.4,100
7502,2024,8,26,月,キャベツ,31700,群　馬,10,1533867,89,,
7503,2024,8,26,月,キャベツ,31700,長　野,20,270747,92,,
7504,2024,8,26,月,ほうれんそう,31800,,,68886,1042,122.2,101.4
7505,2024,8,26,月,ほうれんそう,31800,岐　阜,21,30564,1054,,
7506,2024,8,26,月,ほうれんそう,31800,群　馬,10,17711,991,,
7507,2024,8,26,月,ほうれんそう,31800,栃　木,9,9522,1097,,
7508,2024,8,26,月,ねぎ,31900,,,466507,480,120.1,96
7509,2024,8,26,月,ねぎ,31900,北海道,1,149275,423,,
7510,2024,8,26,月,ねぎ,31900,秋　田,5,107340,379,,
7511,2024,8,26,月,ねぎ,31900,青　森,2,43569,390,,
7512,2024,8,26,月,ねぎ,31900,茨　城,8,35544,384,,
7513,2024,8,26,月,ねぎ,31900,長　野,20,26782,368,,
7514,2024,8,26,月,うど,32400,,,156,724,84.8,92
7515,2024,8,26,月,うど,32400,栃　木,9,120,824,,
7516,2024,8,26,月,うど,32400,茨　城,8,36,390,,
7517,2024,8,26,月,みつば,32500,,,9163,1182,94.7,100.8
7518,2024,8,26,月,みつば,32500,大　分,44,1726,897,,
7519,2024,8,26,月,みつば,32500,愛　知,23,1303,1374,,
7520,2024,8,26,月,みつば,32500,千　葉,12,1300,1257,,
7521,2024,8,26,月,みつば,32500,静　岡,22,1080,1196,,
7522,2024,8,26,月,みつば,32500,三　重,24,912,1268,,
7523,2024,8,26,月,しゅんぎく,32600,,,3122,1908,115.9,101.4
7524,2024,8,26,月,しゅんぎく,32600,岐　阜,21,679,2208,,
7525,2024,8,26,月,しゅんぎく,32600,岩　手,3,600,2092,,
7526,2024,8,26,月,しゅんぎく,32600,北海道,1,461,1940,,
7527,2024,8,26,月,しゅんぎく,32600,福　岡,40,281,1755,,
7528,2024,8,26,月,しゅんぎく,32600,群　馬,10,192,2216,,
7529,2024,8,26,月,にら,32800,,,67095,809,104.8,93.5
7530,2024,8,26,月,にら,32800,高　知,39,17186,830,,
7531,2024,8,26,月,にら,32800,茨　城,8,10596,811,,
7532,2024,8,26,月,にら,32800,栃　木,9,7634,925,,
7533,2024,8,26,月,にら,32800,山　形,6,6212,901,,
7534,2024,8,26,月,にら,32800,大　分,44,6075,809,,
7535,2024,8,26,月,セルリー,32900,,,42785,309,77.2,102.3
7536,2024,8,26,月,セルリー,32900,長　野,20,39674,307,,
7537,2024,8,26,月,アスパラガス,33100,,,58477,1036,144.4,97.5
7538,2024,8,26,月,アスパラガス,33100,栃　木,9,11868,990,,
7539,2024,8,26,月,アスパラガス,33100,佐　賀,41,7928,1077,,
7540,2024,8,26,月,アスパラガス,33100,長　崎,42,7273,986,,
7541,2024,8,26,月,アスパラガス,33100,熊　本,43,7134,1050,,
7542,2024,8,26,月,アスパラガス,33100,福　岡,40,6077,962,,
7543,2024,8,26,月,　　うち輸入,33101,,,25,1944,166.7,96.4
7544,2024,8,26,月,カリフラワー,33200,,,14217,326,101.9,97.9
7545,2024,8,26,月,カリフラワー,33200,長　野,20,14066,325,,
7546,2024,8,26,月,ブロッコリー,33300,,,215042,501,105,107.1
7547,2024,8,26,月,ブロッコリー,33300,北海道,1,149414,481,,
7548,2024,8,26,月,ブロッコリー,33300,長　野,20,65153,546,,
7549,2024,8,26,月,レタス,33400,,,1224445,200,126.8,107.5
7550,2024,8,26,月,レタス,33400,長　野,20,1045166,203,,
7551,2024,8,26,月,パセリ,33600,,,2836,2536,74,98.8
7552,2024,8,26,月,パセリ,33600,長　野,20,1929,2169,,
7553,2024,8,26,月,パセリ,33600,北海道,1,233,2281,,
7554,2024,8,26,月,パセリ,33600,千　葉,12,201,2027,,
7555,2024,8,26,月,きゅうり,34100,,,1041436,401,163.5,101
7556,2024,8,26,月,きゅうり,34100,福　島,7,306537,438,,
7557,2024,8,26,月,きゅうり,34100,岩　手,3,154465,374,,
7558,2024,8,26,月,きゅうり,34100,北海道,1,117266,394,,
7559,2024,8,26,月,きゅうり,34100,秋　田,5,73590,356,,
7560,2024,8,26,月,きゅうり,34100,長　野,20,72305,407,,
7561,2024,8,26,月,かぼちゃ,34200,,,395013,244,138.5,96.1
7562,2024,8,26,月,かぼちゃ,34200,北海道,1,333011,210,,
7563,2024,8,26,月,　　うち輸入,34201,,,0,…,…,…
7564,2024,8,26,月,なす,34300,,,447528,388,139.2,103.2
7565,2024,8,26,月,なす,34300,群　馬,10,126080,397,,
7566,2024,8,26,月,なす,34300,栃　木,9,61098,409,,
7567,2024,8,26,月,なす,34300,茨　城,8,57010,299,,
7568,2024,8,26,月,なす,34300,山　梨,19,38098,396,,
7569,2024,8,26,月,なす,34300,徳　島,36,30028,424,,
7570,2024,8,26,月,トマト,34400,,,1038855,483,147.6,104.8
7571,2024,8,26,月,トマト,34400,北海道,1,344124,454,,
7572,2024,8,26,月,トマト,34400,岐　阜,21,249159,518,,
7573,2024,8,26,月,トマト,34400,熊　本,43,100105,466,,
7574,2024,8,26,月,トマト,34400,福　島,7,94512,479,,
7575,2024,8,26,月,トマト,34400,群　馬,10,63569,499,,
7576,2024,8,26,月,ミニトマト,34450,,,298774,805,130.5,102.2
7577,2024,8,26,月,ミニトマト,34450,北海道,1,196453,770,,
7578,2024,8,26,月,ミニトマト,34450,青　森,2,20988,913,,
7579,2024,8,26,月,ミニトマト,34450,茨　城,8,20362,769,,
7580,2024,8,26,月,ミニトマト,34450,福　島,7,10421,972,,
7581,2024,8,26,月,ピーマン,34500,,,345848,513,133.2,97.3
7582,2024,8,26,月,ピーマン,34500,岩　手,3,157421,454,,
7583,2024,8,26,月,ピーマン,34500,青　森,2,50614,429,,
7584,2024,8,26,月,ピーマン,34500,北海道,1,27251,504,,
7585,2024,8,26,月,ピーマン,34500,福　島,7,26626,565,,
7586,2024,8,26,月,ピーマン,34500,茨　城,8,24699,618,,
7587,2024,8,26,月,ししとうがらし,34600,,,10227,2238,94.3,113.3
7588,2024,8,26,月,ししとうがらし,34600,高　知,39,3084,3112,,
7589,2024,8,26,月,ししとうがらし,34600,京　都,26,2935,1611,,
7590,2024,8,26,月,ししとうがらし,34600,千　葉,12,1768,2684,,
7591,2024,8,26,月,ししとうがらし,34600,北海道,1,501,1041,,
7592,2024,8,26,月,スイートコーン,34700,,,361572,256,134.4,97.7
7593,2024,8,26,月,スイートコーン,34700,北海道,1,326365,257,,
7594,2024,8,26,月,さやいんげん,35100,,,10159,1643,128.5,100.9
7595,2024,8,26,月,さやいんげん,35100,福　島,7,3480,1503,,
7596,2024,8,26,月,さやいんげん,35100,群　馬,10,2597,1364,,
7597,2024,8,26,月,さやいんげん,35100,北海道,1,1199,2836,,
7598,2024,8,26,月,さやいんげん,35100,青　森,2,1014,1498,,
7599,2024,8,26,月,さやえんどう,35200,,,2203,2581,110.3,95.2
7600,2024,8,26,月,さやえんどう,35200,北海道,1,1211,3643,,
7601,2024,8,26,月,さやえんどう,35200,青　森,2,4,4185,,
7602,2024,8,26,月,さやえんどう,35200,鹿児島,46,0,…,,
7603,2024,8,26,月,　　うち輸入,35201,,,988,1271,132.3,105.7
7604,2024,8,26,月,えだまめ,35500,,,70178,1126,129.9,103.8
7605,2024,8,26,月,えだまめ,35500,群　馬,10,19316,1299,,
7606,2024,8,26,月,えだまめ,35500,山　形,6,17144,1296,,
7607,2024,8,26,月,えだまめ,35500,秋　田,5,15523,923,,
7608,2024,8,26,月,えだまめ,35500,新　潟,15,3671,1172,,
7609,2024,8,26,月,えだまめ,35500,青　森,2,3506,1015,,
7610,2024,8,26,月,かんしょ,36100,,,282420,298,118.9,98.3
7611,2024,8,26,月,かんしょ,36100,茨　城,8,124948,262,,
7612,2024,8,26,月,かんしょ,36100,徳　島,36,69690,363,,
7613,2024,8,26,月,かんしょ,36100,千　葉,12,51165,297,,
7614,2024,8,26,月,ばれいしょ,36200,,,1135451,221,121.6,100.9
7615,2024,8,26,月,ばれいしょ,36200,北海道,1,1095089,219,,
7616,2024,8,26,月,さといも,36300,,,32398,438,91.7,97.3
7617,2024,8,26,月,さといも,36300,千　葉,12,19218,378,,
7618,2024,8,26,月,さといも,36300,宮　崎,45,9938,454,,
7619,2024,8,26,月,やまのいも,36500,,,175232,426,99.6,106
7620,2024,8,26,月,やまのいも,36500,北海道,1,89830,397,,
7621,2024,8,26,月,やまのいも,36500,青　森,2,75406,432,,
7622,2024,8,26,月,たまねぎ,36610,,,1923899,136,109.1,100
7623,2024,8,26,月,たまねぎ,36610,北海道,1,1795565,132,,
7624,2024,8,26,月,　　うち輸入,36620,,,26456,123,63,97.6
7625,2024,8,26,月,にんにく,36700,,,22768,1389,98.4,100.9
7626,2024,8,26,月,にんにく,36700,青　森,2,13701,1910,,
7627,2024,8,26,月,にんにく,36700,兵　庫,28,723,833,,
7628,2024,8,26,月,にんにく,36700,宮　城,4,130,1105,,
7629,2024,8,26,月,にんにく,36700,大　分,44,104,1080,,
7630,2024,8,26,月,にんにく,36700,香　川,37,52,1806,,
7631,2024,8,26,月,　　うち輸入,36701,,,7829,544,112,101.7
7632,2024,8,26,月,しょうが,37200,,,40040,638,99.9,99.2
7633,2024,8,26,月,しょうが,37200,高　知,39,16661,669,,
7634,2024,8,26,月,しょうが,37200,和歌山,30,7776,582,,
7635,2024,8,26,月,しょうが,37200,長　崎,42,5684,602,,
7636,2024,8,26,月,しょうが,37200,熊　本,43,2718,719,,
7637,2024,8,26,月,　　うち輸入,37201,,,3465,514,103,97.3
7638,2024,8,26,月,生しいたけ,38100,,,53380,965,107,98.2
7639,2024,8,26,月,生しいたけ,38100,徳　島,36,10524,990,,
7640,2024,8,26,月,生しいたけ,38100,秋　田,5,9313,1147,,
7641,2024,8,26,月,生しいたけ,38100,長　崎,42,6006,804,,
7642,2024,8,26,月,生しいたけ,38100,岩　手,3,3236,992,,
7643,2024,8,26,月,生しいたけ,38100,福　島,7,3186,834,,
7644,2024,8,26,月,　　うち輸入,38101,,,963,762,76.4,97.2
7645,2024,8,26,月,なめこ,38300,,,21908,472,91,103.5
7646,2024,8,26,月,なめこ,38300,長　野,20,7470,444,,
7647,2024,8,26,月,なめこ,38300,山　形,6,3457,491,,
7648,2024,8,26,月,なめこ,38300,三　重,24,2509,547,,
7649,2024,8,26,月,なめこ,38300,宮　城,4,1537,459,,
7650,2024,8,26,月,なめこ,38300,北海道,1,1278,396,,
7651,2024,8,26,月,えのきだけ,38400,,,122961,258,108.6,104.5
7652,2024,8,26,月,えのきだけ,38400,長　野,20,81802,269,,
7653,2024,8,26,月,えのきだけ,38400,新　潟,15,16088,216,,
7654,2024,8,26,月,えのきだけ,38400,福　岡,40,6611,249,,
7655,2024,8,26,月,しめじ,38500,,,73197,400,91.8,100.3
7656,2024,8,26,月,しめじ,38500,長　野,20,47932,361,,
7657,2024,8,26,月,しめじ,38500,福　岡,40,7901,393,,
7658,2024,8,26,月,しめじ,38500,新　潟,15,5121,541,,
7659,2024,8,26,月,その他の野菜,39000,,,389796,854,98.4,99.9
7660,2024,8,26,月,輸入野菜計,39100,,,88384,622,84.8,115.2
7661,2024,8,26,月,他の輸入野菜,39200,,,48659,896,97.7,102.4
7662,2024,9,2,月,野菜総計,30000,,,15119386,281,122.2,103.3
7663,2024,9,2,月,野菜総計,30000,北海道,1,6335629,211,,
7664,2024,9,2,月,野菜総計,30000,長　野,20,2698746,194,,
7665,2024,9,2,月,野菜総計,30000,群　馬,10,1963064,157,,
7666,2024,9,2,月,野菜総計,30000,青　森,2,483349,397,,
7667,2024,9,2,月,野菜総計,30000,茨　城,8,469290,428,,
7668,2024,9,2,月,野菜総計,30000,岩　手,3,466735,352,,
7669,2024,9,2,月,野菜総計,30000,福　島,7,391361,510,,
7670,2024,9,2,月,だいこん,30100,,,881586,152,109.4,98.7
7671,2024,9,2,月,だいこん,30100,北海道,1,596209,157,,
7672,2024,9,2,月,だいこん,30100,青　森,2,167635,137,,
7673,2024,9,2,月,かぶ,30200,,,29969,218,124,99.1
7674,2024,9,2,月,かぶ,30200,青　森,2,14084,280,,
7675,2024,9,2,月,かぶ,30200,千　葉,12,7013,159,,
7676,2024,9,2,月,かぶ,30200,北海道,1,4483,198,,
7677,2024,9,2,月,にんじん,30300,,,822005,134,117.3,104.7
7678,2024,9,2,月,にんじん,30300,北海道,1,811223,133,,
7679,2024,9,2,月,ごぼう,30400,,,75414,345,185.3,104.2
7680,2024,9,2,月,ごぼう,30400,青　森,2,22508,294,,
7681,2024,9,2,月,ごぼう,30400,鹿児島,46,16092,512,,
7682,2024,9,2,月,ごぼう,30400,茨　城,8,12054,256,,
7683,2024,9,2,月,ごぼう,30400,群　馬,10,8505,321,,
7684,2024,9,2,月,ごぼう,30400,宮　崎,45,8043,435,,
7685,2024,9,2,月,れんこん,30600,,,82332,353,128.9,100.3
7686,2024,9,2,月,れんこん,30600,茨　城,8,54167,325,,
7687,2024,9,2,月,れんこん,30600,佐　賀,41,12926,339,,
7688,2024,9,2,月,はくさい,31100,,,1193888,97,104.3,100
7689,2024,9,2,月,はくさい,31100,長　野,20,1126441,97,,
7690,2024,9,2,月,みずな,31300,,,34700,489,114.9,101
7691,2024,9,2,月,みずな,31300,茨　城,8,23894,464,,
7692,2024,9,2,月,みずな,31300,福　岡,40,5827,474,,
7693,2024,9,2,月,こまつな,31500,,,135952,466,125,101.7
7694,2024,9,2,月,こまつな,31500,茨　城,8,55720,472,,
7695,2024,9,2,月,こまつな,31500,福　岡,40,29984,409,,
7696,2024,9,2,月,こまつな,31500,群　馬,10,21603,443,,
7697,2024,9,2,月,こまつな,31500,北海道,1,5096,599,,
7698,2024,9,2,月,その他の菜類,31550,,,673,668,74.9,107.6
7699,2024,9,2,月,ちんげんさい,31560,,,27214,569,116.1,102.3
7700,2024,9,2,月,ちんげんさい,31560,茨　城,8,9287,589,,
7701,2024,9,2,月,ちんげんさい,31560,静　岡,22,4875,652,,
7702,2024,9,2,月,ちんげんさい,31560,長　野,20,3759,430,,
7703,2024,9,2,月,ちんげんさい,31560,福　岡,40,2216,530,,
7704,2024,9,2,月,ちんげんさい,31560,愛　知,23,1770,544,,
7705,2024,9,2,月,キャベツ,31700,,,2177746,92,117.8,100
7706,2024,9,2,月,キャベツ,31700,群　馬,10,1562039,90,,
7707,2024,9,2,月,キャベツ,31700,長　野,20,310649,93,,
7708,2024,9,2,月,ほうれんそう,31800,,,68582,1006,117.9,98.1
7709,2024,9,2,月,ほうれんそう,31800,岐　阜,21,29391,975,,
7710,2024,9,2,月,ほうれんそう,31800,群　馬,10,18969,937,,
7711,2024,9,2,月,ほうれんそう,31800,栃　木,9,7993,1155,,
7712,2024,9,2,月,ねぎ,31900,,,409431,506,123.5,106.5
7713,2024,9,2,月,ねぎ,31900,北海道,1,147780,429,,
7714,2024,9,2,月,ねぎ,31900,秋　田,5,96496,383,,
7715,2024,9,2,月,ねぎ,31900,青　森,2,47317,396,,
7716,2024,9,2,月,ねぎ,31900,長　野,20,17637,417,,
7717,2024,9,2,月,ねぎ,31900,茨　城,8,17287,451,,
7718,2024,9,2,月,うど,32400,,,184,667,143.8,83.4
7719,2024,9,2,月,うど,32400,栃　木,9,120,760,,
7720,2024,9,2,月,うど,32400,茨　城,8,64,493,,
7721,2024,9,2,月,みつば,32500,,,8433,1157,102.3,99.8
7722,2024,9,2,月,みつば,32500,大　分,44,1459,814,,
7723,2024,9,2,月,みつば,32500,愛　知,23,1452,1365,,
7724,2024,9,2,月,みつば,32500,静　岡,22,1297,1183,,
7725,2024,9,2,月,みつば,32500,千　葉,12,1055,1258,,
7726,2024,9,2,月,みつば,32500,茨　城,8,913,1077,,
7727,2024,9,2,月,しゅんぎく,32600,,,2594,1983,104.6,102.7
7728,2024,9,2,月,しゅんぎく,32600,岐　阜,21,606,2057,,
7729,2024,9,2,月,しゅんぎく,32600,岩　手,3,525,2134,,
7730,2024,9,2,月,しゅんぎく,32600,北海道,1,449,2022,,
7731,2024,9,2,月,しゅんぎく,32600,福　岡,40,241,1694,,
7732,2024,9,2,月,しゅんぎく,32600,群　馬,10,240,2007,,
7733,2024,9,2,月,にら,32800,,,55226,864,88.5,104
7734,2024,9,2,月,にら,32800,高　知,39,10257,919,,
7735,2024,9,2,月,にら,32800,山　形,6,8680,785,,
7736,2024,9,2,月,にら,32800,茨　城,8,8314,733,,
7737,2024,9,2,月,にら,32800,北海道,1,7028,986,,
7738,2024,9,2,月,にら,32800,大　分,44,6970,920,,
7739,2024,9,2,月,セルリー,32900,,,44774,309,90.3,97.8
7740,2024,9,2,月,セルリー,32900,長　野,20,40325,312,,
7741,2024,9,2,月,アスパラガス,33100,,,56127,1079,184.8,96.9
7742,2024,9,2,月,アスパラガス,33100,栃　木,9,11729,1068,,
7743,2024,9,2,月,アスパラガス,33100,佐　賀,41,8014,1097,,
7744,2024,9,2,月,アスパラガス,33100,長　崎,42,7427,920,,
7745,2024,9,2,月,アスパラガス,33100,福　岡,40,7230,994,,
7746,2024,9,2,月,アスパラガス,33100,熊　本,43,3995,1040,,
7747,2024,9,2,月,　　うち輸入,33101,,,1075,2326,169.8,98.7
7748,2024,9,2,月,カリフラワー,33200,,,11138,376,107.8,106.2
7749,2024,9,2,月,カリフラワー,33200,長　野,20,10950,376,,
7750,2024,9,2,月,ブロッコリー,33300,,,151215,607,85.4,117.2
7751,2024,9,2,月,ブロッコリー,33300,北海道,1,104772,574,,
7752,2024,9,2,月,ブロッコリー,33300,長　野,20,46388,679,,
7753,2024,9,2,月,レタス,33400,,,1074933,233,107.5,105.9
7754,2024,9,2,月,レタス,33400,長　野,20,917819,240,,
7755,2024,9,2,月,パセリ,33600,,,2259,2828,71.3,101.2
7756,2024,9,2,月,パセリ,33600,長　野,20,1577,2487,,
7757,2024,9,2,月,パセリ,33600,北海道,1,204,2534,,
7758,2024,9,2,月,パセリ,33600,千　葉,12,124,2253,,
7759,2024,9,2,月,きゅうり,34100,,,826187,433,153.1,102.4
7760,2024,9,2,月,きゅうり,34100,福　島,7,235234,471,,
7761,2024,9,2,月,きゅうり,34100,北海道,1,111840,425,,
7762,2024,9,2,月,きゅうり,34100,岩　手,3,93355,393,,
7763,2024,9,2,月,きゅうり,34100,宮　城,4,52601,414,,
7764,2024,9,2,月,きゅうり,34100,秋　田,5,51358,375,,
7765,2024,9,2,月,かぼちゃ,34200,,,374934,238,122.8,104.4
7766,2024,9,2,月,かぼちゃ,34200,北海道,1,328337,211,,
7767,2024,9,2,月,　　うち輸入,34201,,,50,324,－,－
7768,2024,9,2,月,なす,34300,,,322525,389,132.1,102.6
7769,2024,9,2,月,なす,34300,群　馬,10,88768,391,,
7770,2024,9,2,月,なす,34300,栃　木,9,52233,402,,
7771,2024,9,2,月,なす,34300,茨　城,8,47608,292,,
7772,2024,9,2,月,なす,34300,山　梨,19,18026,406,,
7773,2024,9,2,月,なす,34300,徳　島,36,15738,413,,
7774,2024,9,2,月,トマト,34400,,,841403,560,128.6,102.4
7775,2024,9,2,月,トマト,34400,北海道,1,200968,553,,
7776,2024,9,2,月,トマト,34400,岐　阜,21,180753,598,,
7777,2024,9,2,月,トマト,34400,熊　本,43,110247,458,,
7778,2024,9,2,月,トマト,34400,福　島,7,78227,608,,
7779,2024,9,2,月,トマト,34400,群　馬,10,61176,582,,
7780,2024,9,2,月,ミニトマト,34450,,,221937,908,113.3,109
7781,2024,9,2,月,ミニトマト,34450,北海道,1,120532,867,,
7782,2024,9,2,月,ミニトマト,34450,茨　城,8,29324,830,,
7783,2024,9,2,月,ミニトマト,34450,青　森,2,14455,1089,,
7784,2024,9,2,月,ミニトマト,34450,千　葉,12,7580,930,,
7785,2024,9,2,月,ミニトマト,34450,福　島,7,6775,1044,,
7786,2024,9,2,月,ピーマン,34500,,,347791,562,154.1,100.2
7787,2024,9,2,月,ピーマン,34500,岩　手,3,160132,494,,
7788,2024,9,2,月,ピーマン,34500,青　森,2,46902,487,,
7789,2024,9,2,月,ピーマン,34500,茨　城,8,37285,657,,
7790,2024,9,2,月,ピーマン,34500,北海道,1,32042,583,,
7791,2024,9,2,月,ピーマン,34500,福　島,7,28574,594,,
7792,2024,9,2,月,ししとうがらし,34600,,,9044,2079,102.6,95.7
7793,2024,9,2,月,ししとうがらし,34600,京　都,26,2704,1226,,
7794,2024,9,2,月,ししとうがらし,34600,高　知,39,1794,3205,,
7795,2024,9,2,月,ししとうがらし,34600,千　葉,12,1722,2888,,
7796,2024,9,2,月,ししとうがらし,34600,北海道,1,867,888,,
7797,2024,9,2,月,ししとうがらし,34600,山　形,6,436,3335,,
7798,2024,9,2,月,スイートコーン,34700,,,227946,253,108.8,101.6
7799,2024,9,2,月,スイートコーン,34700,北海道,1,210857,252,,
7800,2024,9,2,月,さやいんげん,35100,,,9222,1833,148.6,101.9
7801,2024,9,2,月,さやいんげん,35100,福　島,7,2647,1525,,
7802,2024,9,2,月,さやいんげん,35100,群　馬,10,1985,1579,,
7803,2024,9,2,月,さやいんげん,35100,北海道,1,1471,2814,,
7804,2024,9,2,月,さやいんげん,35100,青　森,2,1032,1687,,
7805,2024,9,2,月,さやいんげん,35100,岩　手,3,674,1682,,
7806,2024,9,2,月,さやえんどう,35200,,,1883,2803,100.1,140.5
7807,2024,9,2,月,さやえんどう,35200,北海道,1,1116,4041,,
7808,2024,9,2,月,さやえんどう,35200,岩　手,3,6,4284,,
7809,2024,9,2,月,さやえんどう,35200,長　野,20,4,4860,,
7810,2024,9,2,月,　　うち輸入,35201,,,757,956,78.5,118.9
7811,2024,9,2,月,えだまめ,35500,,,71358,940,143.3,92.2
7812,2024,9,2,月,えだまめ,35500,秋　田,5,22405,749,,
7813,2024,9,2,月,えだまめ,35500,山　形,6,17760,1113,,
7814,2024,9,2,月,えだまめ,35500,群　馬,10,17600,1094,,
7815,2024,9,2,月,かんしょ,36100,,,278267,281,110.5,106.4
7816,2024,9,2,月,かんしょ,36100,茨　城,8,122822,244,,
7817,2024,9,2,月,かんしょ,36100,千　葉,12,72535,286,,
7818,2024,9,2,月,かんしょ,36100,徳　島,36,51865,327,,
7819,2024,9,2,月,ばれいしょ,36200,,,1113816,206,123.2,103.5
7820,2024,9,2,月,ばれいしょ,36200,北海道,1,1084495,204,,
7821,2024,9,2,月,さといも,36300,,,21355,475,94.7,131.2
7822,2024,9,2,月,さといも,36300,千　葉,12,10987,351,,
7823,2024,9,2,月,さといも,36300,宮　崎,45,6160,463,,
7824,2024,9,2,月,やまのいも,36500,,,173274,423,149,97.2
7825,2024,9,2,月,やまのいも,36500,北海道,1,102109,399,,
7826,2024,9,2,月,やまのいも,36500,青　森,2,62732,441,,
7827,2024,9,2,月,たまねぎ,36610,,,2309579,127,152.2,96.9
7828,2024,9,2,月,たまねぎ,36610,北海道,1,2219063,126,,
7829,2024,9,2,月,　　うち輸入,36620,,,26628,115,65.7,109.5
7830,2024,9,2,月,にんにく,36700,,,25975,1563,170.2,137.2
7831,2024,9,2,月,にんにく,36700,青　森,2,19680,1833,,
7832,2024,9,2,月,にんにく,36700,北海道,1,765,1535,,
7833,2024,9,2,月,にんにく,36700,高　知,39,149,767,,
7834,2024,9,2,月,にんにく,36700,香　川,37,85,1572,,
7835,2024,9,2,月,にんにく,36700,佐　賀,41,59,1312,,
7836,2024,9,2,月,　　うち輸入,36701,,,5079,568,74.8,108.8
7837,2024,9,2,月,しょうが,37200,,,27553,635,89.4,96.7
7838,2024,9,2,月,しょうが,37200,高　知,39,10765,693,,
7839,2024,9,2,月,しょうが,37200,長　崎,42,6153,557,,
7840,2024,9,2,月,しょうが,37200,和歌山,30,3908,583,,
7841,2024,9,2,月,しょうが,37200,千　葉,12,1440,716,,
7842,2024,9,2,月,　　うち輸入,37201,,,2917,535,110.7,103.1
7843,2024,9,2,月,生しいたけ,38100,,,59326,960,158.5,99.6
7844,2024,9,2,月,生しいたけ,38100,徳　島,36,12347,900,,
7845,2024,9,2,月,生しいたけ,38100,秋　田,5,11258,1084,,
7846,2024,9,2,月,生しいたけ,38100,長　崎,42,6625,798,,
7847,2024,9,2,月,生しいたけ,38100,千　葉,12,2914,742,,
7848,2024,9,2,月,生しいたけ,38100,岩　手,3,2861,1038,,
7849,2024,9,2,月,　　うち輸入,38101,,,398,871,22.1,112.4
7850,2024,9,2,月,なめこ,38300,,,21478,473,90.6,100
7851,2024,9,2,月,なめこ,38300,長　野,20,6522,457,,
7852,2024,9,2,月,なめこ,38300,山　形,6,3820,450,,
7853,2024,9,2,月,なめこ,38300,三　重,24,2571,563,,
7854,2024,9,2,月,なめこ,38300,宮　城,4,1723,447,,
7855,2024,9,2,月,なめこ,38300,群　馬,10,1276,442,,
7856,2024,9,2,月,えのきだけ,38400,,,124120,305,107.6,111.7
7857,2024,9,2,月,えのきだけ,38400,長　野,20,75005,312,,
7858,2024,9,2,月,えのきだけ,38400,新　潟,15,16328,293,,
7859,2024,9,2,月,えのきだけ,38400,福　岡,40,9914,308,,
7860,2024,9,2,月,しめじ,38500,,,68906,435,82.3,96.5
7861,2024,9,2,月,しめじ,38500,長　野,20,43383,404,,
7862,2024,9,2,月,しめじ,38500,福　岡,40,12922,437,,
7863,2024,9,2,月,その他の野菜,39000,,,295205,930,104,102.6
7864,2024,9,2,月,輸入野菜計,39100,,,71459,669,75.3,170.7
7865,2024,9,2,月,他の輸入野菜,39200,,,34559,1063,83.2,181.4
7866,2024,9,9,月,野菜総計,30000,,,14845093,308,115.1,106.2
7867,2024,9,9,月,野菜総計,30000,北海道,1,5830531,224,,
7868,2024,9,9,月,野菜総計,30000,長　野,20,2695259,241,,
7869,2024,9,9,月,野菜総計,30000,群　馬,10,2051829,161,,
7870,2024,9,9,月,野菜総計,30000,茨　城,8,589392,486,,
7871,2024,9,9,月,野菜総計,30000,青　森,2,531133,407,,
7872,2024,9,9,月,野菜総計,30000,岩　手,3,477418,340,,
7873,2024,9,9,月,野菜総計,30000,福　島,7,346046,571,,
7874,2024,9,9,月,だいこん,30100,,,860757,148,102.1,103.5
7875,2024,9,9,月,だいこん,30100,北海道,1,528127,155,,
7876,2024,9,9,月,だいこん,30100,青　森,2,215987,136,,
7877,2024,9,9,月,かぶ,30200,,,30657,207,117.4,102.5
7878,2024,9,9,月,かぶ,30200,千　葉,12,12468,162,,
7879,2024,9,9,月,かぶ,30200,青　森,2,11533,299,,
7880,2024,9,9,月,かぶ,30200,埼　玉,11,5206,110,,
7881,2024,9,9,月,にんじん,30300,,,914527,153,105.9,107.7
7882,2024,9,9,月,にんじん,30300,北海道,1,880925,155,,
7883,2024,9,9,月,ごぼう,30400,,,80631,348,103.5,105.1
7884,2024,9,9,月,ごぼう,30400,青　森,2,26766,328,,
7885,2024,9,9,月,ごぼう,30400,鹿児島,46,15868,504,,
7886,2024,9,9,月,ごぼう,30400,北海道,1,15480,210,,
7887,2024,9,9,月,ごぼう,30400,宮　崎,45,11101,441,,
7888,2024,9,9,月,れんこん,30600,,,91618,381,88.3,102.4
7889,2024,9,9,月,れんこん,30600,茨　城,8,56538,359,,
7890,2024,9,9,月,れんこん,30600,佐　賀,41,13629,382,,
7891,2024,9,9,月,れんこん,30600,徳　島,36,8252,524,,
7892,2024,9,9,月,はくさい,31100,,,1170949,112,120.1,101.8
7893,2024,9,9,月,はくさい,31100,長　野,20,1121651,112,,
7894,2024,9,9,月,みずな,31300,,,33112,558,117.7,106.5
7895,2024,9,9,月,みずな,31300,茨　城,8,24800,504,,
7896,2024,9,9,月,みずな,31300,福　岡,40,3593,597,,
7897,2024,9,9,月,こまつな,31500,,,126269,526,110,107.3
7898,2024,9,9,月,こまつな,31500,茨　城,8,61876,518,,
7899,2024,9,9,月,こまつな,31500,群　馬,10,22781,479,,
7900,2024,9,9,月,こまつな,31500,福　岡,40,16616,494,,
7901,2024,9,9,月,その他の菜類,31550,,,871,669,81.9,100.6
7902,2024,9,9,月,ちんげんさい,31560,,,26871,635,114.5,101.6
7903,2024,9,9,月,ちんげんさい,31560,茨　城,8,11623,657,,
7904,2024,9,9,月,ちんげんさい,31560,長　野,20,4288,538,,
7905,2024,9,9,月,ちんげんさい,31560,静　岡,22,3417,642,,
7906,2024,9,9,月,ちんげんさい,31560,福　岡,40,2223,720,,
7907,2024,9,9,月,キャベツ,31700,,,2256446,90,117.9,98.9
7908,2024,9,9,月,キャベツ,31700,群　馬,10,1625861,89,,
7909,2024,9,9,月,キャベツ,31700,長　野,20,298938,88,,
7910,2024,9,9,月,ほうれんそう,31800,,,51229,1137,107.7,107.2
7911,2024,9,9,月,ほうれんそう,31800,岐　阜,21,22512,1049,,
7912,2024,9,9,月,ほうれんそう,31800,群　馬,10,10479,1146,,
7913,2024,9,9,月,ほうれんそう,31800,栃　木,9,7136,1311,,
7914,2024,9,9,月,ほうれんそう,31800,北海道,1,3233,1119,,
7915,2024,9,9,月,ねぎ,31900,,,477009,490,123.6,96.3
7916,2024,9,9,月,ねぎ,31900,北海道,1,181758,418,,
7917,2024,9,9,月,ねぎ,31900,秋　田,5,98746,422,,
7918,2024,9,9,月,ねぎ,31900,青　森,2,57959,447,,
7919,2024,9,9,月,ねぎ,31900,長　野,20,35012,415,,
7920,2024,9,9,月,ねぎ,31900,茨　城,8,18798,442,,
7921,2024,9,9,月,うど,32400,,,24,540,13.3,96.4
7922,2024,9,9,月,うど,32400,栃　木,9,24,540,,
7923,2024,9,9,月,みつば,32500,,,9014,1157,104.2,104.6
7924,2024,9,9,月,みつば,32500,三　重,24,1468,1336,,
7925,2024,9,9,月,みつば,32500,千　葉,12,1449,933,,
7926,2024,9,9,月,みつば,32500,愛　知,23,1442,1443,,
7927,2024,9,9,月,みつば,32500,大　分,44,1086,938,,
7928,2024,9,9,月,みつば,32500,静　岡,22,927,1025,,
7929,2024,9,9,月,しゅんぎく,32600,,,2701,1988,107.1,97.1
7930,2024,9,9,月,しゅんぎく,32600,福　岡,40,553,1582,,
7931,2024,9,9,月,しゅんぎく,32600,北海道,1,483,2016,,
7932,2024,9,9,月,しゅんぎく,32600,岐　阜,21,424,2204,,
7933,2024,9,9,月,しゅんぎく,32600,岩　手,3,420,2220,,
7934,2024,9,9,月,しゅんぎく,32600,群　馬,10,336,2172,,
7935,2024,9,9,月,にら,32800,,,63274,835,99.7,98.8
7936,2024,9,9,月,にら,32800,高　知,39,18543,791,,
7937,2024,9,9,月,にら,32800,茨　城,8,9633,812,,
7938,2024,9,9,月,にら,32800,山　形,6,9336,800,,
7939,2024,9,9,月,にら,32800,大　分,44,7005,801,,
7940,2024,9,9,月,にら,32800,北海道,1,6384,922,,
7941,2024,9,9,月,セルリー,32900,,,40731,301,69.6,104.5
7942,2024,9,9,月,セルリー,32900,長　野,20,37003,304,,
7943,2024,9,9,月,アスパラガス,33100,,,45811,1121,133.8,100.2
7944,2024,9,9,月,アスパラガス,33100,栃　木,9,9116,1101,,
7945,2024,9,9,月,アスパラガス,33100,佐　賀,41,6227,1120,,
7946,2024,9,9,月,アスパラガス,33100,長　崎,42,5298,976,,
7947,2024,9,9,月,アスパラガス,33100,熊　本,43,4409,1070,,
7948,2024,9,9,月,アスパラガス,33100,福　岡,40,4179,1040,,
7949,2024,9,9,月,　　うち輸入,33101,,,1868,1709,124.5,100.6
7950,2024,9,9,月,カリフラワー,33200,,,17324,441,139.4,100
7951,2024,9,9,月,カリフラワー,33200,長　野,20,16974,444,,
7952,2024,9,9,月,ブロッコリー,33300,,,211239,666,119.5,103.7
7953,2024,9,9,月,ブロッコリー,33300,北海道,1,155447,623,,
7954,2024,9,9,月,ブロッコリー,33300,長　野,20,55237,786,,
7955,2024,9,9,月,レタス,33400,,,1066233,312,143.4,106.1
7956,2024,9,9,月,レタス,33400,長　野,20,878138,328,,
7957,2024,9,9,月,パセリ,33600,,,2499,3301,83.6,101.4
7958,2024,9,9,月,パセリ,33600,長　野,20,1818,3055,,
7959,2024,9,9,月,パセリ,33600,北海道,1,168,2874,,
7960,2024,9,9,月,パセリ,33600,千　葉,12,162,2941,,
7961,2024,9,9,月,きゅうり,34100,,,899062,512,174.1,103.4
7962,2024,9,9,月,きゅうり,34100,福　島,7,215951,544,,
7963,2024,9,9,月,きゅうり,34100,北海道,1,113281,501,,
7964,2024,9,9,月,きゅうり,34100,岩　手,3,74857,449,,
7965,2024,9,9,月,きゅうり,34100,宮　城,4,59015,482,,
7966,2024,9,9,月,きゅうり,34100,佐　賀,41,48490,539,,
7967,2024,9,9,月,かぼちゃ,34200,,,442516,223,114.1,100
7968,2024,9,9,月,かぼちゃ,34200,北海道,1,409797,196,,
7969,2024,9,9,月,　　うち輸入,34201,,,0,…,…,…
7970,2024,9,9,月,なす,34300,,,361494,435,145.7,107.4
7971,2024,9,9,月,なす,34300,群　馬,10,97787,433,,
7972,2024,9,9,月,なす,34300,栃　木,9,56376,428,,
7973,2024,9,9,月,なす,34300,茨　城,8,47426,375,,
7974,2024,9,9,月,なす,34300,山　梨,19,33158,414,,
7975,2024,9,9,月,なす,34300,徳　島,36,19947,456,,
7976,2024,9,9,月,トマト,34400,,,728101,623,137.7,102.5
7977,2024,9,9,月,トマト,34400,北海道,1,176310,639,,
7978,2024,9,9,月,トマト,34400,岐　阜,21,173158,616,,
7979,2024,9,9,月,トマト,34400,福　島,7,62828,649,,
7980,2024,9,9,月,トマト,34400,熊　本,43,55516,622,,
7981,2024,9,9,月,トマト,34400,青　森,2,49829,599,,
7982,2024,9,9,月,ミニトマト,34450,,,263536,1045,145.9,104.1
7983,2024,9,9,月,ミニトマト,34450,北海道,1,123619,1040,,
7984,2024,9,9,月,ミニトマト,34450,茨　城,8,61125,968,,
7985,2024,9,9,月,ミニトマト,34450,青　森,2,19137,1188,,
7986,2024,9,9,月,ミニトマト,34450,山　形,6,11537,1176,,
7987,2024,9,9,月,ピーマン,34500,,,312536,605,126.8,98.2
7988,2024,9,9,月,ピーマン,34500,岩　手,3,136855,500,,
7989,2024,9,9,月,ピーマン,34500,茨　城,8,44799,739,,
7990,2024,9,9,月,ピーマン,34500,青　森,2,39640,551,,
7991,2024,9,9,月,ピーマン,34500,北海道,1,21044,664,,
7992,2024,9,9,月,ピーマン,34500,福　島,7,20499,637,,
7993,2024,9,9,月,ししとうがらし,34600,,,10796,2171,101.1,118.9
7994,2024,9,9,月,ししとうがらし,34600,高　知,39,3459,3214,,
7995,2024,9,9,月,ししとうがらし,34600,京　都,26,3369,1157,,
7996,2024,9,9,月,ししとうがらし,34600,千　葉,12,1861,2670,,
7997,2024,9,9,月,スイートコーン,34700,,,104346,279,74.1,100.4
7998,2024,9,9,月,スイートコーン,34700,北海道,1,93920,280,,
7999,2024,9,9,月,さやいんげん,35100,,,9690,1751,150.5,97
8000,2024,9,9,月,さやいんげん,35100,福　島,7,2933,1637,,
8001,2024,9,9,月,さやいんげん,35100,群　馬,10,2210,1603,,
8002,2024,9,9,月,さやいんげん,35100,青　森,2,1337,1616,,
8003,2024,9,9,月,さやいんげん,35100,北海道,1,1155,2607,,
8004,2024,9,9,月,さやいんげん,35100,長　野,20,747,2078,,
8005,2024,9,9,月,さやえんどう,35200,,,2431,2734,116,101.3
8006,2024,9,9,月,さやえんどう,35200,北海道,1,1284,3992,,
8007,2024,9,9,月,さやえんどう,35200,青　森,2,31,5644,,
8008,2024,9,9,月,さやえんどう,35200,長　野,20,11,4516,,
8009,2024,9,9,月,さやえんどう,35200,岩　手,3,4,4320,,
8010,2024,9,9,月,さやえんどう,35200,鹿児島,46,0,…,,
8011,2024,9,9,月,　　うち輸入,35201,,,1101,1160,114.7,102.1
8012,2024,9,9,月,えだまめ,35500,,,67018,862,120.2,95.4
8013,2024,9,9,月,えだまめ,35500,秋　田,5,22196,634,,
8014,2024,9,9,月,えだまめ,35500,山　形,6,19427,974,,
8015,2024,9,9,月,えだまめ,35500,群　馬,10,15947,1003,,
8016,2024,9,9,月,かんしょ,36100,,,354715,281,93.8,97.9
8017,2024,9,9,月,かんしょ,36100,茨　城,8,184744,249,,
8018,2024,9,9,月,かんしょ,36100,千　葉,12,81754,274,,
8019,2024,9,9,月,かんしょ,36100,徳　島,36,54163,374,,
8020,2024,9,9,月,ばれいしょ,36200,,,1025480,155,96.1,94.5
8021,2024,9,9,月,ばれいしょ,36200,北海道,1,1010023,155,,
8022,2024,9,9,月,さといも,36300,,,47929,427,139.5,98.8
8023,2024,9,9,月,さといも,36300,千　葉,12,27304,339,,
8024,2024,9,9,月,さといも,36300,宮　崎,45,7999,533,,
8025,2024,9,9,月,さといも,36300,静　岡,22,4516,700,,
8026,2024,9,9,月,やまのいも,36500,,,177179,442,122.8,100
8027,2024,9,9,月,やまのいも,36500,北海道,1,114172,424,,
8028,2024,9,9,月,やまのいも,36500,青　森,2,52670,462,,
8029,2024,9,9,月,たまねぎ,36610,,,1820747,129,104.3,97.7
8030,2024,9,9,月,たまねぎ,36610,北海道,1,1735073,126,,
8031,2024,9,9,月,　　うち輸入,36620,,,37078,116,123.8,101.8
8032,2024,9,9,月,にんにく,36700,,,31746,1396,148.2,105.4
8033,2024,9,9,月,にんにく,36700,青　森,2,22556,1745,,
8034,2024,9,9,月,にんにく,36700,佐　賀,41,70,1385,,
8035,2024,9,9,月,にんにく,36700,北海道,1,43,860,,
8036,2024,9,9,月,にんにく,36700,茨　城,8,32,366,,
8037,2024,9,9,月,にんにく,36700,長　野,20,30,1836,,
8038,2024,9,9,月,　　うち輸入,36701,,,8919,520,114.6,99.6
8039,2024,9,9,月,しょうが,37200,,,31122,642,88.2,101.7
8040,2024,9,9,月,しょうが,37200,高　知,39,13966,673,,
8041,2024,9,9,月,しょうが,37200,長　崎,42,4067,563,,
8042,2024,9,9,月,しょうが,37200,和歌山,30,3640,574,,
8043,2024,9,9,月,しょうが,37200,熊　本,43,2457,707,,
8044,2024,9,9,月,しょうが,37200,千　葉,12,1721,750,,
8045,2024,9,9,月,　　うち輸入,37201,,,3610,537,100.4,98
8046,2024,9,9,月,生しいたけ,38100,,,56624,996,98.6,102.2
8047,2024,9,9,月,生しいたけ,38100,徳　島,36,12146,978,,
8048,2024,9,9,月,生しいたけ,38100,秋　田,5,8502,1219,,
8049,2024,9,9,月,生しいたけ,38100,長　崎,42,5239,927,,
8050,2024,9,9,月,生しいたけ,38100,岩　手,3,3526,1004,,
8051,2024,9,9,月,生しいたけ,38100,千　葉,12,3361,701,,
8052,2024,9,9,月,　　うち輸入,38101,,,1062,753,68.2,95.7
8053,2024,9,9,月,なめこ,38300,,,22306,492,90.9,100.8
8054,2024,9,9,月,なめこ,38300,長　野,20,7106,480,,
8055,2024,9,9,月,なめこ,38300,山　形,6,3080,534,,
8056,2024,9,9,月,なめこ,38300,三　重,24,2541,558,,
8057,2024,9,9,月,なめこ,38300,宮　城,4,1701,454,,
8058,2024,9,9,月,なめこ,38300,新　潟,15,1473,404,,
8059,2024,9,9,月,えのきだけ,38400,,,114704,351,90,106.4
8060,2024,9,9,月,えのきだけ,38400,長　野,20,70992,363,,
8061,2024,9,9,月,えのきだけ,38400,新　潟,15,17388,350,,
8062,2024,9,9,月,えのきだけ,38400,福　岡,40,6921,298,,
8063,2024,9,9,月,しめじ,38500,,,76706,473,80.9,100.2
8064,2024,9,9,月,しめじ,38500,長　野,20,49599,436,,
8065,2024,9,9,月,しめじ,38500,福　岡,40,11430,456,,
8066,2024,9,9,月,しめじ,38500,新　潟,15,7783,598,,
8067,2024,9,9,月,その他の野菜,39000,,,304579,1038,90.4,107.8
8068,2024,9,9,月,輸入野菜計,39100,,,107851,701,106.7,105.9
8069,2024,9,9,月,他の輸入野菜,39200,,,54221,1097,97.3,116.3
8070,2024,9,16,月,野菜総計,30000,,,61079,336,0.5,112.4
8071,2024,9,16,月,野菜総計,30000,群　馬,10,21060,153,,
8072,2024,9,16,月,野菜総計,30000,沖　縄,47,13401,470,,
8073,2024,9,16,月,野菜総計,30000,北海道,1,12263,212,,
8074,2024,9,16,月,野菜総計,30000,長　野,20,8467,506,,
8075,2024,9,16,月,野菜総計,30000,茨　城,8,1322,920,,
8076,2024,9,16,月,野菜総計,30000,福　岡,40,610,1064,,
8077,2024,9,16,月,野菜総計,30000,鹿児島,46,450,698,,
8078,2024,9,16,月,だいこん,30100,,,1455,228,0.2,146.2
8079,2024,9,16,月,だいこん,30100,北海道,1,1455,228,,
8080,2024,9,16,月,にんじん,30300,,,2860,243,0.5,152.8
8081,2024,9,16,月,にんじん,30300,北海道,1,2650,239,,
8082,2024,9,16,月,ごぼう,30400,,,160,227,0.2,76.7
8083,2024,9,16,月,ごぼう,30400,鹿児島,46,50,205,,
8084,2024,9,16,月,はくさい,31100,,,2115,209,0.2,168.5
8085,2024,9,16,月,はくさい,31100,長　野,20,2115,209,,
8086,2024,9,16,月,こまつな,31500,,,260,858,0.2,158.3
8087,2024,9,16,月,こまつな,31500,沖　縄,47,260,858,,
8088,2024,9,16,月,その他の菜類,31550,,,15,1188,1.7,175.5
8089,2024,9,16,月,ちんげんさい,31560,,,168,834,0.6,126.9
8090,2024,9,16,月,ちんげんさい,31560,沖　縄,47,168,834,,
8091,2024,9,16,月,キャベツ,31700,,,21450,154,1.3,165.6
8092,2024,9,16,月,キャベツ,31700,群　馬,10,21060,153,,
8093,2024,9,16,月,ほうれんそう,31800,,,110,1781,0.2,147.1
8094,2024,9,16,月,ほうれんそう,31800,栃　木,9,110,1781,,
8095,2024,9,16,月,ねぎ,31900,,,392,1143,0.1,215.3
8096,2024,9,16,月,ねぎ,31900,青　森,2,250,896,,
8097,2024,9,16,月,ねぎ,31900,沖　縄,47,52,3327,,
8098,2024,9,16,月,みつば,32500,,,12,810,0.1,66.1
8099,2024,9,16,月,みつば,32500,埼　玉,11,12,810,,
8100,2024,9,16,月,にら,32800,,,45,693,0.1,81.1
8101,2024,9,16,月,にら,32800,沖　縄,47,45,693,,
8102,2024,9,16,月,セルリー,32900,,,340,329,0.8,107.9
8103,2024,9,16,月,アスパラガス,33100,,,100,886,0.4,76.7
8104,2024,9,16,月,アスパラガス,33100,熊　本,43,100,886,,
8105,2024,9,16,月,カリフラワー,33200,,,24,824,0.2,218.6
8106,2024,9,16,月,カリフラワー,33200,長　野,20,24,824,,
8107,2024,9,16,月,レタス,33400,,,5948,630,0.8,186.4
8108,2024,9,16,月,レタス,33400,長　野,20,5948,630,,
8109,2024,9,16,月,パセリ,33600,,,15,6224,0.6,167.7
8110,2024,9,16,月,パセリ,33600,大　分,44,10,6234,,
8111,2024,9,16,月,パセリ,33600,佐　賀,41,5,6204,,
8112,2024,9,16,月,きゅうり,34100,,,1365,638,0.2,144
8113,2024,9,16,月,きゅうり,34100,沖　縄,47,1365,638,,
8114,2024,9,16,月,かぼちゃ,34200,,,70,1100,0,472.1
8115,2024,9,16,月,かぼちゃ,34200,青　森,2,60,1058,,
8116,2024,9,16,月,なす,34300,,,357,583,0.2,135
8117,2024,9,16,月,なす,34300,沖　縄,47,357,583,,
8118,2024,9,16,月,ミニトマト,34450,,,24,1760,0,155.6
8119,2024,9,16,月,ミニトマト,34450,沖　縄,47,24,1760,,
8120,2024,9,16,月,ピーマン,34500,,,1140,1113,0.5,166.6
8121,2024,9,16,月,ピーマン,34500,茨　城,8,1000,1091,,
8122,2024,9,16,月,さやいんげん,35100,,,148,2002,1.9,112.4
8123,2024,9,16,月,さやいんげん,35100,鹿児島,46,100,2268,,
8124,2024,9,16,月,さやいんげん,35100,北海道,1,48,1447,,
8125,2024,9,16,月,かんしょ,36100,,,560,262,0.2,93.6
8126,2024,9,16,月,かんしょ,36100,鹿児島,46,300,256,,
8127,2024,9,16,月,かんしょ,36100,茨　城,8,260,268,,
8128,2024,9,16,月,ばれいしょ,36200,,,1000,279,0.1,187.2
8129,2024,9,16,月,ばれいしょ,36200,北海道,1,1000,279,,
8130,2024,9,16,月,やまのいも,36500,,,160,500,0.1,111.6
8131,2024,9,16,月,やまのいも,36500,北海道,1,110,518,,
8132,2024,9,16,月,やまのいも,36500,茨　城,8,50,459,,
8133,2024,9,16,月,たまねぎ,36610,,,8270,167,0.4,144
8134,2024,9,16,月,たまねぎ,36610,北海道,1,7000,175,,
8135,2024,9,16,月,　　うち輸入,36620,,,1270,121,4.6,106.1
8136,2024,9,16,月,にんにく,36700,,,480,716,2.2,57.6
8137,2024,9,16,月,にんにく,36700,青　森,2,40,2214,,
8138,2024,9,16,月,　　うち輸入,36701,,,440,580,5,94.9
8139,2024,9,16,月,えのきだけ,38400,,,294,742,0.3,202.2
8140,2024,9,16,月,えのきだけ,38400,長　崎,42,186,702,,
8141,2024,9,16,月,えのきだけ,38400,新　潟,15,108,810,,
8142,2024,9,16,月,しめじ,38500,,,558,707,0.7,141.7
8143,2024,9,16,月,しめじ,38500,福　岡,40,558,707,,
8144,2024,9,16,月,その他の野菜,39000,,,11185,449,4,41.3
8145,2024,9,16,月,輸入野菜計,39100,,,2527,319,2.7,38.6
8146,2024,9,16,月,他の輸入野菜,39200,,,817,486,1.6,39.7
8147,2024,9,23,月,野菜総計,30000,,,1473806,234,13.1,81.3
8148,2024,9,23,月,野菜総計,30000,北海道,1,540901,157,,
8149,2024,9,23,月,野菜総計,30000,長　野,20,491955,134,,
8150,2024,9,23,月,野菜総計,30000,熊　本,43,89520,472,,
8151,2024,9,23,月,野菜総計,30000,福　岡,40,65130,487,,
8152,2024,9,23,月,野菜総計,30000,群　馬,10,57203,148,,
8153,2024,9,23,月,野菜総計,30000,佐　賀,41,48344,369,,
8154,2024,9,23,月,野菜総計,30000,大　分,44,42107,751,,
8155,2024,9,23,月,だいこん,30100,,,81356,137,9.8,96.5
8156,2024,9,23,月,だいこん,30100,北海道,1,72203,141,,
8157,2024,9,23,月,かぶ,30200,,,18,984,0,523.4
8158,2024,9,23,月,かぶ,30200,千　葉,12,18,984,,
8159,2024,9,23,月,にんじん,30300,,,58039,163,9.4,105.2
8160,2024,9,23,月,にんじん,30300,北海道,1,54610,164,,
8161,2024,9,23,月,ごぼう,30400,,,20908,259,33.2,82.7
8162,2024,9,23,月,ごぼう,30400,青　森,2,17319,257,,
8163,2024,9,23,月,れんこん,30600,,,7692,373,8.6,92.6
8164,2024,9,23,月,れんこん,30600,佐　賀,41,7692,373,,
8165,2024,9,23,月,はくさい,31100,,,367107,83,35.5,79.8
8166,2024,9,23,月,はくさい,31100,長　野,20,364573,83,,
8167,2024,9,23,月,みずな,31300,,,3648,563,11.9,108.3
8168,2024,9,23,月,みずな,31300,福　岡,40,3188,549,,
8169,2024,9,23,月,こまつな,31500,,,9293,469,8.3,111.1
8170,2024,9,23,月,こまつな,31500,福　岡,40,8314,454,,
8171,2024,9,23,月,その他の菜類,31550,,,182,704,22.6,102
8172,2024,9,23,月,ちんげんさい,31560,,,2008,608,6.8,128.5
8173,2024,9,23,月,ちんげんさい,31560,福　岡,40,913,464,,
8174,2024,9,23,月,ちんげんさい,31560,熊　本,43,434,811,,
8175,2024,9,23,月,ちんげんさい,31560,沖　縄,47,293,608,,
8176,2024,9,23,月,キャベツ,31700,,,83330,119,5.5,119
8177,2024,9,23,月,キャベツ,31700,群　馬,10,55720,121,,
8178,2024,9,23,月,キャベツ,31700,長　野,20,23570,113,,
8179,2024,9,23,月,ほうれんそう,31800,,,3559,1283,7.1,123.5
8180,2024,9,23,月,ほうれんそう,31800,長　野,20,1431,1417,,
8181,2024,9,23,月,ほうれんそう,31800,群　馬,10,1075,1219,,
8182,2024,9,23,月,ほうれんそう,31800,長　崎,42,266,1324,,
8183,2024,9,23,月,ほうれんそう,31800,熊　本,43,241,1091,,
8184,2024,9,23,月,ねぎ,31900,,,23715,668,6.6,127
8185,2024,9,23,月,ねぎ,31900,北海道,1,10795,567,,
8186,2024,9,23,月,ねぎ,31900,大　分,44,5555,668,,
8187,2024,9,23,月,ねぎ,31900,長　野,20,3450,416,,
8188,2024,9,23,月,みつば,32500,,,565,1648,6,129.9
8189,2024,9,23,月,みつば,32500,大　分,44,368,1401,,
8190,2024,9,23,月,みつば,32500,福　岡,40,71,1743,,
8191,2024,9,23,月,みつば,32500,栃　木,9,40,2427,,
8192,2024,9,23,月,しゅんぎく,32600,,,357,1474,11.5,92
8193,2024,9,23,月,しゅんぎく,32600,福　岡,40,182,1673,,
8194,2024,9,23,月,しゅんぎく,32600,熊　本,43,175,1267,,
8195,2024,9,23,月,にら,32800,,,5653,872,10.6,96.8
8196,2024,9,23,月,にら,32800,大　分,44,3135,849,,
8197,2024,9,23,月,にら,32800,福　岡,40,745,934,,
8198,2024,9,23,月,にら,32800,宮　崎,45,684,835,,
8199,2024,9,23,月,セルリー,32900,,,5050,316,10.6,111.7
8200,2024,9,23,月,セルリー,32900,長　野,20,4470,316,,
8201,2024,9,23,月,アスパラガス,33100,,,4212,980,20.9,82.6
8202,2024,9,23,月,アスパラガス,33100,長　崎,42,1578,874,,
8203,2024,9,23,月,アスパラガス,33100,福　岡,40,1456,982,,
8204,2024,9,23,月,アスパラガス,33100,熊　本,43,599,963,,
8205,2024,9,23,月,　　うち輸入,33101,,,46,1972,1.5,139.9
8206,2024,9,23,月,カリフラワー,33200,,,180,424,1.4,141.3
8207,2024,9,23,月,カリフラワー,33200,長　野,20,180,424,,
8208,2024,9,23,月,ブロッコリー,33300,,,10177,486,6.6,92.7
8209,2024,9,23,月,ブロッコリー,33300,長　野,20,5526,528,,
8210,2024,9,23,月,ブロッコリー,33300,北海道,1,4651,435,,
8211,2024,9,23,月,レタス,33400,,,86829,275,13,104.2
8212,2024,9,23,月,レタス,33400,長　野,20,85976,273,,
8213,2024,9,23,月,パセリ,33600,,,255,4087,11.8,102.2
8214,2024,9,23,月,パセリ,33600,長　野,20,157,2750,,
8215,2024,9,23,月,パセリ,33600,大　分,44,51,6917,,
8216,2024,9,23,月,きゅうり,34100,,,72354,353,14.4,91
8217,2024,9,23,月,きゅうり,34100,佐　賀,41,30155,342,,
8218,2024,9,23,月,きゅうり,34100,熊　本,43,16970,348,,
8219,2024,9,23,月,きゅうり,34100,福　岡,40,11580,362,,
8220,2024,9,23,月,かぼちゃ,34200,,,29317,221,8.3,107.8
8221,2024,9,23,月,かぼちゃ,34200,北海道,1,27330,194,,
8222,2024,9,23,月,なす,34300,,,15784,523,7.4,123.9
8223,2024,9,23,月,なす,34300,熊　本,43,6241,458,,
8224,2024,9,23,月,なす,34300,福　岡,40,4744,559,,
8225,2024,9,23,月,なす,34300,大　分,44,3470,587,,
8226,2024,9,23,月,トマト,34400,,,65381,544,13.1,82.1
8227,2024,9,23,月,トマト,34400,熊　本,43,49111,521,,
8228,2024,9,23,月,トマト,34400,大　分,44,11023,659,,
8229,2024,9,23,月,ミニトマト,34450,,,7294,1423,5,115.4
8230,2024,9,23,月,ミニトマト,34450,宮　崎,45,2340,1271,,
8231,2024,9,23,月,ミニトマト,34450,熊　本,43,1731,1401,,
8232,2024,9,23,月,ミニトマト,34450,大　分,44,1260,1523,,
8233,2024,9,23,月,ミニトマト,34450,北海道,1,1065,1539,,
8234,2024,9,23,月,ピーマン,34500,,,11987,823,6.2,118.1
8235,2024,9,23,月,ピーマン,34500,大　分,44,7103,811,,
8236,2024,9,23,月,ピーマン,34500,熊　本,43,1505,694,,
8237,2024,9,23,月,ピーマン,34500,茨　城,8,808,968,,
8238,2024,9,23,月,ピーマン,34500,宮　崎,45,794,925,,
8239,2024,9,23,月,ししとうがらし,34600,,,888,1974,10.9,87
8240,2024,9,23,月,ししとうがらし,34600,高　知,39,843,2009,,
8241,2024,9,23,月,スイートコーン,34700,,,450,398,2.5,140.6
8242,2024,9,23,月,スイートコーン,34700,北海道,1,450,398,,
8243,2024,9,23,月,さやいんげん,35100,,,176,1572,2.1,108.9
8244,2024,9,23,月,さやいんげん,35100,鹿児島,46,76,1552,,
8245,2024,9,23,月,さやいんげん,35100,北海道,1,54,1624,,
8246,2024,9,23,月,さやいんげん,35100,大　分,44,26,1711,,
8247,2024,9,23,月,さやえんどう,35200,,,191,2428,15.5,64.4
8248,2024,9,23,月,さやえんどう,35200,北海道,1,33,4392,,
8249,2024,9,23,月,　　うち輸入,35201,,,158,2017,65.8,107.2
8250,2024,9,23,月,えだまめ,35500,,,73,964,0.3,102.7
8251,2024,9,23,月,えだまめ,35500,福　岡,40,37,633,,
8252,2024,9,23,月,えだまめ,35500,群　馬,10,20,1536,,
8253,2024,9,23,月,えだまめ,35500,徳　島,36,16,1013,,
8254,2024,9,23,月,かんしょ,36100,,,13545,301,4.5,113.2
8255,2024,9,23,月,かんしょ,36100,鹿児島,46,5110,332,,
8256,2024,9,23,月,かんしょ,36100,宮　崎,45,3335,298,,
8257,2024,9,23,月,かんしょ,36100,熊　本,43,1985,224,,
8258,2024,9,23,月,かんしょ,36100,茨　城,8,940,210,,
8259,2024,9,23,月,ばれいしょ,36200,,,106440,132,12.8,103.9
8260,2024,9,23,月,ばれいしょ,36200,北海道,1,102310,134,,
8261,2024,9,23,月,さといも,36300,,,1427,437,3.4,108.7
8262,2024,9,23,月,さといも,36300,宮　崎,45,690,506,,
8263,2024,9,23,月,さといも,36300,熊　本,43,410,325,,
8264,2024,9,23,月,さといも,36300,福　岡,40,147,490,,
8265,2024,9,23,月,やまのいも,36500,,,18262,453,12.9,102
8266,2024,9,23,月,やまのいも,36500,北海道,1,14250,438,,
8267,2024,9,23,月,やまのいも,36500,青　森,2,3170,462,,
8268,2024,9,23,月,たまねぎ,36610,,,265740,114,16.5,101.8
8269,2024,9,23,月,たまねぎ,36610,北海道,1,248920,115,,
8270,2024,9,23,月,　　うち輸入,36620,,,15820,91,43.8,82.7
8271,2024,9,23,月,にんにく,36700,,,1739,716,5.7,56.5
8272,2024,9,23,月,にんにく,36700,青　森,2,270,1881,,
8273,2024,9,23,月,　　うち輸入,36701,,,1469,502,19.2,96.2
8274,2024,9,23,月,しょうが,37200,,,3913,596,15.9,95.1
8275,2024,9,23,月,しょうが,37200,長　崎,42,3382,581,,
8276,2024,9,23,月,　　うち輸入,37201,,,152,543,4.4,100.9
8277,2024,9,23,月,生しいたけ,38100,,,5869,938,12.6,91.2
8278,2024,9,23,月,生しいたけ,38100,長　崎,42,3032,983,,
8279,2024,9,23,月,生しいたけ,38100,大　分,44,1694,852,,
8280,2024,9,23,月,　　うち輸入,38101,,,150,1128,15.4,171.2
8281,2024,9,23,月,なめこ,38300,,,1748,501,8.8,106.4
8282,2024,9,23,月,なめこ,38300,長　崎,42,1115,501,,
8283,2024,9,23,月,なめこ,38300,大　分,44,633,500,,
8284,2024,9,23,月,えのきだけ,38400,,,16740,350,14.6,101.4
8285,2024,9,23,月,えのきだけ,38400,福　岡,40,5275,343,,
8286,2024,9,23,月,えのきだけ,38400,長　崎,42,4830,364,,
8287,2024,9,23,月,えのきだけ,38400,宮　崎,45,4416,332,,
8288,2024,9,23,月,しめじ,38500,,,8075,500,11.4,99.4
8289,2024,9,23,月,しめじ,38500,福　岡,40,7465,479,,
8290,2024,9,23,月,その他の野菜,39000,,,52291,553,20.4,46.6
8291,2024,9,23,月,輸入野菜計,39100,,,25905,245,24.5,30.6
8292,2024,9,23,月,他の輸入野菜,39200,,,8112,431,15,33.6
8293,2024,9,30,月,野菜総計,30000,,,14801298,288,115.7,102.1
8294,2024,9,30,月,野菜総計,30000,北海道,1,5749181,189,,
8295,2024,9,30,月,野菜総計,30000,長　野,20,3018548,201,,
8296,2024,9,30,月,野菜総計,30000,群　馬,10,1828566,204,,
8297,2024,9,30,月,野菜総計,30000,茨　城,8,733056,465,,
8298,2024,9,30,月,野菜総計,30000,青　森,2,581467,310,,
8299,2024,9,30,月,野菜総計,30000,岩　手,3,370606,291,,
8300,2024,9,30,月,野菜総計,30000,千　葉,12,238036,467,,
8301,2024,9,30,月,だいこん,30100,,,1056527,132,98.3,103.1
8302,2024,9,30,月,だいこん,30100,北海道,1,608777,137,,
8303,2024,9,30,月,だいこん,30100,青　森,2,303552,124,,
8304,2024,9,30,月,かぶ,30200,,,44929,207,102.2,101
8305,2024,9,30,月,かぶ,30200,青　森,2,19742,265,,
8306,2024,9,30,月,かぶ,30200,千　葉,12,18304,160,,
8307,2024,9,30,月,にんじん,30300,,,974713,114,86.4,99.1
8308,2024,9,30,月,にんじん,30300,北海道,1,954226,114,,
8309,2024,9,30,月,ごぼう,30400,,,93167,316,153.5,91.1
8310,2024,9,30,月,ごぼう,30400,青　森,2,60816,266,,
8311,2024,9,30,月,ごぼう,30400,鹿児島,46,12015,610,,
8312,2024,9,30,月,ごぼう,30400,北海道,1,8733,208,,
8313,2024,9,30,月,れんこん,30600,,,86780,386,92,100
8314,2024,9,30,月,れんこん,30600,茨　城,8,51670,362,,
8315,2024,9,30,月,れんこん,30600,佐　賀,41,10556,369,,
8316,2024,9,30,月,れんこん,30600,徳　島,36,10051,478,,
8317,2024,9,30,月,はくさい,31100,,,1591239,113,135.4,103.7
8318,2024,9,30,月,はくさい,31100,長　野,20,1476783,112,,
8319,2024,9,30,月,みずな,31300,,,39173,512,112.4,103.2
8320,2024,9,30,月,みずな,31300,茨　城,8,27543,494,,
8321,2024,9,30,月,みずな,31300,福　岡,40,6487,479,,
8322,2024,9,30,月,こまつな,31500,,,155929,429,106.1,107.5
8323,2024,9,30,月,こまつな,31500,茨　城,8,81142,410,,
8324,2024,9,30,月,こまつな,31500,群　馬,10,21863,395,,
8325,2024,9,30,月,こまつな,31500,福　岡,40,18539,431,,
8326,2024,9,30,月,こまつな,31500,広　島,34,6230,646,,
8327,2024,9,30,月,その他の菜類,31550,,,936,635,87.2,96.9
8328,2024,9,30,月,ちんげんさい,31560,,,33034,444,99.3,105
8329,2024,9,30,月,ちんげんさい,31560,茨　城,8,11089,422,,
8330,2024,9,30,月,ちんげんさい,31560,静　岡,22,6160,484,,
8331,2024,9,30,月,ちんげんさい,31560,長　野,20,4341,339,,
8332,2024,9,30,月,ちんげんさい,31560,福　岡,40,2600,492,,
8333,2024,9,30,月,ちんげんさい,31560,愛　知,23,2112,377,,
8334,2024,9,30,月,キャベツ,31700,,,2071160,121,120.7,103.4
8335,2024,9,30,月,キャベツ,31700,群　馬,10,1395965,122,,
8336,2024,9,30,月,キャベツ,31700,長　野,20,341104,120,,
8337,2024,9,30,月,ほうれんそう,31800,,,65095,1104,122.1,103.3
8338,2024,9,30,月,ほうれんそう,31800,岐　阜,21,22258,1161,,
8339,2024,9,30,月,ほうれんそう,31800,群　馬,10,20544,1010,,
8340,2024,9,30,月,ほうれんそう,31800,北海道,1,6760,1017,,
8341,2024,9,30,月,ほうれんそう,31800,栃　木,9,5201,1271,,
8342,2024,9,30,月,ねぎ,31900,,,511268,545,113.5,96.6
8343,2024,9,30,月,ねぎ,31900,北海道,1,231709,462,,
8344,2024,9,30,月,ねぎ,31900,秋　田,5,87933,476,,
8345,2024,9,30,月,ねぎ,31900,青　森,2,49232,531,,
8346,2024,9,30,月,ねぎ,31900,長　野,20,39939,462,,
8347,2024,9,30,月,ねぎ,31900,山　形,6,12291,495,,
8348,2024,9,30,月,ふき,32300,,,8,540,26.7,128.3
8349,2024,9,30,月,ふき,32300,山　形,6,8,540,,
8350,2024,9,30,月,うど,32400,,,36,468,－,－
8351,2024,9,30,月,うど,32400,茨　城,8,32,392,,
8352,2024,9,30,月,みつば,32500,,,9314,1138,89.5,96.2
8353,2024,9,30,月,みつば,32500,愛　知,23,1397,1300,,
8354,2024,9,30,月,みつば,32500,大　分,44,1382,1009,,
8355,2024,9,30,月,みつば,32500,千　葉,12,1336,958,,
8356,2024,9,30,月,みつば,32500,埼　玉,11,1160,676,,
8357,2024,9,30,月,みつば,32500,三　重,24,1079,1598,,
8358,2024,9,30,月,しゅんぎく,32600,,,4547,1804,134.2,99.4
8359,2024,9,30,月,しゅんぎく,32600,岩　手,3,1257,1791,,
8360,2024,9,30,月,しゅんぎく,32600,北海道,1,883,1211,,
8361,2024,9,30,月,しゅんぎく,32600,岐　阜,21,549,2278,,
8362,2024,9,30,月,しゅんぎく,32600,福　岡,40,549,1741,,
8363,2024,9,30,月,しゅんぎく,32600,熊　本,43,215,1335,,
8364,2024,9,30,月,にら,32800,,,61538,987,105.2,103.6
8365,2024,9,30,月,にら,32800,高　知,39,22983,1004,,
8366,2024,9,30,月,にら,32800,栃　木,9,8003,1049,,
8367,2024,9,30,月,にら,32800,茨　城,8,6908,953,,
8368,2024,9,30,月,にら,32800,北海道,1,6344,1111,,
8369,2024,9,30,月,にら,32800,大　分,44,5470,853,,
8370,2024,9,30,月,セルリー,32900,,,50761,266,125.1,95
8371,2024,9,30,月,セルリー,32900,長　野,20,48583,263,,
8372,2024,9,30,月,アスパラガス,33100,,,29996,1207,126.5,107.3
8373,2024,9,30,月,アスパラガス,33100,栃　木,9,4991,1174,,
8374,2024,9,30,月,アスパラガス,33100,佐　賀,41,4489,1178,,
8375,2024,9,30,月,アスパラガス,33100,長　崎,42,3272,998,,
8376,2024,9,30,月,アスパラガス,33100,熊　本,43,3005,1212,,
8377,2024,9,30,月,アスパラガス,33100,福　岡,40,2118,1142,,
8378,2024,9,30,月,　　うち輸入,33101,,,6850,1343,102.7,135.7
8379,2024,9,30,月,カリフラワー,33200,,,22710,310,173.7,96
8380,2024,9,30,月,カリフラワー,33200,長　野,20,18392,320,,
8381,2024,9,30,月,ブロッコリー,33300,,,265277,609,156.5,103.6
8382,2024,9,30,月,ブロッコリー,33300,北海道,1,199817,569,,
8383,2024,9,30,月,ブロッコリー,33300,長　野,20,62161,744,,
8384,2024,9,30,月,レタス,33400,,,1060654,250,134.4,98.4
8385,2024,9,30,月,レタス,33400,長　野,20,796390,258,,
8386,2024,9,30,月,レタス,33400,群　馬,10,95317,174,,
8387,2024,9,30,月,パセリ,33600,,,1486,5016,83.2,115.7
8388,2024,9,30,月,パセリ,33600,長　野,20,804,4573,,
8389,2024,9,30,月,パセリ,33600,北海道,1,198,4753,,
8390,2024,9,30,月,パセリ,33600,千　葉,12,128,3426,,
8391,2024,9,30,月,パセリ,33600,茨　城,8,99,5453,,
8392,2024,9,30,月,きゅうり,34100,,,727409,512,160.9,105.8
8393,2024,9,30,月,きゅうり,34100,群　馬,10,123127,559,,
8394,2024,9,30,月,きゅうり,34100,北海道,1,119890,498,,
8395,2024,9,30,月,きゅうり,34100,福　島,7,76842,508,,
8396,2024,9,30,月,きゅうり,34100,埼　玉,11,58328,570,,
8397,2024,9,30,月,きゅうり,34100,佐　賀,41,48775,488,,
8398,2024,9,30,月,かぼちゃ,34200,,,400689,198,86.4,101.5
8399,2024,9,30,月,かぼちゃ,34200,北海道,1,376505,175,,
8400,2024,9,30,月,なす,34300,,,324817,485,150.4,98.8
8401,2024,9,30,月,なす,34300,群　馬,10,62489,488,,
8402,2024,9,30,月,なす,34300,高　知,39,58064,620,,
8403,2024,9,30,月,なす,34300,茨　城,8,45525,359,,
8404,2024,9,30,月,なす,34300,栃　木,9,39185,459,,
8405,2024,9,30,月,なす,34300,熊　本,43,24713,588,,
8406,2024,9,30,月,トマト,34400,,,540602,675,122,102.1
8407,2024,9,30,月,トマト,34400,岐　阜,21,159991,679,,
8408,2024,9,30,月,トマト,34400,北海道,1,95753,686,,
8409,2024,9,30,月,トマト,34400,千　葉,12,46641,607,,
8410,2024,9,30,月,トマト,34400,福　島,7,42173,782,,
8411,2024,9,30,月,トマト,34400,熊　本,43,38283,549,,
8412,2024,9,30,月,ミニトマト,34450,,,190835,1361,123,99.5
8413,2024,9,30,月,ミニトマト,34450,茨　城,8,55258,1327,,
8414,2024,9,30,月,ミニトマト,34450,北海道,1,48626,1374,,
8415,2024,9,30,月,ミニトマト,34450,熊　本,43,19516,1405,,
8416,2024,9,30,月,ミニトマト,34450,千　葉,12,11497,1186,,
8417,2024,9,30,月,ミニトマト,34450,山　形,6,10257,1428,,
8418,2024,9,30,月,ピーマン,34500,,,267567,622,111.7,96.1
8419,2024,9,30,月,ピーマン,34500,茨　城,8,79822,719,,
8420,2024,9,30,月,ピーマン,34500,岩　手,3,74782,488,,
8421,2024,9,30,月,ピーマン,34500,大　分,44,26497,585,,
8422,2024,9,30,月,ピーマン,34500,北海道,1,17875,625,,
8423,2024,9,30,月,ピーマン,34500,青　森,2,15645,512,,
8424,2024,9,30,月,ししとうがらし,34600,,,10503,1539,101.6,91.7
8425,2024,9,30,月,ししとうがらし,34600,京　都,26,2800,1209,,
8426,2024,9,30,月,ししとうがらし,34600,高　知,39,2795,2292,,
8427,2024,9,30,月,ししとうがらし,34600,千　葉,12,1794,1893,,
8428,2024,9,30,月,ししとうがらし,34600,北海道,1,1177,698,,
8429,2024,9,30,月,スイートコーン,34700,,,10326,284,116.9,95
8430,2024,9,30,月,スイートコーン,34700,北海道,1,7435,291,,
8431,2024,9,30,月,スイートコーン,34700,群　馬,10,1865,220,,
8432,2024,9,30,月,さやいんげん,35100,,,8449,1360,121.2,92.8
8433,2024,9,30,月,さやいんげん,35100,福　島,7,2485,1255,,
8434,2024,9,30,月,さやいんげん,35100,北海道,1,1215,1941,,
8435,2024,9,30,月,さやいんげん,35100,群　馬,10,1042,1136,,
8436,2024,9,30,月,さやいんげん,35100,青　森,2,831,1103,,
8437,2024,9,30,月,さやいんげん,35100,長　野,20,650,1565,,
8438,2024,9,30,月,さやえんどう,35200,,,2693,2895,106.5,110
8439,2024,9,30,月,さやえんどう,35200,北海道,1,1351,3674,,
8440,2024,9,30,月,さやえんどう,35200,青　森,2,192,4196,,
8441,2024,9,30,月,さやえんどう,35200,岩　手,3,104,3583,,
8442,2024,9,30,月,さやえんどう,35200,岐　阜,21,99,2999,,
8443,2024,9,30,月,さやえんどう,35200,長　野,20,16,4354,,
8444,2024,9,30,月,　　うち輸入,35201,,,925,1372,73.4,116.4
8445,2024,9,30,月,えだまめ,35500,,,28883,1056,126.6,100.3
8446,2024,9,30,月,えだまめ,35500,群　馬,10,9932,1214,,
8447,2024,9,30,月,えだまめ,35500,秋　田,5,6865,836,,
8448,2024,9,30,月,えだまめ,35500,山　形,6,5803,1000,,
8449,2024,9,30,月,えだまめ,35500,京　都,26,2216,1487,,
8450,2024,9,30,月,かんしょ,36100,,,409714,270,97.3,102.7
8451,2024,9,30,月,かんしょ,36100,茨　城,8,194807,230,,
8452,2024,9,30,月,かんしょ,36100,千　葉,12,104155,264,,
8453,2024,9,30,月,かんしょ,36100,徳　島,36,66615,362,,
8454,2024,9,30,月,ばれいしょ,36200,,,972862,108,113.3,97.3
8455,2024,9,30,月,ばれいしょ,36200,北海道,1,963658,108,,
8456,2024,9,30,月,さといも,36300,,,70095,397,105.6,106.7
8457,2024,9,30,月,さといも,36300,埼　玉,11,22913,390,,
8458,2024,9,30,月,さといも,36300,千　葉,12,16519,290,,
8459,2024,9,30,月,さといも,36300,愛　媛,38,14683,401,,
8460,2024,9,30,月,さといも,36300,静　岡,22,4902,710,,
8461,2024,9,30,月,やまのいも,36500,,,160909,438,116.7,94.2
8462,2024,9,30,月,やまのいも,36500,北海道,1,90509,408,,
8463,2024,9,30,月,やまのいも,36500,青　森,2,62668,460,,
8464,2024,9,30,月,たまねぎ,36610,,,1798328,108,121.4,102.9
8465,2024,9,30,月,たまねぎ,36610,北海道,1,1746485,105,,
8466,2024,9,30,月,　　うち輸入,36620,,,19601,118,82.6,105.4
8467,2024,9,30,月,にんにく,36700,,,18190,1347,95.8,98.8
8468,2024,9,30,月,にんにく,36700,青　森,2,9252,2015,,
8469,2024,9,30,月,にんにく,36700,北海道,1,1251,1417,,
8470,2024,9,30,月,にんにく,36700,岩　手,3,45,1452,,
8471,2024,9,30,月,にんにく,36700,茨　城,8,24,342,,
8472,2024,9,30,月,にんにく,36700,千　葉,12,20,648,,
8473,2024,9,30,月,　　うち輸入,36701,,,7569,526,97.4,103.5
8474,2024,9,30,月,しょうが,37200,,,24984,631,74.1,96.2
8475,2024,9,30,月,しょうが,37200,高　知,39,10380,699,,
8476,2024,9,30,月,しょうが,37200,和歌山,30,2952,418,,
8477,2024,9,30,月,しょうが,37200,長　崎,42,2553,545,,
8478,2024,9,30,月,しょうが,37200,熊　本,43,1785,692,,
8479,2024,9,30,月,しょうが,37200,千　葉,12,1711,620,,
8480,2024,9,30,月,　　うち輸入,37201,,,3962,551,118.9,103.4
8481,2024,9,30,月,生しいたけ,38100,,,65867,943,106.2,92
8482,2024,9,30,月,生しいたけ,38100,徳　島,36,18774,751,,
8483,2024,9,30,月,生しいたけ,38100,秋　田,5,7930,1262,,
8484,2024,9,30,月,生しいたけ,38100,長　崎,42,5240,964,,
8485,2024,9,30,月,生しいたけ,38100,千　葉,12,4057,768,,
8486,2024,9,30,月,生しいたけ,38100,岩　手,3,3717,1051,,
8487,2024,9,30,月,　　うち輸入,38101,,,1147,762,67,98.7
8488,2024,9,30,月,なめこ,38300,,,26699,470,90.8,101.1
8489,2024,9,30,月,なめこ,38300,長　野,20,7851,486,,
8490,2024,9,30,月,なめこ,38300,三　重,24,3761,540,,
8491,2024,9,30,月,なめこ,38300,山　形,6,3008,491,,
8492,2024,9,30,月,なめこ,38300,新　潟,15,2596,319,,
8493,2024,9,30,月,なめこ,38300,大　分,44,2080,485,,
8494,2024,9,30,月,えのきだけ,38400,,,141347,316,102.3,95.2
8495,2024,9,30,月,えのきだけ,38400,長　野,20,97934,305,,
8496,2024,9,30,月,えのきだけ,38400,新　潟,15,14460,329,,
8497,2024,9,30,月,えのきだけ,38400,福　岡,40,9031,348,,
8498,2024,9,30,月,しめじ,38500,,,82941,479,82.1,96
8499,2024,9,30,月,しめじ,38500,長　野,20,57346,453,,
8500,2024,9,30,月,しめじ,38500,福　岡,40,12930,458,,
8501,2024,9,30,月,その他の野菜,39000,,,286373,1080,93.8,106.6
8502,2024,9,30,月,輸入野菜計,39100,,,88371,936,92.9,110.1
8503,2024,9,30,月,他の輸入野菜,39200,,,48324,1301,95.3,104.5
8504,2024,10,7,月,野菜総計,30000,,,15586488,279,116.9,97.2
8505,2024,10,7,月,野菜総計,30000,北海道,1,6324199,182,,
8506,2024,10,7,月,野菜総計,30000,長　野,20,3140896,199,,
8507,2024,10,7,月,野菜総計,30000,群　馬,10,1744244,203,,
8508,2024,10,7,月,野菜総計,30000,茨　城,8,790429,395,,
8509,2024,10,7,月,野菜総計,30000,青　森,2,600343,303,,
8510,2024,10,7,月,野菜総計,30000,岩　手,3,384718,371,,
8511,2024,10,7,月,野菜総計,30000,千　葉,12,274004,426,,
8512,2024,10,7,月,だいこん,30100,,,1236438,130,102.8,100
8513,2024,10,7,月,だいこん,30100,北海道,1,691504,137,,
8514,2024,10,7,月,だいこん,30100,青　森,2,312820,125,,
8515,2024,10,7,月,かぶ,30200,,,64869,195,102.9,100.5
8516,2024,10,7,月,かぶ,30200,千　葉,12,25018,162,,
8517,2024,10,7,月,かぶ,30200,青　森,2,22109,269,,
8518,2024,10,7,月,かぶ,30200,埼　玉,11,8393,131,,
8519,2024,10,7,月,にんじん,30300,,,1042223,114,97.9,99.1
8520,2024,10,7,月,にんじん,30300,北海道,1,1015398,114,,
8521,2024,10,7,月,ごぼう,30400,,,95191,346,193.4,89.4
8522,2024,10,7,月,ごぼう,30400,青　森,2,52812,327,,
8523,2024,10,7,月,ごぼう,30400,北海道,1,19760,222,,
8524,2024,10,7,月,ごぼう,30400,鹿児島,46,11820,645,,
8525,2024,10,7,月,れんこん,30600,,,97561,405,100.7,104.4
8526,2024,10,7,月,れんこん,30600,茨　城,8,58834,395,,
8527,2024,10,7,月,れんこん,30600,佐　賀,41,14664,384,,
8528,2024,10,7,月,れんこん,30600,愛　知,23,9065,356,,
8529,2024,10,7,月,はくさい,31100,,,1978909,129,151.9,99.2
8530,2024,10,7,月,はくさい,31100,長　野,20,1816584,131,,
8531,2024,10,7,月,みずな,31300,,,44990,484,110.2,95.8
8532,2024,10,7,月,みずな,31300,茨　城,8,28141,472,,
8533,2024,10,7,月,みずな,31300,福　岡,40,10830,440,,
8534,2024,10,7,月,こまつな,31500,,,156787,480,111.2,101.5
8535,2024,10,7,月,こまつな,31500,茨　城,8,69936,496,,
8536,2024,10,7,月,こまつな,31500,福　岡,40,27555,473,,
8537,2024,10,7,月,こまつな,31500,群　馬,10,24023,442,,
8538,2024,10,7,月,こまつな,31500,北海道,1,6455,425,,
8539,2024,10,7,月,その他の菜類,31550,,,1247,618,106.5,105.5
8540,2024,10,7,月,ちんげんさい,31560,,,36142,428,96.3,100
8541,2024,10,7,月,ちんげんさい,31560,茨　城,8,11563,416,,
8542,2024,10,7,月,ちんげんさい,31560,静　岡,22,6479,495,,
8543,2024,10,7,月,ちんげんさい,31560,長　野,20,5886,322,,
8544,2024,10,7,月,ちんげんさい,31560,福　岡,40,3327,473,,
8545,2024,10,7,月,ちんげんさい,31560,愛　知,23,1883,425,,
8546,2024,10,7,月,キャベツ,31700,,,2130466,123,122.4,101.7
8547,2024,10,7,月,キャベツ,31700,群　馬,10,1373635,127,,
8548,2024,10,7,月,キャベツ,31700,長　野,20,316221,121,,
8549,2024,10,7,月,キャベツ,31700,北海道,1,189381,92,,
8550,2024,10,7,月,ほうれんそう,31800,,,105217,938,142.2,89.8
8551,2024,10,7,月,ほうれんそう,31800,群　馬,10,43979,788,,
8552,2024,10,7,月,ほうれんそう,31800,岐　阜,21,29304,1086,,
8553,2024,10,7,月,ほうれんそう,31800,茨　城,8,6906,896,,
8554,2024,10,7,月,ほうれんそう,31800,北海道,1,6658,919,,
8555,2024,10,7,月,ねぎ,31900,,,463095,555,98.8,99.5
8556,2024,10,7,月,ねぎ,31900,北海道,1,197052,477,,
8557,2024,10,7,月,ねぎ,31900,秋　田,5,73803,460,,
8558,2024,10,7,月,ねぎ,31900,青　森,2,56081,496,,
8559,2024,10,7,月,ねぎ,31900,長　野,20,31841,462,,
8560,2024,10,7,月,ねぎ,31900,山　形,6,11735,459,,
8561,2024,10,7,月,みつば,32500,,,10441,1052,101.3,93.8
8562,2024,10,7,月,みつば,32500,大　分,44,1651,923,,
8563,2024,10,7,月,みつば,32500,愛　知,23,1637,1152,,
8564,2024,10,7,月,みつば,32500,茨　城,8,1238,834,,
8565,2024,10,7,月,みつば,32500,三　重,24,1220,1406,,
8566,2024,10,7,月,みつば,32500,千　葉,12,1195,980,,
8567,2024,10,7,月,しゅんぎく,32600,,,6758,1457,109.1,95.7
8568,2024,10,7,月,しゅんぎく,32600,岩　手,3,1533,1396,,
8569,2024,10,7,月,しゅんぎく,32600,福　岡,40,1102,1439,,
8570,2024,10,7,月,しゅんぎく,32600,北海道,1,994,1103,,
8571,2024,10,7,月,しゅんぎく,32600,岐　阜,21,796,1810,,
8572,2024,10,7,月,しゅんぎく,32600,群　馬,10,504,1648,,
8573,2024,10,7,月,にら,32800,,,63141,1002,99,101.2
8574,2024,10,7,月,にら,32800,高　知,39,21592,1020,,
8575,2024,10,7,月,にら,32800,栃　木,9,10120,1054,,
8576,2024,10,7,月,にら,32800,茨　城,8,8302,981,,
8577,2024,10,7,月,にら,32800,北海道,1,6306,1062,,
8578,2024,10,7,月,にら,32800,大　分,44,6015,846,,
8579,2024,10,7,月,セルリー,32900,,,46954,297,97.5,108
8580,2024,10,7,月,セルリー,32900,長　野,20,44757,294,,
8581,2024,10,7,月,アスパラガス,33100,,,29992,1154,111.2,99.5
8582,2024,10,7,月,アスパラガス,33100,熊　本,43,3923,1070,,
8583,2024,10,7,月,アスパラガス,33100,佐　賀,41,3127,1172,,
8584,2024,10,7,月,アスパラガス,33100,栃　木,9,3096,1046,,
8585,2024,10,7,月,アスパラガス,33100,長　崎,42,2393,1059,,
8586,2024,10,7,月,アスパラガス,33100,福　岡,40,1647,1210,,
8587,2024,10,7,月,　　うち輸入,33101,,,12490,1200,231,95.8
8588,2024,10,7,月,カリフラワー,33200,,,26905,282,123.7,97.6
8589,2024,10,7,月,カリフラワー,33200,長　野,20,19540,290,,
8590,2024,10,7,月,カリフラワー,33200,埼　玉,11,2634,240,,
8591,2024,10,7,月,ブロッコリー,33300,,,257180,608,120.9,97.9
8592,2024,10,7,月,ブロッコリー,33300,北海道,1,170082,570,,
8593,2024,10,7,月,ブロッコリー,33300,長　野,20,72549,730,,
8594,2024,10,7,月,レタス,33400,,,906083,240,121.6,99.2
8595,2024,10,7,月,レタス,33400,長　野,20,582205,250,,
8596,2024,10,7,月,レタス,33400,茨　城,8,195998,220,,
8597,2024,10,7,月,パセリ,33600,,,1688,5671,81.3,110.5
8598,2024,10,7,月,パセリ,33600,長　野,20,850,4999,,
8599,2024,10,7,月,パセリ,33600,北海道,1,203,5732,,
8600,2024,10,7,月,パセリ,33600,茨　城,8,176,6557,,
8601,2024,10,7,月,パセリ,33600,千　葉,12,152,3889,,
8602,2024,10,7,月,きゅうり,34100,,,556582,469,108,101.7
8603,2024,10,7,月,きゅうり,34100,群　馬,10,112557,513,,
8604,2024,10,7,月,きゅうり,34100,北海道,1,68534,466,,
8605,2024,10,7,月,きゅうり,34100,福　島,7,52601,477,,
8606,2024,10,7,月,きゅうり,34100,埼　玉,11,43627,508,,
8607,2024,10,7,月,きゅうり,34100,宮　城,4,41025,440,,
8608,2024,10,7,月,かぼちゃ,34200,,,385350,227,110.9,106.1
8609,2024,10,7,月,かぼちゃ,34200,北海道,1,357714,205,,
8610,2024,10,7,月,なす,34300,,,304266,459,116.5,101.5
8611,2024,10,7,月,なす,34300,高　知,39,86859,499,,
8612,2024,10,7,月,なす,34300,群　馬,10,48547,448,,
8613,2024,10,7,月,なす,34300,栃　木,9,31429,439,,
8614,2024,10,7,月,なす,34300,熊　本,43,30568,521,,
8615,2024,10,7,月,なす,34300,茨　城,8,26944,350,,
8616,2024,10,7,月,トマト,34400,,,529042,739,123.4,102.2
8617,2024,10,7,月,トマト,34400,北海道,1,129538,742,,
8618,2024,10,7,月,トマト,34400,岐　阜,21,113439,738,,
8619,2024,10,7,月,トマト,34400,熊　本,43,67997,737,,
8620,2024,10,7,月,トマト,34400,千　葉,12,45061,660,,
8621,2024,10,7,月,トマト,34400,福　島,7,32519,815,,
8622,2024,10,7,月,ミニトマト,34450,,,196398,1308,117.1,102.6
8623,2024,10,7,月,ミニトマト,34450,北海道,1,62910,1284,,
8624,2024,10,7,月,ミニトマト,34450,熊　本,43,45770,1349,,
8625,2024,10,7,月,ミニトマト,34450,茨　城,8,19210,1185,,
8626,2024,10,7,月,ミニトマト,34450,愛　知,23,14817,1624,,
8627,2024,10,7,月,ミニトマト,34450,青　森,2,10198,1335,,
8628,2024,10,7,月,ピーマン,34500,,,273291,584,122.5,94.7
8629,2024,10,7,月,ピーマン,34500,岩　手,3,98690,432,,
8630,2024,10,7,月,ピーマン,34500,茨　城,8,75827,727,,
8631,2024,10,7,月,ピーマン,34500,大　分,44,19850,546,,
8632,2024,10,7,月,ピーマン,34500,北海道,1,18680,604,,
8633,2024,10,7,月,ピーマン,34500,青　森,2,12183,482,,
8634,2024,10,7,月,ししとうがらし,34600,,,10353,1595,112.2,97.6
8635,2024,10,7,月,ししとうがらし,34600,高　知,39,3522,2209,,
8636,2024,10,7,月,ししとうがらし,34600,京　都,26,2633,1098,,
8637,2024,10,7,月,ししとうがらし,34600,千　葉,12,1601,1927,,
8638,2024,10,7,月,ししとうがらし,34600,北海道,1,499,644,,
8639,2024,10,7,月,ししとうがらし,34600,長　崎,42,346,662,,
8640,2024,10,7,月,スイートコーン,34700,,,1662,343,35.4,143.5
8641,2024,10,7,月,スイートコーン,34700,北海道,1,988,281,,
8642,2024,10,7,月,スイートコーン,34700,山　梨,19,215,496,,
8643,2024,10,7,月,スイートコーン,34700,群　馬,10,170,391,,
8644,2024,10,7,月,さやいんげん,35100,,,8555,1503,101.1,100.1
8645,2024,10,7,月,さやいんげん,35100,福　島,7,2229,1444,,
8646,2024,10,7,月,さやいんげん,35100,鹿児島,46,1150,1526,,
8647,2024,10,7,月,さやいんげん,35100,北海道,1,1008,1954,,
8648,2024,10,7,月,さやいんげん,35100,群　馬,10,948,1212,,
8649,2024,10,7,月,さやいんげん,35100,青　森,2,616,1373,,
8650,2024,10,7,月,さやえんどう,35200,,,1993,3099,105.6,95.4
8651,2024,10,7,月,さやえんどう,35200,北海道,1,1289,3442,,
8652,2024,10,7,月,さやえんどう,35200,青　森,2,196,3762,,
8653,2024,10,7,月,さやえんどう,35200,岩　手,3,49,3108,,
8654,2024,10,7,月,さやえんどう,35200,秋　田,5,25,3033,,
8655,2024,10,7,月,さやえんどう,35200,岐　阜,21,21,3240,,
8656,2024,10,7,月,　　うち輸入,35201,,,389,1565,147.9,119
8657,2024,10,7,月,えだまめ,35500,,,29626,936,109.4,94.1
8658,2024,10,7,月,えだまめ,35500,山　形,6,10118,877,,
8659,2024,10,7,月,えだまめ,35500,群　馬,10,6806,1031,,
8660,2024,10,7,月,えだまめ,35500,秋　田,5,6571,766,,
8661,2024,10,7,月,えだまめ,35500,京　都,26,2398,1506,,
8662,2024,10,7,月,かんしょ,36100,,,410426,285,111.5,104
8663,2024,10,7,月,かんしょ,36100,茨　城,8,167245,239,,
8664,2024,10,7,月,かんしょ,36100,千　葉,12,111460,276,,
8665,2024,10,7,月,かんしょ,36100,徳　島,36,71990,358,,
8666,2024,10,7,月,ばれいしょ,36200,,,1293341,108,118.4,95.6
8667,2024,10,7,月,ばれいしょ,36200,北海道,1,1279068,108,,
8668,2024,10,7,月,さといも,36300,,,66129,417,87.1,107.8
8669,2024,10,7,月,さといも,36300,埼　玉,11,33650,377,,
8670,2024,10,7,月,さといも,36300,千　葉,12,9690,299,,
8671,2024,10,7,月,さといも,36300,愛　媛,38,5669,424,,
8672,2024,10,7,月,さといも,36300,静　岡,22,3970,892,,
8673,2024,10,7,月,やまのいも,36500,,,174300,447,148.5,98.2
8674,2024,10,7,月,やまのいも,36500,北海道,1,106367,431,,
8675,2024,10,7,月,やまのいも,36500,青　森,2,61683,458,,
8676,2024,10,7,月,たまねぎ,36610,,,1862541,108,120.3,102.9
8677,2024,10,7,月,たまねぎ,36610,北海道,1,1803945,105,,
8678,2024,10,7,月,　　うち輸入,36620,,,20575,114,81.4,108.6
8679,2024,10,7,月,にんにく,36700,,,14974,1301,104.8,108.3
8680,2024,10,7,月,にんにく,36700,青　森,2,7468,1986,,
8681,2024,10,7,月,にんにく,36700,北海道,1,300,1814,,
8682,2024,10,7,月,にんにく,36700,香　川,37,50,1350,,
8683,2024,10,7,月,にんにく,36700,長　崎,42,30,756,,
8684,2024,10,7,月,にんにく,36700,茨　城,8,24,378,,
8685,2024,10,7,月,　　うち輸入,36701,,,7079,564,89.6,109.9
8686,2024,10,7,月,しょうが,37200,,,24680,655,91.2,100.3
8687,2024,10,7,月,しょうが,37200,高　知,39,11163,711,,
8688,2024,10,7,月,しょうが,37200,長　崎,42,3212,557,,
8689,2024,10,7,月,しょうが,37200,千　葉,12,2137,610,,
8690,2024,10,7,月,しょうが,37200,熊　本,43,1931,708,,
8691,2024,10,7,月,しょうが,37200,和歌山,30,612,401,,
8692,2024,10,7,月,　　うち輸入,37201,,,3886,538,111,97.6
8693,2024,10,7,月,生しいたけ,38100,,,64368,1053,93.1,101.6
8694,2024,10,7,月,生しいたけ,38100,徳　島,36,12470,1026,,
8695,2024,10,7,月,生しいたけ,38100,秋　田,5,10331,1244,,
8696,2024,10,7,月,生しいたけ,38100,長　崎,42,5847,1005,,
8697,2024,10,7,月,生しいたけ,38100,千　葉,12,4152,717,,
8698,2024,10,7,月,生しいたけ,38100,岩　手,3,3895,1087,,
8699,2024,10,7,月,　　うち輸入,38101,,,1245,820,72.3,105.7
8700,2024,10,7,月,なめこ,38300,,,24810,495,84.3,99.4
8701,2024,10,7,月,なめこ,38300,長　野,20,8011,458,,
8702,2024,10,7,月,なめこ,38300,山　形,6,3749,534,,
8703,2024,10,7,月,なめこ,38300,三　重,24,2991,549,,
8704,2024,10,7,月,なめこ,38300,宮　城,4,1802,489,,
8705,2024,10,7,月,なめこ,38300,大　分,44,1709,494,,
8706,2024,10,7,月,えのきだけ,38400,,,167659,329,100,99.7
8707,2024,10,7,月,えのきだけ,38400,長　野,20,119736,317,,
8708,2024,10,7,月,えのきだけ,38400,新　潟,15,17023,334,,
8709,2024,10,7,月,しめじ,38500,,,95336,488,80.1,96.6
8710,2024,10,7,月,しめじ,38500,長　野,20,64580,468,,
8711,2024,10,7,月,しめじ,38500,福　岡,40,12972,430,,
8712,2024,10,7,月,その他の野菜,39000,,,288609,1145,101.1,98.6
8713,2024,10,7,月,輸入野菜計,39100,,,89526,934,94.3,107.4
8714,2024,10,7,月,他の輸入野菜,39200,,,43865,1335,86.2,103.6
8715,2024,10,14,月,野菜総計,30000,,,112760,332,0.9,124.3
8716,2024,10,14,月,野菜総計,30000,北海道,1,29260,166,,
8717,2024,10,14,月,野菜総計,30000,群　馬,10,21840,193,,
8718,2024,10,14,月,野菜総計,30000,沖　縄,47,17254,515,,
8719,2024,10,14,月,野菜総計,30000,長　野,20,10069,223,,
8720,2024,10,14,月,野菜総計,30000,熊　本,43,8963,499,,
8721,2024,10,14,月,野菜総計,30000,宮　崎,45,7142,297,,
8722,2024,10,14,月,野菜総計,30000,長　崎,42,5011,329,,
8723,2024,10,14,月,だいこん,30100,,,2640,151,0.3,123.8
8724,2024,10,14,月,だいこん,30100,北海道,1,2640,151,,
8725,2024,10,14,月,かぶ,30200,,,11,580,0,339.2
8726,2024,10,14,月,かぶ,30200,千　葉,12,11,580,,
8727,2024,10,14,月,にんじん,30300,,,4519,172,0.6,148.3
8728,2024,10,14,月,にんじん,30300,北海道,1,4020,142,,
8729,2024,10,14,月,ごぼう,30400,,,490,257,0.6,76.7
8730,2024,10,14,月,ごぼう,30400,青　森,2,110,313,,
8731,2024,10,14,月,れんこん,30600,,,132,434,0.1,104.1
8732,2024,10,14,月,れんこん,30600,佐　賀,41,132,434,,
8733,2024,10,14,月,はくさい,31100,,,6866,194,0.4,170.2
8734,2024,10,14,月,はくさい,31100,長　野,20,6858,193,,
8735,2024,10,14,月,みずな,31300,,,100,797,0.2,174.8
8736,2024,10,14,月,みずな,31300,茨　城,8,100,797,,
8737,2024,10,14,月,こまつな,31500,,,1156,712,0.9,161.5
8738,2024,10,14,月,こまつな,31500,鹿児島,46,740,754,,
8739,2024,10,14,月,こまつな,31500,沖　縄,47,356,637,,
8740,2024,10,14,月,その他の菜類,31550,,,174,662,12.1,107.6
8741,2024,10,14,月,ちんげんさい,31560,,,315,815,0.9,192.7
8742,2024,10,14,月,ちんげんさい,31560,鹿児島,46,144,775,,
8743,2024,10,14,月,ちんげんさい,31560,沖　縄,47,131,876,,
8744,2024,10,14,月,キャベツ,31700,,,34820,187,2.2,149.6
8745,2024,10,14,月,キャベツ,31700,群　馬,10,21840,193,,
8746,2024,10,14,月,キャベツ,31700,宮　崎,45,5160,169,,
8747,2024,10,14,月,キャベツ,31700,熊　本,43,4650,177,,
8748,2024,10,14,月,ほうれんそう,31800,,,178,1521,0.2,186.6
8749,2024,10,14,月,ほうれんそう,31800,鹿児島,46,168,1512,,
8750,2024,10,14,月,ねぎ,31900,,,671,873,0.2,149
8751,2024,10,14,月,ねぎ,31900,北海道,1,540,903,,
8752,2024,10,14,月,みつば,32500,,,21,1337,0.2,134.4
8753,2024,10,14,月,みつば,32500,埼　玉,11,12,810,,
8754,2024,10,14,月,みつば,32500,千　葉,12,5,1944,,
8755,2024,10,14,月,にら,32800,,,440,1231,0.7,127.4
8756,2024,10,14,月,にら,32800,熊　本,43,185,1192,,
8757,2024,10,14,月,にら,32800,福　岡,40,115,1474,,
8758,2024,10,14,月,にら,32800,鹿児島,46,70,1335,,
8759,2024,10,14,月,セルリー,32900,,,520,216,1,76.9
8760,2024,10,14,月,アスパラガス,33100,,,167,816,1,70.3
8761,2024,10,14,月,アスパラガス,33100,長　崎,42,105,761,,
8762,2024,10,14,月,アスパラガス,33100,熊　本,43,45,807,,
8763,2024,10,14,月,　　うち輸入,33101,,,17,1182,0.2,98.3
8764,2024,10,14,月,ブロッコリー,33300,,,620,449,0.3,77.1
8765,2024,10,14,月,ブロッコリー,33300,北海道,1,620,449,,
8766,2024,10,14,月,レタス,33400,,,6785,384,1.2,147.7
8767,2024,10,14,月,レタス,33400,長　崎,42,3550,311,,
8768,2024,10,14,月,レタス,33400,福　岡,40,1929,516,,
8769,2024,10,14,月,パセリ,33600,,,11,11751,0.6,193
8770,2024,10,14,月,パセリ,33600,長　野,20,5,13213,,
8771,2024,10,14,月,パセリ,33600,大　分,44,5,10800,,
8772,2024,10,14,月,きゅうり,34100,,,5048,620,1.6,125.3
8773,2024,10,14,月,きゅうり,34100,沖　縄,47,2993,633,,
8774,2024,10,14,月,きゅうり,34100,宮　崎,45,1355,589,,
8775,2024,10,14,月,かぼちゃ,34200,,,1028,290,0.2,151
8776,2024,10,14,月,かぼちゃ,34200,北海道,1,900,197,,
8777,2024,10,14,月,なす,34300,,,1547,430,0.7,94.9
8778,2024,10,14,月,なす,34300,熊　本,43,1150,466,,
8779,2024,10,14,月,なす,34300,沖　縄,47,222,288,,
8780,2024,10,14,月,トマト,34400,,,3715,1147,1.3,138.7
8781,2024,10,14,月,トマト,34400,熊　本,43,1834,1099,,
8782,2024,10,14,月,トマト,34400,大　分,44,1653,1157,,
8783,2024,10,14,月,ミニトマト,34450,,,895,1164,0.7,92.7
8784,2024,10,14,月,ミニトマト,34450,熊　本,43,570,1070,,
8785,2024,10,14,月,ミニトマト,34450,沖　縄,47,148,1436,,
8786,2024,10,14,月,ピーマン,34500,,,1013,696,0.6,110.8
8787,2024,10,14,月,ピーマン,34500,宮　崎,45,468,683,,
8788,2024,10,14,月,ピーマン,34500,大　分,44,204,704,,
8789,2024,10,14,月,ピーマン,34500,鹿児島,46,137,540,,
8790,2024,10,14,月,ピーマン,34500,沖　縄,47,89,668,,
8791,2024,10,14,月,ししとうがらし,34600,,,12,3645,0.2,202.6
8792,2024,10,14,月,ししとうがらし,34600,高　知,39,12,3645,,
8793,2024,10,14,月,さやいんげん,35100,,,20,1620,0.3,104.5
8794,2024,10,14,月,さやいんげん,35100,鹿児島,46,20,1620,,
8795,2024,10,14,月,かんしょ,36100,,,800,385,0.2,133.7
8796,2024,10,14,月,かんしょ,36100,熊　本,43,465,403,,
8797,2024,10,14,月,かんしょ,36100,茨　城,8,315,367,,
8798,2024,10,14,月,ばれいしょ,36200,,,5960,132,0.7,113.8
8799,2024,10,14,月,ばれいしょ,36200,北海道,1,5960,132,,
8800,2024,10,14,月,やまのいも,36500,,,710,564,0.6,126.5
8801,2024,10,14,月,やまのいも,36500,北海道,1,560,532,,
8802,2024,10,14,月,やまのいも,36500,青　森,2,150,684,,
8803,2024,10,14,月,たまねぎ,36610,,,14990,126,0.7,120
8804,2024,10,14,月,たまねぎ,36610,北海道,1,12780,128,,
8805,2024,10,14,月,　　うち輸入,36620,,,2210,116,10.6,103.6
8806,2024,10,14,月,にんにく,36700,,,360,489,2.3,42.7
8807,2024,10,14,月,　　うち輸入,36701,,,360,489,3.9,91.7
8808,2024,10,14,月,しょうが,37200,,,158,780,0.7,120.9
8809,2024,10,14,月,しょうが,37200,高　知,39,84,864,,
8810,2024,10,14,月,しょうが,37200,沖　縄,47,50,605,,
8811,2024,10,14,月,生しいたけ,38100,,,28,1374,0,129.7
8812,2024,10,14,月,生しいたけ,38100,長　崎,42,24,1364,,
8813,2024,10,14,月,なめこ,38300,,,50,702,0.2,139.3
8814,2024,10,14,月,なめこ,38300,長　崎,42,50,702,,
8815,2024,10,14,月,えのきだけ,38400,,,612,454,0.4,135.1
8816,2024,10,14,月,えのきだけ,38400,長　崎,42,492,490,,
8817,2024,10,14,月,しめじ,38500,,,588,579,0.7,114.4
8818,2024,10,14,月,しめじ,38500,福　岡,40,588,579,,
8819,2024,10,14,月,その他の野菜,39000,,,14591,531,6.5,39.2
8820,2024,10,14,月,輸入野菜計,39100,,,3911,206,4.3,23.4
8821,2024,10,14,月,他の輸入野菜,39200,,,1325,268,2.7,21.6
8822,2024,10,21,月,野菜総計,30000,,,15398869,287,108.7,101.1
8823,2024,10,21,月,野菜総計,30000,北海道,1,5318004,176,,
8824,2024,10,21,月,野菜総計,30000,長　野,20,2617469,172,,
8825,2024,10,21,月,野菜総計,30000,群　馬,10,1556343,215,,
8826,2024,10,21,月,野菜総計,30000,茨　城,8,1157361,348,,
8827,2024,10,21,月,野菜総計,30000,青　森,2,722984,271,,
8828,2024,10,21,月,野菜総計,30000,熊　本,43,485790,672,,
8829,2024,10,21,月,野菜総計,30000,千　葉,12,444597,305,,
8830,2024,10,21,月,だいこん,30100,,,1240648,121,97.6,96.8
8831,2024,10,21,月,だいこん,30100,北海道,1,401927,122,,
8832,2024,10,21,月,だいこん,30100,青　森,2,338762,129,,
8833,2024,10,21,月,だいこん,30100,千　葉,12,168784,100,,
8834,2024,10,21,月,だいこん,30100,石　川,17,84282,139,,
8835,2024,10,21,月,かぶ,30200,,,67083,185,94.1,110.1
8836,2024,10,21,月,かぶ,30200,千　葉,12,29368,164,,
8837,2024,10,21,月,かぶ,30200,青　森,2,15292,216,,
8838,2024,10,21,月,かぶ,30200,埼　玉,11,10891,161,,
8839,2024,10,21,月,にんじん,30300,,,1165006,114,97.9,96.6
8840,2024,10,21,月,にんじん,30300,北海道,1,1050381,115,,
8841,2024,10,21,月,ごぼう,30400,,,131000,294,173.8,95.8
8842,2024,10,21,月,ごぼう,30400,青　森,2,89988,291,,
8843,2024,10,21,月,ごぼう,30400,北海道,1,23242,192,,
8844,2024,10,21,月,たけのこ,30500,,,5128,1276,146.8,92.3
8845,2024,10,21,月,たけのこ,30500,高　知,39,5108,1277,,
8846,2024,10,21,月,れんこん,30600,,,87766,383,86.4,97.7
8847,2024,10,21,月,れんこん,30600,茨　城,8,51788,371,,
8848,2024,10,21,月,れんこん,30600,佐　賀,41,14384,345,,
8849,2024,10,21,月,れんこん,30600,愛　知,23,7495,336,,
8850,2024,10,21,月,はくさい,31100,,,2022644,102,104.7,109.7
8851,2024,10,21,月,はくさい,31100,長　野,20,1881575,102,,
8852,2024,10,21,月,みずな,31300,,,52741,452,115.2,99.8
8853,2024,10,21,月,みずな,31300,茨　城,8,35080,429,,
8854,2024,10,21,月,みずな,31300,福　岡,40,11050,446,,
8855,2024,10,21,月,こまつな,31500,,,169456,419,115.4,100.5
8856,2024,10,21,月,こまつな,31500,茨　城,8,82899,428,,
8857,2024,10,21,月,こまつな,31500,福　岡,40,36304,404,,
8858,2024,10,21,月,こまつな,31500,群　馬,10,12515,378,,
8859,2024,10,21,月,こまつな,31500,埼　玉,11,6953,436,,
8860,2024,10,21,月,その他の菜類,31550,,,3409,448,145.3,100.4
8861,2024,10,21,月,ちんげんさい,31560,,,39567,400,99.2,99
8862,2024,10,21,月,ちんげんさい,31560,茨　城,8,13191,381,,
8863,2024,10,21,月,ちんげんさい,31560,静　岡,22,7245,485,,
8864,2024,10,21,月,ちんげんさい,31560,長　野,20,4110,266,,
8865,2024,10,21,月,ちんげんさい,31560,福　岡,40,3842,425,,
8866,2024,10,21,月,ちんげんさい,31560,愛　知,23,2518,360,,
8867,2024,10,21,月,キャベツ,31700,,,1894604,125,93.9,105
8868,2024,10,21,月,キャベツ,31700,群　馬,10,1166313,127,,
8869,2024,10,21,月,キャベツ,31700,長　野,20,259871,124,,
8870,2024,10,21,月,キャベツ,31700,岩　手,3,179030,116,,
8871,2024,10,21,月,ほうれんそう,31800,,,143457,759,134.6,94.9
8872,2024,10,21,月,ほうれんそう,31800,群　馬,10,62151,666,,
8873,2024,10,21,月,ほうれんそう,31800,岐　阜,21,30055,905,,
8874,2024,10,21,月,ほうれんそう,31800,茨　城,8,15130,724,,
8875,2024,10,21,月,ほうれんそう,31800,栃　木,9,7690,903,,
8876,2024,10,21,月,ねぎ,31900,,,589154,517,114.4,95.9
8877,2024,10,21,月,ねぎ,31900,北海道,1,241891,478,,
8878,2024,10,21,月,ねぎ,31900,秋　田,5,117116,451,,
8879,2024,10,21,月,ねぎ,31900,青　森,2,49893,500,,
8880,2024,10,21,月,ねぎ,31900,長　野,20,43920,463,,
8881,2024,10,21,月,ねぎ,31900,岩　手,3,14315,430,,
8882,2024,10,21,月,ふき,32300,,,8,1141,133.3,99.4
8883,2024,10,21,月,ふき,32300,徳　島,36,8,1141,,
8884,2024,10,21,月,みつば,32500,,,10917,747,93,96.4
8885,2024,10,21,月,みつば,32500,千　葉,12,1609,612,,
8886,2024,10,21,月,みつば,32500,大　分,44,1474,747,,
8887,2024,10,21,月,みつば,32500,静　岡,22,1456,731,,
8888,2024,10,21,月,みつば,32500,茨　城,8,1335,625,,
8889,2024,10,21,月,みつば,32500,愛　知,23,1329,764,,
8890,2024,10,21,月,しゅんぎく,32600,,,10931,1084,102.2,98.3
8891,2024,10,21,月,しゅんぎく,32600,福　岡,40,2377,992,,
8892,2024,10,21,月,しゅんぎく,32600,岐　阜,21,1180,1297,,
8893,2024,10,21,月,しゅんぎく,32600,群　馬,10,1089,1214,,
8894,2024,10,21,月,しゅんぎく,32600,岩　手,3,1074,1146,,
8895,2024,10,21,月,しゅんぎく,32600,北海道,1,874,984,,
8896,2024,10,21,月,にら,32800,,,64062,857,88.9,99
8897,2024,10,21,月,にら,32800,高　知,39,25279,838,,
8898,2024,10,21,月,にら,32800,栃　木,9,11114,960,,
8899,2024,10,21,月,にら,32800,茨　城,8,8649,837,,
8900,2024,10,21,月,にら,32800,大　分,44,6335,775,,
8901,2024,10,21,月,セルリー,32900,,,34716,323,83,105.2
8902,2024,10,21,月,セルリー,32900,長　野,20,31538,318,,
8903,2024,10,21,月,アスパラガス,33100,,,19536,1174,93.1,101.9
8904,2024,10,21,月,アスパラガス,33100,佐　賀,41,3516,1150,,
8905,2024,10,21,月,アスパラガス,33100,長　崎,42,2807,1005,,
8906,2024,10,21,月,アスパラガス,33100,福　岡,40,1550,1118,,
8907,2024,10,21,月,アスパラガス,33100,栃　木,9,937,974,,
8908,2024,10,21,月,アスパラガス,33100,熊　本,43,552,907,,
8909,2024,10,21,月,　　うち輸入,33101,,,9456,1288,106.4,103
8910,2024,10,21,月,カリフラワー,33200,,,28910,275,114.7,99.3
8911,2024,10,21,月,カリフラワー,33200,新　潟,15,6606,272,,
8912,2024,10,21,月,カリフラワー,33200,徳　島,36,5121,285,,
8913,2024,10,21,月,カリフラワー,33200,長　野,20,4190,304,,
8914,2024,10,21,月,カリフラワー,33200,熊　本,43,2824,216,,
8915,2024,10,21,月,カリフラワー,33200,茨　城,8,2460,253,,
8916,2024,10,21,月,ブロッコリー,33300,,,270532,506,108.7,95.7
8917,2024,10,21,月,ブロッコリー,33300,北海道,1,95721,519,,
8918,2024,10,21,月,ブロッコリー,33300,長　野,20,42103,641,,
8919,2024,10,21,月,ブロッコリー,33300,埼　玉,11,41679,467,,
8920,2024,10,21,月,ブロッコリー,33300,徳　島,36,17731,500,,
8921,2024,10,21,月,ブロッコリー,33300,鳥　取,31,14670,433,,
8922,2024,10,21,月,レタス,33400,,,777169,310,108.5,94.8
8923,2024,10,21,月,レタス,33400,茨　城,8,430069,284,,
8924,2024,10,21,月,レタス,33400,長　崎,42,107540,317,,
8925,2024,10,21,月,レタス,33400,長　野,20,95065,373,,
8926,2024,10,21,月,パセリ,33600,,,2015,5880,101.7,101.4
8927,2024,10,21,月,パセリ,33600,長　野,20,969,5737,,
8928,2024,10,21,月,パセリ,33600,千　葉,12,241,4626,,
8929,2024,10,21,月,パセリ,33600,北海道,1,232,5379,,
8930,2024,10,21,月,パセリ,33600,茨　城,8,162,6063,,
8931,2024,10,21,月,パセリ,33600,愛　知,23,110,6754,,
8932,2024,10,21,月,きゅうり,34100,,,654437,518,134.8,97.7
8933,2024,10,21,月,きゅうり,34100,群　馬,10,140544,551,,
8934,2024,10,21,月,きゅうり,34100,埼　玉,11,80491,549,,
8935,2024,10,21,月,きゅうり,34100,宮　崎,45,74611,597,,
8936,2024,10,21,月,きゅうり,34100,佐　賀,41,52940,467,,
8937,2024,10,21,月,きゅうり,34100,宮　城,4,37593,481,,
8938,2024,10,21,月,かぼちゃ,34200,,,334268,228,88.8,109.1
8939,2024,10,21,月,かぼちゃ,34200,北海道,1,311080,206,,
8940,2024,10,21,月,　　うち輸入,34201,,,1,1399,50,82.3
8941,2024,10,21,月,なす,34300,,,412564,378,117.3,101.3
8942,2024,10,21,月,なす,34300,高　知,39,135449,431,,
8943,2024,10,21,月,なす,34300,熊　本,43,72749,454,,
8944,2024,10,21,月,なす,34300,群　馬,10,56131,275,,
8945,2024,10,21,月,なす,34300,茨　城,8,32595,189,,
8946,2024,10,21,月,なす,34300,栃　木,9,31776,296,,
8947,2024,10,21,月,トマト,34400,,,576886,776,116.5,97.4
8948,2024,10,21,月,トマト,34400,熊　本,43,185107,749,,
8949,2024,10,21,月,トマト,34400,北海道,1,101731,753,,
8950,2024,10,21,月,トマト,34400,岐　阜,21,66767,860,,
8951,2024,10,21,月,トマト,34400,千　葉,12,57312,676,,
8952,2024,10,21,月,トマト,34400,福　島,7,27123,913,,
8953,2024,10,21,月,ミニトマト,34450,,,238254,1097,120.8,98.8
8954,2024,10,21,月,ミニトマト,34450,熊　本,43,115053,1056,,
8955,2024,10,21,月,ミニトマト,34450,北海道,1,43523,1051,,
8956,2024,10,21,月,ミニトマト,34450,愛　知,23,15063,1440,,
8957,2024,10,21,月,ミニトマト,34450,茨　城,8,9791,839,,
8958,2024,10,21,月,ミニトマト,34450,山　形,6,7989,1246,,
8959,2024,10,21,月,ピーマン,34500,,,244787,678,116.6,101.2
8960,2024,10,21,月,ピーマン,34500,茨　城,8,96739,750,,
8961,2024,10,21,月,ピーマン,34500,岩　手,3,41161,454,,
8962,2024,10,21,月,ピーマン,34500,高　知,39,21281,798,,
8963,2024,10,21,月,ピーマン,34500,青　森,2,14629,454,,
8964,2024,10,21,月,ピーマン,34500,北海道,1,14365,599,,
8965,2024,10,21,月,ししとうがらし,34600,,,10866,1689,110.6,103.7
8966,2024,10,21,月,ししとうがらし,34600,高　知,39,4652,2167,,
8967,2024,10,21,月,ししとうがらし,34600,京　都,26,2591,1177,,
8968,2024,10,21,月,ししとうがらし,34600,千　葉,12,1638,1888,,
8969,2024,10,21,月,スイートコーン,34700,,,660,319,190.8,97
8970,2024,10,21,月,スイートコーン,34700,群　馬,10,420,272,,
8971,2024,10,21,月,スイートコーン,34700,滋　賀,25,230,396,,
8972,2024,10,21,月,さやいんげん,35100,,,12973,1408,113,93.3
8973,2024,10,21,月,さやいんげん,35100,鹿児島,46,2585,1698,,
8974,2024,10,21,月,さやいんげん,35100,山　形,6,1895,1352,,
8975,2024,10,21,月,さやいんげん,35100,茨　城,8,1883,1115,,
8976,2024,10,21,月,さやいんげん,35100,福　島,7,1798,1369,,
8977,2024,10,21,月,さやいんげん,35100,長　崎,42,888,1140,,
8978,2024,10,21,月,さやえんどう,35200,,,2078,2708,60.3,109.1
8979,2024,10,21,月,さやえんどう,35200,北海道,1,619,3885,,
8980,2024,10,21,月,さやえんどう,35200,青　森,2,260,3599,,
8981,2024,10,21,月,さやえんどう,35200,広　島,34,136,1402,,
8982,2024,10,21,月,さやえんどう,35200,和歌山,30,130,2675,,
8983,2024,10,21,月,さやえんどう,35200,鹿児島,46,91,3791,,
8984,2024,10,21,月,　　うち輸入,35201,,,616,1119,53.4,102.4
8985,2024,10,21,月,えだまめ,35500,,,6254,1090,88.3,96.9
8986,2024,10,21,月,えだまめ,35500,京　都,26,1906,1438,,
8987,2024,10,21,月,えだまめ,35500,千　葉,12,1004,975,,
8988,2024,10,21,月,えだまめ,35500,群　馬,10,980,1086,,
8989,2024,10,21,月,えだまめ,35500,秋　田,5,795,369,,
8990,2024,10,21,月,えだまめ,35500,兵　庫,28,561,990,,
8991,2024,10,21,月,かんしょ,36100,,,331847,291,92,101
8992,2024,10,21,月,かんしょ,36100,茨　城,8,141971,249,,
8993,2024,10,21,月,かんしょ,36100,千　葉,12,89025,278,,
8994,2024,10,21,月,かんしょ,36100,徳　島,36,57460,371,,
8995,2024,10,21,月,ばれいしょ,36200,,,1147742,116,179.5,95.1
8996,2024,10,21,月,ばれいしょ,36200,北海道,1,1144879,116,,
8997,2024,10,21,月,さといも,36300,,,85211,403,98.5,107.5
8998,2024,10,21,月,さといも,36300,埼　玉,11,46448,352,,
8999,2024,10,21,月,さといも,36300,愛　媛,38,15313,418,,
9000,2024,10,21,月,さといも,36300,千　葉,12,3405,312,,
9001,2024,10,21,月,さといも,36300,静　岡,22,3296,1103,,
9002,2024,10,21,月,やまのいも,36500,,,166001,400,168.6,95
9003,2024,10,21,月,やまのいも,36500,北海道,1,103784,360,,
9004,2024,10,21,月,やまのいも,36500,青　森,2,57013,444,,
9005,2024,10,21,月,たまねぎ,36610,,,1634254,109,114.5,100
9006,2024,10,21,月,たまねぎ,36610,北海道,1,1572333,106,,
9007,2024,10,21,月,　　うち輸入,36620,,,20858,119,78.3,110.2
9008,2024,10,21,月,にんにく,36700,,,22531,1488,146.5,126.6
9009,2024,10,21,月,にんにく,36700,青　森,2,13882,2053,,
9010,2024,10,21,月,にんにく,36700,北海道,1,706,1094,,
9011,2024,10,21,月,にんにく,36700,徳　島,36,60,1764,,
9012,2024,10,21,月,にんにく,36700,茨　城,8,32,344,,
9013,2024,10,21,月,にんにく,36700,佐　賀,41,20,1512,,
9014,2024,10,21,月,　　うち輸入,36701,,,7829,525,91.4,102.3
9015,2024,10,21,月,しょうが,37200,,,22501,663,90,102
9016,2024,10,21,月,しょうが,37200,高　知,39,11800,698,,
9017,2024,10,21,月,しょうが,37200,長　崎,42,2408,569,,
9018,2024,10,21,月,しょうが,37200,千　葉,12,2094,590,,
9019,2024,10,21,月,しょうが,37200,熊　本,43,1673,737,,
9020,2024,10,21,月,しょうが,37200,愛　媛,38,450,680,,
9021,2024,10,21,月,　　うち輸入,37201,,,3155,543,82.1,99.8
9022,2024,10,21,月,生しいたけ,38100,,,79807,1021,98.7,98.6
9023,2024,10,21,月,生しいたけ,38100,秋　田,5,15761,1151,,
9024,2024,10,21,月,生しいたけ,38100,徳　島,36,13809,1048,,
9025,2024,10,21,月,生しいたけ,38100,長　崎,42,6468,1062,,
9026,2024,10,21,月,生しいたけ,38100,岩　手,3,5734,1008,,
9027,2024,10,21,月,生しいたけ,38100,福　島,7,4021,911,,
9028,2024,10,21,月,　　うち輸入,38101,,,1095,804,58.7,104
9029,2024,10,21,月,なめこ,38300,,,23923,551,93.2,105.6
9030,2024,10,21,月,なめこ,38300,長　野,20,6734,541,,
9031,2024,10,21,月,なめこ,38300,三　重,24,2931,570,,
9032,2024,10,21,月,なめこ,38300,大　分,44,2829,607,,
9033,2024,10,21,月,なめこ,38300,山　形,6,2794,583,,
9034,2024,10,21,月,なめこ,38300,宮　城,4,2092,502,,
9035,2024,10,21,月,えのきだけ,38400,,,172156,359,93.9,103.2
9036,2024,10,21,月,えのきだけ,38400,長　野,20,125005,351,,
9037,2024,10,21,月,えのきだけ,38400,新　潟,15,17391,363,,
9038,2024,10,21,月,しめじ,38500,,,105496,511,87,99.8
9039,2024,10,21,月,しめじ,38500,長　野,20,62343,495,,
9040,2024,10,21,月,しめじ,38500,新　潟,15,15892,527,,
9041,2024,10,21,月,しめじ,38500,福　岡,40,15150,439,,
9042,2024,10,21,月,その他の野菜,39000,,,282987,1105,98.6,101.5
9043,2024,10,21,月,輸入野菜計,39100,,,87250,920,85.7,121.1
9044,2024,10,21,月,他の輸入野菜,39200,,,44248,1317,87,123.7
9045,2024,10,28,月,野菜総計,30000,,,15462032,257,103.8,101.2
9046,2024,10,28,月,野菜総計,30000,北海道,1,5302995,154,,
9047,2024,10,28,月,野菜総計,30000,長　野,20,2426040,161,,
9048,2024,10,28,月,野菜総計,30000,茨　城,8,1532620,256,,
9049,2024,10,28,月,野菜総計,30000,群　馬,10,1037086,239,,
9050,2024,10,28,月,野菜総計,30000,千　葉,12,703859,200,,
9051,2024,10,28,月,野菜総計,30000,青　森,2,677866,255,,
9052,2024,10,28,月,野菜総計,30000,熊　本,43,518599,556,,
9053,2024,10,28,月,だいこん,30100,,,1370283,104,92.9,98.1
9054,2024,10,28,月,だいこん,30100,千　葉,12,376391,87,,
9055,2024,10,28,月,だいこん,30100,青　森,2,265525,122,,
9056,2024,10,28,月,だいこん,30100,北海道,1,192199,111,,
9057,2024,10,28,月,だいこん,30100,石　川,17,108105,133,,
9058,2024,10,28,月,だいこん,30100,神奈川,14,82083,83,,
9059,2024,10,28,月,かぶ,30200,,,78396,165,101.8,95.9
9060,2024,10,28,月,かぶ,30200,千　葉,12,37312,169,,
9061,2024,10,28,月,かぶ,30200,青　森,2,9329,197,,
9062,2024,10,28,月,かぶ,30200,埼　玉,11,8722,126,,
9063,2024,10,28,月,かぶ,30200,北海道,1,7617,129,,
9064,2024,10,28,月,にんじん,30300,,,1290221,101,129.7,92.7
9065,2024,10,28,月,にんじん,30300,北海道,1,1147597,100,,
9066,2024,10,28,月,ごぼう,30400,,,119456,297,88.5,115.1
9067,2024,10,28,月,ごぼう,30400,青　森,2,93954,283,,
9068,2024,10,28,月,ごぼう,30400,北海道,1,13044,188,,
9069,2024,10,28,月,たけのこ,30500,,,3190,1332,123.7,101.1
9070,2024,10,28,月,たけのこ,30500,高　知,39,3180,1332,,
9071,2024,10,28,月,れんこん,30600,,,89910,366,88.9,100
9072,2024,10,28,月,れんこん,30600,茨　城,8,59587,355,,
9073,2024,10,28,月,れんこん,30600,佐　賀,41,12086,329,,
9074,2024,10,28,月,れんこん,30600,徳　島,36,7233,482,,
9075,2024,10,28,月,はくさい,31100,,,2220571,97,96.5,101
9076,2024,10,28,月,はくさい,31100,長　野,20,1837634,102,,
9077,2024,10,28,月,みずな,31300,,,42564,437,94.6,101.4
9078,2024,10,28,月,みずな,31300,茨　城,8,29163,420,,
9079,2024,10,28,月,みずな,31300,福　岡,40,7391,441,,
9080,2024,10,28,月,こまつな,31500,,,135590,398,96,103.4
9081,2024,10,28,月,こまつな,31500,茨　城,8,75883,399,,
9082,2024,10,28,月,こまつな,31500,福　岡,40,21016,381,,
9083,2024,10,28,月,こまつな,31500,埼　玉,11,7277,361,,
9084,2024,10,28,月,こまつな,31500,北海道,1,5586,442,,
9085,2024,10,28,月,その他の菜類,31550,,,3761,434,164.8,92.7
9086,2024,10,28,月,ちんげんさい,31560,,,36164,380,84.8,109.2
9087,2024,10,28,月,ちんげんさい,31560,茨　城,8,11696,365,,
9088,2024,10,28,月,ちんげんさい,31560,静　岡,22,7754,439,,
9089,2024,10,28,月,ちんげんさい,31560,長　野,20,2726,223,,
9090,2024,10,28,月,ちんげんさい,31560,福　岡,40,2661,408,,
9091,2024,10,28,月,ちんげんさい,31560,愛　知,23,2646,327,,
9092,2024,10,28,月,キャベツ,31700,,,1707852,148,95.9,108
9093,2024,10,28,月,キャベツ,31700,群　馬,10,687004,147,,
9094,2024,10,28,月,キャベツ,31700,茨　城,8,264705,148,,
9095,2024,10,28,月,キャベツ,31700,長　野,20,224597,142,,
9096,2024,10,28,月,キャベツ,31700,千　葉,12,109382,156,,
9097,2024,10,28,月,キャベツ,31700,岩　手,3,102010,136,,
9098,2024,10,28,月,ほうれんそう,31800,,,196883,589,135.4,92.3
9099,2024,10,28,月,ほうれんそう,31800,群　馬,10,90215,498,,
9100,2024,10,28,月,ほうれんそう,31800,岐　阜,21,32816,793,,
9101,2024,10,28,月,ほうれんそう,31800,茨　城,8,24001,551,,
9102,2024,10,28,月,ほうれんそう,31800,北海道,1,7981,674,,
9103,2024,10,28,月,ほうれんそう,31800,福　岡,40,7591,658,,
9104,2024,10,28,月,ねぎ,31900,,,532889,470,104.3,95.9
9105,2024,10,28,月,ねぎ,31900,北海道,1,158107,431,,
9106,2024,10,28,月,ねぎ,31900,秋　田,5,113744,391,,
9107,2024,10,28,月,ねぎ,31900,青　森,2,57163,430,,
9108,2024,10,28,月,ねぎ,31900,長　野,20,42004,450,,
9109,2024,10,28,月,ねぎ,31900,山　形,6,20983,394,,
9110,2024,10,28,月,ふき,32300,,,2225,491,187.3,100.8
9111,2024,10,28,月,ふき,32300,愛　知,23,2221,488,,
9112,2024,10,28,月,みつば,32500,,,11391,693,92.3,99.7
9113,2024,10,28,月,みつば,32500,茨　城,8,1701,651,,
9114,2024,10,28,月,みつば,32500,千　葉,12,1624,536,,
9115,2024,10,28,月,みつば,32500,愛　知,23,1597,719,,
9116,2024,10,28,月,みつば,32500,静　岡,22,1377,688,,
9117,2024,10,28,月,みつば,32500,大　分,44,1243,693,,
9118,2024,10,28,月,しゅんぎく,32600,,,15210,916,115.2,96.4
9119,2024,10,28,月,しゅんぎく,32600,福　岡,40,3243,822,,
9120,2024,10,28,月,しゅんぎく,32600,群　馬,10,2004,990,,
9121,2024,10,28,月,しゅんぎく,32600,福　島,7,1817,854,,
9122,2024,10,28,月,しゅんぎく,32600,岩　手,3,1386,833,,
9123,2024,10,28,月,しゅんぎく,32600,茨　城,8,1287,861,,
9124,2024,10,28,月,にら,32800,,,65724,843,92.8,102.1
9125,2024,10,28,月,にら,32800,高　知,39,26865,850,,
9126,2024,10,28,月,にら,32800,栃　木,9,11291,957,,
9127,2024,10,28,月,にら,32800,茨　城,8,9123,777,,
9128,2024,10,28,月,にら,32800,大　分,44,5450,727,,
9129,2024,10,28,月,セルリー,32900,,,47140,347,107.6,101.2
9130,2024,10,28,月,セルリー,32900,長　野,20,41270,347,,
9131,2024,10,28,月,アスパラガス,33100,,,13024,1228,73.2,103
9132,2024,10,28,月,アスパラガス,33100,佐　賀,41,1806,1220,,
9133,2024,10,28,月,アスパラガス,33100,長　崎,42,1378,1101,,
9134,2024,10,28,月,アスパラガス,33100,福　岡,40,802,1270,,
9135,2024,10,28,月,アスパラガス,33100,香　川,37,301,1094,,
9136,2024,10,28,月,アスパラガス,33100,熊　本,43,90,779,,
9137,2024,10,28,月,　　うち輸入,33101,,,8563,1258,85.5,101.1
9138,2024,10,28,月,カリフラワー,33200,,,30878,269,138.6,100
9139,2024,10,28,月,カリフラワー,33200,徳　島,36,5687,298,,
9140,2024,10,28,月,カリフラワー,33200,熊　本,43,4304,238,,
9141,2024,10,28,月,カリフラワー,33200,長　野,20,3682,254,,
9142,2024,10,28,月,カリフラワー,33200,新　潟,15,3498,284,,
9143,2024,10,28,月,カリフラワー,33200,茨　城,8,3147,250,,
9144,2024,10,28,月,ブロッコリー,33300,,,269129,480,113.2,100.6
9145,2024,10,28,月,ブロッコリー,33300,北海道,1,85557,490,,
9146,2024,10,28,月,ブロッコリー,33300,埼　玉,11,37671,475,,
9147,2024,10,28,月,ブロッコリー,33300,鳥　取,31,25854,468,,
9148,2024,10,28,月,ブロッコリー,33300,長　野,20,17294,605,,
9149,2024,10,28,月,ブロッコリー,33300,長　崎,42,15302,404,,
9150,2024,10,28,月,レタス,33400,,,807263,229,102.1,96.6
9151,2024,10,28,月,レタス,33400,茨　城,8,517146,217,,
9152,2024,10,28,月,レタス,33400,長　崎,42,94004,170,,
9153,2024,10,28,月,レタス,33400,長　野,20,34794,251,,
9154,2024,10,28,月,パセリ,33600,,,2138,4622,89.9,94.3
9155,2024,10,28,月,パセリ,33600,長　野,20,969,4019,,
9156,2024,10,28,月,パセリ,33600,千　葉,12,332,3849,,
9157,2024,10,28,月,パセリ,33600,茨　城,8,165,5976,,
9158,2024,10,28,月,パセリ,33600,北海道,1,162,5402,,
9159,2024,10,28,月,パセリ,33600,静　岡,22,135,6580,,
9160,2024,10,28,月,きゅうり,34100,,,426085,562,119.5,110.6
9161,2024,10,28,月,きゅうり,34100,群　馬,10,95557,573,,
9162,2024,10,28,月,きゅうり,34100,宮　崎,45,55497,637,,
9163,2024,10,28,月,きゅうり,34100,埼　玉,11,44659,599,,
9164,2024,10,28,月,きゅうり,34100,宮　城,4,30817,490,,
9165,2024,10,28,月,きゅうり,34100,佐　賀,41,30435,513,,
9166,2024,10,28,月,かぼちゃ,34200,,,327505,206,77.1,117
9167,2024,10,28,月,かぼちゃ,34200,北海道,1,315188,192,,
9168,2024,10,28,月,なす,34300,,,340439,377,119.9,101.6
9169,2024,10,28,月,なす,34300,高　知,39,148804,389,,
9170,2024,10,28,月,なす,34300,熊　本,43,52427,459,,
9171,2024,10,28,月,なす,34300,群　馬,10,28203,258,,
9172,2024,10,28,月,なす,34300,福　岡,40,27591,501,,
9173,2024,10,28,月,なす,34300,栃　木,9,19709,284,,
9174,2024,10,28,月,トマト,34400,,,595337,587,113.1,94.4
9175,2024,10,28,月,トマト,34400,熊　本,43,203455,618,,
9176,2024,10,28,月,トマト,34400,北海道,1,96151,578,,
9177,2024,10,28,月,トマト,34400,岐　阜,21,95022,490,,
9178,2024,10,28,月,トマト,34400,千　葉,12,34168,520,,
9179,2024,10,28,月,トマト,34400,群　馬,10,23615,557,,
9180,2024,10,28,月,ミニトマト,34450,,,235818,928,108.2,96.6
9181,2024,10,28,月,ミニトマト,34450,熊　本,43,109089,929,,
9182,2024,10,28,月,ミニトマト,34450,北海道,1,40861,798,,
9183,2024,10,28,月,ミニトマト,34450,愛　知,23,19809,1256,,
9184,2024,10,28,月,ミニトマト,34450,青　森,2,9667,816,,
9185,2024,10,28,月,ミニトマト,34450,宮　崎,45,9234,947,,
9186,2024,10,28,月,ピーマン,34500,,,216015,672,97.4,104.5
9187,2024,10,28,月,ピーマン,34500,茨　城,8,81458,691,,
9188,2024,10,28,月,ピーマン,34500,岩　手,3,27354,438,,
9189,2024,10,28,月,ピーマン,34500,高　知,39,21706,776,,
9190,2024,10,28,月,ピーマン,34500,鹿児島,46,18631,838,,
9191,2024,10,28,月,ピーマン,34500,宮　崎,45,17042,789,,
9192,2024,10,28,月,ししとうがらし,34600,,,9870,1573,82.4,116.3
9193,2024,10,28,月,ししとうがらし,34600,高　知,39,5072,1869,,
9194,2024,10,28,月,ししとうがらし,34600,千　葉,12,1376,1758,,
9195,2024,10,28,月,ししとうがらし,34600,京　都,26,1189,1306,,
9196,2024,10,28,月,ししとうがらし,34600,北海道,1,613,569,,
9197,2024,10,28,月,スイートコーン,34700,,,1171,460,86,113
9198,2024,10,28,月,スイートコーン,34700,長　崎,42,635,479,,
9199,2024,10,28,月,スイートコーン,34700,宮　崎,45,234,513,,
9200,2024,10,28,月,スイートコーン,34700,滋　賀,25,150,367,,
9201,2024,10,28,月,さやいんげん,35100,,,16485,1176,113.1,94.8
9202,2024,10,28,月,さやいんげん,35100,鹿児島,46,6339,1215,,
9203,2024,10,28,月,さやいんげん,35100,山　形,6,1968,1106,,
9204,2024,10,28,月,さやいんげん,35100,茨　城,8,1879,990,,
9205,2024,10,28,月,さやいんげん,35100,長　崎,42,1442,1131,,
9206,2024,10,28,月,さやいんげん,35100,福　島,7,1140,1238,,
9207,2024,10,28,月,さやえんどう,35200,,,2812,2557,100.5,96.1
9208,2024,10,28,月,さやえんどう,35200,北海道,1,360,3579,,
9209,2024,10,28,月,さやえんどう,35200,長　崎,42,352,2521,,
9210,2024,10,28,月,さやえんどう,35200,和歌山,30,330,2934,,
9211,2024,10,28,月,さやえんどう,35200,青　森,2,306,3427,,
9212,2024,10,28,月,さやえんどう,35200,鹿児島,46,299,2800,,
9213,2024,10,28,月,　　うち輸入,35201,,,703,1287,130.2,131.2
9214,2024,10,28,月,実えんどう,35300,,,26,1225,81.3,89.8
9215,2024,10,28,月,実えんどう,35300,和歌山,30,26,1225,,
9216,2024,10,28,月,えだまめ,35500,,,5306,1049,79.4,94.5
9217,2024,10,28,月,えだまめ,35500,京　都,26,1526,1129,,
9218,2024,10,28,月,えだまめ,35500,群　馬,10,1100,992,,
9219,2024,10,28,月,えだまめ,35500,千　葉,12,1032,955,,
9220,2024,10,28,月,えだまめ,35500,岐　阜,21,569,1119,,
9221,2024,10,28,月,えだまめ,35500,兵　庫,28,546,839,,
9222,2024,10,28,月,かんしょ,36100,,,334436,288,101.9,102.1
9223,2024,10,28,月,かんしょ,36100,茨　城,8,152131,238,,
9224,2024,10,28,月,かんしょ,36100,千　葉,12,84610,280,,
9225,2024,10,28,月,かんしょ,36100,徳　島,36,56678,369,,
9226,2024,10,28,月,ばれいしょ,36200,,,1053063,115,127.4,95.8
9227,2024,10,28,月,ばれいしょ,36200,北海道,1,1052090,115,,
9228,2024,10,28,月,さといも,36300,,,78776,383,97.8,107
9229,2024,10,28,月,さといも,36300,埼　玉,11,37703,310,,
9230,2024,10,28,月,さといも,36300,愛　媛,38,16579,410,,
9231,2024,10,28,月,さといも,36300,新　潟,15,4726,466,,
9232,2024,10,28,月,さといも,36300,静　岡,22,2860,1164,,
9233,2024,10,28,月,さといも,36300,宮　崎,45,2357,373,,
9234,2024,10,28,月,やまのいも,36500,,,141139,409,167.9,106.5
9235,2024,10,28,月,やまのいも,36500,北海道,1,77131,372,,
9236,2024,10,28,月,やまのいも,36500,青　森,2,59820,437,,
9237,2024,10,28,月,たまねぎ,36610,,,1919519,111,104.9,104.7
9238,2024,10,28,月,たまねぎ,36610,北海道,1,1859893,109,,
9239,2024,10,28,月,　　うち輸入,36620,,,23581,119,47.4,126.6
9240,2024,10,28,月,にんにく,36700,,,17670,1385,126.4,113.2
9241,2024,10,28,月,にんにく,36700,青　森,2,10648,1928,,
9242,2024,10,28,月,にんにく,36700,北海道,1,456,1024,,
9243,2024,10,28,月,にんにく,36700,茨　城,8,16,405,,
9244,2024,10,28,月,にんにく,36700,大　分,44,11,522,,
9245,2024,10,28,月,　　うち輸入,36701,,,6539,530,88,102.7
9246,2024,10,28,月,しょうが,37200,,,21940,670,103,101.5
9247,2024,10,28,月,しょうが,37200,高　知,39,12306,708,,
9248,2024,10,28,月,しょうが,37200,千　葉,12,2082,601,,
9249,2024,10,28,月,しょうが,37200,熊　本,43,1816,710,,
9250,2024,10,28,月,しょうが,37200,長　崎,42,1469,575,,
9251,2024,10,28,月,　　うち輸入,37201,,,3436,542,99.2,99.1
9252,2024,10,28,月,生しいたけ,38100,,,70153,1021,88.2,99.9
9253,2024,10,28,月,生しいたけ,38100,秋　田,5,13882,1092,,
9254,2024,10,28,月,生しいたけ,38100,徳　島,36,12903,1016,,
9255,2024,10,28,月,生しいたけ,38100,岩　手,3,5700,999,,
9256,2024,10,28,月,生しいたけ,38100,長　崎,42,5408,1044,,
9257,2024,10,28,月,生しいたけ,38100,福　島,7,3988,870,,
9258,2024,10,28,月,　　うち輸入,38101,,,1051,759,65.2,95.8
9259,2024,10,28,月,なめこ,38300,,,22864,540,97.3,101.1
9260,2024,10,28,月,なめこ,38300,長　野,20,6276,538,,
9261,2024,10,28,月,なめこ,38300,山　形,6,2819,573,,
9262,2024,10,28,月,なめこ,38300,大　分,44,2788,490,,
9263,2024,10,28,月,なめこ,38300,三　重,24,2667,565,,
9264,2024,10,28,月,なめこ,38300,福　島,7,1767,570,,
9265,2024,10,28,月,えのきだけ,38400,,,170340,372,95.8,102.2
9266,2024,10,28,月,えのきだけ,38400,長　野,20,121252,368,,
9267,2024,10,28,月,えのきだけ,38400,新　潟,15,15265,379,,
9268,2024,10,28,月,しめじ,38500,,,95322,530,83.5,99.8
9269,2024,10,28,月,しめじ,38500,長　野,20,55589,515,,
9270,2024,10,28,月,しめじ,38500,福　岡,40,20721,429,,
9271,2024,10,28,月,その他の野菜,39000,,,268154,1087,97.2,100
9272,2024,10,28,月,輸入野菜計,39100,,,91503,822,77.9,124.9
9273,2024,10,28,月,他の輸入野菜,39200,,,47636,1147,106.7,97.4
9274,2024,11,4,月,野菜総計,30000,,,1449173,236,10.1,87.4
9275,2024,11,4,月,野菜総計,30000,北海道,1,508852,146,,
9276,2024,11,4,月,野菜総計,30000,大　分,44,130381,211,,
9277,2024,11,4,月,野菜総計,30000,福　岡,40,130344,399,,
9278,2024,11,4,月,野菜総計,30000,熊　本,43,124832,292,,
9279,2024,11,4,月,野菜総計,30000,長　野,20,113269,138,,
9280,2024,11,4,月,野菜総計,30000,長　崎,42,98827,277,,
9281,2024,11,4,月,野菜総計,30000,茨　城,8,59287,105,,
9282,2024,11,4,月,だいこん,30100,,,87626,97,6.5,91.5
9283,2024,11,4,月,だいこん,30100,熊　本,43,30820,100,,
9284,2024,11,4,月,だいこん,30100,福　岡,40,20947,104,,
9285,2024,11,4,月,だいこん,30100,長　崎,42,16991,78,,
9286,2024,11,4,月,だいこん,30100,山　口,35,9600,65,,
9287,2024,11,4,月,かぶ,30200,,,7701,103,7.8,65.6
9288,2024,11,4,月,かぶ,30200,福　岡,40,7637,96,,
9289,2024,11,4,月,にんじん,30300,,,149377,121,13.7,106.1
9290,2024,11,4,月,にんじん,30300,北海道,1,113350,134,,
9291,2024,11,4,月,にんじん,30300,青　森,2,34350,75,,
9292,2024,11,4,月,ごぼう,30400,,,13290,281,12.2,103.3
9293,2024,11,4,月,ごぼう,30400,青　森,2,6891,296,,
9294,2024,11,4,月,ごぼう,30400,北海道,1,650,265,,
9295,2024,11,4,月,ごぼう,30400,宮　崎,45,440,875,,
9296,2024,11,4,月,ごぼう,30400,鹿児島,46,391,403,,
9297,2024,11,4,月,ごぼう,30400,熊　本,43,234,552,,
9298,2024,11,4,月,たけのこ,30500,,,4,1215,0.2,90.3
9299,2024,11,4,月,たけのこ,30500,高　知,39,4,1215,,
9300,2024,11,4,月,れんこん,30600,,,15512,254,14.4,69
9301,2024,11,4,月,れんこん,30600,佐　賀,41,15512,254,,
9302,2024,11,4,月,はくさい,31100,,,262548,90,13.9,94.7
9303,2024,11,4,月,はくさい,31100,長　野,20,95205,103,,
9304,2024,11,4,月,はくさい,31100,大　分,44,91547,86,,
9305,2024,11,4,月,はくさい,31100,茨　城,8,42696,71,,
9306,2024,11,4,月,みずな,31300,,,3186,568,7.9,121.1
9307,2024,11,4,月,みずな,31300,福　岡,40,2959,568,,
9308,2024,11,4,月,こまつな,31500,,,10724,418,7.8,103
9309,2024,11,4,月,こまつな,31500,福　岡,40,9597,406,,
9310,2024,11,4,月,その他の菜類,31550,,,222,672,7.4,155.9
9311,2024,11,4,月,ちんげんさい,31560,,,3896,419,9.4,109.7
9312,2024,11,4,月,ちんげんさい,31560,福　岡,40,2213,394,,
9313,2024,11,4,月,ちんげんさい,31560,熊　本,43,772,449,,
9314,2024,11,4,月,ちんげんさい,31560,佐　賀,41,528,330,,
9315,2024,11,4,月,キャベツ,31700,,,131257,258,7.6,140.2
9316,2024,11,4,月,キャベツ,31700,熊　本,43,42243,248,,
9317,2024,11,4,月,キャベツ,31700,愛　知,23,18400,262,,
9318,2024,11,4,月,キャベツ,31700,宮　崎,45,13690,261,,
9319,2024,11,4,月,キャベツ,31700,鹿児島,46,12930,347,,
9320,2024,11,4,月,キャベツ,31700,大　分,44,11160,255,,
9321,2024,11,4,月,ほうれんそう,31800,,,4604,663,3,118.8
9322,2024,11,4,月,ほうれんそう,31800,福　岡,40,3540,612,,
9323,2024,11,4,月,ほうれんそう,31800,長　崎,42,387,879,,
9324,2024,11,4,月,ねぎ,31900,,,29722,662,5.4,140
9325,2024,11,4,月,ねぎ,31900,北海道,1,13162,669,,
9326,2024,11,4,月,ねぎ,31900,大　分,44,4681,761,,
9327,2024,11,4,月,ねぎ,31900,長　野,20,3475,438,,
9328,2024,11,4,月,ねぎ,31900,福　岡,40,2520,960,,
9329,2024,11,4,月,ふき,32300,,,5,1242,0.2,274.2
9330,2024,11,4,月,ふき,32300,宮　崎,45,5,1242,,
9331,2024,11,4,月,みつば,32500,,,679,503,5,75.1
9332,2024,11,4,月,みつば,32500,大　分,44,428,550,,
9333,2024,11,4,月,みつば,32500,福　岡,40,197,378,,
9334,2024,11,4,月,しゅんぎく,32600,,,2022,840,10.3,94.8
9335,2024,11,4,月,しゅんぎく,32600,福　岡,40,1834,870,,
9336,2024,11,4,月,にら,32800,,,10104,679,13.4,83.3
9337,2024,11,4,月,にら,32800,宮　崎,45,4845,581,,
9338,2024,11,4,月,にら,32800,大　分,44,3210,707,,
9339,2024,11,4,月,にら,32800,熊　本,43,811,902,,
9340,2024,11,4,月,セルリー,32900,,,5540,359,11.1,105
9341,2024,11,4,月,セルリー,32900,長　野,20,4070,366,,
9342,2024,11,4,月,セルリー,32900,兵　庫,28,30,403,,
9343,2024,11,4,月,アスパラガス,33100,,,1020,1174,5.8,101.2
9344,2024,11,4,月,アスパラガス,33100,長　崎,42,420,871,,
9345,2024,11,4,月,アスパラガス,33100,佐　賀,41,364,1117,,
9346,2024,11,4,月,アスパラガス,33100,福　岡,40,1,2419,,
9347,2024,11,4,月,　　うち輸入,33101,,,234,1808,1.8,155.2
9348,2024,11,4,月,カリフラワー,33200,,,1166,143,3.7,54.6
9349,2024,11,4,月,カリフラワー,33200,熊　本,43,1070,136,,
9350,2024,11,4,月,ブロッコリー,33300,,,13290,496,6.1,90.8
9351,2024,11,4,月,ブロッコリー,33300,福　岡,40,7840,521,,
9352,2024,11,4,月,ブロッコリー,33300,長　崎,42,4860,463,,
9353,2024,11,4,月,レタス,33400,,,85790,205,11,87.2
9354,2024,11,4,月,レタス,33400,長　崎,42,53982,162,,
9355,2024,11,4,月,レタス,33400,福　岡,40,16307,368,,
9356,2024,11,4,月,パセリ,33600,,,172,3457,6.9,86.6
9357,2024,11,4,月,パセリ,33600,佐　賀,41,65,3830,,
9358,2024,11,4,月,パセリ,33600,大　分,44,57,3676,,
9359,2024,11,4,月,パセリ,33600,福　岡,40,45,2426,,
9360,2024,11,4,月,きゅうり,34100,,,37500,778,12.8,103.3
9361,2024,11,4,月,きゅうり,34100,佐　賀,41,16360,666,,
9362,2024,11,4,月,きゅうり,34100,宮　崎,45,7685,1087,,
9363,2024,11,4,月,きゅうり,34100,福　岡,40,5942,661,,
9364,2024,11,4,月,きゅうり,34100,熊　本,43,3120,730,,
9365,2024,11,4,月,かぼちゃ,34200,,,44601,191,12.3,93.2
9366,2024,11,4,月,かぼちゃ,34200,北海道,1,42560,187,,
9367,2024,11,4,月,なす,34300,,,18902,399,7.5,102.6
9368,2024,11,4,月,なす,34300,福　岡,40,10622,462,,
9369,2024,11,4,月,なす,34300,熊　本,43,6997,322,,
9370,2024,11,4,月,トマト,34400,,,26996,460,5.8,89.5
9371,2024,11,4,月,トマト,34400,熊　本,43,21366,427,,
9372,2024,11,4,月,トマト,34400,福　岡,40,2611,554,,
9373,2024,11,4,月,ミニトマト,34450,,,24137,682,9.5,82.8
9374,2024,11,4,月,ミニトマト,34450,宮　崎,45,10365,714,,
9375,2024,11,4,月,ミニトマト,34450,熊　本,43,6318,697,,
9376,2024,11,4,月,ミニトマト,34450,長　崎,42,3304,720,,
9377,2024,11,4,月,ピーマン,34500,,,13339,553,5.7,84.2
9378,2024,11,4,月,ピーマン,34500,大　分,44,3936,452,,
9379,2024,11,4,月,ピーマン,34500,宮　崎,45,3763,563,,
9380,2024,11,4,月,ピーマン,34500,鹿児島,46,2273,645,,
9381,2024,11,4,月,ピーマン,34500,沖　縄,47,2004,514,,
9382,2024,11,4,月,ししとうがらし,34600,,,289,1575,2.4,116.9
9383,2024,11,4,月,ししとうがらし,34600,高　知,39,264,1626,,
9384,2024,11,4,月,スイートコーン,34700,,,355,443,16.6,112.2
9385,2024,11,4,月,スイートコーン,34700,長　崎,42,345,448,,
9386,2024,11,4,月,さやいんげん,35100,,,791,655,3.9,64.5
9387,2024,11,4,月,さやいんげん,35100,長　崎,42,322,505,,
9388,2024,11,4,月,さやいんげん,35100,鹿児島,46,184,856,,
9389,2024,11,4,月,さやいんげん,35100,福　岡,40,164,673,,
9390,2024,11,4,月,さやえんどう,35200,,,253,2094,6.8,99.1
9391,2024,11,4,月,さやえんどう,35200,鹿児島,46,60,2523,,
9392,2024,11,4,月,さやえんどう,35200,熊　本,43,7,1447,,
9393,2024,11,4,月,さやえんどう,35200,宮　崎,45,3,2700,,
9394,2024,11,4,月,　　うち輸入,35201,,,183,1968,28.5,170.4
9395,2024,11,4,月,かんしょ,36100,,,19151,285,4.5,103.6
9396,2024,11,4,月,かんしょ,36100,鹿児島,46,7445,285,,
9397,2024,11,4,月,かんしょ,36100,宮　崎,45,6265,273,,
9398,2024,11,4,月,かんしょ,36100,熊　本,43,3416,280,,
9399,2024,11,4,月,ばれいしょ,36200,,,83340,135,9.1,108.9
9400,2024,11,4,月,ばれいしょ,36200,北海道,1,82130,134,,
9401,2024,11,4,月,さといも,36300,,,2164,427,2.6,117.3
9402,2024,11,4,月,さといも,36300,熊　本,43,1414,424,,
9403,2024,11,4,月,さといも,36300,鹿児島,46,120,428,,
9404,2024,11,4,月,さといも,36300,福　岡,40,70,475,,
9405,2024,11,4,月,さといも,36300,埼　玉,11,60,792,,
9406,2024,11,4,月,さといも,36300,宮　崎,45,50,420,,
9407,2024,11,4,月,やまのいも,36500,,,17320,287,15.3,79.9
9408,2024,11,4,月,やまのいも,36500,北海道,1,16530,268,,
9409,2024,11,4,月,たまねぎ,36610,,,236210,112,15,100
9410,2024,11,4,月,たまねぎ,36610,北海道,1,215390,113,,
9411,2024,11,4,月,　　うち輸入,36620,,,19230,97,69.4,85.8
9412,2024,11,4,月,にんにく,36700,,,3142,991,15.3,87.5
9413,2024,11,4,月,にんにく,36700,青　森,2,1065,2037,,
9414,2024,11,4,月,　　うち輸入,36701,,,2077,454,18.4,86.6
9415,2024,11,4,月,しょうが,37200,,,2291,661,8.1,97.2
9416,2024,11,4,月,しょうが,37200,長　崎,42,1521,644,,
9417,2024,11,4,月,しょうが,37200,熊　本,43,368,713,,
9418,2024,11,4,月,　　うち輸入,37201,,,158,569,3.3,104.2
9419,2024,11,4,月,生しいたけ,38100,,,6484,1020,7.1,97.6
9420,2024,11,4,月,生しいたけ,38100,長　崎,42,3800,1037,,
9421,2024,11,4,月,生しいたけ,38100,大　分,44,1307,969,,
9422,2024,11,4,月,生しいたけ,38100,宮　崎,45,506,1127,,
9423,2024,11,4,月,なめこ,38300,,,2344,474,7.7,88.3
9424,2024,11,4,月,なめこ,38300,大　分,44,1410,447,,
9425,2024,11,4,月,なめこ,38300,長　崎,42,934,514,,
9426,2024,11,4,月,えのきだけ,38400,,,25527,403,13,105.5
9427,2024,11,4,月,えのきだけ,38400,宮　崎,45,9971,401,,
9428,2024,11,4,月,えのきだけ,38400,長　崎,42,6750,413,,
9429,2024,11,4,月,えのきだけ,38400,福　岡,40,6465,397,,
9430,2024,11,4,月,しめじ,38500,,,12480,493,11,89.6
9431,2024,11,4,月,しめじ,38500,福　岡,40,12115,482,,
9432,2024,11,4,月,その他の野菜,39000,,,32107,649,10.4,63.6
9433,2024,11,4,月,輸入野菜計,39100,,,37594,231,33.4,31.7
9434,2024,11,4,月,他の輸入野菜,39200,,,15712,317,29.7,31.9
9435,2024,11,11,月,野菜総計,30000,,,12792434,289,104.1,104.7
9436,2024,11,11,月,野菜総計,30000,北海道,1,4066730,152,,
9437,2024,11,11,月,野菜総計,30000,茨　城,8,2546287,207,,
9438,2024,11,11,月,野菜総計,30000,千　葉,12,783513,225,,
9439,2024,11,11,月,野菜総計,30000,熊　本,43,587513,525,,
9440,2024,11,11,月,野菜総計,30000,長　野,20,586527,304,,
9441,2024,11,11,月,野菜総計,30000,愛　知,23,406279,449,,
9442,2024,11,11,月,野菜総計,30000,青　森,2,388820,328,,
9443,2024,11,11,月,だいこん,30100,,,975439,121,89.9,105.2
9444,2024,11,11,月,だいこん,30100,千　葉,12,265073,117,,
9445,2024,11,11,月,だいこん,30100,神奈川,14,152748,116,,
9446,2024,11,11,月,だいこん,30100,青　森,2,95444,124,,
9447,2024,11,11,月,だいこん,30100,茨　城,8,66839,110,,
9448,2024,11,11,月,だいこん,30100,石　川,17,56138,151,,
9449,2024,11,11,月,かぶ,30200,,,85671,173,104.9,101.8
9450,2024,11,11,月,かぶ,30200,千　葉,12,40592,164,,
9451,2024,11,11,月,かぶ,30200,埼　玉,11,11574,112,,
9452,2024,11,11,月,かぶ,30200,福　岡,40,9728,146,,
9453,2024,11,11,月,かぶ,30200,京　都,26,4851,368,,
9454,2024,11,11,月,かぶ,30200,青　森,2,4490,153,,
9455,2024,11,11,月,にんじん,30300,,,706927,149,93.6,111.2
9456,2024,11,11,月,にんじん,30300,北海道,1,439624,141,,
9457,2024,11,11,月,にんじん,30300,千　葉,12,125874,163,,
9458,2024,11,11,月,にんじん,30300,青　森,2,91295,139,,
9459,2024,11,11,月,ごぼう,30400,,,99842,291,110,113.7
9460,2024,11,11,月,ごぼう,30400,青　森,2,78758,298,,
9461,2024,11,11,月,ごぼう,30400,北海道,1,12808,200,,
9462,2024,11,11,月,たけのこ,30500,,,548,1491,140.2,100.2
9463,2024,11,11,月,たけのこ,30500,高　知,39,544,1486,,
9464,2024,11,11,月,れんこん,30600,,,93760,358,96.4,98.1
9465,2024,11,11,月,れんこん,30600,茨　城,8,61041,337,,
9466,2024,11,11,月,れんこん,30600,佐　賀,41,12131,359,,
9467,2024,11,11,月,れんこん,30600,徳　島,36,7504,492,,
9468,2024,11,11,月,はくさい,31100,,,1907042,104,98.7,102
9469,2024,11,11,月,はくさい,31100,茨　城,8,1255359,101,,
9470,2024,11,11,月,はくさい,31100,長　野,20,224580,108,,
9471,2024,11,11,月,はくさい,31100,大　分,44,147074,117,,
9472,2024,11,11,月,みずな,31300,,,38555,700,112,105.3
9473,2024,11,11,月,みずな,31300,茨　城,8,28759,653,,
9474,2024,11,11,月,みずな,31300,福　岡,40,4256,790,,
9475,2024,11,11,月,こまつな,31500,,,115897,520,105.7,107.9
9476,2024,11,11,月,こまつな,31500,茨　城,8,60504,533,,
9477,2024,11,11,月,こまつな,31500,福　岡,40,28977,488,,
9478,2024,11,11,月,こまつな,31500,埼　玉,11,5536,565,,
9479,2024,11,11,月,その他の菜類,31550,,,5265,441,157.6,99.8
9480,2024,11,11,月,ちんげんさい,31560,,,30423,427,90.9,106.5
9481,2024,11,11,月,ちんげんさい,31560,茨　城,8,11740,395,,
9482,2024,11,11,月,ちんげんさい,31560,静　岡,22,5395,502,,
9483,2024,11,11,月,ちんげんさい,31560,福　岡,40,4085,505,,
9484,2024,11,11,月,ちんげんさい,31560,愛　知,23,1974,346,,
9485,2024,11,11,月,ちんげんさい,31560,宮　城,4,1325,273,,
9486,2024,11,11,月,キャベツ,31700,,,1202079,243,88.3,128.6
9487,2024,11,11,月,キャベツ,31700,茨　城,8,368933,256,,
9488,2024,11,11,月,キャベツ,31700,愛　知,23,251839,293,,
9489,2024,11,11,月,キャベツ,31700,千　葉,12,192724,218,,
9490,2024,11,11,月,キャベツ,31700,群　馬,10,64306,196,,
9491,2024,11,11,月,キャベツ,31700,長　野,20,60089,218,,
9492,2024,11,11,月,ほうれんそう,31800,,,151090,679,115,106.6
9493,2024,11,11,月,ほうれんそう,31800,群　馬,10,63261,592,,
9494,2024,11,11,月,ほうれんそう,31800,茨　城,8,25908,705,,
9495,2024,11,11,月,ほうれんそう,31800,岐　阜,21,18103,855,,
9496,2024,11,11,月,ほうれんそう,31800,福　岡,40,8851,772,,
9497,2024,11,11,月,ほうれんそう,31800,栃　木,9,5817,715,,
9498,2024,11,11,月,ねぎ,31900,,,409814,519,95.2,102.6
9499,2024,11,11,月,ねぎ,31900,北海道,1,97030,462,,
9500,2024,11,11,月,ねぎ,31900,秋　田,5,66867,471,,
9501,2024,11,11,月,ねぎ,31900,長　野,20,45260,469,,
9502,2024,11,11,月,ねぎ,31900,青　森,2,32586,474,,
9503,2024,11,11,月,ねぎ,31900,茨　城,8,24675,425,,
9504,2024,11,11,月,ふき,32300,,,3600,416,97.3,98.6
9505,2024,11,11,月,ふき,32300,愛　知,23,3600,416,,
9506,2024,11,11,月,みつば,32500,,,11032,668,86.8,101.8
9507,2024,11,11,月,みつば,32500,静　岡,22,1669,650,,
9508,2024,11,11,月,みつば,32500,千　葉,12,1661,480,,
9509,2024,11,11,月,みつば,32500,茨　城,8,1645,596,,
9510,2024,11,11,月,みつば,32500,愛　知,23,1271,692,,
9511,2024,11,11,月,みつば,32500,大　分,44,1214,734,,
9512,2024,11,11,月,しゅんぎく,32600,,,14984,940,89.6,104.8
9513,2024,11,11,月,しゅんぎく,32600,群　馬,10,3430,879,,
9514,2024,11,11,月,しゅんぎく,32600,福　岡,40,2507,1014,,
9515,2024,11,11,月,しゅんぎく,32600,茨　城,8,1900,751,,
9516,2024,11,11,月,しゅんぎく,32600,大　阪,27,1229,859,,
9517,2024,11,11,月,しゅんぎく,32600,千　葉,12,1046,992,,
9518,2024,11,11,月,にら,32800,,,57996,913,89.2,108.3
9519,2024,11,11,月,にら,32800,高　知,39,26267,955,,
9520,2024,11,11,月,にら,32800,栃　木,9,9156,934,,
9521,2024,11,11,月,にら,32800,茨　城,8,6681,862,,
9522,2024,11,11,月,にら,32800,大　分,44,5880,756,,
9523,2024,11,11,月,セルリー,32900,,,39529,378,98.9,103
9524,2024,11,11,月,セルリー,32900,長　野,20,28519,392,,
9525,2024,11,11,月,セルリー,32900,山　形,6,4225,333,,
9526,2024,11,11,月,アスパラガス,33100,,,8659,1329,101.6,102.9
9527,2024,11,11,月,アスパラガス,33100,長　崎,42,115,1155,,
9528,2024,11,11,月,アスパラガス,33100,香　川,37,90,1218,,
9529,2024,11,11,月,アスパラガス,33100,佐　賀,41,20,1080,,
9530,2024,11,11,月,アスパラガス,33100,長　野,20,2,2565,,
9531,2024,11,11,月,　　うち輸入,33101,,,8431,1333,105.7,102.5
9532,2024,11,11,月,カリフラワー,33200,,,34684,245,114,102.9
9533,2024,11,11,月,カリフラワー,33200,茨　城,8,8155,215,,
9534,2024,11,11,月,カリフラワー,33200,埼　玉,11,7094,237,,
9535,2024,11,11,月,カリフラワー,33200,徳　島,36,5748,291,,
9536,2024,11,11,月,カリフラワー,33200,熊　本,43,5631,219,,
9537,2024,11,11,月,カリフラワー,33200,新　潟,15,2335,292,,
9538,2024,11,11,月,ブロッコリー,33300,,,172842,714,102.9,105.5
9539,2024,11,11,月,ブロッコリー,33300,熊　本,43,34932,753,,
9540,2024,11,11,月,ブロッコリー,33300,長　崎,42,23098,727,,
9541,2024,11,11,月,ブロッコリー,33300,埼　玉,11,20217,692,,
9542,2024,11,11,月,ブロッコリー,33300,香　川,37,19567,850,,
9543,2024,11,11,月,ブロッコリー,33300,鳥　取,31,17682,654,,
9544,2024,11,11,月,レタス,33400,,,665115,236,93.7,104.9
9545,2024,11,11,月,レタス,33400,茨　城,8,391501,222,,
9546,2024,11,11,月,レタス,33400,長　崎,42,77560,165,,
9547,2024,11,11,月,レタス,33400,兵　庫,28,58674,260,,
9548,2024,11,11,月,レタス,33400,福　岡,40,36860,409,,
9549,2024,11,11,月,パセリ,33600,,,2225,3419,99.2,99
9550,2024,11,11,月,パセリ,33600,長　野,20,617,2607,,
9551,2024,11,11,月,パセリ,33600,千　葉,12,610,2903,,
9552,2024,11,11,月,パセリ,33600,静　岡,22,256,4443,,
9553,2024,11,11,月,パセリ,33600,茨　城,8,214,3576,,
9554,2024,11,11,月,パセリ,33600,愛　知,23,137,5276,,
9555,2024,11,11,月,きゅうり,34100,,,378276,824,124.7,103.8
9556,2024,11,11,月,きゅうり,34100,宮　崎,45,92462,947,,
9557,2024,11,11,月,きゅうり,34100,群　馬,10,61696,831,,
9558,2024,11,11,月,きゅうり,34100,埼　玉,11,45120,831,,
9559,2024,11,11,月,きゅうり,34100,高　知,39,29674,801,,
9560,2024,11,11,月,きゅうり,34100,佐　賀,41,28845,720,,
9561,2024,11,11,月,かぼちゃ,34200,,,323764,222,85,107.8
9562,2024,11,11,月,かぼちゃ,34200,北海道,1,316647,204,,
9563,2024,11,11,月,なす,34300,,,236190,482,125.2,107.6
9564,2024,11,11,月,なす,34300,高　知,39,113790,489,,
9565,2024,11,11,月,なす,34300,熊　本,43,52562,502,,
9566,2024,11,11,月,なす,34300,福　岡,40,35990,507,,
9567,2024,11,11,月,トマト,34400,,,461826,531,114,101
9568,2024,11,11,月,トマト,34400,熊　本,43,259831,542,,
9569,2024,11,11,月,トマト,34400,北海道,1,39396,392,,
9570,2024,11,11,月,トマト,34400,岐　阜,21,37816,402,,
9571,2024,11,11,月,トマト,34400,愛　知,23,29772,591,,
9572,2024,11,11,月,トマト,34400,福　岡,40,23034,517,,
9573,2024,11,11,月,ミニトマト,34450,,,172923,753,100.7,102.2
9574,2024,11,11,月,ミニトマト,34450,熊　本,43,113856,695,,
9575,2024,11,11,月,ミニトマト,34450,愛　知,23,15478,1017,,
9576,2024,11,11,月,ミニトマト,34450,宮　崎,45,8136,780,,
9577,2024,11,11,月,ミニトマト,34450,静　岡,22,6843,831,,
9578,2024,11,11,月,ピーマン,34500,,,170620,700,91.9,104.5
9579,2024,11,11,月,ピーマン,34500,茨　城,8,51275,704,,
9580,2024,11,11,月,ピーマン,34500,高　知,39,30955,727,,
9581,2024,11,11,月,ピーマン,34500,宮　崎,45,30397,811,,
9582,2024,11,11,月,ピーマン,34500,鹿児島,46,19333,736,,
9583,2024,11,11,月,ピーマン,34500,大　分,44,13642,489,,
9584,2024,11,11,月,ししとうがらし,34600,,,7337,1627,80.9,124
9585,2024,11,11,月,ししとうがらし,34600,高　知,39,4857,1790,,
9586,2024,11,11,月,ししとうがらし,34600,京　都,26,1222,1316,,
9587,2024,11,11,月,スイートコーン,34700,,,2254,346,177.6,82
9588,2024,11,11,月,スイートコーン,34700,群　馬,10,1480,285,,
9589,2024,11,11,月,スイートコーン,34700,長　崎,42,560,461,,
9590,2024,11,11,月,さやいんげん,35100,,,16584,985,108.7,100.5
9591,2024,11,11,月,さやいんげん,35100,鹿児島,46,9658,956,,
9592,2024,11,11,月,さやいんげん,35100,長　崎,42,2950,1014,,
9593,2024,11,11,月,さやいんげん,35100,山　形,6,869,996,,
9594,2024,11,11,月,さやえんどう,35200,,,4227,1920,122.3,95.2
9595,2024,11,11,月,さやえんどう,35200,鹿児島,46,905,2254,,
9596,2024,11,11,月,さやえんどう,35200,熊　本,43,853,1569,,
9597,2024,11,11,月,さやえんどう,35200,和歌山,30,805,1955,,
9598,2024,11,11,月,さやえんどう,35200,長　崎,42,716,1896,,
9599,2024,11,11,月,さやえんどう,35200,広　島,34,270,2010,,
9600,2024,11,11,月,　　うち輸入,35201,,,385,1350,91.9,125.1
9601,2024,11,11,月,実えんどう,35300,,,355,1339,81.6,106.2
9602,2024,11,11,月,実えんどう,35300,鹿児島,46,323,1358,,
9603,2024,11,11,月,えだまめ,35500,,,2037,1300,139.8,114.1
9604,2024,11,11,月,えだまめ,35500,群　馬,10,415,955,,
9605,2024,11,11,月,えだまめ,35500,沖　縄,47,402,2462,,
9606,2024,11,11,月,えだまめ,35500,千　葉,12,393,906,,
9607,2024,11,11,月,えだまめ,35500,静　岡,22,344,1257,,
9608,2024,11,11,月,えだまめ,35500,鳥　取,31,252,780,,
9609,2024,11,11,月,かんしょ,36100,,,324019,277,98.1,99.6
9610,2024,11,11,月,かんしょ,36100,茨　城,8,147605,226,,
9611,2024,11,11,月,かんしょ,36100,千　葉,12,81517,268,,
9612,2024,11,11,月,かんしょ,36100,徳　島,36,48915,381,,
9613,2024,11,11,月,ばれいしょ,36200,,,1074288,122,122.4,96.8
9614,2024,11,11,月,ばれいしょ,36200,北海道,1,1073168,122,,
9615,2024,11,11,月,さといも,36300,,,86170,373,93.8,111.7
9616,2024,11,11,月,さといも,36300,埼　玉,11,33322,273,,
9617,2024,11,11,月,さといも,36300,愛　媛,38,19922,412,,
9618,2024,11,11,月,さといも,36300,新　潟,15,8689,432,,
9619,2024,11,11,月,さといも,36300,福　井,18,4690,377,,
9620,2024,11,11,月,さといも,36300,静　岡,22,4382,894,,
9621,2024,11,11,月,やまのいも,36500,,,171592,405,195.7,112.8
9622,2024,11,11,月,やまのいも,36500,北海道,1,106467,323,,
9623,2024,11,11,月,やまのいも,36500,青　森,2,54209,505,,
9624,2024,11,11,月,たまねぎ,36610,,,1871136,120,138.5,100.8
9625,2024,11,11,月,たまねぎ,36610,北海道,1,1806618,118,,
9626,2024,11,11,月,　　うち輸入,36620,,,24446,120,69.7,109.1
9627,2024,11,11,月,にんにく,36700,,,19929,1518,130.4,133
9628,2024,11,11,月,にんにく,36700,青　森,2,12957,2013,,
9629,2024,11,11,月,にんにく,36700,岩　手,3,362,1408,,
9630,2024,11,11,月,にんにく,36700,徳　島,36,70,784,,
9631,2024,11,11,月,にんにく,36700,香　川,37,50,1350,,
9632,2024,11,11,月,にんにく,36700,佐　賀,41,25,1350,,
9633,2024,11,11,月,　　うち輸入,36701,,,6443,538,74.1,99.6
9634,2024,11,11,月,しょうが,37200,,,21500,682,94.5,97.6
9635,2024,11,11,月,しょうが,37200,高　知,39,13378,703,,
9636,2024,11,11,月,しょうが,37200,熊　本,43,1841,731,,
9637,2024,11,11,月,しょうが,37200,長　崎,42,1170,687,,
9638,2024,11,11,月,しょうが,37200,千　葉,12,899,663,,
9639,2024,11,11,月,　　うち輸入,37201,,,3607,544,91.3,100.2
9640,2024,11,11,月,生しいたけ,38100,,,77104,1068,92.5,100.5
9641,2024,11,11,月,生しいたけ,38100,徳　島,36,14634,1088,,
9642,2024,11,11,月,生しいたけ,38100,秋　田,5,14514,1152,,
9643,2024,11,11,月,生しいたけ,38100,千　葉,12,6228,753,,
9644,2024,11,11,月,生しいたけ,38100,長　崎,42,5785,1044,,
9645,2024,11,11,月,生しいたけ,38100,岩　手,3,5290,1030,,
9646,2024,11,11,月,　　うち輸入,38101,,,1351,815,79.2,102.4
9647,2024,11,11,月,なめこ,38300,,,21633,535,85.1,102.3
9648,2024,11,11,月,なめこ,38300,長　野,20,6145,546,,
9649,2024,11,11,月,なめこ,38300,山　形,6,2935,563,,
9650,2024,11,11,月,なめこ,38300,三　重,24,2813,558,,
9651,2024,11,11,月,なめこ,38300,大　分,44,2163,512,,
9652,2024,11,11,月,なめこ,38300,宮　城,4,1702,526,,
9653,2024,11,11,月,えのきだけ,38400,,,184383,397,101,100
9654,2024,11,11,月,えのきだけ,38400,長　野,20,128464,395,,
9655,2024,11,11,月,えのきだけ,38400,新　潟,15,17306,417,,
9656,2024,11,11,月,えのきだけ,38400,福　岡,40,9374,399,,
9657,2024,11,11,月,しめじ,38500,,,86705,571,85.8,98.3
9658,2024,11,11,月,しめじ,38500,長　野,20,58480,543,,
9659,2024,11,11,月,しめじ,38500,福　岡,40,14752,518,,
9660,2024,11,11,月,その他の野菜,39000,,,244653,1012,100.2,97.9
9661,2024,11,11,月,輸入野菜計,39100,,,85806,705,82.6,116.3
9662,2024,11,11,月,他の輸入野菜,39200,,,41143,955,89.2,109.9
9663,2024,11,18,月,野菜総計,30000,,,12976663,307,105.3,102.7
9664,2024,11,18,月,野菜総計,30000,北海道,1,3373461,161,,
9665,2024,11,18,月,野菜総計,30000,茨　城,8,2489148,212,,
9666,2024,11,18,月,野菜総計,30000,千　葉,12,969249,238,,
9667,2024,11,18,月,野菜総計,30000,愛　知,23,579322,454,,
9668,2024,11,18,月,野菜総計,30000,熊　本,43,571033,554,,
9669,2024,11,18,月,野菜総計,30000,長　野,20,398510,367,,
9670,2024,11,18,月,野菜総計,30000,神奈川,14,359055,156,,
9671,2024,11,18,月,だいこん,30100,,,1176980,142,105.2,101.4
9672,2024,11,18,月,だいこん,30100,千　葉,12,340385,143,,
9673,2024,11,18,月,だいこん,30100,神奈川,14,274978,129,,
9674,2024,11,18,月,だいこん,30100,熊　本,43,78833,143,,
9675,2024,11,18,月,だいこん,30100,長　崎,42,63308,135,,
9676,2024,11,18,月,だいこん,30100,鹿児島,46,59725,125,,
9677,2024,11,18,月,かぶ,30200,,,104714,171,105.4,103.6
9678,2024,11,18,月,かぶ,30200,千　葉,12,47201,169,,
9679,2024,11,18,月,かぶ,30200,埼　玉,11,13255,126,,
9680,2024,11,18,月,かぶ,30200,福　岡,40,12918,149,,
9681,2024,11,18,月,かぶ,30200,京　都,26,5598,326,,
9682,2024,11,18,月,かぶ,30200,青　森,2,5550,143,,
9683,2024,11,18,月,にんじん,30300,,,673394,198,96,105.9
9684,2024,11,18,月,にんじん,30300,北海道,1,241965,186,,
9685,2024,11,18,月,にんじん,30300,千　葉,12,190180,185,,
9686,2024,11,18,月,にんじん,30300,青　森,2,102720,196,,
9687,2024,11,18,月,にんじん,30300,長　崎,42,57160,285,,
9688,2024,11,18,月,ごぼう,30400,,,111660,299,148.2,96.5
9689,2024,11,18,月,ごぼう,30400,青　森,2,87227,309,,
9690,2024,11,18,月,ごぼう,30400,北海道,1,13030,204,,
9691,2024,11,18,月,たけのこ,30500,,,144,1580,53.1,110.5
9692,2024,11,18,月,たけのこ,30500,高　知,39,128,1450,,
9693,2024,11,18,月,れんこん,30600,,,93873,394,89.9,102.6
9694,2024,11,18,月,れんこん,30600,茨　城,8,57409,385,,
9695,2024,11,18,月,れんこん,30600,佐　賀,41,15391,376,,
9696,2024,11,18,月,れんこん,30600,愛　知,23,7406,336,,
9697,2024,11,18,月,はくさい,31100,,,1861388,91,96.3,95.8
9698,2024,11,18,月,はくさい,31100,茨　城,8,1278254,89,,
9699,2024,11,18,月,はくさい,31100,大　分,44,146827,103,,
9700,2024,11,18,月,はくさい,31100,鹿児島,46,115971,96,,
9701,2024,11,18,月,みずな,31300,,,43942,648,116.7,96
9702,2024,11,18,月,みずな,31300,茨　城,8,30577,603,,
9703,2024,11,18,月,みずな,31300,福　岡,40,6105,842,,
9704,2024,11,18,月,こまつな,31500,,,132442,499,102.4,98.4
9705,2024,11,18,月,こまつな,31500,茨　城,8,70203,510,,
9706,2024,11,18,月,こまつな,31500,福　岡,40,28715,518,,
9707,2024,11,18,月,こまつな,31500,埼　玉,11,7338,440,,
9708,2024,11,18,月,その他の菜類,31550,,,6628,421,189.2,96.6
9709,2024,11,18,月,ちんげんさい,31560,,,35987,428,92.4,101.4
9710,2024,11,18,月,ちんげんさい,31560,茨　城,8,13839,396,,
9711,2024,11,18,月,ちんげんさい,31560,静　岡,22,7004,519,,
9712,2024,11,18,月,ちんげんさい,31560,福　岡,40,4126,474,,
9713,2024,11,18,月,ちんげんさい,31560,愛　知,23,2492,358,,
9714,2024,11,18,月,ちんげんさい,31560,埼　玉,11,1438,361,,
9715,2024,11,18,月,キャベツ,31700,,,1336522,239,109.2,106.2
9716,2024,11,18,月,キャベツ,31700,愛　知,23,330730,298,,
9717,2024,11,18,月,キャベツ,31700,茨　城,8,328140,216,,
9718,2024,11,18,月,キャベツ,31700,千　葉,12,220736,242,,
9719,2024,11,18,月,キャベツ,31700,熊　本,43,82800,237,,
9720,2024,11,18,月,キャベツ,31700,神奈川,14,61935,238,,
9721,2024,11,18,月,ほうれんそう,31800,,,165572,663,109,99.1
9722,2024,11,18,月,ほうれんそう,31800,群　馬,10,59822,589,,
9723,2024,11,18,月,ほうれんそう,31800,茨　城,8,37007,680,,
9724,2024,11,18,月,ほうれんそう,31800,岐　阜,21,20460,834,,
9725,2024,11,18,月,ほうれんそう,31800,福　岡,40,15154,693,,
9726,2024,11,18,月,ほうれんそう,31800,北海道,1,4829,738,,
9727,2024,11,18,月,ねぎ,31900,,,443125,535,96.8,99.6
9728,2024,11,18,月,ねぎ,31900,北海道,1,79680,467,,
9729,2024,11,18,月,ねぎ,31900,秋　田,5,77685,467,,
9730,2024,11,18,月,ねぎ,31900,長　野,20,40329,478,,
9731,2024,11,18,月,ねぎ,31900,青　森,2,27247,498,,
9732,2024,11,18,月,ねぎ,31900,群　馬,10,27207,515,,
9733,2024,11,18,月,ふき,32300,,,4400,425,124,103.2
9734,2024,11,18,月,ふき,32300,愛　知,23,4240,422,,
9735,2024,11,18,月,みつば,32500,,,11922,647,85.9,102.7
9736,2024,11,18,月,みつば,32500,愛　知,23,1815,653,,
9737,2024,11,18,月,みつば,32500,千　葉,12,1692,466,,
9738,2024,11,18,月,みつば,32500,静　岡,22,1608,625,,
9739,2024,11,18,月,みつば,32500,茨　城,8,1568,596,,
9740,2024,11,18,月,みつば,32500,大　分,44,1348,720,,
9741,2024,11,18,月,しゅんぎく,32600,,,22477,806,103.4,95.7
9742,2024,11,18,月,しゅんぎく,32600,福　岡,40,4786,789,,
9743,2024,11,18,月,しゅんぎく,32600,群　馬,10,3298,792,,
9744,2024,11,18,月,しゅんぎく,32600,茨　城,8,3061,625,,
9745,2024,11,18,月,しゅんぎく,32600,千　葉,12,2551,835,,
9746,2024,11,18,月,しゅんぎく,32600,宮　城,4,1308,884,,
9747,2024,11,18,月,にら,32800,,,63105,1151,96,109.7
9748,2024,11,18,月,にら,32800,高　知,39,30312,1335,,
9749,2024,11,18,月,にら,32800,栃　木,9,10112,1067,,
9750,2024,11,18,月,にら,32800,茨　城,8,7125,1000,,
9751,2024,11,18,月,にら,32800,大　分,44,5855,819,,
9752,2024,11,18,月,セルリー,32900,,,40686,415,95.5,102.7
9753,2024,11,18,月,セルリー,32900,長　野,20,15800,456,,
9754,2024,11,18,月,セルリー,32900,静　岡,22,10606,385,,
9755,2024,11,18,月,セルリー,32900,福　岡,40,5640,431,,
9756,2024,11,18,月,セルリー,32900,愛　知,23,4067,371,,
9757,2024,11,18,月,アスパラガス,33100,,,10119,1397,115.2,106
9758,2024,11,18,月,アスパラガス,33100,香　川,37,50,1214,,
9759,2024,11,18,月,アスパラガス,33100,福　岡,40,5,1080,,
9760,2024,11,18,月,アスパラガス,33100,長　野,20,1,2462,,
9761,2024,11,18,月,　　うち輸入,33101,,,10062,1398,116.2,106
9762,2024,11,18,月,カリフラワー,33200,,,53302,231,129.1,96.3
9763,2024,11,18,月,カリフラワー,33200,徳　島,36,12978,217,,
9764,2024,11,18,月,カリフラワー,33200,熊　本,43,11611,229,,
9765,2024,11,18,月,カリフラワー,33200,埼　玉,11,6292,248,,
9766,2024,11,18,月,カリフラワー,33200,茨　城,8,5988,225,,
9767,2024,11,18,月,カリフラワー,33200,新　潟,15,5212,251,,
9768,2024,11,18,月,ブロッコリー,33300,,,340993,501,135.3,91.6
9769,2024,11,18,月,ブロッコリー,33300,埼　玉,11,60225,472,,
9770,2024,11,18,月,ブロッコリー,33300,香　川,37,49842,608,,
9771,2024,11,18,月,ブロッコリー,33300,熊　本,43,39057,553,,
9772,2024,11,18,月,ブロッコリー,33300,鳥　取,31,34470,565,,
9773,2024,11,18,月,ブロッコリー,33300,徳　島,36,32316,486,,
9774,2024,11,18,月,レタス,33400,,,630530,271,93.6,103.4
9775,2024,11,18,月,レタス,33400,茨　城,8,354638,268,,
9776,2024,11,18,月,レタス,33400,長　崎,42,72720,191,,
9777,2024,11,18,月,レタス,33400,兵　庫,28,61495,317,,
9778,2024,11,18,月,レタス,33400,福　岡,40,36703,370,,
9779,2024,11,18,月,パセリ,33600,,,2101,3726,97.4,107.5
9780,2024,11,18,月,パセリ,33600,千　葉,12,714,2984,,
9781,2024,11,18,月,パセリ,33600,静　岡,22,414,4288,,
9782,2024,11,18,月,パセリ,33600,茨　城,8,290,3873,,
9783,2024,11,18,月,パセリ,33600,愛　知,23,189,4825,,
9784,2024,11,18,月,パセリ,33600,大　分,44,125,4127,,
9785,2024,11,18,月,きゅうり,34100,,,546991,589,137.2,88.8
9786,2024,11,18,月,きゅうり,34100,宮　崎,45,151471,656,,
9787,2024,11,18,月,きゅうり,34100,高　知,39,69188,620,,
9788,2024,11,18,月,きゅうり,34100,群　馬,10,60618,609,,
9789,2024,11,18,月,きゅうり,34100,埼　玉,11,49030,565,,
9790,2024,11,18,月,きゅうり,34100,佐　賀,41,42036,529,,
9791,2024,11,18,月,かぼちゃ,34200,,,289519,249,97.7,102
9792,2024,11,18,月,かぼちゃ,34200,北海道,1,245598,210,,
9793,2024,11,18,月,　　うち輸入,34201,,,27841,248,439.8,102.9
9794,2024,11,18,月,なす,34300,,,265943,499,127.3,104.4
9795,2024,11,18,月,なす,34300,高　知,39,109344,508,,
9796,2024,11,18,月,なす,34300,熊　本,43,74524,488,,
9797,2024,11,18,月,なす,34300,福　岡,40,51536,513,,
9798,2024,11,18,月,トマト,34400,,,308926,737,97.3,109
9799,2024,11,18,月,トマト,34400,熊　本,43,141055,753,,
9800,2024,11,18,月,トマト,34400,愛　知,23,33988,805,,
9801,2024,11,18,月,トマト,34400,岐　阜,21,25843,549,,
9802,2024,11,18,月,トマト,34400,北海道,1,16390,528,,
9803,2024,11,18,月,トマト,34400,福　岡,40,15173,634,,
9804,2024,11,18,月,ミニトマト,34450,,,167088,1050,142.2,103.8
9805,2024,11,18,月,ミニトマト,34450,熊　本,43,96862,994,,
9806,2024,11,18,月,ミニトマト,34450,愛　知,23,21787,1361,,
9807,2024,11,18,月,ミニトマト,34450,宮　崎,45,12899,931,,
9808,2024,11,18,月,ミニトマト,34450,長　崎,42,7378,1082,,
9809,2024,11,18,月,ピーマン,34500,,,158270,741,105.7,105.7
9810,2024,11,18,月,ピーマン,34500,茨　城,8,70378,730,,
9811,2024,11,18,月,ピーマン,34500,高　知,39,24084,747,,
9812,2024,11,18,月,ピーマン,34500,宮　崎,45,18777,877,,
9813,2024,11,18,月,ピーマン,34500,鹿児島,46,16530,768,,
9814,2024,11,18,月,ししとうがらし,34600,,,8496,1686,93,113.2
9815,2024,11,18,月,ししとうがらし,34600,高　知,39,5984,1830,,
9816,2024,11,18,月,ししとうがらし,34600,京　都,26,1017,1226,,
9817,2024,11,18,月,スイートコーン,34700,,,895,529,108.6,127.2
9818,2024,11,18,月,スイートコーン,34700,長　崎,42,650,445,,
9819,2024,11,18,月,スイートコーン,34700,徳　島,36,195,829,,
9820,2024,11,18,月,さやいんげん,35100,,,19518,1008,104.9,100.9
9821,2024,11,18,月,さやいんげん,35100,鹿児島,46,11262,972,,
9822,2024,11,18,月,さやいんげん,35100,長　崎,42,4118,1045,,
9823,2024,11,18,月,さやいんげん,35100,山　形,6,754,961,,
9824,2024,11,18,月,さやえんどう,35200,,,7790,1718,134.4,91.4
9825,2024,11,18,月,さやえんどう,35200,和歌山,30,2767,1463,,
9826,2024,11,18,月,さやえんどう,35200,鹿児島,46,1708,2003,,
9827,2024,11,18,月,さやえんどう,35200,熊　本,43,1440,1598,,
9828,2024,11,18,月,さやえんどう,35200,長　崎,42,853,2097,,
9829,2024,11,18,月,　　うち輸入,35201,,,445,1225,132.4,100.4
9830,2024,11,18,月,実えんどう,35300,,,832,1200,91.4,97.5
9831,2024,11,18,月,実えんどう,35300,鹿児島,46,508,1187,,
9832,2024,11,18,月,実えんどう,35300,和歌山,30,324,1221,,
9833,2024,11,18,月,えだまめ,35500,,,1057,1482,99,109.1
9834,2024,11,18,月,えだまめ,35500,静　岡,22,717,1299,,
9835,2024,11,18,月,えだまめ,35500,沖　縄,47,198,2499,,
9836,2024,11,18,月,かんしょ,36100,,,344722,292,102.5,103.2
9837,2024,11,18,月,かんしょ,36100,茨　城,8,130675,252,,
9838,2024,11,18,月,かんしょ,36100,千　葉,12,82797,271,,
9839,2024,11,18,月,かんしょ,36100,徳　島,36,50550,377,,
9840,2024,11,18,月,かんしょ,36100,大　分,44,34795,343,,
9841,2024,11,18,月,ばれいしょ,36200,,,952313,132,113.2,99.2
9842,2024,11,18,月,ばれいしょ,36200,北海道,1,949647,132,,
9843,2024,11,18,月,さといも,36300,,,82695,369,99.2,106
9844,2024,11,18,月,さといも,36300,埼　玉,11,34391,293,,
9845,2024,11,18,月,さといも,36300,愛　媛,38,19659,380,,
9846,2024,11,18,月,さといも,36300,新　潟,15,6425,396,,
9847,2024,11,18,月,さといも,36300,静　岡,22,4093,819,,
9848,2024,11,18,月,さといも,36300,福　井,18,2900,399,,
9849,2024,11,18,月,やまのいも,36500,,,144462,409,106.4,98.6
9850,2024,11,18,月,やまのいも,36500,北海道,1,96948,351,,
9851,2024,11,18,月,やまのいも,36500,青　森,2,36424,505,,
9852,2024,11,18,月,たまねぎ,36610,,,1645473,125,108.9,100
9853,2024,11,18,月,たまねぎ,36610,北海道,1,1590327,123,,
9854,2024,11,18,月,　　うち輸入,36620,,,27451,114,79.7,102.7
9855,2024,11,18,月,にんにく,36700,,,17606,1425,76.6,102.7
9856,2024,11,18,月,にんにく,36700,青　森,2,10847,1975,,
9857,2024,11,18,月,にんにく,36700,佐　賀,41,25,1350,,
9858,2024,11,18,月,にんにく,36700,岩　手,3,1,3780,,
9859,2024,11,18,月,　　うち輸入,36701,,,6732,538,76.4,98.5
9860,2024,11,18,月,しょうが,37200,,,23179,645,107.1,92.5
9861,2024,11,18,月,しょうが,37200,高　知,39,11683,720,,
9862,2024,11,18,月,しょうが,37200,熊　本,43,2135,735,,
9863,2024,11,18,月,しょうが,37200,長　崎,42,2079,508,,
9864,2024,11,18,月,しょうが,37200,愛　知,23,1971,447,,
9865,2024,11,18,月,しょうが,37200,千　葉,12,1013,722,,
9866,2024,11,18,月,　　うち輸入,37201,,,3898,538,97.1,98.5
9867,2024,11,18,月,生しいたけ,38100,,,88738,1047,99,99.5
9868,2024,11,18,月,生しいたけ,38100,秋　田,5,17412,1091,,
9869,2024,11,18,月,生しいたけ,38100,徳　島,36,16659,1022,,
9870,2024,11,18,月,生しいたけ,38100,長　崎,42,5857,1137,,
9871,2024,11,18,月,生しいたけ,38100,岩　手,3,5590,1066,,
9872,2024,11,18,月,生しいたけ,38100,千　葉,12,5399,730,,
9873,2024,11,18,月,　　うち輸入,38101,,,1785,819,82,107.1
9874,2024,11,18,月,なめこ,38300,,,22321,542,80.5,102.8
9875,2024,11,18,月,なめこ,38300,長　野,20,7182,541,,
9876,2024,11,18,月,なめこ,38300,山　形,6,3512,573,,
9877,2024,11,18,月,なめこ,38300,三　重,24,2433,569,,
9878,2024,11,18,月,なめこ,38300,大　分,44,1608,496,,
9879,2024,11,18,月,なめこ,38300,宮　城,4,1567,551,,
9880,2024,11,18,月,えのきだけ,38400,,,179642,428,105.7,103.6
9881,2024,11,18,月,えのきだけ,38400,長　野,20,123693,429,,
9882,2024,11,18,月,えのきだけ,38400,新　潟,15,16575,445,,
9883,2024,11,18,月,えのきだけ,38400,長　崎,42,7926,442,,
9884,2024,11,18,月,しめじ,38500,,,82654,609,80.4,103
9885,2024,11,18,月,しめじ,38500,長　野,20,55161,567,,
9886,2024,11,18,月,しめじ,38500,福　岡,40,12076,584,,
9887,2024,11,18,月,その他の野菜,39000,,,251623,1034,98.9,101.8
9888,2024,11,18,月,輸入野菜計,39100,,,131134,515,113.9,95.7
9889,2024,11,18,月,他の輸入野菜,39200,,,52922,674,105.1,94.1
9890,2024,11,25,月,野菜総計,30000,,,17291443,303,123.2,102.4
9891,2024,11,25,月,野菜総計,30000,北海道,1,4175730,171,,
9892,2024,11,25,月,野菜総計,30000,茨　城,8,3479614,185,,
9893,2024,11,25,月,野菜総計,30000,千　葉,12,1478082,231,,
9894,2024,11,25,月,野菜総計,30000,熊　本,43,778906,587,,
9895,2024,11,25,月,野菜総計,30000,愛　知,23,743162,421,,
9896,2024,11,25,月,野菜総計,30000,長　崎,42,611912,285,,
9897,2024,11,25,月,野菜総計,30000,鹿児島,46,460805,278,,
9898,2024,11,25,月,だいこん,30100,,,1457558,126,110.8,96.2
9899,2024,11,25,月,だいこん,30100,千　葉,12,509230,127,,
9900,2024,11,25,月,だいこん,30100,神奈川,14,253794,117,,
9901,2024,11,25,月,だいこん,30100,長　崎,42,165037,124,,
9902,2024,11,25,月,だいこん,30100,鹿児島,46,84994,88,,
9903,2024,11,25,月,だいこん,30100,和歌山,30,61765,173,,
9904,2024,11,25,月,かぶ,30200,,,128638,169,111.4,100
9905,2024,11,25,月,かぶ,30200,千　葉,12,60957,167,,
9906,2024,11,25,月,かぶ,30200,埼　玉,11,16651,138,,
9907,2024,11,25,月,かぶ,30200,福　岡,40,11867,166,,
9908,2024,11,25,月,かぶ,30200,京　都,26,11374,201,,
9909,2024,11,25,月,かぶ,30200,石　川,17,7974,169,,
9910,2024,11,25,月,にんじん,30300,,,1015091,207,120.7,99
9911,2024,11,25,月,にんじん,30300,千　葉,12,411142,186,,
9912,2024,11,25,月,にんじん,30300,長　崎,42,215800,254,,
9913,2024,11,25,月,にんじん,30300,北海道,1,158689,181,,
9914,2024,11,25,月,にんじん,30300,青　森,2,34290,224,,
9915,2024,11,25,月,ごぼう,30400,,,180247,297,89.6,100.7
9916,2024,11,25,月,ごぼう,30400,青　森,2,134928,309,,
9917,2024,11,25,月,ごぼう,30400,北海道,1,23297,194,,
9918,2024,11,25,月,たけのこ,30500,,,62,2526,83.8,79.6
9919,2024,11,25,月,たけのこ,30500,熊　本,43,23,3371,,
9920,2024,11,25,月,れんこん,30600,,,107724,429,90.9,103.6
9921,2024,11,25,月,れんこん,30600,茨　城,8,66005,431,,
9922,2024,11,25,月,れんこん,30600,佐　賀,41,16179,408,,
9923,2024,11,25,月,れんこん,30600,徳　島,36,10258,499,,
9924,2024,11,25,月,はくさい,31100,,,2918274,86,143.3,93.5
9925,2024,11,25,月,はくさい,31100,茨　城,8,2114212,84,,
9926,2024,11,25,月,はくさい,31100,大　分,44,276639,89,,
9927,2024,11,25,月,みずな,31300,,,56475,561,125,96.2
9928,2024,11,25,月,みずな,31300,茨　城,8,41082,529,,
9929,2024,11,25,月,みずな,31300,福　岡,40,6775,665,,
9930,2024,11,25,月,こまつな,31500,,,172617,437,133.6,97.3
9931,2024,11,25,月,こまつな,31500,茨　城,8,90479,431,,
9932,2024,11,25,月,こまつな,31500,福　岡,40,37353,463,,
9933,2024,11,25,月,こまつな,31500,埼　玉,11,10467,415,,
9934,2024,11,25,月,その他の菜類,31550,,,6435,428,162.2,89
9935,2024,11,25,月,ちんげんさい,31560,,,44476,416,105.6,95
9936,2024,11,25,月,ちんげんさい,31560,茨　城,8,19613,398,,
9937,2024,11,25,月,ちんげんさい,31560,静　岡,22,7009,485,,
9938,2024,11,25,月,ちんげんさい,31560,福　岡,40,6010,441,,
9939,2024,11,25,月,ちんげんさい,31560,愛　知,23,2302,347,,
9940,2024,11,25,月,ちんげんさい,31560,埼　玉,11,1845,315,,
9941,2024,11,25,月,キャベツ,31700,,,1574708,199,105.3,90.5
9942,2024,11,25,月,キャベツ,31700,愛　知,23,367688,213,,
9943,2024,11,25,月,キャベツ,31700,茨　城,8,353903,170,,
9944,2024,11,25,月,キャベツ,31700,千　葉,12,248654,235,,
9945,2024,11,25,月,キャベツ,31700,熊　本,43,143645,209,,
9946,2024,11,25,月,キャベツ,31700,神奈川,14,86370,221,,
9947,2024,11,25,月,ほうれんそう,31800,,,244883,597,161.9,96
9948,2024,11,25,月,ほうれんそう,31800,群　馬,10,102961,537,,
9949,2024,11,25,月,ほうれんそう,31800,茨　城,8,48163,590,,
9950,2024,11,25,月,ほうれんそう,31800,岐　阜,21,27744,738,,
9951,2024,11,25,月,ほうれんそう,31800,福　岡,40,18908,662,,
9952,2024,11,25,月,ねぎ,31900,,,596182,540,124.4,97.6
9953,2024,11,25,月,ねぎ,31900,秋　田,5,94773,438,,
9954,2024,11,25,月,ねぎ,31900,北海道,1,69532,452,,
9955,2024,11,25,月,ねぎ,31900,長　野,20,60682,472,,
9956,2024,11,25,月,ねぎ,31900,群　馬,10,45631,484,,
9957,2024,11,25,月,ねぎ,31900,茨　城,8,37483,448,,
9958,2024,11,25,月,ふき,32300,,,4372,419,94,95.2
9959,2024,11,25,月,ふき,32300,愛　知,23,4279,418,,
9960,2024,11,25,月,みつば,32500,,,13008,672,85,100.1
9961,2024,11,25,月,みつば,32500,千　葉,12,1920,532,,
9962,2024,11,25,月,みつば,32500,愛　知,23,1842,646,,
9963,2024,11,25,月,みつば,32500,静　岡,22,1785,652,,
9964,2024,11,25,月,みつば,32500,茨　城,8,1624,654,,
9965,2024,11,25,月,みつば,32500,大　分,44,1568,713,,
9966,2024,11,25,月,しゅんぎく,32600,,,32777,743,126.1,91.3
9967,2024,11,25,月,しゅんぎく,32600,群　馬,10,5958,715,,
9968,2024,11,25,月,しゅんぎく,32600,福　岡,40,5324,799,,
9969,2024,11,25,月,しゅんぎく,32600,茨　城,8,4621,572,,
9970,2024,11,25,月,しゅんぎく,32600,千　葉,12,3046,735,,
9971,2024,11,25,月,しゅんぎく,32600,福　島,7,2127,702,,
9972,2024,11,25,月,にら,32800,,,83040,1179,118.5,100.3
9973,2024,11,25,月,にら,32800,高　知,39,34522,1388,,
9974,2024,11,25,月,にら,32800,栃　木,9,13880,1072,,
9975,2024,11,25,月,にら,32800,茨　城,8,10911,1042,,
9976,2024,11,25,月,にら,32800,大　分,44,7455,915,,
9977,2024,11,25,月,セルリー,32900,,,51832,405,131.8,96.4
9978,2024,11,25,月,セルリー,32900,福　岡,40,16840,416,,
9979,2024,11,25,月,セルリー,32900,静　岡,22,16233,381,,
9980,2024,11,25,月,セルリー,32900,愛　知,23,7427,415,,
9981,2024,11,25,月,セルリー,32900,山　形,6,4830,416,,
9982,2024,11,25,月,アスパラガス,33100,,,9420,1482,79.6,103.5
9983,2024,11,25,月,アスパラガス,33100,長　野,20,1,2668,,
9984,2024,11,25,月,　　うち輸入,33101,,,9415,1482,79.7,103.6
9985,2024,11,25,月,カリフラワー,33200,,,45029,242,138.2,99.2
9986,2024,11,25,月,カリフラワー,33200,熊　本,43,9962,228,,
9987,2024,11,25,月,カリフラワー,33200,徳　島,36,8015,241,,
9988,2024,11,25,月,カリフラワー,33200,埼　玉,11,6147,252,,
9989,2024,11,25,月,カリフラワー,33200,愛　知,23,5661,214,,
9990,2024,11,25,月,カリフラワー,33200,茨　城,8,5043,271,,
9991,2024,11,25,月,ブロッコリー,33300,,,412206,485,166.7,100.8
9992,2024,11,25,月,ブロッコリー,33300,熊　本,43,72532,522,,
9993,2024,11,25,月,ブロッコリー,33300,埼　玉,11,56522,478,,
9994,2024,11,25,月,ブロッコリー,33300,香　川,37,48957,572,,
9995,2024,11,25,月,ブロッコリー,33300,長　崎,42,48510,494,,
9996,2024,11,25,月,ブロッコリー,33300,徳　島,36,37718,492,,
9997,2024,11,25,月,レタス,33400,,,775910,313,123.9,102.6
9998,2024,11,25,月,レタス,33400,茨　城,8,355356,318,,
9999,2024,11,25,月,レタス,33400,長　崎,42,103758,210,,
10000,2024,11,25,月,レタス,33400,兵　庫,28,93175,363,,
10001,2024,11,25,月,レタス,33400,福　岡,40,48406,376,,
10002,2024,11,25,月,レタス,33400,静　岡,22,40751,338,,
10003,2024,11,25,月,パセリ,33600,,,3322,3321,106.9,90.2
10004,2024,11,25,月,パセリ,33600,千　葉,12,1559,2853,,
10005,2024,11,25,月,パセリ,33600,静　岡,22,488,2933,,
10006,2024,11,25,月,パセリ,33600,茨　城,8,328,3772,,
10007,2024,11,25,月,パセリ,33600,愛　知,23,257,4743,,
10008,2024,11,25,月,パセリ,33600,大　分,44,161,3750,,
10009,2024,11,25,月,きゅうり,34100,,,604570,537,192.8,98.7
10010,2024,11,25,月,きゅうり,34100,宮　崎,45,150429,606,,
10011,2024,11,25,月,きゅうり,34100,高　知,39,98050,517,,
10012,2024,11,25,月,きゅうり,34100,群　馬,10,58489,536,,
10013,2024,11,25,月,きゅうり,34100,埼　玉,11,50742,568,,
10014,2024,11,25,月,きゅうり,34100,千　葉,12,39653,581,,
10015,2024,11,25,月,かぼちゃ,34200,,,384771,266,113.7,102.3
10016,2024,11,25,月,かぼちゃ,34200,北海道,1,329074,238,,
10017,2024,11,25,月,　　うち輸入,34201,,,27510,330,156.6,111.1
10018,2024,11,25,月,なす,34300,,,330285,539,181.7,98.2
10019,2024,11,25,月,なす,34300,高　知,39,130600,596,,
10020,2024,11,25,月,なす,34300,熊　本,43,88308,494,,
10021,2024,11,25,月,なす,34300,福　岡,40,63751,520,,
10022,2024,11,25,月,トマト,34400,,,437544,862,189.4,91.6
10023,2024,11,25,月,トマト,34400,熊　本,43,185939,832,,
10024,2024,11,25,月,トマト,34400,愛　知,23,61387,1009,,
10025,2024,11,25,月,トマト,34400,栃　木,9,40492,967,,
10026,2024,11,25,月,トマト,34400,千　葉,12,24136,854,,
10027,2024,11,25,月,トマト,34400,福　岡,40,24024,703,,
10028,2024,11,25,月,ミニトマト,34450,,,231002,1121,175,92.2
10029,2024,11,25,月,ミニトマト,34450,熊　本,43,144129,1044,,
10030,2024,11,25,月,ミニトマト,34450,愛　知,23,26736,1373,,
10031,2024,11,25,月,ミニトマト,34450,宮　崎,45,13197,1200,,
10032,2024,11,25,月,ミニトマト,34450,長　崎,42,10772,1108,,
10033,2024,11,25,月,ピーマン,34500,,,254566,784,152.7,101
10034,2024,11,25,月,ピーマン,34500,茨　城,8,66524,761,,
10035,2024,11,25,月,ピーマン,34500,鹿児島,46,63946,780,,
10036,2024,11,25,月,ピーマン,34500,宮　崎,45,56459,870,,
10037,2024,11,25,月,ピーマン,34500,高　知,39,34787,789,,
10038,2024,11,25,月,ししとうがらし,34600,,,12526,1576,122.3,92.3
10039,2024,11,25,月,ししとうがらし,34600,高　知,39,8910,1699,,
10040,2024,11,25,月,ししとうがらし,34600,京　都,26,838,1560,,
10041,2024,11,25,月,ししとうがらし,34600,宮　崎,45,660,977,,
10042,2024,11,25,月,スイートコーン,34700,,,275,493,16.8,121.7
10043,2024,11,25,月,スイートコーン,34700,長　崎,42,205,518,,
10044,2024,11,25,月,スイートコーン,34700,山　梨,19,70,420,,
10045,2024,11,25,月,さやいんげん,35100,,,19852,1051,125.7,103.6
10046,2024,11,25,月,さやいんげん,35100,鹿児島,46,10452,1003,,
10047,2024,11,25,月,さやいんげん,35100,長　崎,42,5135,1005,,
10048,2024,11,25,月,さやいんげん,35100,高　知,39,1088,1573,,
10049,2024,11,25,月,さやえんどう,35200,,,11860,1669,165.7,95.9
10050,2024,11,25,月,さやえんどう,35200,鹿児島,46,3701,1764,,
10051,2024,11,25,月,さやえんどう,35200,熊　本,43,2689,1571,,
10052,2024,11,25,月,さやえんどう,35200,和歌山,30,2273,1319,,
10053,2024,11,25,月,さやえんどう,35200,長　崎,42,1484,1842,,
10054,2024,11,25,月,　　うち輸入,35201,,,393,1263,150,101.5
10055,2024,11,25,月,実えんどう,35300,,,2224,1105,178.8,95.7
10056,2024,11,25,月,実えんどう,35300,鹿児島,46,1618,1069,,
10057,2024,11,25,月,実えんどう,35300,和歌山,30,606,1201,,
10058,2024,11,25,月,えだまめ,35500,,,1225,1846,202.1,148
10059,2024,11,25,月,えだまめ,35500,沖　縄,47,588,2473,,
10060,2024,11,25,月,えだまめ,35500,静　岡,22,441,1347,,
10061,2024,11,25,月,かんしょ,36100,,,468462,289,113.5,101.4
10062,2024,11,25,月,かんしょ,36100,茨　城,8,179529,250,,
10063,2024,11,25,月,かんしょ,36100,千　葉,12,109263,279,,
10064,2024,11,25,月,かんしょ,36100,徳　島,36,69288,377,,
10065,2024,11,25,月,かんしょ,36100,大　分,44,33785,269,,
10066,2024,11,25,月,ばれいしょ,36200,,,1285951,135,110.4,97.1
10067,2024,11,25,月,ばれいしょ,36200,北海道,1,1273515,134,,
10068,2024,11,25,月,さといも,36300,,,97433,365,88.9,97.1
10069,2024,11,25,月,さといも,36300,埼　玉,11,36007,296,,
10070,2024,11,25,月,さといも,36300,愛　媛,38,17453,395,,
10071,2024,11,25,月,さといも,36300,新　潟,15,9426,401,,
10072,2024,11,25,月,さといも,36300,千　葉,12,5793,307,,
10073,2024,11,25,月,さといも,36300,福　井,18,4000,390,,
10074,2024,11,25,月,やまのいも,36500,,,210748,451,133,104.6
10075,2024,11,25,月,やまのいも,36500,北海道,1,133889,397,,
10076,2024,11,25,月,やまのいも,36500,青　森,2,59772,518,,
10077,2024,11,25,月,たまねぎ,36610,,,2122948,135,110.5,106.3
10078,2024,11,25,月,たまねぎ,36610,北海道,1,2018904,134,,
10079,2024,11,25,月,　　うち輸入,36620,,,59239,109,152.5,94.8
10080,2024,11,25,月,にんにく,36700,,,23157,1441,87.8,124.5
10081,2024,11,25,月,にんにく,36700,青　森,2,15302,1902,,
10082,2024,11,25,月,にんにく,36700,北海道,1,45,576,,
10083,2024,11,25,月,にんにく,36700,佐　賀,41,30,1350,,
10084,2024,11,25,月,にんにく,36700,沖　縄,47,8,1080,,
10085,2024,11,25,月,にんにく,36700,岩　手,3,4,1269,,
10086,2024,11,25,月,　　うち輸入,36701,,,7766,535,56,103.5
10087,2024,11,25,月,しょうが,37200,,,24789,692,82.4,98.6
10088,2024,11,25,月,しょうが,37200,高　知,39,13053,744,,
10089,2024,11,25,月,しょうが,37200,熊　本,43,2631,761,,
10090,2024,11,25,月,しょうが,37200,千　葉,12,1907,618,,
10091,2024,11,25,月,しょうが,37200,長　崎,42,1811,644,,
10092,2024,11,25,月,しょうが,37200,沖　縄,47,190,566,,
10093,2024,11,25,月,　　うち輸入,37201,,,4640,543,72.1,104.8
10094,2024,11,25,月,生しいたけ,38100,,,118931,1056,119.2,100.4
10095,2024,11,25,月,生しいたけ,38100,徳　島,36,24286,913,,
10096,2024,11,25,月,生しいたけ,38100,秋　田,5,18680,1250,,
10097,2024,11,25,月,生しいたけ,38100,岩　手,3,9453,1033,,
10098,2024,11,25,月,生しいたけ,38100,長　崎,42,8773,1099,,
10099,2024,11,25,月,生しいたけ,38100,千　葉,12,7045,777,,
10100,2024,11,25,月,　　うち輸入,38101,,,2111,838,110.2,120.9
10101,2024,11,25,月,なめこ,38300,,,27816,529,81.8,97.8
10102,2024,11,25,月,なめこ,38300,長　野,20,8046,510,,
10103,2024,11,25,月,なめこ,38300,山　形,6,4553,577,,
10104,2024,11,25,月,なめこ,38300,三　重,24,2826,567,,
10105,2024,11,25,月,なめこ,38300,大　分,44,2649,501,,
10106,2024,11,25,月,なめこ,38300,宮　城,4,2148,564,,
10107,2024,11,25,月,えのきだけ,38400,,,242153,453,118,100.9
10108,2024,11,25,月,えのきだけ,38400,長　野,20,162733,460,,
10109,2024,11,25,月,えのきだけ,38400,新　潟,15,28059,466,,
10110,2024,11,25,月,えのきだけ,38400,長　崎,42,12366,447,,
10111,2024,11,25,月,しめじ,38500,,,106636,620,89.4,100.2
10112,2024,11,25,月,しめじ,38500,長　野,20,74360,575,,
10113,2024,11,25,月,しめじ,38500,福　岡,40,13930,643,,
10114,2024,11,25,月,その他の野菜,39000,,,337512,991,111.5,92.9
10115,2024,11,25,月,輸入野菜計,39100,,,187883,426,96.7,94.7
10116,2024,11,25,月,他の輸入野菜,39200,,,76813,541,74.1,115.1
10117,2024,12,2,月,野菜総計,30000,,,13715489,295,111.7,99.7
10118,2024,12,2,月,野菜総計,30000,北海道,1,3671058,175,,
10119,2024,12,2,月,野菜総計,30000,茨　城,8,2600116,180,,
10120,2024,12,2,月,野菜総計,30000,千　葉,12,1206571,217,,
10121,2024,12,2,月,野菜総計,30000,愛　知,23,723076,370,,
10122,2024,12,2,月,野菜総計,30000,熊　本,43,507547,571,,
10123,2024,12,2,月,野菜総計,30000,長　崎,42,497399,275,,
10124,2024,12,2,月,野菜総計,30000,宮　崎,45,360948,575,,
10125,2024,12,2,月,だいこん,30100,,,1048425,118,84.3,102.6
10126,2024,12,2,月,だいこん,30100,千　葉,12,418632,109,,
10127,2024,12,2,月,だいこん,30100,神奈川,14,230587,109,,
10128,2024,12,2,月,だいこん,30100,長　崎,42,79139,117,,
10129,2024,12,2,月,だいこん,30100,和歌山,30,63258,154,,
10130,2024,12,2,月,だいこん,30100,徳　島,36,49645,152,,
10131,2024,12,2,月,かぶ,30200,,,133675,172,106.7,103
10132,2024,12,2,月,かぶ,30200,千　葉,12,57141,158,,
10133,2024,12,2,月,かぶ,30200,福　岡,40,17041,175,,
10134,2024,12,2,月,かぶ,30200,京　都,26,14936,262,,
10135,2024,12,2,月,かぶ,30200,埼　玉,11,14357,128,,
10136,2024,12,2,月,かぶ,30200,石　川,17,7619,171,,
10137,2024,12,2,月,にんじん,30300,,,781770,190,124.9,96.9
10138,2024,12,2,月,にんじん,30300,千　葉,12,344763,182,,
10139,2024,12,2,月,にんじん,30300,長　崎,42,173949,217,,
10140,2024,12,2,月,にんじん,30300,愛　知,23,64006,192,,
10141,2024,12,2,月,にんじん,30300,北海道,1,61104,95,,
10142,2024,12,2,月,ごぼう,30400,,,126128,333,181.4,92.8
10143,2024,12,2,月,ごぼう,30400,青　森,2,88558,347,,
10144,2024,12,2,月,ごぼう,30400,茨　城,8,16212,246,,
10145,2024,12,2,月,たけのこ,30500,,,101,2276,134.7,98.6
10146,2024,12,2,月,たけのこ,30500,熊　本,43,14,3190,,
10147,2024,12,2,月,たけのこ,30500,鹿児島,46,11,2710,,
10148,2024,12,2,月,たけのこ,30500,京　都,26,4,3564,,
10149,2024,12,2,月,れんこん,30600,,,92266,421,99,98.1
10150,2024,12,2,月,れんこん,30600,茨　城,8,55458,419,,
10151,2024,12,2,月,れんこん,30600,佐　賀,41,12460,410,,
10152,2024,12,2,月,れんこん,30600,愛　知,23,9944,337,,
10153,2024,12,2,月,はくさい,31100,,,2193900,80,105.1,96.4
10154,2024,12,2,月,はくさい,31100,茨　城,8,1608114,74,,
10155,2024,12,2,月,はくさい,31100,大　分,44,137767,100,,
10156,2024,12,2,月,はくさい,31100,鹿児島,46,126462,91,,
10157,2024,12,2,月,みずな,31300,,,44666,515,100.4,98.8
10158,2024,12,2,月,みずな,31300,茨　城,8,30852,485,,
10159,2024,12,2,月,みずな,31300,福　岡,40,6962,574,,
10160,2024,12,2,月,こまつな,31500,,,129767,439,99.4,102.1
10161,2024,12,2,月,こまつな,31500,茨　城,8,68745,451,,
10162,2024,12,2,月,こまつな,31500,福　岡,40,28160,444,,
10163,2024,12,2,月,こまつな,31500,埼　玉,11,8725,385,,
10164,2024,12,2,月,その他の菜類,31550,,,8663,381,151.3,103
10165,2024,12,2,月,ちんげんさい,31560,,,34012,428,90.5,100
10166,2024,12,2,月,ちんげんさい,31560,茨　城,8,12546,416,,
10167,2024,12,2,月,ちんげんさい,31560,静　岡,22,7472,492,,
10168,2024,12,2,月,ちんげんさい,31560,福　岡,40,3368,406,,
10169,2024,12,2,月,ちんげんさい,31560,愛　知,23,2490,373,,
10170,2024,12,2,月,ちんげんさい,31560,宮　城,4,1250,312,,
10171,2024,12,2,月,キャベツ,31700,,,1280246,189,79.8,105.6
10172,2024,12,2,月,キャベツ,31700,愛　知,23,379292,200,,
10173,2024,12,2,月,キャベツ,31700,茨　城,8,284041,187,,
10174,2024,12,2,月,キャベツ,31700,千　葉,12,163186,218,,
10175,2024,12,2,月,キャベツ,31700,熊　本,43,79342,180,,
10176,2024,12,2,月,キャベツ,31700,神奈川,14,76019,197,,
10177,2024,12,2,月,ほうれんそう,31800,,,139788,652,100.4,105.2
10178,2024,12,2,月,ほうれんそう,31800,群　馬,10,54658,598,,
10179,2024,12,2,月,ほうれんそう,31800,茨　城,8,35323,678,,
10180,2024,12,2,月,ほうれんそう,31800,福　岡,40,9758,732,,
10181,2024,12,2,月,ほうれんそう,31800,岐　阜,21,7480,786,,
10182,2024,12,2,月,ほうれんそう,31800,徳　島,36,5886,675,,
10183,2024,12,2,月,ねぎ,31900,,,426213,520,90,99.4
10184,2024,12,2,月,ねぎ,31900,秋　田,5,55337,435,,
10185,2024,12,2,月,ねぎ,31900,茨　城,8,55233,404,,
10186,2024,12,2,月,ねぎ,31900,群　馬,10,46262,466,,
10187,2024,12,2,月,ねぎ,31900,埼　玉,11,37019,538,,
10188,2024,12,2,月,ねぎ,31900,長　野,20,33610,434,,
10189,2024,12,2,月,ふき,32300,,,4053,416,86.2,100.5
10190,2024,12,2,月,ふき,32300,愛　知,23,3769,411,,
10191,2024,12,2,月,みつば,32500,,,11302,719,90.5,105.7
10192,2024,12,2,月,みつば,32500,静　岡,22,1904,694,,
10193,2024,12,2,月,みつば,32500,千　葉,12,1832,608,,
10194,2024,12,2,月,みつば,32500,愛　知,23,1802,721,,
10195,2024,12,2,月,みつば,32500,茨　城,8,1382,609,,
10196,2024,12,2,月,みつば,32500,大　分,44,1369,728,,
10197,2024,12,2,月,しゅんぎく,32600,,,25642,732,88.6,96.7
10198,2024,12,2,月,しゅんぎく,32600,福　岡,40,5480,729,,
10199,2024,12,2,月,しゅんぎく,32600,群　馬,10,3944,687,,
10200,2024,12,2,月,しゅんぎく,32600,千　葉,12,3062,752,,
10201,2024,12,2,月,しゅんぎく,32600,茨　城,8,2937,571,,
10202,2024,12,2,月,しゅんぎく,32600,福　島,7,1395,760,,
10203,2024,12,2,月,にら,32800,,,61748,1036,102.1,96.7
10204,2024,12,2,月,にら,32800,高　知,39,30108,1079,,
10205,2024,12,2,月,にら,32800,栃　木,9,7686,1068,,
10206,2024,12,2,月,にら,32800,大　分,44,6310,858,,
10207,2024,12,2,月,にら,32800,茨　城,8,5763,1052,,
10208,2024,12,2,月,セルリー,32900,,,35177,391,87.7,102.1
10209,2024,12,2,月,セルリー,32900,静　岡,22,18890,359,,
10210,2024,12,2,月,セルリー,32900,福　岡,40,10050,406,,
10211,2024,12,2,月,アスパラガス,33100,,,7630,1639,101.5,106.2
10212,2024,12,2,月,アスパラガス,33100,岩　手,3,63,3405,,
10213,2024,12,2,月,　　うち輸入,33101,,,7566,1625,101.3,106.1
10214,2024,12,2,月,カリフラワー,33200,,,37994,276,108.6,103.4
10215,2024,12,2,月,カリフラワー,33200,熊　本,43,8362,265,,
10216,2024,12,2,月,カリフラワー,33200,埼　玉,11,7058,293,,
10217,2024,12,2,月,カリフラワー,33200,徳　島,36,4624,292,,
10218,2024,12,2,月,カリフラワー,33200,茨　城,8,4325,260,,
10219,2024,12,2,月,カリフラワー,33200,愛　知,23,3698,284,,
10220,2024,12,2,月,ブロッコリー,33300,,,290275,502,104.5,102.2
10221,2024,12,2,月,ブロッコリー,33300,熊　本,43,51545,541,,
10222,2024,12,2,月,ブロッコリー,33300,香　川,37,45873,595,,
10223,2024,12,2,月,ブロッコリー,33300,長　崎,42,32130,481,,
10224,2024,12,2,月,ブロッコリー,33300,徳　島,36,28463,514,,
10225,2024,12,2,月,ブロッコリー,33300,埼　玉,11,28446,471,,
10226,2024,12,2,月,レタス,33400,,,538711,368,99,101.1
10227,2024,12,2,月,レタス,33400,長　崎,42,129774,243,,
10228,2024,12,2,月,レタス,33400,茨　城,8,110113,429,,
10229,2024,12,2,月,レタス,33400,兵　庫,28,73353,456,,
10230,2024,12,2,月,レタス,33400,静　岡,22,57885,427,,
10231,2024,12,2,月,レタス,33400,福　岡,40,50225,424,,
10232,2024,12,2,月,パセリ,33600,,,3332,2086,113.1,81.8
10233,2024,12,2,月,パセリ,33600,千　葉,12,1685,1267,,
10234,2024,12,2,月,パセリ,33600,静　岡,22,630,2827,,
10235,2024,12,2,月,パセリ,33600,愛　知,23,238,3557,,
10236,2024,12,2,月,パセリ,33600,茨　城,8,212,3530,,
10237,2024,12,2,月,きゅうり,34100,,,429617,543,140,99.8
10238,2024,12,2,月,きゅうり,34100,宮　崎,45,157553,555,,
10239,2024,12,2,月,きゅうり,34100,高　知,39,64640,524,,
10240,2024,12,2,月,きゅうり,34100,千　葉,12,36664,570,,
10241,2024,12,2,月,きゅうり,34100,群　馬,10,34013,563,,
10242,2024,12,2,月,きゅうり,34100,埼　玉,11,30047,575,,
10243,2024,12,2,月,かぼちゃ,34200,,,376832,286,223.8,92.9
10244,2024,12,2,月,かぼちゃ,34200,北海道,1,326245,267,,
10245,2024,12,2,月,　　うち輸入,34201,,,33980,337,231.6,93.1
10246,2024,12,2,月,なす,34300,,,167838,551,110.4,103.6
10247,2024,12,2,月,なす,34300,高　知,39,79448,586,,
10248,2024,12,2,月,なす,34300,熊　本,43,40472,512,,
10249,2024,12,2,月,なす,34300,福　岡,40,26851,520,,
10250,2024,12,2,月,トマト,34400,,,278778,807,101.8,93.6
10251,2024,12,2,月,トマト,34400,熊　本,43,131296,784,,
10252,2024,12,2,月,トマト,34400,愛　知,23,40777,864,,
10253,2024,12,2,月,トマト,34400,栃　木,9,24316,749,,
10254,2024,12,2,月,トマト,34400,福　岡,40,21533,666,,
10255,2024,12,2,月,トマト,34400,千　葉,12,10529,761,,
10256,2024,12,2,月,ミニトマト,34450,,,181778,1014,127.7,94.3
10257,2024,12,2,月,ミニトマト,34450,熊　本,43,102439,917,,
10258,2024,12,2,月,ミニトマト,34450,愛　知,23,26422,1160,,
10259,2024,12,2,月,ミニトマト,34450,宮　崎,45,14275,1122,,
10260,2024,12,2,月,ミニトマト,34450,長　崎,42,12218,1051,,
10261,2024,12,2,月,ピーマン,34500,,,238777,794,135.4,100.9
10262,2024,12,2,月,ピーマン,34500,宮　崎,45,87727,834,,
10263,2024,12,2,月,ピーマン,34500,鹿児島,46,49172,772,,
10264,2024,12,2,月,ピーマン,34500,高　知,39,47102,758,,
10265,2024,12,2,月,ピーマン,34500,茨　城,8,36076,805,,
10266,2024,12,2,月,ししとうがらし,34600,,,8232,1703,82.3,105.4
10267,2024,12,2,月,ししとうがらし,34600,高　知,39,6172,1773,,
10268,2024,12,2,月,ししとうがらし,34600,京　都,26,619,1613,,
10269,2024,12,2,月,スイートコーン,34700,,,189,577,16.6,102.7
10270,2024,12,2,月,スイートコーン,34700,長　崎,42,189,577,,
10271,2024,12,2,月,さやいんげん,35100,,,10220,1273,108.6,109.6
10272,2024,12,2,月,さやいんげん,35100,鹿児島,46,5869,1275,,
10273,2024,12,2,月,さやいんげん,35100,長　崎,42,2099,1145,,
10274,2024,12,2,月,さやいんげん,35100,高　知,39,984,1677,,
10275,2024,12,2,月,さやえんどう,35200,,,11568,1662,161.7,93.6
10276,2024,12,2,月,さやえんどう,35200,鹿児島,46,4900,1744,,
10277,2024,12,2,月,さやえんどう,35200,熊　本,43,1923,1606,,
10278,2024,12,2,月,さやえんどう,35200,和歌山,30,1920,1425,,
10279,2024,12,2,月,さやえんどう,35200,長　崎,42,1082,1816,,
10280,2024,12,2,月,　　うち輸入,35201,,,376,1204,126.6,104.8
10281,2024,12,2,月,実えんどう,35300,,,2060,1061,155.8,97.1
10282,2024,12,2,月,実えんどう,35300,鹿児島,46,1532,1022,,
10283,2024,12,2,月,実えんどう,35300,和歌山,30,528,1172,,
10284,2024,12,2,月,えだまめ,35500,,,5679,1009,739.5,59.4
10285,2024,12,2,月,えだまめ,35500,山　形,6,5000,864,,
10286,2024,12,2,月,かんしょ,36100,,,451654,287,111.9,101.1
10287,2024,12,2,月,かんしょ,36100,茨　城,8,205952,249,,
10288,2024,12,2,月,かんしょ,36100,千　葉,12,106003,275,,
10289,2024,12,2,月,かんしょ,36100,徳　島,36,66190,390,,
10290,2024,12,2,月,ばれいしょ,36200,,,1141947,145,157.8,100.7
10291,2024,12,2,月,ばれいしょ,36200,北海道,1,1123776,144,,
10292,2024,12,2,月,さといも,36300,,,82916,401,106.6,115.2
10293,2024,12,2,月,さといも,36300,埼　玉,11,31791,334,,
10294,2024,12,2,月,さといも,36300,愛　媛,38,12535,414,,
10295,2024,12,2,月,さといも,36300,新　潟,15,10541,438,,
10296,2024,12,2,月,さといも,36300,静　岡,22,5134,806,,
10297,2024,12,2,月,さといも,36300,千　葉,12,4331,353,,
10298,2024,12,2,月,やまのいも,36500,,,228845,450,152.2,96.4
10299,2024,12,2,月,やまのいも,36500,北海道,1,172461,437,,
10300,2024,12,2,月,やまのいも,36500,青　森,2,42653,469,,
10301,2024,12,2,月,たまねぎ,36610,,,1972268,144,150.3,105.1
10302,2024,12,2,月,たまねぎ,36610,北海道,1,1888829,142,,
10303,2024,12,2,月,　　うち輸入,36620,,,29179,112,86.1,101.8
10304,2024,12,2,月,にんにく,36700,,,28394,1542,173.3,120.6
10305,2024,12,2,月,にんにく,36700,青　森,2,20416,1919,,
10306,2024,12,2,月,にんにく,36700,北海道,1,137,2105,,
10307,2024,12,2,月,にんにく,36700,佐　賀,41,35,1443,,
10308,2024,12,2,月,にんにく,36700,岩　手,3,34,1444,,
10309,2024,12,2,月,　　うち輸入,36701,,,7771,543,100,100
10310,2024,12,2,月,しょうが,37200,,,19918,723,100.8,101
10311,2024,12,2,月,しょうが,37200,高　知,39,11984,756,,
10312,2024,12,2,月,しょうが,37200,熊　本,43,2151,753,,
10313,2024,12,2,月,しょうが,37200,長　崎,42,1200,735,,
10314,2024,12,2,月,しょうが,37200,愛　知,23,191,1813,,
10315,2024,12,2,月,しょうが,37200,千　葉,12,168,978,,
10316,2024,12,2,月,　　うち輸入,37201,,,3942,546,100.6,100.6
10317,2024,12,2,月,生しいたけ,38100,,,88999,1042,105.2,97.5
10318,2024,12,2,月,生しいたけ,38100,秋　田,5,19607,944,,
10319,2024,12,2,月,生しいたけ,38100,徳　島,36,14468,1060,,
10320,2024,12,2,月,生しいたけ,38100,岩　手,3,5882,1086,,
10321,2024,12,2,月,生しいたけ,38100,長　崎,42,5713,1152,,
10322,2024,12,2,月,生しいたけ,38100,千　葉,12,5147,734,,
10323,2024,12,2,月,　　うち輸入,38101,,,1696,843,95.4,105.4
10324,2024,12,2,月,なめこ,38300,,,23316,538,86.3,100.9
10325,2024,12,2,月,なめこ,38300,長　野,20,7138,544,,
10326,2024,12,2,月,なめこ,38300,山　形,6,3621,566,,
10327,2024,12,2,月,なめこ,38300,三　重,24,2680,566,,
10328,2024,12,2,月,なめこ,38300,大　分,44,2444,499,,
10329,2024,12,2,月,なめこ,38300,宮　城,4,1779,539,,
10330,2024,12,2,月,えのきだけ,38400,,,164597,485,90.9,103.6
10331,2024,12,2,月,えのきだけ,38400,長　野,20,109088,498,,
10332,2024,12,2,月,えのきだけ,38400,新　潟,15,15508,498,,
10333,2024,12,2,月,えのきだけ,38400,宮　崎,45,8534,443,,
10334,2024,12,2,月,しめじ,38500,,,85043,650,90.9,101.6
10335,2024,12,2,月,しめじ,38500,長　野,20,51651,607,,
10336,2024,12,2,月,しめじ,38500,福　岡,40,14772,639,,
10337,2024,12,2,月,しめじ,38500,新　潟,15,7214,698,,
10338,2024,12,2,月,その他の野菜,39000,,,260596,994,107.3,92.6
10339,2024,12,2,月,輸入野菜計,39100,,,136564,473,107.6,103.1
10340,2024,12,2,月,他の輸入野菜,39200,,,52057,563,91.1,108.5
10341,2024,12,9,月,野菜総計,30000,,,12982578,309,99.4,105.5
10342,2024,12,9,月,野菜総計,30000,北海道,1,2855490,178,,
10343,2024,12,9,月,野菜総計,30000,茨　城,8,2289762,189,,
10344,2024,12,9,月,野菜総計,30000,千　葉,12,1287010,217,,
10345,2024,12,9,月,野菜総計,30000,愛　知,23,702915,376,,
10346,2024,12,9,月,野菜総計,30000,長　崎,42,695084,258,,
10347,2024,12,9,月,野菜総計,30000,熊　本,43,616197,535,,
10348,2024,12,9,月,野菜総計,30000,福　岡,40,390154,431,,
10349,2024,12,9,月,だいこん,30100,,,1090439,119,97.8,101.7
10350,2024,12,9,月,だいこん,30100,千　葉,12,428960,112,,
10351,2024,12,9,月,だいこん,30100,神奈川,14,211386,112,,
10352,2024,12,9,月,だいこん,30100,長　崎,42,105386,124,,
10353,2024,12,9,月,だいこん,30100,和歌山,30,80500,153,,
10354,2024,12,9,月,だいこん,30100,鹿児島,46,72389,98,,
10355,2024,12,9,月,かぶ,30200,,,129665,179,97.5,110.5
10356,2024,12,9,月,かぶ,30200,千　葉,12,56743,155,,
10357,2024,12,9,月,かぶ,30200,京　都,26,18222,299,,
10358,2024,12,9,月,かぶ,30200,埼　玉,11,14003,122,,
10359,2024,12,9,月,かぶ,30200,福　岡,40,13831,186,,
10360,2024,12,9,月,かぶ,30200,石　川,17,5672,191,,
10361,2024,12,9,月,にんじん,30300,,,793252,187,104,99.5
10362,2024,12,9,月,にんじん,30300,千　葉,12,389164,171,,
10363,2024,12,9,月,にんじん,30300,長　崎,42,188920,197,,
10364,2024,12,9,月,にんじん,30300,愛　知,23,56688,203,,
10365,2024,12,9,月,ごぼう,30400,,,131296,330,125.3,88.9
10366,2024,12,9,月,ごぼう,30400,青　森,2,55516,413,,
10367,2024,12,9,月,ごぼう,30400,北海道,1,39214,205,,
10368,2024,12,9,月,ごぼう,30400,茨　城,8,23893,282,,
10369,2024,12,9,月,たけのこ,30500,,,491,3311,290.5,98.2
10370,2024,12,9,月,たけのこ,30500,鹿児島,46,131,5252,,
10371,2024,12,9,月,たけのこ,30500,熊　本,43,118,3896,,
10372,2024,12,9,月,たけのこ,30500,京　都,26,4,4050,,
10373,2024,12,9,月,れんこん,30600,,,93370,410,87.3,99.5
10374,2024,12,9,月,れんこん,30600,茨　城,8,60161,396,,
10375,2024,12,9,月,れんこん,30600,佐　賀,41,10835,409,,
10376,2024,12,9,月,れんこん,30600,徳　島,36,10362,529,,
10377,2024,12,9,月,はくさい,31100,,,1913545,84,90.2,102.4
10378,2024,12,9,月,はくさい,31100,茨　城,8,1392644,80,,
10379,2024,12,9,月,はくさい,31100,大　分,44,123291,101,,
10380,2024,12,9,月,はくさい,31100,鹿児島,46,99669,93,,
10381,2024,12,9,月,みずな,31300,,,43632,500,100.6,98.2
10382,2024,12,9,月,みずな,31300,茨　城,8,30626,471,,
10383,2024,12,9,月,みずな,31300,福　岡,40,5533,572,,
10384,2024,12,9,月,こまつな,31500,,,131688,443,107.4,100.7
10385,2024,12,9,月,こまつな,31500,茨　城,8,73178,449,,
10386,2024,12,9,月,こまつな,31500,福　岡,40,23891,484,,
10387,2024,12,9,月,こまつな,31500,埼　玉,11,9532,373,,
10388,2024,12,9,月,その他の菜類,31550,,,8588,398,169.1,94.1
10389,2024,12,9,月,ちんげんさい,31560,,,36700,426,100.1,100.2
10390,2024,12,9,月,ちんげんさい,31560,茨　城,8,15214,413,,
10391,2024,12,9,月,ちんげんさい,31560,静　岡,22,7832,479,,
10392,2024,12,9,月,ちんげんさい,31560,福　岡,40,3309,457,,
10393,2024,12,9,月,ちんげんさい,31560,愛　知,23,2993,380,,
10394,2024,12,9,月,ちんげんさい,31560,広　島,34,1234,410,,
10395,2024,12,9,月,キャベツ,31700,,,1151224,197,76.9,104.2
10396,2024,12,9,月,キャベツ,31700,愛　知,23,376850,210,,
10397,2024,12,9,月,キャベツ,31700,茨　城,8,223219,192,,
10398,2024,12,9,月,キャベツ,31700,千　葉,12,156087,211,,
10399,2024,12,9,月,キャベツ,31700,神奈川,14,67865,202,,
10400,2024,12,9,月,キャベツ,31700,熊　本,43,57721,180,,
10401,2024,12,9,月,ほうれんそう,31800,,,168946,648,109.6,100
10402,2024,12,9,月,ほうれんそう,31800,群　馬,10,60734,619,,
10403,2024,12,9,月,ほうれんそう,31800,茨　城,8,46505,650,,
10404,2024,12,9,月,ほうれんそう,31800,福　岡,40,29448,703,,
10405,2024,12,9,月,ねぎ,31900,,,412623,533,87.5,102.3
10406,2024,12,9,月,ねぎ,31900,群　馬,10,52550,442,,
10407,2024,12,9,月,ねぎ,31900,茨　城,8,42417,421,,
10408,2024,12,9,月,ねぎ,31900,埼　玉,11,41861,552,,
10409,2024,12,9,月,ねぎ,31900,秋　田,5,38964,441,,
10410,2024,12,9,月,ねぎ,31900,大　分,44,35872,623,,
10411,2024,12,9,月,ふき,32300,,,1753,358,31.6,85.2
10412,2024,12,9,月,ふき,32300,愛　知,23,1356,321,,
10413,2024,12,9,月,ふき,32300,福　岡,40,216,449,,
10414,2024,12,9,月,みつば,32500,,,10992,765,91.2,104.4
10415,2024,12,9,月,みつば,32500,静　岡,22,1868,727,,
10416,2024,12,9,月,みつば,32500,千　葉,12,1863,583,,
10417,2024,12,9,月,みつば,32500,茨　城,8,1427,709,,
10418,2024,12,9,月,みつば,32500,愛　知,23,1386,841,,
10419,2024,12,9,月,みつば,32500,大　分,44,1355,761,,
10420,2024,12,9,月,しゅんぎく,32600,,,28291,758,95.6,102.2
10421,2024,12,9,月,しゅんぎく,32600,福　岡,40,5569,755,,
10422,2024,12,9,月,しゅんぎく,32600,群　馬,10,3726,710,,
10423,2024,12,9,月,しゅんぎく,32600,千　葉,12,3547,763,,
10424,2024,12,9,月,しゅんぎく,32600,大　阪,27,2950,825,,
10425,2024,12,9,月,しゅんぎく,32600,茨　城,8,2621,619,,
10426,2024,12,9,月,にら,32800,,,59038,1039,97.9,112.2
10427,2024,12,9,月,にら,32800,高　知,39,28620,1059,,
10428,2024,12,9,月,にら,32800,栃　木,9,7316,1099,,
10429,2024,12,9,月,にら,32800,大　分,44,6465,841,,
10430,2024,12,9,月,にら,32800,茨　城,8,5584,1063,,
10431,2024,12,9,月,セルリー,32900,,,36769,367,93.1,96.1
10432,2024,12,9,月,セルリー,32900,福　岡,40,15614,414,,
10433,2024,12,9,月,セルリー,32900,静　岡,22,15162,313,,
10434,2024,12,9,月,アスパラガス,33100,,,8366,1607,121.8,98
10435,2024,12,9,月,アスパラガス,33100,熊　本,43,235,1073,,
10436,2024,12,9,月,アスパラガス,33100,佐　賀,41,170,934,,
10437,2024,12,9,月,アスパラガス,33100,岩　手,3,158,3003,,
10438,2024,12,9,月,アスパラガス,33100,長　野,20,2,2422,,
10439,2024,12,9,月,　　うち輸入,33101,,,7801,1609,115,99
10440,2024,12,9,月,カリフラワー,33200,,,36104,317,108.2,103.6
10441,2024,12,9,月,カリフラワー,33200,熊　本,43,8103,298,,
10442,2024,12,9,月,カリフラワー,33200,埼　玉,11,7347,302,,
10443,2024,12,9,月,カリフラワー,33200,愛　知,23,4500,324,,
10444,2024,12,9,月,カリフラワー,33200,徳　島,36,4165,359,,
10445,2024,12,9,月,カリフラワー,33200,福　岡,40,4041,307,,
10446,2024,12,9,月,ブロッコリー,33300,,,269598,517,94.8,102.6
10447,2024,12,9,月,ブロッコリー,33300,香　川,37,53406,591,,
10448,2024,12,9,月,ブロッコリー,33300,熊　本,43,42302,564,,
10449,2024,12,9,月,ブロッコリー,33300,愛　知,23,33846,393,,
10450,2024,12,9,月,ブロッコリー,33300,長　崎,42,27492,537,,
10451,2024,12,9,月,ブロッコリー,33300,埼　玉,11,24525,458,,
10452,2024,12,9,月,レタス,33400,,,574607,378,93.8,99
10453,2024,12,9,月,レタス,33400,長　崎,42,132421,260,,
10454,2024,12,9,月,レタス,33400,兵　庫,28,95956,468,,
10455,2024,12,9,月,レタス,33400,静　岡,22,73174,413,,
10456,2024,12,9,月,レタス,33400,茨　城,8,62445,449,,
10457,2024,12,9,月,レタス,33400,福　岡,40,49479,431,,
10458,2024,12,9,月,パセリ,33600,,,2465,2691,89.2,99.1
10459,2024,12,9,月,パセリ,33600,千　葉,12,807,2680,,
10460,2024,12,9,月,パセリ,33600,静　岡,22,617,2091,,
10461,2024,12,9,月,パセリ,33600,愛　知,23,259,3409,,
10462,2024,12,9,月,パセリ,33600,香　川,37,196,1752,,
10463,2024,12,9,月,パセリ,33600,福　岡,40,168,2685,,
10464,2024,12,9,月,きゅうり,34100,,,486122,517,138.3,98.3
10465,2024,12,9,月,きゅうり,34100,宮　崎,45,187728,530,,
10466,2024,12,9,月,きゅうり,34100,高　知,39,78108,511,,
10467,2024,12,9,月,きゅうり,34100,千　葉,12,49225,525,,
10468,2024,12,9,月,きゅうり,34100,鹿児島,46,30021,520,,
10469,2024,12,9,月,きゅうり,34100,愛　知,23,26149,485,,
10470,2024,12,9,月,かぼちゃ,34200,,,346396,309,142.9,93.9
10471,2024,12,9,月,かぼちゃ,34200,北海道,1,238174,258,,
10472,2024,12,9,月,かぼちゃ,34200,鹿児島,46,52713,410,,
10473,2024,12,9,月,　　うち輸入,34201,,,31135,363,110.9,98.4
10474,2024,12,9,月,なす,34300,,,155954,588,103.1,105.2
10475,2024,12,9,月,なす,34300,高　知,39,61811,678,,
10476,2024,12,9,月,なす,34300,熊　本,43,44838,512,,
10477,2024,12,9,月,なす,34300,福　岡,40,31563,533,,
10478,2024,12,9,月,トマト,34400,,,374606,620,117.4,90.9
10479,2024,12,9,月,トマト,34400,熊　本,43,210221,594,,
10480,2024,12,9,月,トマト,34400,愛　知,23,47325,613,,
10481,2024,12,9,月,トマト,34400,栃　木,9,29288,579,,
10482,2024,12,9,月,トマト,34400,福　岡,40,26405,568,,
10483,2024,12,9,月,ミニトマト,34450,,,216687,889,132.1,93.8
10484,2024,12,9,月,ミニトマト,34450,熊　本,43,127603,815,,
10485,2024,12,9,月,ミニトマト,34450,愛　知,23,31073,1042,,
10486,2024,12,9,月,ミニトマト,34450,宮　崎,45,14171,946,,
10487,2024,12,9,月,ミニトマト,34450,長　崎,42,12785,878,,
10488,2024,12,9,月,ピーマン,34500,,,200369,780,119.7,101.3
10489,2024,12,9,月,ピーマン,34500,宮　崎,45,65805,826,,
10490,2024,12,9,月,ピーマン,34500,高　知,39,48112,734,,
10491,2024,12,9,月,ピーマン,34500,鹿児島,46,35239,763,,
10492,2024,12,9,月,ピーマン,34500,茨　城,8,33777,778,,
10493,2024,12,9,月,ししとうがらし,34600,,,8218,2094,83.9,117.6
10494,2024,12,9,月,ししとうがらし,34600,高　知,39,6483,2107,,
10495,2024,12,9,月,ししとうがらし,34600,宮　崎,45,549,1008,,
10496,2024,12,9,月,スイートコーン,34700,,,835,473,214.1,97.3
10497,2024,12,9,月,スイートコーン,34700,長　崎,42,744,477,,
10498,2024,12,9,月,さやいんげん,35100,,,11156,1437,95.2,101.6
10499,2024,12,9,月,さやいんげん,35100,鹿児島,46,5434,1479,,
10500,2024,12,9,月,さやいんげん,35100,沖　縄,47,2817,1330,,
10501,2024,12,9,月,さやいんげん,35100,長　崎,42,1273,1360,,
10502,2024,12,9,月,さやえんどう,35200,,,16583,1617,132.3,98.7
10503,2024,12,9,月,さやえんどう,35200,鹿児島,46,10042,1605,,
10504,2024,12,9,月,さやえんどう,35200,熊　本,43,2212,1576,,
10505,2024,12,9,月,さやえんどう,35200,和歌山,30,1891,1571,,
10506,2024,12,9,月,　　うち輸入,35201,,,89,928,94.7,93
10507,2024,12,9,月,実えんどう,35300,,,2648,1029,110.4,97.9
10508,2024,12,9,月,実えんどう,35300,鹿児島,46,1448,958,,
10509,2024,12,9,月,実えんどう,35300,和歌山,30,1200,1115,,
10510,2024,12,9,月,そらまめ,35400,,,369,1319,1153.1,84.1
10511,2024,12,9,月,そらまめ,35400,鹿児島,46,369,1319,,
10512,2024,12,9,月,えだまめ,35500,,,698,2029,76.6,110.4
10513,2024,12,9,月,えだまめ,35500,沖　縄,47,342,2471,,
10514,2024,12,9,月,えだまめ,35500,鹿児島,46,182,1285,,
10515,2024,12,9,月,えだまめ,35500,静　岡,22,174,1941,,
10516,2024,12,9,月,かんしょ,36100,,,470321,289,101.9,99.7
10517,2024,12,9,月,かんしょ,36100,茨　城,8,204298,251,,
10518,2024,12,9,月,かんしょ,36100,千　葉,12,104554,268,,
10519,2024,12,9,月,かんしょ,36100,徳　島,36,76641,399,,
10520,2024,12,9,月,ばれいしょ,36200,,,1145373,164,137.2,97.6
10521,2024,12,9,月,ばれいしょ,36200,北海道,1,981830,151,,
10522,2024,12,9,月,さといも,36300,,,94970,411,106.7,111.7
10523,2024,12,9,月,さといも,36300,埼　玉,11,37205,348,,
10524,2024,12,9,月,さといも,36300,愛　媛,38,16106,396,,
10525,2024,12,9,月,さといも,36300,新　潟,15,12597,406,,
10526,2024,12,9,月,さといも,36300,千　葉,12,5511,368,,
10527,2024,12,9,月,さといも,36300,静　岡,22,4605,964,,
10528,2024,12,9,月,やまのいも,36500,,,252066,445,261.8,96.5
10529,2024,12,9,月,やまのいも,36500,北海道,1,159022,423,,
10530,2024,12,9,月,やまのいも,36500,青　森,2,65904,489,,
10531,2024,12,9,月,たまねぎ,36610,,,1450277,143,85.1,110
10532,2024,12,9,月,たまねぎ,36610,北海道,1,1366637,141,,
10533,2024,12,9,月,　　うち輸入,36620,,,34420,111,95.8,97.4
10534,2024,12,9,月,にんにく,36700,,,19592,1388,105.3,101.4
10535,2024,12,9,月,にんにく,36700,青　森,2,11588,1960,,
10536,2024,12,9,月,にんにく,36700,香　川,37,100,1350,,
10537,2024,12,9,月,にんにく,36700,北海道,1,23,2536,,
10538,2024,12,9,月,にんにく,36700,佐　賀,41,15,1350,,
10539,2024,12,9,月,にんにく,36700,岩　手,3,2,2214,,
10540,2024,12,9,月,　　うち輸入,36701,,,7865,543,100.4,101.9
10541,2024,12,9,月,しょうが,37200,,,19018,726,92.9,100
10542,2024,12,9,月,しょうが,37200,高　知,39,11379,761,,
10543,2024,12,9,月,しょうが,37200,熊　本,43,2244,753,,
10544,2024,12,9,月,しょうが,37200,長　崎,42,765,762,,
10545,2024,12,9,月,しょうが,37200,愛　知,23,198,1827,,
10546,2024,12,9,月,しょうが,37200,沖　縄,47,134,798,,
10547,2024,12,9,月,　　うち輸入,37201,,,3951,546,102.1,98.9
10548,2024,12,9,月,生しいたけ,38100,,,75221,1115,90.2,101.1
10549,2024,12,9,月,生しいたけ,38100,徳　島,36,14121,1073,,
10550,2024,12,9,月,生しいたけ,38100,秋　田,5,11878,1277,,
10551,2024,12,9,月,生しいたけ,38100,千　葉,12,5942,752,,
10552,2024,12,9,月,生しいたけ,38100,長　崎,42,5360,1189,,
10553,2024,12,9,月,生しいたけ,38100,岩　手,3,4272,1090,,
10554,2024,12,9,月,　　うち輸入,38101,,,1926,822,120.5,101.1
10555,2024,12,9,月,なめこ,38300,,,23289,533,85.6,101.3
10556,2024,12,9,月,なめこ,38300,長　野,20,7156,549,,
10557,2024,12,9,月,なめこ,38300,山　形,6,3647,565,,
10558,2024,12,9,月,なめこ,38300,大　分,44,2764,477,,
10559,2024,12,9,月,なめこ,38300,三　重,24,2675,562,,
10560,2024,12,9,月,なめこ,38300,福　島,7,1582,520,,
10561,2024,12,9,月,えのきだけ,38400,,,159869,510,91.5,102.2
10562,2024,12,9,月,えのきだけ,38400,長　野,20,108105,524,,
10563,2024,12,9,月,えのきだけ,38400,新　潟,15,13878,513,,
10564,2024,12,9,月,えのきだけ,38400,宮　崎,45,8563,463,,
10565,2024,12,9,月,しめじ,38500,,,80286,696,83.1,104
10566,2024,12,9,月,しめじ,38500,長　野,20,50139,663,,
10567,2024,12,9,月,しめじ,38500,福　岡,40,12957,682,,
10568,2024,12,9,月,しめじ,38500,茨　城,8,6334,641,,
10569,2024,12,9,月,その他の野菜,39000,,,238279,1086,93.4,107.1
10570,2024,12,9,月,輸入野菜計,39100,,,144656,437,97,103.8
10571,2024,12,9,月,他の輸入野菜,39200,,,57469,478,88.6,104.8
10572,2024,12,16,月,野菜総計,30000,,,12693472,320,104,105.6
10573,2024,12,16,月,野菜総計,30000,北海道,1,2572902,174,,
10574,2024,12,16,月,野菜総計,30000,茨　城,8,2131166,198,,
10575,2024,12,16,月,野菜総計,30000,千　葉,12,1134359,226,,
10576,2024,12,16,月,野菜総計,30000,愛　知,23,746355,390,,
10577,2024,12,16,月,野菜総計,30000,長　崎,42,709157,261,,
10578,2024,12,16,月,野菜総計,30000,熊　本,43,670315,510,,
10579,2024,12,16,月,野菜総計,30000,鹿児島,46,441974,316,,
10580,2024,12,16,月,だいこん,30100,,,1074304,118,91,103.5
10581,2024,12,16,月,だいこん,30100,千　葉,12,348601,112,,
10582,2024,12,16,月,だいこん,30100,神奈川,14,288658,113,,
10583,2024,12,16,月,だいこん,30100,鹿児島,46,94895,98,,
10584,2024,12,16,月,だいこん,30100,長　崎,42,93960,118,,
10585,2024,12,16,月,だいこん,30100,和歌山,30,56954,145,,
10586,2024,12,16,月,かぶ,30200,,,119151,182,89.7,104.6
10587,2024,12,16,月,かぶ,30200,千　葉,12,49402,158,,
10588,2024,12,16,月,かぶ,30200,福　岡,40,21083,167,,
10589,2024,12,16,月,かぶ,30200,京　都,26,19313,243,,
10590,2024,12,16,月,かぶ,30200,埼　玉,11,6167,131,,
10591,2024,12,16,月,にんじん,30300,,,774807,197,93.7,104.2
10592,2024,12,16,月,にんじん,30300,千　葉,12,372817,168,,
10593,2024,12,16,月,にんじん,30300,長　崎,42,149190,177,,
10594,2024,12,16,月,にんじん,30300,香　川,37,73750,416,,
10595,2024,12,16,月,にんじん,30300,愛　知,23,42100,208,,
10596,2024,12,16,月,ごぼう,30400,,,129997,420,129.4,106.9
10597,2024,12,16,月,ごぼう,30400,青　森,2,83519,403,,
10598,2024,12,16,月,ごぼう,30400,茨　城,8,20506,298,,
10599,2024,12,16,月,たけのこ,30500,,,1560,2051,577.8,69.1
10600,2024,12,16,月,たけのこ,30500,鹿児島,46,104,4980,,
10601,2024,12,16,月,たけのこ,30500,熊　本,43,102,3535,,
10602,2024,12,16,月,たけのこ,30500,京　都,26,4,5535,,
10603,2024,12,16,月,れんこん,30600,,,96240,415,99.4,102
10604,2024,12,16,月,れんこん,30600,茨　城,8,56360,395,,
10605,2024,12,16,月,れんこん,30600,佐　賀,41,13015,424,,
10606,2024,12,16,月,れんこん,30600,徳　島,36,11618,524,,
10607,2024,12,16,月,はくさい,31100,,,1857747,89,93.2,100
10608,2024,12,16,月,はくさい,31100,茨　城,8,1302299,87,,
10609,2024,12,16,月,はくさい,31100,鹿児島,46,131794,86,,
10610,2024,12,16,月,はくさい,31100,大　分,44,123169,96,,
10611,2024,12,16,月,みずな,31300,,,47881,515,97.5,102
10612,2024,12,16,月,みずな,31300,茨　城,8,31902,483,,
10613,2024,12,16,月,みずな,31300,福　岡,40,8299,592,,
10614,2024,12,16,月,こまつな,31500,,,111545,463,98.7,101.8
10615,2024,12,16,月,こまつな,31500,茨　城,8,60862,459,,
10616,2024,12,16,月,こまつな,31500,福　岡,40,20613,484,,
10617,2024,12,16,月,こまつな,31500,埼　玉,11,8068,424,,
10618,2024,12,16,月,その他の菜類,31550,,,5944,419,96.2,113.2
10619,2024,12,16,月,ちんげんさい,31560,,,32906,429,93.9,103.4
10620,2024,12,16,月,ちんげんさい,31560,茨　城,8,12510,403,,
10621,2024,12,16,月,ちんげんさい,31560,静　岡,22,8521,478,,
10622,2024,12,16,月,ちんげんさい,31560,福　岡,40,4164,459,,
10623,2024,12,16,月,ちんげんさい,31560,愛　知,23,3434,380,,
10624,2024,12,16,月,キャベツ,31700,,,1102473,228,85.9,114.6
10625,2024,12,16,月,キャベツ,31700,愛　知,23,427756,244,,
10626,2024,12,16,月,キャベツ,31700,茨　城,8,196016,256,,
10627,2024,12,16,月,キャベツ,31700,千　葉,12,100769,233,,
10628,2024,12,16,月,キャベツ,31700,神奈川,14,72866,243,,
10629,2024,12,16,月,キャベツ,31700,熊　本,43,57234,201,,
10630,2024,12,16,月,ほうれんそう,31800,,,131225,647,95.9,102.2
10631,2024,12,16,月,ほうれんそう,31800,群　馬,10,46514,618,,
10632,2024,12,16,月,ほうれんそう,31800,茨　城,8,33409,672,,
10633,2024,12,16,月,ほうれんそう,31800,福　岡,40,18696,672,,
10634,2024,12,16,月,ほうれんそう,31800,徳　島,36,7927,623,,
10635,2024,12,16,月,ねぎ,31900,,,441457,523,86.6,100.2
10636,2024,12,16,月,ねぎ,31900,茨　城,8,70295,414,,
10637,2024,12,16,月,ねぎ,31900,群　馬,10,60439,451,,
10638,2024,12,16,月,ねぎ,31900,千　葉,12,44530,510,,
10639,2024,12,16,月,ねぎ,31900,埼　玉,11,42005,516,,
10640,2024,12,16,月,ねぎ,31900,大　分,44,32295,619,,
10641,2024,12,16,月,ふき,32300,,,1906,370,31,85.8
10642,2024,12,16,月,ふき,32300,愛　知,23,1200,305,,
10643,2024,12,16,月,ふき,32300,大　阪,27,312,506,,
10644,2024,12,16,月,ふき,32300,福　岡,40,284,440,,
10645,2024,12,16,月,うど,32400,,,374,810,183.3,70.5
10646,2024,12,16,月,うど,32400,栃　木,9,282,706,,
10647,2024,12,16,月,うど,32400,東　京,13,76,1094,,
10648,2024,12,16,月,みつば,32500,,,11889,882,101.8,103
10649,2024,12,16,月,みつば,32500,千　葉,12,2029,637,,
10650,2024,12,16,月,みつば,32500,静　岡,22,1740,881,,
10651,2024,12,16,月,みつば,32500,大　分,44,1709,778,,
10652,2024,12,16,月,みつば,32500,愛　知,23,1395,1077,,
10653,2024,12,16,月,みつば,32500,茨　城,8,1199,851,,
10654,2024,12,16,月,しゅんぎく,32600,,,23870,868,81.8,107.8
10655,2024,12,16,月,しゅんぎく,32600,福　岡,40,5726,808,,
10656,2024,12,16,月,しゅんぎく,32600,千　葉,12,3059,980,,
10657,2024,12,16,月,しゅんぎく,32600,群　馬,10,2562,926,,
10658,2024,12,16,月,しゅんぎく,32600,大　阪,27,2492,701,,
10659,2024,12,16,月,しゅんぎく,32600,茨　城,8,1500,820,,
10660,2024,12,16,月,にら,32800,,,55732,1149,101.5,110.1
10661,2024,12,16,月,にら,32800,高　知,39,25892,1217,,
10662,2024,12,16,月,にら,32800,栃　木,9,7179,1201,,
10663,2024,12,16,月,にら,32800,大　分,44,5530,894,,
10664,2024,12,16,月,にら,32800,茨　城,8,5391,1117,,
10665,2024,12,16,月,にら,32800,宮　崎,45,5057,1067,,
10666,2024,12,16,月,セルリー,32900,,,42108,346,95.9,91.8
10667,2024,12,16,月,セルリー,32900,静　岡,22,19330,327,,
10668,2024,12,16,月,セルリー,32900,福　岡,40,16200,381,,
10669,2024,12,16,月,アスパラガス,33100,,,5752,1844,87.8,106.5
10670,2024,12,16,月,アスパラガス,33100,岩　手,3,211,2915,,
10671,2024,12,16,月,アスパラガス,33100,秋　田,5,33,3436,,
10672,2024,12,16,月,アスパラガス,33100,北海道,1,26,2310,,
10673,2024,12,16,月,　　うち輸入,33101,,,5482,1791,88.7,107.9
10674,2024,12,16,月,カリフラワー,33200,,,25491,430,121.5,114.1
10675,2024,12,16,月,カリフラワー,33200,熊　本,43,6520,462,,
10676,2024,12,16,月,カリフラワー,33200,徳　島,36,4248,410,,
10677,2024,12,16,月,カリフラワー,33200,埼　玉,11,3716,426,,
10678,2024,12,16,月,カリフラワー,33200,愛　知,23,3328,456,,
10679,2024,12,16,月,カリフラワー,33200,福　岡,40,2838,408,,
10680,2024,12,16,月,ブロッコリー,33300,,,212314,593,92.9,108.2
10681,2024,12,16,月,ブロッコリー,33300,香　川,37,47940,678,,
10682,2024,12,16,月,ブロッコリー,33300,愛　知,23,29383,480,,
10683,2024,12,16,月,ブロッコリー,33300,長　崎,42,28916,570,,
10684,2024,12,16,月,ブロッコリー,33300,鳥　取,31,22212,557,,
10685,2024,12,16,月,ブロッコリー,33300,熊　本,43,22143,599,,
10686,2024,12,16,月,レタス,33400,,,570997,377,108.1,99.2
10687,2024,12,16,月,レタス,33400,長　崎,42,124704,275,,
10688,2024,12,16,月,レタス,33400,静　岡,22,109644,382,,
10689,2024,12,16,月,レタス,33400,兵　庫,28,61932,434,,
10690,2024,12,16,月,レタス,33400,福　岡,40,54724,457,,
10691,2024,12,16,月,レタス,33400,茨　城,8,54617,445,,
10692,2024,12,16,月,パセリ,33600,,,2418,2946,88.1,103.6
10693,2024,12,16,月,パセリ,33600,千　葉,12,751,3119,,
10694,2024,12,16,月,パセリ,33600,静　岡,22,560,1690,,
10695,2024,12,16,月,パセリ,33600,愛　知,23,307,4127,,
10696,2024,12,16,月,パセリ,33600,香　川,37,233,1595,,
10697,2024,12,16,月,パセリ,33600,茨　城,8,155,4146,,
10698,2024,12,16,月,きゅうり,34100,,,455208,517,142.5,100.4
10699,2024,12,16,月,きゅうり,34100,宮　崎,45,191431,532,,
10700,2024,12,16,月,きゅうり,34100,高　知,39,81074,512,,
10701,2024,12,16,月,きゅうり,34100,千　葉,12,43056,529,,
10702,2024,12,16,月,きゅうり,34100,愛　知,23,28787,486,,
10703,2024,12,16,月,きゅうり,34100,鹿児島,46,24374,494,,
10704,2024,12,16,月,かぼちゃ,34200,,,435515,313,150.5,99.7
10705,2024,12,16,月,かぼちゃ,34200,北海道,1,212141,272,,
10706,2024,12,16,月,かぼちゃ,34200,鹿児島,46,71923,383,,
10707,2024,12,16,月,かぼちゃ,34200,熊　本,43,15218,289,,
10708,2024,12,16,月,かぼちゃ,34200,宮　崎,45,9100,842,,
10709,2024,12,16,月,かぼちゃ,34200,長　崎,42,8220,264,,
10710,2024,12,16,月,　　うち輸入,34201,,,100330,302,207.2,99
10711,2024,12,16,月,なす,34300,,,165354,643,121.6,102.4
10712,2024,12,16,月,なす,34300,高　知,39,67721,747,,
10713,2024,12,16,月,なす,34300,熊　本,43,46160,542,,
10714,2024,12,16,月,なす,34300,福　岡,40,33058,586,,
10715,2024,12,16,月,トマト,34400,,,408624,570,116.1,102.7
10716,2024,12,16,月,トマト,34400,熊　本,43,252473,566,,
10717,2024,12,16,月,トマト,34400,愛　知,23,47727,540,,
10718,2024,12,16,月,トマト,34400,栃　木,9,37304,488,,
10719,2024,12,16,月,ミニトマト,34450,,,214705,827,148.6,95.6
10720,2024,12,16,月,ミニトマト,34450,熊　本,43,133753,748,,
10721,2024,12,16,月,ミニトマト,34450,愛　知,23,28983,1019,,
10722,2024,12,16,月,ミニトマト,34450,長　崎,42,12903,834,,
10723,2024,12,16,月,ピーマン,34500,,,168284,773,115.7,99.7
10724,2024,12,16,月,ピーマン,34500,宮　崎,45,58210,814,,
10725,2024,12,16,月,ピーマン,34500,鹿児島,46,39153,754,,
10726,2024,12,16,月,ピーマン,34500,高　知,39,31524,745,,
10727,2024,12,16,月,ピーマン,34500,茨　城,8,18938,720,,
10728,2024,12,16,月,ししとうがらし,34600,,,7212,2503,76.5,114.3
10729,2024,12,16,月,ししとうがらし,34600,高　知,39,5757,2625,,
10730,2024,12,16,月,ししとうがらし,34600,宮　崎,45,498,1014,,
10731,2024,12,16,月,スイートコーン,34700,,,775,480,19.6,57.2
10732,2024,12,16,月,スイートコーン,34700,長　崎,42,630,489,,
10733,2024,12,16,月,さやいんげん,35100,,,14004,1396,119.3,98.2
10734,2024,12,16,月,さやいんげん,35100,沖　縄,47,5962,1355,,
10735,2024,12,16,月,さやいんげん,35100,鹿児島,46,5704,1397,,
10736,2024,12,16,月,さやえんどう,35200,,,18574,1789,139.1,110
10737,2024,12,16,月,さやえんどう,35200,鹿児島,46,10069,1597,,
10738,2024,12,16,月,さやえんどう,35200,和歌山,30,2751,2565,,
10739,2024,12,16,月,さやえんどう,35200,熊　本,43,2497,1573,,
10740,2024,12,16,月,　　うち輸入,35201,,,682,1034,107.6,103.5
10741,2024,12,16,月,実えんどう,35300,,,2002,1067,99.6,100.9
10742,2024,12,16,月,実えんどう,35300,和歌山,30,1034,1157,,
10743,2024,12,16,月,実えんどう,35300,鹿児島,46,968,971,,
10744,2024,12,16,月,そらまめ,35400,,,754,1257,146.4,98.4
10745,2024,12,16,月,そらまめ,35400,鹿児島,46,754,1257,,
10746,2024,12,16,月,えだまめ,35500,,,517,1556,50.5,76.2
10747,2024,12,16,月,えだまめ,35500,鹿児島,46,238,1313,,
10748,2024,12,16,月,えだまめ,35500,静　岡,22,195,2098,,
10749,2024,12,16,月,かんしょ,36100,,,460149,291,106,102.5
10750,2024,12,16,月,かんしょ,36100,茨　城,8,194164,251,,
10751,2024,12,16,月,かんしょ,36100,千　葉,12,103207,263,,
10752,2024,12,16,月,かんしょ,36100,徳　島,36,86553,407,,
10753,2024,12,16,月,ばれいしょ,36200,,,1095846,171,120.8,98.3
10754,2024,12,16,月,ばれいしょ,36200,北海道,1,865999,151,,
10755,2024,12,16,月,ばれいしょ,36200,長　崎,42,229760,243,,
10756,2024,12,16,月,さといも,36300,,,170679,436,159.2,110.4
10757,2024,12,16,月,さといも,36300,埼　玉,11,83408,378,,
10758,2024,12,16,月,さといも,36300,愛　媛,38,29458,435,,
10759,2024,12,16,月,さといも,36300,新　潟,15,13225,401,,
10760,2024,12,16,月,さといも,36300,千　葉,12,11834,472,,
10761,2024,12,16,月,やまのいも,36500,,,148552,445,125.7,101.8
10762,2024,12,16,月,やまのいも,36500,北海道,1,93482,408,,
10763,2024,12,16,月,やまのいも,36500,青　森,2,41015,475,,
10764,2024,12,16,月,たまねぎ,36610,,,1394819,144,120.1,97.3
10765,2024,12,16,月,たまねぎ,36610,北海道,1,1330900,142,,
10766,2024,12,16,月,　　うち輸入,36620,,,22001,128,62.9,104.9
10767,2024,12,16,月,にんにく,36700,,,23144,1511,143.9,114.6
10768,2024,12,16,月,にんにく,36700,青　森,2,15959,1941,,
10769,2024,12,16,月,にんにく,36700,佐　賀,41,15,1350,,
10770,2024,12,16,月,にんにく,36700,岩　手,3,2,1269,,
10771,2024,12,16,月,　　うち輸入,36701,,,7168,554,100.4,105.3
10772,2024,12,16,月,しょうが,37200,,,20039,837,96.8,111.5
10773,2024,12,16,月,しょうが,37200,高　知,39,12279,901,,
10774,2024,12,16,月,しょうが,37200,熊　本,43,1655,783,,
10775,2024,12,16,月,しょうが,37200,長　崎,42,959,763,,
10776,2024,12,16,月,しょうが,37200,愛　知,23,257,2888,,
10777,2024,12,16,月,しょうが,37200,沖　縄,47,187,770,,
10778,2024,12,16,月,　　うち輸入,37201,,,4261,539,100.5,100.4
10779,2024,12,16,月,生しいたけ,38100,,,81624,1135,102.2,101.9
10780,2024,12,16,月,生しいたけ,38100,徳　島,36,15619,1133,,
10781,2024,12,16,月,生しいたけ,38100,秋　田,5,13080,1371,,
10782,2024,12,16,月,生しいたけ,38100,千　葉,12,9100,634,,
10783,2024,12,16,月,生しいたけ,38100,長　崎,42,5572,1252,,
10784,2024,12,16,月,生しいたけ,38100,岩　手,3,4353,1232,,
10785,2024,12,16,月,　　うち輸入,38101,,,2151,808,110.3,101.5
10786,2024,12,16,月,なめこ,38300,,,22035,534,93.5,99.8
10787,2024,12,16,月,なめこ,38300,長　野,20,6940,544,,
10788,2024,12,16,月,なめこ,38300,山　形,6,3508,567,,
10789,2024,12,16,月,なめこ,38300,三　重,24,2578,561,,
10790,2024,12,16,月,なめこ,38300,大　分,44,2120,457,,
10791,2024,12,16,月,なめこ,38300,宮　城,4,1389,538,,
10792,2024,12,16,月,えのきだけ,38400,,,154634,566,90.1,106
10793,2024,12,16,月,えのきだけ,38400,長　野,20,104661,584,,
10794,2024,12,16,月,えのきだけ,38400,新　潟,15,14325,567,,
10795,2024,12,16,月,えのきだけ,38400,宮　崎,45,8459,511,,
10796,2024,12,16,月,しめじ,38500,,,80355,732,87.2,102.7
10797,2024,12,16,月,しめじ,38500,長　野,20,50422,711,,
10798,2024,12,16,月,しめじ,38500,福　岡,40,13924,716,,
10799,2024,12,16,月,その他の野菜,39000,,,270028,1109,107.8,100.4
10800,2024,12,16,月,輸入野菜計,39100,,,213853,425,126.5,107.9
10801,2024,12,16,月,他の輸入野菜,39200,,,71784,547,109.6,123.2
10802,2024,12,23,月,野菜総計,30000,,,13230673,356,107,105.6
10803,2024,12,23,月,野菜総計,30000,北海道,1,2731203,168,,
10804,2024,12,23,月,野菜総計,30000,茨　城,8,2038682,242,,
10805,2024,12,23,月,野菜総計,30000,千　葉,12,1259578,261,,
10806,2024,12,23,月,野菜総計,30000,愛　知,23,767064,491,,
10807,2024,12,23,月,野菜総計,30000,長　崎,42,663910,274,,
10808,2024,12,23,月,野菜総計,30000,熊　本,43,615595,535,,
10809,2024,12,23,月,野菜総計,30000,鹿児島,46,459612,357,,
10810,2024,12,23,月,だいこん,30100,,,1060034,137,99.4,107
10811,2024,12,23,月,だいこん,30100,千　葉,12,343582,135,,
10812,2024,12,23,月,だいこん,30100,神奈川,14,282882,129,,
10813,2024,12,23,月,だいこん,30100,長　崎,42,96182,125,,
10814,2024,12,23,月,だいこん,30100,鹿児島,46,90986,106,,
10815,2024,12,23,月,だいこん,30100,福　岡,40,62167,119,,
10816,2024,12,23,月,かぶ,30200,,,145076,181,99.3,107.1
10817,2024,12,23,月,かぶ,30200,千　葉,12,51663,162,,
10818,2024,12,23,月,かぶ,30200,福　岡,40,26735,175,,
10819,2024,12,23,月,かぶ,30200,京　都,26,25831,218,,
10820,2024,12,23,月,かぶ,30200,埼　玉,11,11586,132,,
10821,2024,12,23,月,かぶ,30200,徳　島,36,8227,259,,
10822,2024,12,23,月,にんじん,30300,,,953874,210,117.5,101.4
10823,2024,12,23,月,にんじん,30300,千　葉,12,439691,185,,
10824,2024,12,23,月,にんじん,30300,長　崎,42,161502,186,,
10825,2024,12,23,月,にんじん,30300,愛　知,23,71656,199,,
10826,2024,12,23,月,にんじん,30300,香　川,37,66070,453,,
10827,2024,12,23,月,にんじん,30300,熊　本,43,54450,207,,
10828,2024,12,23,月,ごぼう,30400,,,164766,476,122.5,117
10829,2024,12,23,月,ごぼう,30400,青　森,2,107579,452,,
10830,2024,12,23,月,ごぼう,30400,北海道,1,19349,217,,
10831,2024,12,23,月,ごぼう,30400,茨　城,8,13839,316,,
10832,2024,12,23,月,たけのこ,30500,,,4650,2943,124.5,146.7
10833,2024,12,23,月,たけのこ,30500,熊　本,43,1563,4693,,
10834,2024,12,23,月,たけのこ,30500,鹿児島,46,277,5183,,
10835,2024,12,23,月,たけのこ,30500,徳　島,36,42,3433,,
10836,2024,12,23,月,たけのこ,30500,福　岡,40,16,5535,,
10837,2024,12,23,月,たけのこ,30500,大　阪,27,16,2734,,
10838,2024,12,23,月,れんこん,30600,,,192482,535,164.1,112.9
10839,2024,12,23,月,れんこん,30600,茨　城,8,101476,468,,
10840,2024,12,23,月,れんこん,30600,佐　賀,41,40189,555,,
10841,2024,12,23,月,れんこん,30600,徳　島,36,27695,780,,
10842,2024,12,23,月,はくさい,31100,,,1792873,106,96,108.2
10843,2024,12,23,月,はくさい,31100,茨　城,8,1192717,108,,
10844,2024,12,23,月,はくさい,31100,大　分,44,113336,104,,
10845,2024,12,23,月,はくさい,31100,鹿児島,46,98788,103,,
10846,2024,12,23,月,はくさい,31100,群　馬,10,68714,95,,
10847,2024,12,23,月,みずな,31300,,,46232,572,90,108.5
10848,2024,12,23,月,みずな,31300,茨　城,8,30512,552,,
10849,2024,12,23,月,みずな,31300,福　岡,40,6720,697,,
10850,2024,12,23,月,こまつな,31500,,,96488,557,103.7,110.1
10851,2024,12,23,月,こまつな,31500,茨　城,8,50712,597,,
10852,2024,12,23,月,こまつな,31500,福　岡,40,15941,533,,
10853,2024,12,23,月,こまつな,31500,埼　玉,11,8592,502,,
10854,2024,12,23,月,こまつな,31500,群　馬,10,2495,546,,
10855,2024,12,23,月,その他の菜類,31550,,,5669,450,122.2,106.6
10856,2024,12,23,月,ちんげんさい,31560,,,34311,436,99.6,103.1
10857,2024,12,23,月,ちんげんさい,31560,茨　城,8,13870,431,,
10858,2024,12,23,月,ちんげんさい,31560,静　岡,22,9236,476,,
10859,2024,12,23,月,ちんげんさい,31560,福　岡,40,3369,427,,
10860,2024,12,23,月,ちんげんさい,31560,愛　知,23,2877,363,,
10861,2024,12,23,月,キャベツ,31700,,,1107236,297,84.6,116.5
10862,2024,12,23,月,キャベツ,31700,愛　知,23,409951,338,,
10863,2024,12,23,月,キャベツ,31700,茨　城,8,176115,316,,
10864,2024,12,23,月,キャベツ,31700,千　葉,12,123165,257,,
10865,2024,12,23,月,キャベツ,31700,神奈川,14,71452,305,,
10866,2024,12,23,月,キャベツ,31700,鹿児島,46,40426,264,,
10867,2024,12,23,月,ほうれんそう,31800,,,129267,718,109.2,104.1
10868,2024,12,23,月,ほうれんそう,31800,群　馬,10,44946,683,,
10869,2024,12,23,月,ほうれんそう,31800,茨　城,8,34156,760,,
10870,2024,12,23,月,ほうれんそう,31800,福　岡,40,18845,759,,
10871,2024,12,23,月,ほうれんそう,31800,徳　島,36,7367,649,,
10872,2024,12,23,月,ねぎ,31900,,,486617,559,100.6,101.3
10873,2024,12,23,月,ねぎ,31900,茨　城,8,88060,447,,
10874,2024,12,23,月,ねぎ,31900,群　馬,10,66048,503,,
10875,2024,12,23,月,ねぎ,31900,千　葉,12,55034,505,,
10876,2024,12,23,月,ねぎ,31900,埼　玉,11,49405,574,,
10877,2024,12,23,月,ねぎ,31900,大　分,44,41230,666,,
10878,2024,12,23,月,ふき,32300,,,4750,526,95.5,110.3
10879,2024,12,23,月,ふき,32300,愛　知,23,3874,466,,
10880,2024,12,23,月,うど,32400,,,570,915,79.3,105.2
10881,2024,12,23,月,うど,32400,栃　木,9,254,976,,
10882,2024,12,23,月,うど,32400,北海道,1,188,776,,
10883,2024,12,23,月,うど,32400,群　馬,10,128,998,,
10884,2024,12,23,月,みつば,32500,,,16847,1491,118.1,121.4
10885,2024,12,23,月,みつば,32500,静　岡,22,3164,1381,,
10886,2024,12,23,月,みつば,32500,大　分,44,2647,1177,,
10887,2024,12,23,月,みつば,32500,愛　知,23,2321,1469,,
10888,2024,12,23,月,みつば,32500,千　葉,12,2228,1148,,
10889,2024,12,23,月,みつば,32500,三　重,24,1857,1684,,
10890,2024,12,23,月,しゅんぎく,32600,,,28428,1227,104.1,112.9
10891,2024,12,23,月,しゅんぎく,32600,福　岡,40,7700,1052,,
10892,2024,12,23,月,しゅんぎく,32600,千　葉,12,3920,1517,,
10893,2024,12,23,月,しゅんぎく,32600,茨　城,8,2429,1396,,
10894,2024,12,23,月,しゅんぎく,32600,群　馬,10,2022,1626,,
10895,2024,12,23,月,しゅんぎく,32600,大　阪,27,1791,786,,
10896,2024,12,23,月,にら,32800,,,55045,1357,98.6,109.1
10897,2024,12,23,月,にら,32800,高　知,39,25453,1541,,
10898,2024,12,23,月,にら,32800,栃　木,9,7010,1245,,
10899,2024,12,23,月,にら,32800,茨　城,8,5481,1220,,
10900,2024,12,23,月,にら,32800,宮　崎,45,5063,1210,,
10901,2024,12,23,月,にら,32800,大　分,44,4930,968,,
10902,2024,12,23,月,セルリー,32900,,,58354,304,102.3,94.1
10903,2024,12,23,月,セルリー,32900,静　岡,22,25781,298,,
10904,2024,12,23,月,セルリー,32900,福　岡,40,19432,326,,
10905,2024,12,23,月,セルリー,32900,愛　知,23,6561,275,,
10906,2024,12,23,月,アスパラガス,33100,,,6116,2320,95.6,111.8
10907,2024,12,23,月,アスパラガス,33100,岩　手,3,640,3037,,
10908,2024,12,23,月,アスパラガス,33100,秋　田,5,117,3476,,
10909,2024,12,23,月,アスパラガス,33100,長　野,20,22,2829,,
10910,2024,12,23,月,アスパラガス,33100,群　馬,10,16,3743,,
10911,2024,12,23,月,アスパラガス,33100,北海道,1,6,3420,,
10912,2024,12,23,月,　　うち輸入,33101,,,5315,2200,88.9,110.4
10913,2024,12,23,月,カリフラワー,33200,,,22825,478,89.8,101.5
10914,2024,12,23,月,カリフラワー,33200,熊　本,43,5862,496,,
10915,2024,12,23,月,カリフラワー,33200,埼　玉,11,4205,447,,
10916,2024,12,23,月,カリフラワー,33200,徳　島,36,3356,485,,
10917,2024,12,23,月,カリフラワー,33200,福　岡,40,2673,440,,
10918,2024,12,23,月,カリフラワー,33200,愛　知,23,2143,539,,
10919,2024,12,23,月,ブロッコリー,33300,,,193058,803,93.4,107.5
10920,2024,12,23,月,ブロッコリー,33300,香　川,37,48015,910,,
10921,2024,12,23,月,ブロッコリー,33300,愛　知,23,29889,671,,
10922,2024,12,23,月,ブロッコリー,33300,長　崎,42,22507,758,,
10923,2024,12,23,月,ブロッコリー,33300,熊　本,43,18263,838,,
10924,2024,12,23,月,ブロッコリー,33300,徳　島,36,16464,987,,
10925,2024,12,23,月,レタス,33400,,,620628,451,107.1,105.9
10926,2024,12,23,月,レタス,33400,静　岡,22,104859,436,,
10927,2024,12,23,月,レタス,33400,長　崎,42,96305,297,,
10928,2024,12,23,月,レタス,33400,兵　庫,28,95208,516,,
10929,2024,12,23,月,レタス,33400,香　川,37,70325,436,,
10930,2024,12,23,月,レタス,33400,福　岡,40,59998,569,,
10931,2024,12,23,月,パセリ,33600,,,3683,4051,96.7,112.3
10932,2024,12,23,月,パセリ,33600,千　葉,12,1476,4147,,
10933,2024,12,23,月,パセリ,33600,静　岡,22,502,1698,,
10934,2024,12,23,月,パセリ,33600,愛　知,23,403,5676,,
10935,2024,12,23,月,パセリ,33600,福　岡,40,338,3902,,
10936,2024,12,23,月,パセリ,33600,香　川,37,243,1569,,
10937,2024,12,23,月,きゅうり,34100,,,426727,551,128.9,105.2
10938,2024,12,23,月,きゅうり,34100,宮　崎,45,180972,575,,
10939,2024,12,23,月,きゅうり,34100,高　知,39,80113,537,,
10940,2024,12,23,月,きゅうり,34100,千　葉,12,40170,551,,
10941,2024,12,23,月,きゅうり,34100,愛　知,23,28693,515,,
10942,2024,12,23,月,きゅうり,34100,鹿児島,46,26681,532,,
10943,2024,12,23,月,かぼちゃ,34200,,,251423,316,92.6,104.6
10944,2024,12,23,月,かぼちゃ,34200,北海道,1,67128,246,,
10945,2024,12,23,月,かぼちゃ,34200,鹿児島,46,45140,371,,
10946,2024,12,23,月,かぼちゃ,34200,宮　崎,45,7680,839,,
10947,2024,12,23,月,かぼちゃ,34200,長　崎,42,5910,267,,
10948,2024,12,23,月,かぼちゃ,34200,茨　城,8,4770,259,,
10949,2024,12,23,月,　　うち輸入,34201,,,116535,299,141.8,100.7
10950,2024,12,23,月,なす,34300,,,149616,683,125.2,102.9
10951,2024,12,23,月,なす,34300,高　知,39,64758,783,,
10952,2024,12,23,月,なす,34300,熊　本,43,37137,588,,
10953,2024,12,23,月,なす,34300,福　岡,40,30643,612,,
10954,2024,12,23,月,トマト,34400,,,356384,561,113.5,100.9
10955,2024,12,23,月,トマト,34400,熊　本,43,206501,523,,
10956,2024,12,23,月,トマト,34400,愛　知,23,42272,566,,
10957,2024,12,23,月,トマト,34400,栃　木,9,35103,534,,
10958,2024,12,23,月,トマト,34400,福　岡,40,19388,530,,
10959,2024,12,23,月,ミニトマト,34450,,,210461,883,131.3,99.1
10960,2024,12,23,月,ミニトマト,34450,熊　本,43,129958,778,,
10961,2024,12,23,月,ミニトマト,34450,愛　知,23,27235,1185,,
10962,2024,12,23,月,ミニトマト,34450,宮　崎,45,14289,936,,
10963,2024,12,23,月,ピーマン,34500,,,210902,763,129.2,98.2
10964,2024,12,23,月,ピーマン,34500,宮　崎,45,83350,775,,
10965,2024,12,23,月,ピーマン,34500,鹿児島,46,56352,706,,
10966,2024,12,23,月,ピーマン,34500,高　知,39,32185,742,,
10967,2024,12,23,月,ししとうがらし,34600,,,6759,2935,105.9,109.5
10968,2024,12,23,月,ししとうがらし,34600,高　知,39,5504,2930,,
10969,2024,12,23,月,スイートコーン,34700,,,44,457,52.4,72.8
10970,2024,12,23,月,スイートコーン,34700,沖　縄,47,44,457,,
10971,2024,12,23,月,さやいんげん,35100,,,13524,1613,114.6,106
10972,2024,12,23,月,さやいんげん,35100,沖　縄,47,7537,1619,,
10973,2024,12,23,月,さやいんげん,35100,鹿児島,46,4197,1596,,
10974,2024,12,23,月,さやえんどう,35200,,,20844,2453,101.1,111.6
10975,2024,12,23,月,さやえんどう,35200,鹿児島,46,10099,2278,,
10976,2024,12,23,月,さやえんどう,35200,和歌山,30,4225,3701,,
10977,2024,12,23,月,さやえんどう,35200,熊　本,43,3198,1603,,
10978,2024,12,23,月,　　うち輸入,35201,,,723,1136,57.2,90.5
10979,2024,12,23,月,実えんどう,35300,,,2386,1051,147.3,100.9
10980,2024,12,23,月,実えんどう,35300,鹿児島,46,1392,993,,
10981,2024,12,23,月,実えんどう,35300,和歌山,30,994,1132,,
10982,2024,12,23,月,そらまめ,35400,,,604,1468,138.5,103.2
10983,2024,12,23,月,そらまめ,35400,鹿児島,46,604,1468,,
10984,2024,12,23,月,えだまめ,35500,,,794,2243,170,105.8
10985,2024,12,23,月,えだまめ,35500,沖　縄,47,498,2492,,
10986,2024,12,23,月,えだまめ,35500,静　岡,22,155,2298,,
10987,2024,12,23,月,かんしょ,36100,,,497676,302,108,102.4
10988,2024,12,23,月,かんしょ,36100,茨　城,8,195192,246,,
10989,2024,12,23,月,かんしょ,36100,徳　島,36,124720,410,,
10990,2024,12,23,月,かんしょ,36100,千　葉,12,105225,271,,
10991,2024,12,23,月,ばれいしょ,36200,,,950713,191,112.9,101.1
10992,2024,12,23,月,ばれいしょ,36200,北海道,1,740307,175,,
10993,2024,12,23,月,ばれいしょ,36200,長　崎,42,209950,249,,
10994,2024,12,23,月,さといも,36300,,,242200,485,107.5,107.3
10995,2024,12,23,月,さといも,36300,埼　玉,11,110242,419,,
10996,2024,12,23,月,さといも,36300,愛　媛,38,36949,476,,
10997,2024,12,23,月,さといも,36300,千　葉,12,36705,547,,
10998,2024,12,23,月,さといも,36300,新　潟,15,14044,441,,
10999,2024,12,23,月,やまのいも,36500,,,176685,441,122.8,97.6
11000,2024,12,23,月,やまのいも,36500,北海道,1,109006,400,,
11001,2024,12,23,月,やまのいも,36500,青　森,2,46744,465,,
11002,2024,12,23,月,たまねぎ,36610,,,1823683,138,133.1,95.2
11003,2024,12,23,月,たまねぎ,36610,北海道,1,1738274,136,,
11004,2024,12,23,月,　　うち輸入,36620,,,25389,120,63.5,102.6
11005,2024,12,23,月,にんにく,36700,,,30203,1580,146.7,115.3
11006,2024,12,23,月,にんにく,36700,青　森,2,22009,1967,,
11007,2024,12,23,月,にんにく,36700,北海道,1,151,657,,
11008,2024,12,23,月,にんにく,36700,新　潟,15,5,2592,,
11009,2024,12,23,月,にんにく,36700,岩　手,3,2,1188,,
11010,2024,12,23,月,　　うち輸入,36701,,,8037,538,93.4,100
11011,2024,12,23,月,しょうが,37200,,,23065,796,112.5,99.7
11012,2024,12,23,月,しょうが,37200,高　知,39,13484,795,,
11013,2024,12,23,月,しょうが,37200,熊　本,43,2417,809,,
11014,2024,12,23,月,しょうが,37200,長　崎,42,971,795,,
11015,2024,12,23,月,しょうが,37200,愛　知,23,420,3331,,
11016,2024,12,23,月,しょうが,37200,和歌山,30,240,756,,
11017,2024,12,23,月,　　うち輸入,37201,,,4920,539,124.8,98.9
11018,2024,12,23,月,生しいたけ,38100,,,86432,1330,98.5,108
11019,2024,12,23,月,生しいたけ,38100,徳　島,36,16554,1346,,
11020,2024,12,23,月,生しいたけ,38100,秋　田,5,12655,1511,,
11021,2024,12,23,月,生しいたけ,38100,岩　手,3,6259,1415,,
11022,2024,12,23,月,生しいたけ,38100,千　葉,12,5847,848,,
11023,2024,12,23,月,生しいたけ,38100,長　崎,42,5035,1496,,
11024,2024,12,23,月,　　うち輸入,38101,,,1803,808,92.9,99.6
11025,2024,12,23,月,なめこ,38300,,,20700,538,84.9,101.7
11026,2024,12,23,月,なめこ,38300,長　野,20,5649,557,,
11027,2024,12,23,月,なめこ,38300,山　形,6,3323,564,,
11028,2024,12,23,月,なめこ,38300,三　重,24,2868,565,,
11029,2024,12,23,月,なめこ,38300,宮　城,4,1539,527,,
11030,2024,12,23,月,なめこ,38300,福　島,7,1517,517,,
11031,2024,12,23,月,えのきだけ,38400,,,163328,574,93.6,100.2
11032,2024,12,23,月,えのきだけ,38400,長　野,20,108183,584,,
11033,2024,12,23,月,えのきだけ,38400,新　潟,15,16349,597,,
11034,2024,12,23,月,えのきだけ,38400,宮　崎,45,9899,504,,
11035,2024,12,23,月,しめじ,38500,,,80835,739,90.8,100.5
11036,2024,12,23,月,しめじ,38500,長　野,20,55092,701,,
11037,2024,12,23,月,しめじ,38500,福　岡,40,12460,730,,
11038,2024,12,23,月,その他の野菜,39000,,,254859,1363,90.4,117.3
11039,2024,12,23,月,輸入野菜計,39100,,,238711,419,98.5,106.1
11040,2024,12,23,月,他の輸入野菜,39200,,,75991,542,77.2,119.4
11041,2024,12,30,月,野菜総計,30000,,,1347391,458,13,105.5
11042,2024,12,30,月,野菜総計,30000,兵　庫,28,202063,261,,
11043,2024,12,30,月,野菜総計,30000,鹿児島,46,134987,211,,
11044,2024,12,30,月,野菜総計,30000,愛　知,23,116592,489,,
11045,2024,12,30,月,野菜総計,30000,熊　本,43,114532,617,,
11046,2024,12,30,月,野菜総計,30000,和歌山,30,88987,297,,
11047,2024,12,30,月,野菜総計,30000,茨　城,8,83110,263,,
11048,2024,12,30,月,野菜総計,30000,長　崎,42,81837,355,,
11049,2024,12,30,月,だいこん,30100,,,162805,143,16.7,86.1
11050,2024,12,30,月,だいこん,30100,鹿児島,46,61330,122,,
11051,2024,12,30,月,だいこん,30100,和歌山,30,59380,164,,
11052,2024,12,30,月,だいこん,30100,長　崎,42,32120,145,,
11053,2024,12,30,月,かぶ,30200,,,4689,296,4.7,155
11054,2024,12,30,月,かぶ,30200,鳥　取,31,1540,285,,
11055,2024,12,30,月,かぶ,30200,福　岡,40,920,268,,
11056,2024,12,30,月,かぶ,30200,宮　崎,45,842,359,,
11057,2024,12,30,月,かぶ,30200,京　都,26,750,206,,
11058,2024,12,30,月,にんじん,30300,,,17190,215,8.5,113.8
11059,2024,12,30,月,にんじん,30300,北海道,1,9270,177,,
11060,2024,12,30,月,にんじん,30300,宮　崎,45,2770,233,,
11061,2024,12,30,月,にんじん,30300,千　葉,12,2000,261,,
11062,2024,12,30,月,ごぼう,30400,,,2296,679,3.5,110.9
11063,2024,12,30,月,ごぼう,30400,宮　崎,45,1064,1004,,
11064,2024,12,30,月,ごぼう,30400,茨　城,8,520,397,,
11065,2024,12,30,月,ごぼう,30400,青　森,2,350,484,,
11066,2024,12,30,月,れんこん,30600,,,101,165,0.1,31.3
11067,2024,12,30,月,れんこん,30600,佐　賀,41,96,135,,
11068,2024,12,30,月,はくさい,31100,,,254227,127,11.1,101.6
11069,2024,12,30,月,はくさい,31100,兵　庫,28,112404,106,,
11070,2024,12,30,月,はくさい,31100,茨　城,8,64518,146,,
11071,2024,12,30,月,はくさい,31100,鹿児島,46,42690,140,,
11072,2024,12,30,月,みずな,31300,,,15893,538,21.3,73.9
11073,2024,12,30,月,みずな,31300,兵　庫,28,6171,261,,
11074,2024,12,30,月,みずな,31300,茨　城,8,4460,758,,
11075,2024,12,30,月,みずな,31300,福　岡,40,2267,830,,
11076,2024,12,30,月,こまつな,31500,,,12217,575,9,91.9
11077,2024,12,30,月,こまつな,31500,福　岡,40,7140,586,,
11078,2024,12,30,月,こまつな,31500,茨　城,8,1956,618,,
11079,2024,12,30,月,こまつな,31500,広　島,34,1034,491,,
11080,2024,12,30,月,その他の菜類,31550,,,565,340,20.4,64.9
11081,2024,12,30,月,ちんげんさい,31560,,,2065,408,6.3,90.1
11082,2024,12,30,月,ちんげんさい,31560,福　岡,40,1444,389,,
11083,2024,12,30,月,ちんげんさい,31560,沖　縄,47,291,337,,
11084,2024,12,30,月,キャベツ,31700,,,149030,382,14.8,114.4
11085,2024,12,30,月,キャベツ,31700,愛　知,23,91360,391,,
11086,2024,12,30,月,キャベツ,31700,兵　庫,28,22870,362,,
11087,2024,12,30,月,キャベツ,31700,鹿児島,46,19270,392,,
11088,2024,12,30,月,ほうれんそう,31800,,,17967,888,11.3,103.9
11089,2024,12,30,月,ほうれんそう,31800,福　岡,40,8157,927,,
11090,2024,12,30,月,ほうれんそう,31800,徳　島,36,4156,844,,
11091,2024,12,30,月,ほうれんそう,31800,茨　城,8,1375,1051,,
11092,2024,12,30,月,ほうれんそう,31800,沖　縄,47,963,391,,
11093,2024,12,30,月,ねぎ,31900,,,72625,812,12.1,113.6
11094,2024,12,30,月,ねぎ,31900,群　馬,10,14885,794,,
11095,2024,12,30,月,ねぎ,31900,埼　玉,11,14868,889,,
11096,2024,12,30,月,ねぎ,31900,鳥　取,31,12959,705,,
11097,2024,12,30,月,ねぎ,31900,大　分,44,8619,808,,
11098,2024,12,30,月,ねぎ,31900,茨　城,8,4445,746,,
11099,2024,12,30,月,ふき,32300,,,32,540,0.8,114.9
11100,2024,12,30,月,ふき,32300,徳　島,36,32,540,,
11101,2024,12,30,月,みつば,32500,,,6745,1315,9.3,64.6
11102,2024,12,30,月,みつば,32500,大　分,44,4220,1208,,
11103,2024,12,30,月,みつば,32500,大　阪,27,902,1558,,
11104,2024,12,30,月,みつば,32500,三　重,24,796,1666,,
11105,2024,12,30,月,しゅんぎく,32600,,,17110,1021,29.2,71.3
11106,2024,12,30,月,しゅんぎく,32600,和歌山,30,6612,923,,
11107,2024,12,30,月,しゅんぎく,32600,大　阪,27,4136,1100,,
11108,2024,12,30,月,しゅんぎく,32600,福　岡,40,2753,1082,,
11109,2024,12,30,月,しゅんぎく,32600,滋　賀,25,1971,1084,,
11110,2024,12,30,月,にら,32800,,,8676,1507,14.6,96.7
11111,2024,12,30,月,にら,32800,高　知,39,4695,1665,,
11112,2024,12,30,月,にら,32800,大　分,44,3290,1214,,
11113,2024,12,30,月,セルリー,32900,,,716,271,1.5,85.2
11114,2024,12,30,月,セルリー,32900,宮　崎,45,270,243,,
11115,2024,12,30,月,セルリー,32900,熊　本,43,210,181,,
11116,2024,12,30,月,セルリー,32900,福　岡,40,140,176,,
11117,2024,12,30,月,アスパラガス,33100,,,357,2915,4.9,123.4
11118,2024,12,30,月,　　うち輸入,33101,,,357,2915,5.2,126.2
11119,2024,12,30,月,カリフラワー,33200,,,447,456,2.8,104.8
11120,2024,12,30,月,カリフラワー,33200,兵　庫,28,240,363,,
11121,2024,12,30,月,カリフラワー,33200,徳　島,36,66,442,,
11122,2024,12,30,月,カリフラワー,33200,鹿児島,46,50,276,,
11123,2024,12,30,月,カリフラワー,33200,熊　本,43,40,999,,
11124,2024,12,30,月,ブロッコリー,33300,,,18931,698,10.4,77.9
11125,2024,12,30,月,ブロッコリー,33300,鳥　取,31,5874,610,,
11126,2024,12,30,月,ブロッコリー,33300,長　崎,42,5046,802,,
11127,2024,12,30,月,ブロッコリー,33300,兵　庫,28,1866,705,,
11128,2024,12,30,月,ブロッコリー,33300,宮　崎,45,1848,509,,
11129,2024,12,30,月,ブロッコリー,33300,徳　島,36,1248,867,,
11130,2024,12,30,月,レタス,33400,,,108494,479,17.1,91.2
11131,2024,12,30,月,レタス,33400,兵　庫,28,43839,523,,
11132,2024,12,30,月,レタス,33400,長　崎,42,21570,353,,
11133,2024,12,30,月,レタス,33400,福　岡,40,15955,576,,
11134,2024,12,30,月,レタス,33400,沖　縄,47,14088,378,,
11135,2024,12,30,月,パセリ,33600,,,171,5333,4.9,109.1
11136,2024,12,30,月,パセリ,33600,佐　賀,41,45,8777,,
11137,2024,12,30,月,パセリ,33600,福　岡,40,41,6888,,
11138,2024,12,30,月,パセリ,33600,大　分,44,37,2299,,
11139,2024,12,30,月,パセリ,33600,香　川,37,27,1528,,
11140,2024,12,30,月,きゅうり,34100,,,78001,447,23.4,85.8
11141,2024,12,30,月,きゅうり,34100,宮　崎,45,42448,469,,
11142,2024,12,30,月,きゅうり,34100,徳　島,36,7340,439,,
11143,2024,12,30,月,きゅうり,34100,高　知,39,7230,444,,
11144,2024,12,30,月,きゅうり,34100,沖　縄,47,5548,217,,
11145,2024,12,30,月,かぼちゃ,34200,,,2774,639,4.4,169.5
11146,2024,12,30,月,かぼちゃ,34200,宮　崎,45,1432,730,,
11147,2024,12,30,月,かぼちゃ,34200,北海道,1,500,367,,
11148,2024,12,30,月,かぼちゃ,34200,高　知,39,380,668,,
11149,2024,12,30,月,なす,34300,,,25725,519,17.3,84.9
11150,2024,12,30,月,なす,34300,高　知,39,11005,443,,
11151,2024,12,30,月,なす,34300,熊　本,43,6313,529,,
11152,2024,12,30,月,なす,34300,福　岡,40,4288,624,,
11153,2024,12,30,月,トマト,34400,,,97119,574,30.9,92.1
11154,2024,12,30,月,トマト,34400,熊　本,43,64078,565,,
11155,2024,12,30,月,トマト,34400,福　岡,40,16117,552,,
11156,2024,12,30,月,ミニトマト,34450,,,49728,812,27.8,81.3
11157,2024,12,30,月,ミニトマト,34450,熊　本,43,34844,761,,
11158,2024,12,30,月,ミニトマト,34450,長　崎,42,7398,776,,
11159,2024,12,30,月,ピーマン,34500,,,25100,519,14.2,75.3
11160,2024,12,30,月,ピーマン,34500,沖　縄,47,9000,371,,
11161,2024,12,30,月,ピーマン,34500,宮　崎,45,7949,616,,
11162,2024,12,30,月,ピーマン,34500,高　知,39,7695,578,,
11163,2024,12,30,月,ししとうがらし,34600,,,318,2351,7.2,87.8
11164,2024,12,30,月,ししとうがらし,34600,高　知,39,255,2335,,
11165,2024,12,30,月,スイートコーン,34700,,,155,201,620,25.8
11166,2024,12,30,月,スイートコーン,34700,沖　縄,47,155,201,,
11167,2024,12,30,月,さやいんげん,35100,,,4522,881,42.7,59.2
11168,2024,12,30,月,さやいんげん,35100,沖　縄,47,4015,807,,
11169,2024,12,30,月,さやえんどう,35200,,,1297,1719,8.2,74.9
11170,2024,12,30,月,さやえんどう,35200,和歌山,30,481,1619,,
11171,2024,12,30,月,さやえんどう,35200,熊　本,43,369,1803,,
11172,2024,12,30,月,さやえんどう,35200,長　崎,42,297,1709,,
11173,2024,12,30,月,実えんどう,35300,,,42,787,3.1,77.5
11174,2024,12,30,月,実えんどう,35300,和歌山,30,42,787,,
11175,2024,12,30,月,かんしょ,36100,,,9930,324,9,92.8
11176,2024,12,30,月,かんしょ,36100,大　分,44,8480,323,,
11177,2024,12,30,月,ばれいしょ,36200,,,14584,309,2.8,165.2
11178,2024,12,30,月,ばれいしょ,36200,長　崎,42,10680,324,,
11179,2024,12,30,月,ばれいしょ,36200,鹿児島,46,3050,271,,
11180,2024,12,30,月,さといも,36300,,,483,455,1.6,99.1
11181,2024,12,30,月,さといも,36300,鹿児島,46,460,461,,
11182,2024,12,30,月,やまのいも,36500,,,7535,427,8.7,80.6
11183,2024,12,30,月,やまのいも,36500,北海道,1,6860,422,,
11184,2024,12,30,月,たまねぎ,36610,,,30245,183,4.1,123.6
11185,2024,12,30,月,たまねぎ,36610,北海道,1,14245,184,,
11186,2024,12,30,月,たまねぎ,36610,兵　庫,28,9360,221,,
11187,2024,12,30,月,　　うち輸入,36620,,,6640,129,20,112.2
11188,2024,12,30,月,にんにく,36700,,,1190,821,9.4,108.3
11189,2024,12,30,月,にんにく,36700,青　森,2,500,1156,,
11190,2024,12,30,月,　　うち輸入,36701,,,690,578,6.5,109.9
11191,2024,12,30,月,しょうが,37200,,,947,766,4.1,94.5
11192,2024,12,30,月,しょうが,37200,高　知,39,824,756,,
11193,2024,12,30,月,生しいたけ,38100,,,21860,1460,19.2,96.9
11194,2024,12,30,月,生しいたけ,38100,徳　島,36,14038,1497,,
11195,2024,12,30,月,生しいたけ,38100,和歌山,30,1721,1208,,
11196,2024,12,30,月,生しいたけ,38100,岐　阜,21,1105,1376,,
11197,2024,12,30,月,生しいたけ,38100,島　根,32,1038,1271,,
11198,2024,12,30,月,なめこ,38300,,,1207,582,3.6,114.1
11199,2024,12,30,月,なめこ,38300,奈　良,29,550,579,,
11200,2024,12,30,月,なめこ,38300,大　分,44,397,532,,
11201,2024,12,30,月,なめこ,38300,長　崎,42,255,672,,
11202,2024,12,30,月,えのきだけ,38400,,,46561,570,21.3,100.2
11203,2024,12,30,月,えのきだけ,38400,長　野,20,40652,576,,
11204,2024,12,30,月,しめじ,38500,,,12574,730,12.4,99.3
11205,2024,12,30,月,しめじ,38500,長　野,20,9343,676,,
11206,2024,12,30,月,しめじ,38500,福　岡,40,2198,797,,
11207,2024,12,30,月,その他の野菜,39000,,,42161,1099,14.9,82.8
11208,2024,12,30,月,輸入野菜計,39100,,,8705,328,5.3,79.4
11209,2024,12,30,月,他の輸入野菜,39200,,,1018,556,1.2,149.9
11210,2025,1,6,月,野菜総計,30000,,,10040983,346,58,80.5
11211,2025,1,6,月,野菜総計,30000,北海道,1,1865427,172,,
11212,2025,1,6,月,野菜総計,30000,茨　城,8,1341622,269,,
11213,2025,1,6,月,野菜総計,30000,千　葉,12,984783,249,,
11214,2025,1,6,月,野菜総計,30000,愛　知,23,843243,449,,
11215,2025,1,6,月,野菜総計,30000,神奈川,14,621950,198,,
11216,2025,1,6,月,野菜総計,30000,長　崎,42,512921,273,,
11217,2025,1,6,月,野菜総計,30000,熊　本,43,501824,516,,
11218,2025,1,6,月,だいこん,30100,,,1378370,151,69.5,96.2
11219,2025,1,6,月,だいこん,30100,神奈川,14,532468,156,,
11220,2025,1,6,月,だいこん,30100,千　葉,12,473822,144,,
11221,2025,1,6,月,だいこん,30100,鹿児島,46,111748,142,,
11222,2025,1,6,月,かぶ,30200,,,86584,196,71.3,102.1
11223,2025,1,6,月,かぶ,30200,千　葉,12,41613,197,,
11224,2025,1,6,月,かぶ,30200,京　都,26,12798,173,,
11225,2025,1,6,月,かぶ,30200,福　岡,40,9297,190,,
11226,2025,1,6,月,かぶ,30200,青　森,2,6760,200,,
11227,2025,1,6,月,にんじん,30300,,,441796,195,88.6,99.5
11228,2025,1,6,月,にんじん,30300,千　葉,12,205119,201,,
11229,2025,1,6,月,にんじん,30300,長　崎,42,102916,175,,
11230,2025,1,6,月,にんじん,30300,愛　知,23,55168,219,,
11231,2025,1,6,月,ごぼう,30400,,,83771,365,138,65.4
11232,2025,1,6,月,ごぼう,30400,青　森,2,29063,405,,
11233,2025,1,6,月,ごぼう,30400,茨　城,8,28630,266,,
11234,2025,1,6,月,ごぼう,30400,北海道,1,15591,177,,
11235,2025,1,6,月,たけのこ,30500,,,709,2189,217.5,138.9
11236,2025,1,6,月,たけのこ,30500,鹿児島,46,86,5155,,
11237,2025,1,6,月,たけのこ,30500,福　岡,40,55,3772,,
11238,2025,1,6,月,たけのこ,30500,熊　本,43,25,2795,,
11239,2025,1,6,月,たけのこ,30500,京　都,26,5,3653,,
11240,2025,1,6,月,れんこん,30600,,,55865,434,88.1,94.8
11241,2025,1,6,月,れんこん,30600,茨　城,8,37207,408,,
11242,2025,1,6,月,れんこん,30600,徳　島,36,6704,494,,
11243,2025,1,6,月,れんこん,30600,佐　賀,41,5005,459,,
11244,2025,1,6,月,はくさい,31100,,,1318644,135,54.2,107.1
11245,2025,1,6,月,はくさい,31100,茨　城,8,867079,143,,
11246,2025,1,6,月,はくさい,31100,鹿児島,46,106329,126,,
11247,2025,1,6,月,はくさい,31100,宮　崎,45,80037,106,,
11248,2025,1,6,月,はくさい,31100,群　馬,10,48252,81,,
11249,2025,1,6,月,みずな,31300,,,41114,637,45,90.5
11250,2025,1,6,月,みずな,31300,茨　城,8,30390,607,,
11251,2025,1,6,月,みずな,31300,福　岡,40,4800,756,,
11252,2025,1,6,月,こまつな,31500,,,82574,575,41.7,92.1
11253,2025,1,6,月,こまつな,31500,茨　城,8,44025,618,,
11254,2025,1,6,月,こまつな,31500,福　岡,40,13860,563,,
11255,2025,1,6,月,こまつな,31500,埼　玉,11,6435,473,,
11256,2025,1,6,月,こまつな,31500,広　島,34,2124,668,,
11257,2025,1,6,月,その他の菜類,31550,,,3231,491,46,109.8
11258,2025,1,6,月,ちんげんさい,31560,,,30201,441,76.8,95.7
11259,2025,1,6,月,ちんげんさい,31560,茨　城,8,13778,441,,
11260,2025,1,6,月,ちんげんさい,31560,静　岡,22,6844,486,,
11261,2025,1,6,月,ちんげんさい,31560,愛　知,23,3136,350,,
11262,2025,1,6,月,ちんげんさい,31560,福　岡,40,2058,476,,
11263,2025,1,6,月,キャベツ,31700,,,1000705,312,65.1,87.4
11264,2025,1,6,月,キャベツ,31700,愛　知,23,521436,327,,
11265,2025,1,6,月,キャベツ,31700,千　葉,12,104985,317,,
11266,2025,1,6,月,キャベツ,31700,神奈川,14,74869,342,,
11267,2025,1,6,月,キャベツ,31700,茨　城,8,73994,276,,
11268,2025,1,6,月,キャベツ,31700,熊　本,43,37859,282,,
11269,2025,1,6,月,ほうれんそう,31800,,,97380,831,47.9,96.2
11270,2025,1,6,月,ほうれんそう,31800,茨　城,8,28853,873,,
11271,2025,1,6,月,ほうれんそう,31800,群　馬,10,22234,882,,
11272,2025,1,6,月,ほうれんそう,31800,福　岡,40,13814,858,,
11273,2025,1,6,月,ほうれんそう,31800,埼　玉,11,5911,675,,
11274,2025,1,6,月,ほうれんそう,31800,徳　島,36,5513,822,,
11275,2025,1,6,月,ねぎ,31900,,,311522,713,50.9,95.3
11276,2025,1,6,月,ねぎ,31900,埼　玉,11,63728,785,,
11277,2025,1,6,月,ねぎ,31900,茨　城,8,52042,540,,
11278,2025,1,6,月,ねぎ,31900,大　分,44,51142,644,,
11279,2025,1,6,月,ねぎ,31900,群　馬,10,38992,659,,
11280,2025,1,6,月,ねぎ,31900,千　葉,12,35631,629,,
11281,2025,1,6,月,ふき,32300,,,4100,441,85.7,172.3
11282,2025,1,6,月,ふき,32300,愛　知,23,3504,427,,
11283,2025,1,6,月,うど,32400,,,1006,855,133.1,86.9
11284,2025,1,6,月,うど,32400,栃　木,9,890,840,,
11285,2025,1,6,月,みつば,32500,,,12737,959,23.6,61
11286,2025,1,6,月,みつば,32500,千　葉,12,2535,629,,
11287,2025,1,6,月,みつば,32500,愛　知,23,2108,1069,,
11288,2025,1,6,月,みつば,32500,静　岡,22,1665,835,,
11289,2025,1,6,月,みつば,32500,大　分,44,1513,883,,
11290,2025,1,6,月,みつば,32500,茨　城,8,1092,1062,,
11291,2025,1,6,月,しゅんぎく,32600,,,25318,1005,29.7,73.7
11292,2025,1,6,月,しゅんぎく,32600,千　葉,12,4531,1012,,
11293,2025,1,6,月,しゅんぎく,32600,福　岡,40,3649,1048,,
11294,2025,1,6,月,しゅんぎく,32600,大　阪,27,2121,895,,
11295,2025,1,6,月,しゅんぎく,32600,宮　城,4,1799,1026,,
11296,2025,1,6,月,しゅんぎく,32600,群　馬,10,1629,1057,,
11297,2025,1,6,月,にら,32800,,,30915,1591,40.9,100
11298,2025,1,6,月,にら,32800,高　知,39,13211,1855,,
11299,2025,1,6,月,にら,32800,栃　木,9,5168,1378,,
11300,2025,1,6,月,にら,32800,茨　城,8,4684,1389,,
11301,2025,1,6,月,にら,32800,大　分,44,3800,1296,,
11302,2025,1,6,月,セルリー,32900,,,35514,305,84,98.7
11303,2025,1,6,月,セルリー,32900,静　岡,22,14139,311,,
11304,2025,1,6,月,セルリー,32900,福　岡,40,13160,315,,
11305,2025,1,6,月,セルリー,32900,愛　知,23,3858,283,,
11306,2025,1,6,月,アスパラガス,33100,,,6838,2202,59.3,94.4
11307,2025,1,6,月,アスパラガス,33100,岩　手,3,288,3106,,
11308,2025,1,6,月,アスパラガス,33100,秋　田,5,199,3327,,
11309,2025,1,6,月,アスパラガス,33100,群　馬,10,71,3259,,
11310,2025,1,6,月,アスパラガス,33100,北海道,1,66,3599,,
11311,2025,1,6,月,アスパラガス,33100,長　野,20,46,2492,,
11312,2025,1,6,月,　　うち輸入,33101,,,6168,2094,63.4,95.3
11313,2025,1,6,月,カリフラワー,33200,,,27441,368,94.1,92.7
11314,2025,1,6,月,カリフラワー,33200,徳　島,36,8916,396,,
11315,2025,1,6,月,カリフラワー,33200,福　岡,40,4595,344,,
11316,2025,1,6,月,カリフラワー,33200,愛　知,23,4044,399,,
11317,2025,1,6,月,カリフラワー,33200,熊　本,43,2912,282,,
11318,2025,1,6,月,カリフラワー,33200,埼　玉,11,2652,331,,
11319,2025,1,6,月,ブロッコリー,33300,,,175391,622,44.4,76.7
11320,2025,1,6,月,ブロッコリー,33300,香　川,37,57199,785,,
11321,2025,1,6,月,ブロッコリー,33300,愛　知,23,35299,450,,
11322,2025,1,6,月,ブロッコリー,33300,徳　島,36,17546,608,,
11323,2025,1,6,月,ブロッコリー,33300,熊　本,43,14125,664,,
11324,2025,1,6,月,ブロッコリー,33300,埼　玉,11,10072,498,,
11325,2025,1,6,月,レタス,33400,,,510497,422,49.1,88.1
11326,2025,1,6,月,レタス,33400,長　崎,42,129184,284,,
11327,2025,1,6,月,レタス,33400,兵　庫,28,76845,444,,
11328,2025,1,6,月,レタス,33400,静　岡,22,73925,406,,
11329,2025,1,6,月,レタス,33400,福　岡,40,44229,558,,
11330,2025,1,6,月,レタス,33400,香　川,37,42869,438,,
11331,2025,1,6,月,パセリ,33600,,,2430,3747,60.4,95.4
11332,2025,1,6,月,パセリ,33600,千　葉,12,585,4535,,
11333,2025,1,6,月,パセリ,33600,静　岡,22,554,1769,,
11334,2025,1,6,月,パセリ,33600,香　川,37,353,2133,,
11335,2025,1,6,月,パセリ,33600,愛　知,23,345,4873,,
11336,2025,1,6,月,パセリ,33600,福　岡,40,240,3894,,
11337,2025,1,6,月,きゅうり,34100,,,338885,391,26.4,94.4
11338,2025,1,6,月,きゅうり,34100,宮　崎,45,119844,411,,
11339,2025,1,6,月,きゅうり,34100,高　知,39,78374,377,,
11340,2025,1,6,月,きゅうり,34100,鹿児島,46,33352,360,,
11341,2025,1,6,月,きゅうり,34100,千　葉,12,20307,388,,
11342,2025,1,6,月,きゅうり,34100,佐　賀,41,16024,380,,
11343,2025,1,6,月,かぼちゃ,34200,,,151504,360,75.9,106.5
11344,2025,1,6,月,かぼちゃ,34200,宮　崎,45,16019,691,,
11345,2025,1,6,月,かぼちゃ,34200,鹿児島,46,14690,362,,
11346,2025,1,6,月,かぼちゃ,34200,沖　縄,47,3905,342,,
11347,2025,1,6,月,かぼちゃ,34200,茨　城,8,3228,249,,
11348,2025,1,6,月,かぼちゃ,34200,北海道,1,2740,243,,
11349,2025,1,6,月,　　うち輸入,34201,,,107586,309,67,104
11350,2025,1,6,月,なす,34300,,,193676,530,42.4,92.8
11351,2025,1,6,月,なす,34300,高　知,39,81553,539,,
11352,2025,1,6,月,なす,34300,福　岡,40,47425,539,,
11353,2025,1,6,月,なす,34300,熊　本,43,43103,510,,
11354,2025,1,6,月,トマト,34400,,,400126,515,41.6,97.4
11355,2025,1,6,月,トマト,34400,熊　本,43,201757,479,,
11356,2025,1,6,月,トマト,34400,愛　知,23,48853,524,,
11357,2025,1,6,月,トマト,34400,栃　木,9,45331,498,,
11358,2025,1,6,月,トマト,34400,福　岡,40,30827,442,,
11359,2025,1,6,月,ミニトマト,34450,,,218706,829,42.1,95.3
11360,2025,1,6,月,ミニトマト,34450,熊　本,43,123637,716,,
11361,2025,1,6,月,ミニトマト,34450,愛　知,23,36924,1044,,
11362,2025,1,6,月,ミニトマト,34450,宮　崎,45,17727,827,,
11363,2025,1,6,月,ピーマン,34500,,,130712,656,35.9,104.6
11364,2025,1,6,月,ピーマン,34500,宮　崎,45,39678,614,,
11365,2025,1,6,月,ピーマン,34500,鹿児島,46,29326,628,,
11366,2025,1,6,月,ピーマン,34500,高　知,39,25037,621,,
11367,2025,1,6,月,ピーマン,34500,茨　城,8,14550,872,,
11368,2025,1,6,月,ししとうがらし,34600,,,6825,2058,65.7,93.5
11369,2025,1,6,月,ししとうがらし,34600,高　知,39,5305,1958,,
11370,2025,1,6,月,ししとうがらし,34600,京　都,26,526,3804,,
11371,2025,1,6,月,スイートコーン,34700,,,43,1097,29.1,238
11372,2025,1,6,月,スイートコーン,34700,沖　縄,47,43,1097,,
11373,2025,1,6,月,さやいんげん,35100,,,12185,1394,55.1,110.6
11374,2025,1,6,月,さやいんげん,35100,沖　縄,47,8798,1320,,
11375,2025,1,6,月,さやいんげん,35100,鹿児島,46,1700,1583,,
11376,2025,1,6,月,さやえんどう,35200,,,17586,1539,90.9,89.5
11377,2025,1,6,月,さやえんどう,35200,鹿児島,46,9976,1544,,
11378,2025,1,6,月,さやえんどう,35200,和歌山,30,2537,1425,,
11379,2025,1,6,月,さやえんどう,35200,愛　知,23,2290,1669,,
11380,2025,1,6,月,　　うち輸入,35201,,,600,1149,638.3,114.2
11381,2025,1,6,月,実えんどう,35300,,,3451,1044,155.8,100
11382,2025,1,6,月,実えんどう,35300,和歌山,30,2042,1085,,
11383,2025,1,6,月,実えんどう,35300,鹿児島,46,1409,984,,
11384,2025,1,6,月,そらまめ,35400,,,1176,1522,85.6,101.1
11385,2025,1,6,月,そらまめ,35400,鹿児島,46,1176,1522,,
11386,2025,1,6,月,えだまめ,35500,,,342,2448,61.3,98.6
11387,2025,1,6,月,えだまめ,35500,沖　縄,47,342,2448,,
11388,2025,1,6,月,かんしょ,36100,,,155426,282,79.6,97.2
11389,2025,1,6,月,かんしょ,36100,茨　城,8,78451,268,,
11390,2025,1,6,月,かんしょ,36100,千　葉,12,41584,282,,
11391,2025,1,6,月,かんしょ,36100,徳　島,36,17420,349,,
11392,2025,1,6,月,ばれいしょ,36200,,,845310,203,81.5,110.3
11393,2025,1,6,月,ばれいしょ,36200,北海道,1,602586,183,,
11394,2025,1,6,月,ばれいしょ,36200,長　崎,42,205145,242,,
11395,2025,1,6,月,さといも,36300,,,26621,506,116.9,118.5
11396,2025,1,6,月,さといも,36300,愛　媛,38,9143,545,,
11397,2025,1,6,月,さといも,36300,埼　玉,11,7738,449,,
11398,2025,1,6,月,さといも,36300,熊　本,43,2570,798,,
11399,2025,1,6,月,さといも,36300,千　葉,12,2205,415,,
11400,2025,1,6,月,やまのいも,36500,,,120453,422,63.2,91.9
11401,2025,1,6,月,やまのいも,36500,北海道,1,94176,407,,
11402,2025,1,6,月,やまのいも,36500,青　森,2,18678,429,,
11403,2025,1,6,月,たまねぎ,36610,,,1172485,143,91.6,95.3
11404,2025,1,6,月,たまねぎ,36610,北海道,1,1131006,141,,
11405,2025,1,6,月,　　うち輸入,36620,,,16342,129,48.6,104.9
11406,2025,1,6,月,にんにく,36700,,,12484,1313,106.5,129.5
11407,2025,1,6,月,にんにく,36700,青　森,2,6346,2052,,
11408,2025,1,6,月,にんにく,36700,北海道,1,30,1361,,
11409,2025,1,6,月,にんにく,36700,岩　手,3,0,…,,
11410,2025,1,6,月,　　うち輸入,36701,,,6109,544,77.7,97.3
11411,2025,1,6,月,しょうが,37200,,,19182,891,117.4,89.6
11412,2025,1,6,月,しょうが,37200,高　知,39,9278,1163,,
11413,2025,1,6,月,しょうが,37200,愛　知,23,3994,405,,
11414,2025,1,6,月,しょうが,37200,熊　本,43,1032,1335,,
11415,2025,1,6,月,しょうが,37200,長　崎,42,740,790,,
11416,2025,1,6,月,しょうが,37200,千　葉,12,241,1195,,
11417,2025,1,6,月,　　うち輸入,37201,,,3410,571,71.4,107.7
11418,2025,1,6,月,生しいたけ,38100,,,59680,1266,35.4,87.6
11419,2025,1,6,月,生しいたけ,38100,徳　島,36,10931,1323,,
11420,2025,1,6,月,生しいたけ,38100,秋　田,5,6803,1496,,
11421,2025,1,6,月,生しいたけ,38100,岩　手,3,5523,1154,,
11422,2025,1,6,月,生しいたけ,38100,千　葉,12,4788,726,,
11423,2025,1,6,月,生しいたけ,38100,兵　庫,28,4110,1495,,
11424,2025,1,6,月,　　うち輸入,38101,,,272,785,12,83.2
11425,2025,1,6,月,なめこ,38300,,,18382,509,70.3,97.1
11426,2025,1,6,月,なめこ,38300,長　野,20,3275,569,,
11427,2025,1,6,月,なめこ,38300,山　形,6,2981,534,,
11428,2025,1,6,月,なめこ,38300,三　重,24,2276,570,,
11429,2025,1,6,月,なめこ,38300,新　潟,15,2203,369,,
11430,2025,1,6,月,なめこ,38300,大　分,44,2068,494,,
11431,2025,1,6,月,えのきだけ,38400,,,109740,549,35.1,98.2
11432,2025,1,6,月,えのきだけ,38400,長　野,20,74081,571,,
11433,2025,1,6,月,えのきだけ,38400,新　潟,15,10311,533,,
11434,2025,1,6,月,えのきだけ,38400,宮　崎,45,6939,454,,
11435,2025,1,6,月,しめじ,38500,,,56166,733,44.7,101.1
11436,2025,1,6,月,しめじ,38500,長　野,20,38739,700,,
11437,2025,1,6,月,しめじ,38500,福　岡,40,7143,732,,
11438,2025,1,6,月,その他の野菜,39000,,,205228,1301,41.5,78.5
11439,2025,1,6,月,輸入野菜計,39100,,,186801,423,67.2,102.7
11440,2025,1,6,月,他の輸入野菜,39200,,,46315,530,78.2,97.4
11441,2025,1,13,月,野菜総計,30000,,,150895,356,1.3,106.9
11442,2025,1,13,月,野菜総計,30000,鹿児島,46,53546,242,,
11443,2025,1,13,月,野菜総計,30000,沖　縄,47,50875,464,,
11444,2025,1,13,月,野菜総計,30000,長　崎,42,15148,363,,
11445,2025,1,13,月,野菜総計,30000,北海道,1,10600,190,,
11446,2025,1,13,月,野菜総計,30000,宮　崎,45,5532,401,,
11447,2025,1,13,月,野菜総計,30000,福　岡,40,3850,698,,
11448,2025,1,13,月,野菜総計,30000,熊　本,43,2586,484,,
11449,2025,1,13,月,だいこん,30100,,,11745,171,1,117.9
11450,2025,1,13,月,だいこん,30100,鹿児島,46,11375,173,,
11451,2025,1,13,月,にんじん,30300,,,10718,230,1.9,115
11452,2025,1,13,月,にんじん,30300,鹿児島,46,7350,206,,
11453,2025,1,13,月,にんじん,30300,宮　崎,45,1400,217,,
11454,2025,1,13,月,ごぼう,30400,,,570,353,1.1,74.6
11455,2025,1,13,月,ごぼう,30400,宮　崎,45,100,378,,
11456,2025,1,13,月,ごぼう,30400,鹿児島,46,60,923,,
11457,2025,1,13,月,ごぼう,30400,青　森,2,20,454,,
11458,2025,1,13,月,はくさい,31100,,,19140,151,1.2,89.3
11459,2025,1,13,月,はくさい,31100,鹿児島,46,19110,150,,
11460,2025,1,13,月,みずな,31300,,,267,895,0.5,158.7
11461,2025,1,13,月,みずな,31300,沖　縄,47,78,738,,
11462,2025,1,13,月,みずな,31300,茨　城,8,70,945,,
11463,2025,1,13,月,みずな,31300,福　岡,40,67,978,,
11464,2025,1,13,月,こまつな,31500,,,1021,370,1,64.8
11465,2025,1,13,月,こまつな,31500,沖　縄,47,981,357,,
11466,2025,1,13,月,その他の菜類,31550,,,485,420,15.1,81.2
11467,2025,1,13,月,ちんげんさい,31560,,,570,523,1.6,116.7
11468,2025,1,13,月,ちんげんさい,31560,沖　縄,47,486,485,,
11469,2025,1,13,月,キャベツ,31700,,,20522,278,1.5,95.2
11470,2025,1,13,月,キャベツ,31700,沖　縄,47,15832,265,,
11471,2025,1,13,月,キャベツ,31700,鹿児島,46,3490,362,,
11472,2025,1,13,月,ほうれんそう,31800,,,887,613,0.7,76.3
11473,2025,1,13,月,ほうれんそう,31800,沖　縄,47,815,572,,
11474,2025,1,13,月,ねぎ,31900,,,2163,760,0.6,108.9
11475,2025,1,13,月,ねぎ,31900,鹿児島,46,963,822,,
11476,2025,1,13,月,ねぎ,31900,宮　崎,45,564,547,,
11477,2025,1,13,月,ねぎ,31900,大　分,44,300,864,,
11478,2025,1,13,月,みつば,32500,,,30,1062,0.2,139.4
11479,2025,1,13,月,みつば,32500,埼　玉,11,12,918,,
11480,2025,1,13,月,みつば,32500,福　岡,40,10,540,,
11481,2025,1,13,月,みつば,32500,大　分,44,6,2178,,
11482,2025,1,13,月,しゅんぎく,32600,,,98,792,0.3,93.6
11483,2025,1,13,月,しゅんぎく,32600,沖　縄,47,98,792,,
11484,2025,1,13,月,にら,32800,,,412,2464,0.8,158.6
11485,2025,1,13,月,にら,32800,鹿児島,46,170,2417,,
11486,2025,1,13,月,にら,32800,高　知,39,115,2775,,
11487,2025,1,13,月,にら,32800,宮　崎,45,60,2183,,
11488,2025,1,13,月,セルリー,32900,,,411,312,0.7,106.8
11489,2025,1,13,月,セルリー,32900,宮　崎,45,290,248,,
11490,2025,1,13,月,セルリー,32900,沖　縄,47,81,541,,
11491,2025,1,13,月,カリフラワー,33200,,,11,530,0.1,146
11492,2025,1,13,月,カリフラワー,33200,沖　縄,47,11,530,,
11493,2025,1,13,月,ブロッコリー,33300,,,426,579,0.3,88.7
11494,2025,1,13,月,ブロッコリー,33300,長　崎,42,300,616,,
11495,2025,1,13,月,ブロッコリー,33300,沖　縄,47,86,448,,
11496,2025,1,13,月,レタス,33400,,,9176,316,1.8,73.3
11497,2025,1,13,月,レタス,33400,沖　縄,47,5099,332,,
11498,2025,1,13,月,レタス,33400,長　崎,42,2170,327,,
11499,2025,1,13,月,レタス,33400,福　岡,40,1247,289,,
11500,2025,1,13,月,パセリ,33600,,,11,4596,0.3,129.3
11501,2025,1,13,月,パセリ,33600,福　岡,40,10,4883,,
11502,2025,1,13,月,きゅうり,34100,,,6918,372,2.1,85.7
11503,2025,1,13,月,きゅうり,34100,沖　縄,47,5518,344,,
11504,2025,1,13,月,きゅうり,34100,鹿児島,46,900,398,,
11505,2025,1,13,月,かぼちゃ,34200,,,1518,191,0.9,57.5
11506,2025,1,13,月,かぼちゃ,34200,北海道,1,780,11,,
11507,2025,1,13,月,かぼちゃ,34200,沖　縄,47,148,503,,
11508,2025,1,13,月,かぼちゃ,34200,宮　崎,45,10,805,,
11509,2025,1,13,月,　　うち輸入,34201,,,580,342,0.5,118.3
11510,2025,1,13,月,なす,34300,,,793,482,0.6,85.9
11511,2025,1,13,月,なす,34300,沖　縄,47,495,438,,
11512,2025,1,13,月,なす,34300,熊　本,43,298,555,,
11513,2025,1,13,月,トマト,34400,,,5756,464,1.9,94.9
11514,2025,1,13,月,トマト,34400,熊　本,43,1864,474,,
11515,2025,1,13,月,トマト,34400,鹿児島,46,1296,437,,
11516,2025,1,13,月,トマト,34400,宮　崎,45,1216,473,,
11517,2025,1,13,月,トマト,34400,沖　縄,47,972,435,,
11518,2025,1,13,月,ミニトマト,34450,,,1157,703,0.6,89.8
11519,2025,1,13,月,ミニトマト,34450,鹿児島,46,591,631,,
11520,2025,1,13,月,ミニトマト,34450,宮　崎,45,300,667,,
11521,2025,1,13,月,ミニトマト,34450,沖　縄,47,227,927,,
11522,2025,1,13,月,ピーマン,34500,,,5648,565,2.9,86.1
11523,2025,1,13,月,ピーマン,34500,沖　縄,47,5414,542,,
11524,2025,1,13,月,ししとうがらし,34600,,,12,3375,0.2,175.7
11525,2025,1,13,月,ししとうがらし,34600,高　知,39,12,3375,,
11526,2025,1,13,月,スイートコーン,34700,,,5,454,－,－
11527,2025,1,13,月,スイートコーン,34700,沖　縄,47,5,454,,
11528,2025,1,13,月,さやいんげん,35100,,,3644,1352,44.5,86.2
11529,2025,1,13,月,さやいんげん,35100,沖　縄,47,3644,1352,,
11530,2025,1,13,月,さやえんどう,35200,,,3,1496,0,100.2
11531,2025,1,13,月,さやえんどう,35200,鹿児島,46,3,1496,,
11532,2025,1,13,月,かんしょ,36100,,,1805,286,0.6,100
11533,2025,1,13,月,かんしょ,36100,鹿児島,46,1015,179,,
11534,2025,1,13,月,かんしょ,36100,熊　本,43,385,445,,
11535,2025,1,13,月,かんしょ,36100,茨　城,8,210,238,,
11536,2025,1,13,月,ばれいしょ,36200,,,18030,324,2.6,137.9
11537,2025,1,13,月,ばれいしょ,36200,長　崎,42,10470,325,,
11538,2025,1,13,月,ばれいしょ,36200,鹿児島,46,6230,335,,
11539,2025,1,13,月,さといも,36300,,,28,429,0,100.2
11540,2025,1,13,月,さといも,36300,沖　縄,47,18,337,,
11541,2025,1,13,月,さといも,36300,鹿児島,46,10,594,,
11542,2025,1,13,月,やまのいも,36500,,,170,553,0.2,123.7
11543,2025,1,13,月,やまのいも,36500,北海道,1,140,518,,
11544,2025,1,13,月,たまねぎ,36610,,,14005,169,0.6,140.8
11545,2025,1,13,月,たまねぎ,36610,北海道,1,8440,191,,
11546,2025,1,13,月,たまねぎ,36610,沖　縄,47,25,378,,
11547,2025,1,13,月,　　うち輸入,36620,,,5540,134,27.2,108.9
11548,2025,1,13,月,にんにく,36700,,,240,626,1.6,55.8
11549,2025,1,13,月,にんにく,36700,青　森,2,20,2376,,
11550,2025,1,13,月,　　うち輸入,36701,,,220,466,2.7,94.1
11551,2025,1,13,月,しょうが,37200,,,96,862,0.6,94.1
11552,2025,1,13,月,しょうが,37200,高　知,39,84,932,,
11553,2025,1,13,月,生しいたけ,38100,,,284,1908,0.4,154.2
11554,2025,1,13,月,生しいたけ,38100,長　崎,42,236,1920,,
11555,2025,1,13,月,なめこ,38300,,,100,559,0.5,106.5
11556,2025,1,13,月,なめこ,38300,長　崎,42,100,559,,
11557,2025,1,13,月,えのきだけ,38400,,,516,616,0.4,119.6
11558,2025,1,13,月,えのきだけ,38400,長　崎,42,498,617,,
11559,2025,1,13,月,しめじ,38500,,,1533,850,2.1,119.4
11560,2025,1,13,月,しめじ,38500,福　岡,40,1533,850,,
11561,2025,1,13,月,その他の野菜,39000,,,9973,659,4.1,43.5
11562,2025,1,13,月,輸入野菜計,39100,,,7070,198,2.9,56.4
11563,2025,1,13,月,他の輸入野菜,39200,,,730,487,0.9,138.4
11564,2025,1,20,月,野菜総計,30000,,,12624712,319,101.4,100.9
11565,2025,1,20,月,野菜総計,30000,北海道,1,2674816,180,,
11566,2025,1,20,月,野菜総計,30000,茨　城,8,1590521,255,,
11567,2025,1,20,月,野菜総計,30000,千　葉,12,1046995,257,,
11568,2025,1,20,月,野菜総計,30000,愛　知,23,944206,325,,
11569,2025,1,20,月,野菜総計,30000,長　崎,42,719262,242,,
11570,2025,1,20,月,野菜総計,30000,熊　本,43,703680,452,,
11571,2025,1,20,月,野菜総計,30000,鹿児島,46,604409,304,,
11572,2025,1,20,月,だいこん,30100,,,1122186,119,96.7,96
11573,2025,1,20,月,だいこん,30100,千　葉,12,314205,123,,
11574,2025,1,20,月,だいこん,30100,神奈川,14,251670,131,,
11575,2025,1,20,月,だいこん,30100,長　崎,42,136488,101,,
11576,2025,1,20,月,だいこん,30100,徳　島,36,111200,126,,
11577,2025,1,20,月,だいこん,30100,鹿児島,46,86102,101,,
11578,2025,1,20,月,かぶ,30200,,,100303,166,86.7,99.4
11579,2025,1,20,月,かぶ,30200,千　葉,12,53705,173,,
11580,2025,1,20,月,かぶ,30200,福　岡,40,12452,151,,
11581,2025,1,20,月,かぶ,30200,京　都,26,8294,131,,
11582,2025,1,20,月,かぶ,30200,埼　玉,11,8105,144,,
11583,2025,1,20,月,にんじん,30300,,,725802,194,89.6,101
11584,2025,1,20,月,にんじん,30300,千　葉,12,261340,201,,
11585,2025,1,20,月,にんじん,30300,長　崎,42,157413,200,,
11586,2025,1,20,月,にんじん,30300,鹿児島,46,98465,168,,
11587,2025,1,20,月,にんじん,30300,愛　知,23,83103,200,,
11588,2025,1,20,月,ごぼう,30400,,,98556,440,127.5,94.4
11589,2025,1,20,月,ごぼう,30400,青　森,2,47260,418,,
11590,2025,1,20,月,ごぼう,30400,茨　城,8,23171,288,,
11591,2025,1,20,月,ごぼう,30400,熊　本,43,12106,729,,
11592,2025,1,20,月,たけのこ,30500,,,1257,2024,115.1,96.9
11593,2025,1,20,月,たけのこ,30500,鹿児島,46,124,4899,,
11594,2025,1,20,月,たけのこ,30500,熊　本,43,113,4308,,
11595,2025,1,20,月,たけのこ,30500,京　都,26,6,6660,,
11596,2025,1,20,月,たけのこ,30500,埼　玉,11,2,4320,,
11597,2025,1,20,月,れんこん,30600,,,81556,426,95.7,100
11598,2025,1,20,月,れんこん,30600,茨　城,8,46257,423,,
11599,2025,1,20,月,れんこん,30600,佐　賀,41,12127,405,,
11600,2025,1,20,月,れんこん,30600,徳　島,36,8680,484,,
11601,2025,1,20,月,はくさい,31100,,,1530809,130,95.8,95.6
11602,2025,1,20,月,はくさい,31100,茨　城,8,890936,138,,
11603,2025,1,20,月,はくさい,31100,群　馬,10,151097,122,,
11604,2025,1,20,月,はくさい,31100,鹿児島,46,130206,109,,
11605,2025,1,20,月,はくさい,31100,宮　崎,45,85469,85,,
11606,2025,1,20,月,みずな,31300,,,50786,516,106.2,101.6
11607,2025,1,20,月,みずな,31300,茨　城,8,37099,501,,
11608,2025,1,20,月,みずな,31300,福　岡,40,6912,546,,
11609,2025,1,20,月,こまつな,31500,,,107459,570,99.2,100.5
11610,2025,1,20,月,こまつな,31500,茨　城,8,58873,595,,
11611,2025,1,20,月,こまつな,31500,福　岡,40,19776,559,,
11612,2025,1,20,月,こまつな,31500,埼　玉,11,7345,513,,
11613,2025,1,20,月,その他の菜類,31550,,,6194,459,133.5,88.3
11614,2025,1,20,月,ちんげんさい,31560,,,34440,504,92.4,101.4
11615,2025,1,20,月,ちんげんさい,31560,茨　城,8,13970,528,,
11616,2025,1,20,月,ちんげんさい,31560,静　岡,22,8505,508,,
11617,2025,1,20,月,ちんげんさい,31560,福　岡,40,3733,555,,
11618,2025,1,20,月,ちんげんさい,31560,愛　知,23,2766,379,,
11619,2025,1,20,月,キャベツ,31700,,,1213751,217,87.6,104.3
11620,2025,1,20,月,キャベツ,31700,愛　知,23,593165,216,,
11621,2025,1,20,月,キャベツ,31700,神奈川,14,151266,218,,
11622,2025,1,20,月,キャベツ,31700,千　葉,12,114189,270,,
11623,2025,1,20,月,キャベツ,31700,熊　本,43,50495,226,,
11624,2025,1,20,月,キャベツ,31700,福　岡,40,42692,210,,
11625,2025,1,20,月,ほうれんそう,31800,,,153569,694,102.1,99.7
11626,2025,1,20,月,ほうれんそう,31800,群　馬,10,45650,717,,
11627,2025,1,20,月,ほうれんそう,31800,茨　城,8,43006,688,,
11628,2025,1,20,月,ほうれんそう,31800,福　岡,40,24829,700,,
11629,2025,1,20,月,ほうれんそう,31800,埼　玉,11,7816,618,,
11630,2025,1,20,月,ほうれんそう,31800,徳　島,36,7553,676,,
11631,2025,1,20,月,ねぎ,31900,,,386933,530,80.2,94.6
11632,2025,1,20,月,ねぎ,31900,千　葉,12,65586,481,,
11633,2025,1,20,月,ねぎ,31900,茨　城,8,54910,401,,
11634,2025,1,20,月,ねぎ,31900,大　分,44,49281,594,,
11635,2025,1,20,月,ねぎ,31900,埼　玉,11,48776,508,,
11636,2025,1,20,月,ねぎ,31900,群　馬,10,47596,429,,
11637,2025,1,20,月,ふき,32300,,,3235,517,86,97.9
11638,2025,1,20,月,ふき,32300,愛　知,23,2359,524,,
11639,2025,1,20,月,ふき,32300,福　岡,40,486,505,,
11640,2025,1,20,月,うど,32400,,,2740,802,104.1,108.2
11641,2025,1,20,月,うど,32400,栃　木,9,2196,770,,
11642,2025,1,20,月,みつば,32500,,,12335,708,96.3,97.7
11643,2025,1,20,月,みつば,32500,愛　知,23,2412,660,,
11644,2025,1,20,月,みつば,32500,千　葉,12,2079,553,,
11645,2025,1,20,月,みつば,32500,大　分,44,1650,661,,
11646,2025,1,20,月,みつば,32500,静　岡,22,1421,711,,
11647,2025,1,20,月,みつば,32500,茨　城,8,1291,723,,
11648,2025,1,20,月,しゅんぎく,32600,,,21919,870,75.7,102
11649,2025,1,20,月,しゅんぎく,32600,福　岡,40,4349,819,,
11650,2025,1,20,月,しゅんぎく,32600,千　葉,12,3952,900,,
11651,2025,1,20,月,しゅんぎく,32600,茨　城,8,2257,880,,
11652,2025,1,20,月,しゅんぎく,32600,栃　木,9,1597,1033,,
11653,2025,1,20,月,しゅんぎく,32600,宮　城,4,1554,865,,
11654,2025,1,20,月,にら,32800,,,60708,1263,100.7,94.7
11655,2025,1,20,月,にら,32800,高　知,39,24130,1249,,
11656,2025,1,20,月,にら,32800,栃　木,9,12296,1258,,
11657,2025,1,20,月,にら,32800,茨　城,8,6088,1283,,
11658,2025,1,20,月,にら,32800,大　分,44,5090,1199,,
11659,2025,1,20,月,にら,32800,宮　崎,45,3787,1284,,
11660,2025,1,20,月,セルリー,32900,,,56539,278,91.1,99.3
11661,2025,1,20,月,セルリー,32900,静　岡,22,21110,278,,
11662,2025,1,20,月,セルリー,32900,福　岡,40,17536,284,,
11663,2025,1,20,月,セルリー,32900,愛　知,23,8655,271,,
11664,2025,1,20,月,アスパラガス,33100,,,7757,2036,88.2,115.7
11665,2025,1,20,月,アスパラガス,33100,佐　賀,41,701,4320,,
11666,2025,1,20,月,アスパラガス,33100,岩　手,3,458,2628,,
11667,2025,1,20,月,アスパラガス,33100,秋　田,5,367,2211,,
11668,2025,1,20,月,アスパラガス,33100,北海道,1,162,2539,,
11669,2025,1,20,月,アスパラガス,33100,群　馬,10,127,2786,,
11670,2025,1,20,月,　　うち輸入,33101,,,5927,1676,78.9,106.2
11671,2025,1,20,月,カリフラワー,33200,,,21315,461,116.2,107.2
11672,2025,1,20,月,カリフラワー,33200,熊　本,43,6595,499,,
11673,2025,1,20,月,カリフラワー,33200,徳　島,36,4478,488,,
11674,2025,1,20,月,カリフラワー,33200,福　岡,40,2806,395,,
11675,2025,1,20,月,カリフラワー,33200,神奈川,14,2318,418,,
11676,2025,1,20,月,カリフラワー,33200,愛　知,23,1700,441,,
11677,2025,1,20,月,ブロッコリー,33300,,,152289,697,90.4,100.7
11678,2025,1,20,月,ブロッコリー,33300,香　川,37,39184,828,,
11679,2025,1,20,月,ブロッコリー,33300,愛　知,23,24698,560,,
11680,2025,1,20,月,ブロッコリー,33300,熊　本,43,17259,692,,
11681,2025,1,20,月,ブロッコリー,33300,長　崎,42,15487,634,,
11682,2025,1,20,月,ブロッコリー,33300,徳　島,36,13912,796,,
11683,2025,1,20,月,レタス,33400,,,522439,346,100.3,95.3
11684,2025,1,20,月,レタス,33400,長　崎,42,104992,190,,
11685,2025,1,20,月,レタス,33400,静　岡,22,93986,366,,
11686,2025,1,20,月,レタス,33400,福　岡,40,57736,468,,
11687,2025,1,20,月,レタス,33400,兵　庫,28,51341,406,,
11688,2025,1,20,月,レタス,33400,香　川,37,51261,361,,
11689,2025,1,20,月,パセリ,33600,,,2482,1730,88.7,98.5
11690,2025,1,20,月,パセリ,33600,静　岡,22,646,1461,,
11691,2025,1,20,月,パセリ,33600,千　葉,12,621,1671,,
11692,2025,1,20,月,パセリ,33600,愛　知,23,372,1927,,
11693,2025,1,20,月,パセリ,33600,福　岡,40,283,1846,,
11694,2025,1,20,月,パセリ,33600,香　川,37,244,1429,,
11695,2025,1,20,月,きゅうり,34100,,,454940,519,130,108.6
11696,2025,1,20,月,きゅうり,34100,宮　崎,45,199596,552,,
11697,2025,1,20,月,きゅうり,34100,高　知,39,73827,487,,
11698,2025,1,20,月,きゅうり,34100,千　葉,12,45081,509,,
11699,2025,1,20,月,きゅうり,34100,愛　知,23,28103,463,,
11700,2025,1,20,月,きゅうり,34100,鹿児島,46,22912,484,,
11701,2025,1,20,月,かぼちゃ,34200,,,174525,339,66.7,104.6
11702,2025,1,20,月,かぼちゃ,34200,鹿児島,46,16443,450,,
11703,2025,1,20,月,かぼちゃ,34200,宮　崎,45,14602,631,,
11704,2025,1,20,月,かぼちゃ,34200,沖　縄,47,9617,578,,
11705,2025,1,20,月,かぼちゃ,34200,熊　本,43,5804,272,,
11706,2025,1,20,月,かぼちゃ,34200,北海道,1,4669,177,,
11707,2025,1,20,月,　　うち輸入,34201,,,121058,277,62,98.2
11708,2025,1,20,月,なす,34300,,,200903,568,129.4,97.9
11709,2025,1,20,月,なす,34300,高　知,39,103581,530,,
11710,2025,1,20,月,なす,34300,熊　本,43,50515,628,,
11711,2025,1,20,月,なす,34300,福　岡,40,26518,606,,
11712,2025,1,20,月,トマト,34400,,,500313,443,117.7,97.1
11713,2025,1,20,月,トマト,34400,熊　本,43,292965,413,,
11714,2025,1,20,月,トマト,34400,愛　知,23,56067,471,,
11715,2025,1,20,月,トマト,34400,栃　木,9,54382,394,,
11716,2025,1,20,月,ミニトマト,34450,,,236543,700,117.7,97.9
11717,2025,1,20,月,ミニトマト,34450,熊　本,43,146367,634,,
11718,2025,1,20,月,ミニトマト,34450,愛　知,23,27848,850,,
11719,2025,1,20,月,ミニトマト,34450,宮　崎,45,20466,715,,
11720,2025,1,20,月,ピーマン,34500,,,213030,790,129.2,103.4
11721,2025,1,20,月,ピーマン,34500,宮　崎,45,93767,812,,
11722,2025,1,20,月,ピーマン,34500,鹿児島,46,61323,750,,
11723,2025,1,20,月,ピーマン,34500,高　知,39,31583,767,,
11724,2025,1,20,月,ししとうがらし,34600,,,7711,1637,104.1,96.4
11725,2025,1,20,月,ししとうがらし,34600,高　知,39,6343,1636,,
11726,2025,1,20,月,スイートコーン,34700,,,39,616,－,－
11727,2025,1,20,月,スイートコーン,34700,沖　縄,47,39,616,,
11728,2025,1,20,月,さやいんげん,35100,,,13722,1476,109.9,96.9
11729,2025,1,20,月,さやいんげん,35100,沖　縄,47,10100,1421,,
11730,2025,1,20,月,さやいんげん,35100,鹿児島,46,1878,1703,,
11731,2025,1,20,月,さやえんどう,35200,,,18111,1519,97,102.5
11732,2025,1,20,月,さやえんどう,35200,鹿児島,46,9456,1516,,
11733,2025,1,20,月,さやえんどう,35200,愛　知,23,2671,1650,,
11734,2025,1,20,月,さやえんどう,35200,和歌山,30,2620,1375,,
11735,2025,1,20,月,　　うち輸入,35201,,,476,1117,135.6,101.6
11736,2025,1,20,月,実えんどう,35300,,,4878,1038,150.6,102.6
11737,2025,1,20,月,実えんどう,35300,鹿児島,46,2564,960,,
11738,2025,1,20,月,実えんどう,35300,和歌山,30,2314,1124,,
11739,2025,1,20,月,そらまめ,35400,,,4786,1230,134.2,96.9
11740,2025,1,20,月,そらまめ,35400,鹿児島,46,4786,1230,,
11741,2025,1,20,月,えだまめ,35500,,,141,2681,23.4,111.2
11742,2025,1,20,月,えだまめ,35500,静　岡,22,141,2681,,
11743,2025,1,20,月,かんしょ,36100,,,523150,267,111.6,94
11744,2025,1,20,月,かんしょ,36100,茨　城,8,272400,253,,
11745,2025,1,20,月,かんしょ,36100,千　葉,12,122701,261,,
11746,2025,1,20,月,かんしょ,36100,徳　島,36,44950,322,,
11747,2025,1,20,月,ばれいしょ,36200,,,1064205,235,100.1,101.3
11748,2025,1,20,月,ばれいしょ,36200,北海道,1,748435,215,,
11749,2025,1,20,月,ばれいしょ,36200,長　崎,42,221840,272,,
11750,2025,1,20,月,さといも,36300,,,68277,418,105.7,101.7
11751,2025,1,20,月,さといも,36300,埼　玉,11,31273,383,,
11752,2025,1,20,月,さといも,36300,愛　媛,38,13808,488,,
11753,2025,1,20,月,さといも,36300,新　潟,15,10641,440,,
11754,2025,1,20,月,やまのいも,36500,,,161646,424,152.4,100
11755,2025,1,20,月,やまのいも,36500,北海道,1,108629,405,,
11756,2025,1,20,月,やまのいも,36500,青　森,2,39453,441,,
11757,2025,1,20,月,たまねぎ,36610,,,1868995,152,121.4,99.3
11758,2025,1,20,月,たまねぎ,36610,北海道,1,1743610,145,,
11759,2025,1,20,月,　　うち輸入,36620,,,25972,125,57.8,107.8
11760,2025,1,20,月,にんにく,36700,,,25782,1615,143.2,119.4
11761,2025,1,20,月,にんにく,36700,青　森,2,19585,1955,,
11762,2025,1,20,月,にんにく,36700,北海道,1,2,1944,,
11763,2025,1,20,月,にんにく,36700,岩　手,3,1,3780,,
11764,2025,1,20,月,　　うち輸入,36701,,,6194,539,80.9,103.9
11765,2025,1,20,月,しょうが,37200,,,16573,1055,108.6,105.7
11766,2025,1,20,月,しょうが,37200,高　知,39,9558,1208,,
11767,2025,1,20,月,しょうが,37200,熊　本,43,1060,1343,,
11768,2025,1,20,月,しょうが,37200,長　崎,42,850,880,,
11769,2025,1,20,月,しょうが,37200,千　葉,12,385,1106,,
11770,2025,1,20,月,しょうが,37200,宮　崎,45,243,2276,,
11771,2025,1,20,月,　　うち輸入,37201,,,3929,559,89.8,103.5
11772,2025,1,20,月,生しいたけ,38100,,,74305,1114,102.8,93.9
11773,2025,1,20,月,生しいたけ,38100,徳　島,36,16557,1080,,
11774,2025,1,20,月,生しいたけ,38100,秋　田,5,10453,1340,,
11775,2025,1,20,月,生しいたけ,38100,千　葉,12,7237,719,,
11776,2025,1,20,月,生しいたけ,38100,長　崎,42,5223,1246,,
11777,2025,1,20,月,生しいたけ,38100,岩　手,3,3904,1169,,
11778,2025,1,20,月,　　うち輸入,38101,,,2684,777,165.1,96
11779,2025,1,20,月,なめこ,38300,,,19467,554,73.5,102.8
11780,2025,1,20,月,なめこ,38300,長　野,20,4922,578,,
11781,2025,1,20,月,なめこ,38300,山　形,6,3585,585,,
11782,2025,1,20,月,なめこ,38300,三　重,24,2304,595,,
11783,2025,1,20,月,なめこ,38300,大　分,44,2030,489,,
11784,2025,1,20,月,なめこ,38300,宮　城,4,1587,514,,
11785,2025,1,20,月,えのきだけ,38400,,,173255,470,101,97.5
11786,2025,1,20,月,えのきだけ,38400,長　野,20,120820,483,,
11787,2025,1,20,月,えのきだけ,38400,新　潟,15,14407,484,,
11788,2025,1,20,月,えのきだけ,38400,福　岡,40,9857,452,,
11789,2025,1,20,月,しめじ,38500,,,88924,645,85.6,97.4
11790,2025,1,20,月,しめじ,38500,長　野,20,55799,622,,
11791,2025,1,20,月,しめじ,38500,福　岡,40,17990,587,,
11792,2025,1,20,月,その他の野菜,39000,,,233212,994,97,102.4
11793,2025,1,20,月,輸入野菜計,39100,,,256597,330,73.4,104.1
11794,2025,1,20,月,他の輸入野菜,39200,,,90359,329,102.5,94.3
11795,2025,1,27,月,野菜総計,30000,,,12311255,311,100.6,102.6
11796,2025,1,27,月,野菜総計,30000,北海道,1,2325850,173,,
11797,2025,1,27,月,野菜総計,30000,茨　城,8,1342104,268,,
11798,2025,1,27,月,野菜総計,30000,愛　知,23,1056951,298,,
11799,2025,1,27,月,野菜総計,30000,千　葉,12,1027011,242,,
11800,2025,1,27,月,野菜総計,30000,熊　本,43,818940,410,,
11801,2025,1,27,月,野菜総計,30000,鹿児島,46,602840,307,,
11802,2025,1,27,月,野菜総計,30000,長　崎,42,521739,214,,
11803,2025,1,27,月,だいこん,30100,,,1057158,105,87.6,99.1
11804,2025,1,27,月,だいこん,30100,神奈川,14,368326,108,,
11805,2025,1,27,月,だいこん,30100,千　葉,12,228294,105,,
11806,2025,1,27,月,だいこん,30100,長　崎,42,142222,95,,
11807,2025,1,27,月,だいこん,30100,徳　島,36,85225,110,,
11808,2025,1,27,月,だいこん,30100,福　岡,40,73762,84,,
11809,2025,1,27,月,かぶ,30200,,,104495,156,82.8,100
11810,2025,1,27,月,かぶ,30200,千　葉,12,53426,159,,
11811,2025,1,27,月,かぶ,30200,福　岡,40,14133,134,,
11812,2025,1,27,月,かぶ,30200,埼　玉,11,8506,136,,
11813,2025,1,27,月,かぶ,30200,京　都,26,7731,154,,
11814,2025,1,27,月,にんじん,30300,,,689400,180,105.6,97.3
11815,2025,1,27,月,にんじん,30300,千　葉,12,259321,199,,
11816,2025,1,27,月,にんじん,30300,愛　知,23,114325,173,,
11817,2025,1,27,月,にんじん,30300,鹿児島,46,105240,164,,
11818,2025,1,27,月,にんじん,30300,長　崎,42,87190,161,,
11819,2025,1,27,月,ごぼう,30400,,,99416,441,137.6,94.4
11820,2025,1,27,月,ごぼう,30400,青　森,2,50173,436,,
11821,2025,1,27,月,ごぼう,30400,北海道,1,14734,200,,
11822,2025,1,27,月,ごぼう,30400,熊　本,43,12481,728,,
11823,2025,1,27,月,ごぼう,30400,茨　城,8,11334,316,,
11824,2025,1,27,月,たけのこ,30500,,,1299,1994,109.9,85.8
11825,2025,1,27,月,たけのこ,30500,熊　本,43,81,4752,,
11826,2025,1,27,月,たけのこ,30500,鹿児島,46,66,4525,,
11827,2025,1,27,月,たけのこ,30500,福　岡,40,18,4890,,
11828,2025,1,27,月,たけのこ,30500,京　都,26,14,4676,,
11829,2025,1,27,月,たけのこ,30500,埼　玉,11,10,4266,,
11830,2025,1,27,月,れんこん,30600,,,79327,418,94.8,100.5
11831,2025,1,27,月,れんこん,30600,茨　城,8,50851,428,,
11832,2025,1,27,月,れんこん,30600,佐　賀,41,15897,368,,
11833,2025,1,27,月,はくさい,31100,,,1380288,131,78.7,110.1
11834,2025,1,27,月,はくさい,31100,茨　城,8,720757,149,,
11835,2025,1,27,月,はくさい,31100,鹿児島,46,158774,101,,
11836,2025,1,27,月,はくさい,31100,兵　庫,28,100966,117,,
11837,2025,1,27,月,はくさい,31100,群　馬,10,99357,137,,
11838,2025,1,27,月,はくさい,31100,宮　崎,45,84957,69,,
11839,2025,1,27,月,みずな,31300,,,57350,462,110.7,101.5
11840,2025,1,27,月,みずな,31300,茨　城,8,38671,436,,
11841,2025,1,27,月,みずな,31300,福　岡,40,10672,488,,
11842,2025,1,27,月,こまつな,31500,,,126734,524,112,95.3
11843,2025,1,27,月,こまつな,31500,茨　城,8,67142,558,,
11844,2025,1,27,月,こまつな,31500,福　岡,40,24736,518,,
11845,2025,1,27,月,こまつな,31500,埼　玉,11,8571,429,,
11846,2025,1,27,月,こまつな,31500,岐　阜,21,2709,636,,
11847,2025,1,27,月,その他の菜類,31550,,,6863,477,146.4,94.5
11848,2025,1,27,月,ちんげんさい,31560,,,34596,468,99.6,99.4
11849,2025,1,27,月,ちんげんさい,31560,茨　城,8,14090,469,,
11850,2025,1,27,月,ちんげんさい,31560,静　岡,22,7763,495,,
11851,2025,1,27,月,ちんげんさい,31560,福　岡,40,3143,475,,
11852,2025,1,27,月,ちんげんさい,31560,愛　知,23,2207,384,,
11853,2025,1,27,月,ちんげんさい,31560,宮　城,4,1160,442,,
11854,2025,1,27,月,キャベツ,31700,,,1306090,183,86.4,97.3
11855,2025,1,27,月,キャベツ,31700,愛　知,23,633473,188,,
11856,2025,1,27,月,キャベツ,31700,千　葉,12,196274,178,,
11857,2025,1,27,月,キャベツ,31700,神奈川,14,131659,186,,
11858,2025,1,27,月,キャベツ,31700,鹿児島,46,51130,213,,
11859,2025,1,27,月,キャベツ,31700,熊　本,43,35850,172,,
11860,2025,1,27,月,ほうれんそう,31800,,,195102,604,113.9,96.2
11861,2025,1,27,月,ほうれんそう,31800,群　馬,10,59789,619,,
11862,2025,1,27,月,ほうれんそう,31800,茨　城,8,51385,599,,
11863,2025,1,27,月,ほうれんそう,31800,福　岡,40,28735,605,,
11864,2025,1,27,月,ほうれんそう,31800,埼　玉,11,13251,573,,
11865,2025,1,27,月,ほうれんそう,31800,徳　島,36,6980,619,,
11866,2025,1,27,月,ねぎ,31900,,,390116,459,86.1,95.8
11867,2025,1,27,月,ねぎ,31900,千　葉,12,61757,427,,
11868,2025,1,27,月,ねぎ,31900,群　馬,10,57121,373,,
11869,2025,1,27,月,ねぎ,31900,埼　玉,11,51726,428,,
11870,2025,1,27,月,ねぎ,31900,茨　城,8,49637,356,,
11871,2025,1,27,月,ねぎ,31900,大　分,44,47800,459,,
11872,2025,1,27,月,ふき,32300,,,4365,542,107.5,110.2
11873,2025,1,27,月,ふき,32300,愛　知,23,3631,549,,
11874,2025,1,27,月,うど,32400,,,2972,745,90.8,96
11875,2025,1,27,月,うど,32400,栃　木,9,2370,706,,
11876,2025,1,27,月,うど,32400,群　馬,10,368,902,,
11877,2025,1,27,月,みつば,32500,,,12938,700,101.7,104.2
11878,2025,1,27,月,みつば,32500,大　分,44,2250,585,,
11879,2025,1,27,月,みつば,32500,千　葉,12,2107,489,,
11880,2025,1,27,月,みつば,32500,静　岡,22,1649,648,,
11881,2025,1,27,月,みつば,32500,愛　知,23,1612,761,,
11882,2025,1,27,月,みつば,32500,三　重,24,1369,970,,
11883,2025,1,27,月,しゅんぎく,32600,,,27729,724,90,92.6
11884,2025,1,27,月,しゅんぎく,32600,福　岡,40,4919,668,,
11885,2025,1,27,月,しゅんぎく,32600,千　葉,12,4673,755,,
11886,2025,1,27,月,しゅんぎく,32600,茨　城,8,2972,666,,
11887,2025,1,27,月,しゅんぎく,32600,福　島,7,2193,790,,
11888,2025,1,27,月,しゅんぎく,32600,栃　木,9,1953,842,,
11889,2025,1,27,月,にら,32800,,,65094,1064,101.4,92.2
11890,2025,1,27,月,にら,32800,高　知,39,24700,1033,,
11891,2025,1,27,月,にら,32800,栃　木,9,13216,1085,,
11892,2025,1,27,月,にら,32800,茨　城,8,6622,1095,,
11893,2025,1,27,月,にら,32800,宮　崎,45,4940,1037,,
11894,2025,1,27,月,にら,32800,北海道,1,4805,1278,,
11895,2025,1,27,月,セルリー,32900,,,56518,271,82.5,99.3
11896,2025,1,27,月,セルリー,32900,静　岡,22,24271,273,,
11897,2025,1,27,月,セルリー,32900,福　岡,40,17020,276,,
11898,2025,1,27,月,セルリー,32900,愛　知,23,5995,266,,
11899,2025,1,27,月,アスパラガス,33100,,,7907,1553,85.9,91.5
11900,2025,1,27,月,アスパラガス,33100,佐　賀,41,466,3495,,
11901,2025,1,27,月,アスパラガス,33100,岩　手,3,404,2464,,
11902,2025,1,27,月,アスパラガス,33100,群　馬,10,283,2522,,
11903,2025,1,27,月,アスパラガス,33100,秋　田,5,223,1956,,
11904,2025,1,27,月,アスパラガス,33100,北海道,1,124,2116,,
11905,2025,1,27,月,　　うち輸入,33101,,,6321,1262,85.1,88.1
11906,2025,1,27,月,カリフラワー,33200,,,26196,345,98.7,99.1
11907,2025,1,27,月,カリフラワー,33200,熊　本,43,8390,334,,
11908,2025,1,27,月,カリフラワー,33200,徳　島,36,5422,339,,
11909,2025,1,27,月,カリフラワー,33200,愛　知,23,3267,361,,
11910,2025,1,27,月,カリフラワー,33200,福　岡,40,2736,374,,
11911,2025,1,27,月,カリフラワー,33200,埼　玉,11,1939,338,,
11912,2025,1,27,月,ブロッコリー,33300,,,210360,572,100.1,93.9
11913,2025,1,27,月,ブロッコリー,33300,香　川,37,50911,698,,
11914,2025,1,27,月,ブロッコリー,33300,愛　知,23,42701,432,,
11915,2025,1,27,月,ブロッコリー,33300,熊　本,43,27481,656,,
11916,2025,1,27,月,ブロッコリー,33300,徳　島,36,23697,596,,
11917,2025,1,27,月,ブロッコリー,33300,長　崎,42,12902,555,,
11918,2025,1,27,月,レタス,33400,,,513786,310,91.6,94.8
11919,2025,1,27,月,レタス,33400,静　岡,22,110832,316,,
11920,2025,1,27,月,レタス,33400,長　崎,42,92171,174,,
11921,2025,1,27,月,レタス,33400,福　岡,40,60704,405,,
11922,2025,1,27,月,レタス,33400,兵　庫,28,54171,364,,
11923,2025,1,27,月,レタス,33400,香　川,37,42270,314,,
11924,2025,1,27,月,パセリ,33600,,,2570,1536,92.5,96.7
11925,2025,1,27,月,パセリ,33600,千　葉,12,757,1417,,
11926,2025,1,27,月,パセリ,33600,静　岡,22,630,1427,,
11927,2025,1,27,月,パセリ,33600,愛　知,23,294,1944,,
11928,2025,1,27,月,パセリ,33600,香　川,37,292,1297,,
11929,2025,1,27,月,パセリ,33600,福　岡,40,287,1508,,
11930,2025,1,27,月,きゅうり,34100,,,537608,515,149.5,99.6
11931,2025,1,27,月,きゅうり,34100,宮　崎,45,197649,545,,
11932,2025,1,27,月,きゅうり,34100,高　知,39,99584,517,,
11933,2025,1,27,月,きゅうり,34100,千　葉,12,52360,513,,
11934,2025,1,27,月,きゅうり,34100,愛　知,23,35281,475,,
11935,2025,1,27,月,きゅうり,34100,鹿児島,46,27819,474,,
11936,2025,1,27,月,かぼちゃ,34200,,,196854,305,111.4,95.6
11937,2025,1,27,月,かぼちゃ,34200,鹿児島,46,17243,331,,
11938,2025,1,27,月,かぼちゃ,34200,宮　崎,45,15684,575,,
11939,2025,1,27,月,かぼちゃ,34200,沖　縄,47,5972,379,,
11940,2025,1,27,月,かぼちゃ,34200,茨　城,8,1600,207,,
11941,2025,1,27,月,かぼちゃ,34200,長　崎,42,1180,613,,
11942,2025,1,27,月,　　うち輸入,34201,,,153060,266,116.1,100.4
11943,2025,1,27,月,なす,34300,,,275281,516,141.7,94.3
11944,2025,1,27,月,なす,34300,高　知,39,133706,468,,
11945,2025,1,27,月,なす,34300,熊　本,43,66806,577,,
11946,2025,1,27,月,なす,34300,福　岡,40,46622,563,,
11947,2025,1,27,月,トマト,34400,,,603828,397,133.2,95.4
11948,2025,1,27,月,トマト,34400,熊　本,43,355892,368,,
11949,2025,1,27,月,トマト,34400,愛　知,23,69854,433,,
11950,2025,1,27,月,トマト,34400,栃　木,9,64595,358,,
11951,2025,1,27,月,ミニトマト,34450,,,237096,680,135.4,99.6
11952,2025,1,27,月,ミニトマト,34450,熊　本,43,148854,620,,
11953,2025,1,27,月,ミニトマト,34450,愛　知,23,30139,831,,
11954,2025,1,27,月,ミニトマト,34450,宮　崎,45,19360,693,,
11955,2025,1,27,月,ピーマン,34500,,,213229,782,126.1,97.5
11956,2025,1,27,月,ピーマン,34500,宮　崎,45,82852,806,,
11957,2025,1,27,月,ピーマン,34500,鹿児島,46,55979,774,,
11958,2025,1,27,月,ピーマン,34500,高　知,39,41556,784,,
11959,2025,1,27,月,ししとうがらし,34600,,,7719,1582,107.9,95.8
11960,2025,1,27,月,ししとうがらし,34600,高　知,39,6671,1567,,
11961,2025,1,27,月,スイートコーン,34700,,,1033,594,100.5,97.7
11962,2025,1,27,月,スイートコーン,34700,沖　縄,47,1033,594,,
11963,2025,1,27,月,さやいんげん,35100,,,16541,1294,128.5,94.3
11964,2025,1,27,月,さやいんげん,35100,沖　縄,47,12596,1187,,
11965,2025,1,27,月,さやいんげん,35100,高　知,39,1942,1613,,
11966,2025,1,27,月,さやえんどう,35200,,,23530,1485,104.8,99.9
11967,2025,1,27,月,さやえんどう,35200,鹿児島,46,12652,1473,,
11968,2025,1,27,月,さやえんどう,35200,愛　知,23,3734,1590,,
11969,2025,1,27,月,さやえんどう,35200,和歌山,30,3106,1315,,
11970,2025,1,27,月,　　うち輸入,35201,,,300,1046,58.8,110.1
11971,2025,1,27,月,実えんどう,35300,,,4942,1076,105.1,99.2
11972,2025,1,27,月,実えんどう,35300,和歌山,30,3640,1107,,
11973,2025,1,27,月,実えんどう,35300,鹿児島,46,1302,987,,
11974,2025,1,27,月,そらまめ,35400,,,4530,1123,79.9,95.8
11975,2025,1,27,月,そらまめ,35400,鹿児島,46,4530,1123,,
11976,2025,1,27,月,えだまめ,35500,,,366,2368,261.4,91.1
11977,2025,1,27,月,えだまめ,35500,沖　縄,47,276,2344,,
11978,2025,1,27,月,えだまめ,35500,静　岡,22,76,2656,,
11979,2025,1,27,月,かんしょ,36100,,,408095,269,95,99.6
11980,2025,1,27,月,かんしょ,36100,茨　城,8,190980,250,,
11981,2025,1,27,月,かんしょ,36100,千　葉,12,107087,263,,
11982,2025,1,27,月,かんしょ,36100,徳　島,36,44395,319,,
11983,2025,1,27,月,ばれいしょ,36200,,,824635,235,99.2,103.1
11984,2025,1,27,月,ばれいしょ,36200,北海道,1,612083,212,,
11985,2025,1,27,月,ばれいしょ,36200,鹿児島,46,112410,326,,
11986,2025,1,27,月,さといも,36300,,,61058,402,104.5,100.8
11987,2025,1,27,月,さといも,36300,埼　玉,11,24758,376,,
11988,2025,1,27,月,さといも,36300,新　潟,15,11500,419,,
11989,2025,1,27,月,さといも,36300,愛　媛,38,11091,487,,
11990,2025,1,27,月,さといも,36300,千　葉,12,1905,319,,
11991,2025,1,27,月,やまのいも,36500,,,135302,421,101.3,97.2
11992,2025,1,27,月,やまのいも,36500,北海道,1,81798,394,,
11993,2025,1,27,月,やまのいも,36500,青　森,2,43053,446,,
11994,2025,1,27,月,たまねぎ,36610,,,1708942,150,129.4,100.7
11995,2025,1,27,月,たまねぎ,36610,北海道,1,1557375,138,,
11996,2025,1,27,月,　　うち輸入,36620,,,22029,123,65.9,105.1
11997,2025,1,27,月,にんにく,36700,,,18011,1383,64.9,95.2
11998,2025,1,27,月,にんにく,36700,青　森,2,11126,1915,,
11999,2025,1,27,月,にんにく,36700,岩　手,3,6,1503,,
12000,2025,1,27,月,にんにく,36700,北海道,1,4,3927,,
12001,2025,1,27,月,　　うち輸入,36701,,,6876,521,80.7,113.5
12002,2025,1,27,月,しょうが,37200,,,15401,936,94.1,94.5
12003,2025,1,27,月,しょうが,37200,高　知,39,8594,1064,,
12004,2025,1,27,月,しょうが,37200,長　崎,42,1612,831,,
12005,2025,1,27,月,しょうが,37200,熊　本,43,624,1199,,
12006,2025,1,27,月,しょうが,37200,千　葉,12,378,1102,,
12007,2025,1,27,月,しょうが,37200,宮　崎,45,170,1971,,
12008,2025,1,27,月,　　うち輸入,37201,,,3721,562,93.5,102.7
12009,2025,1,27,月,生しいたけ,38100,,,71861,1075,91.6,96.7
12010,2025,1,27,月,生しいたけ,38100,徳　島,36,12343,1094,,
12011,2025,1,27,月,生しいたけ,38100,秋　田,5,11616,1303,,
12012,2025,1,27,月,生しいたけ,38100,千　葉,12,8021,738,,
12013,2025,1,27,月,生しいたけ,38100,長　崎,42,5274,1008,,
12014,2025,1,27,月,生しいたけ,38100,岩　手,3,4344,1115,,
12015,2025,1,27,月,　　うち輸入,38101,,,1967,810,114.6,103.3
12016,2025,1,27,月,なめこ,38300,,,20616,550,83.6,100.7
12017,2025,1,27,月,なめこ,38300,山　形,6,4134,592,,
12018,2025,1,27,月,なめこ,38300,長　野,20,4081,565,,
12019,2025,1,27,月,なめこ,38300,三　重,24,2985,597,,
12020,2025,1,27,月,なめこ,38300,大　分,44,1870,496,,
12021,2025,1,27,月,なめこ,38300,宮　城,4,1604,502,,
12022,2025,1,27,月,えのきだけ,38400,,,152867,425,93.8,96.8
12023,2025,1,27,月,えのきだけ,38400,長　野,20,104163,438,,
12024,2025,1,27,月,えのきだけ,38400,新　潟,15,15536,402,,
12025,2025,1,27,月,えのきだけ,38400,宮　崎,45,7135,403,,
12026,2025,1,27,月,しめじ,38500,,,76486,611,82.3,97.8
12027,2025,1,27,月,しめじ,38500,長　野,20,47150,592,,
12028,2025,1,27,月,しめじ,38500,福　岡,40,16042,541,,
12029,2025,1,27,月,その他の野菜,39000,,,236829,1024,95.4,107.5
12030,2025,1,27,月,輸入野菜計,39100,,,275081,319,94.7,104.9
12031,2025,1,27,月,他の輸入野菜,39200,,,80812,358,78.4,119.3
12032,2025,2,3,月,野菜総計,30000,,,12047750,310,97.4,105.4
12033,2025,2,3,月,野菜総計,30000,北海道,1,2260578,178,,
12034,2025,2,3,月,野菜総計,30000,茨　城,8,1341389,262,,
12035,2025,2,3,月,野菜総計,30000,愛　知,23,999944,302,,
12036,2025,2,3,月,野菜総計,30000,千　葉,12,951434,245,,
12037,2025,2,3,月,野菜総計,30000,鹿児島,46,708999,292,,
12038,2025,2,3,月,野菜総計,30000,熊　本,43,700383,435,,
12039,2025,2,3,月,野菜総計,30000,長　崎,42,544071,219,,
12040,2025,2,3,月,だいこん,30100,,,1145946,107,87.2,103.9
12041,2025,2,3,月,だいこん,30100,神奈川,14,411002,105,,
12042,2025,2,3,月,だいこん,30100,千　葉,12,244846,111,,
12043,2025,2,3,月,だいこん,30100,長　崎,42,128616,98,,
12044,2025,2,3,月,だいこん,30100,徳　島,36,94950,109,,
12045,2025,2,3,月,だいこん,30100,鹿児島,46,69001,106,,
12046,2025,2,3,月,かぶ,30200,,,99295,158,80.2,100.6
12047,2025,2,3,月,かぶ,30200,千　葉,12,56966,163,,
12048,2025,2,3,月,かぶ,30200,福　岡,40,9209,138,,
12049,2025,2,3,月,かぶ,30200,京　都,26,8345,107,,
12050,2025,2,3,月,かぶ,30200,埼　玉,11,6563,135,,
12051,2025,2,3,月,にんじん,30300,,,637403,187,104.3,99.5
12052,2025,2,3,月,にんじん,30300,千　葉,12,201193,203,,
12053,2025,2,3,月,にんじん,30300,鹿児島,46,155340,175,,
12054,2025,2,3,月,にんじん,30300,愛　知,23,90514,190,,
12055,2025,2,3,月,にんじん,30300,長　崎,42,80938,174,,
12056,2025,2,3,月,ごぼう,30400,,,75862,463,83.1,111.8
12057,2025,2,3,月,ごぼう,30400,青　森,2,35695,456,,
12058,2025,2,3,月,ごぼう,30400,茨　城,8,12351,275,,
12059,2025,2,3,月,ごぼう,30400,熊　本,43,9627,714,,
12060,2025,2,3,月,ごぼう,30400,北海道,1,6916,308,,
12061,2025,2,3,月,たけのこ,30500,,,1869,2484,131.3,121.2
12062,2025,2,3,月,たけのこ,30500,熊　本,43,407,4369,,
12063,2025,2,3,月,たけのこ,30500,鹿児島,46,112,4448,,
12064,2025,2,3,月,たけのこ,30500,京　都,26,50,3775,,
12065,2025,2,3,月,たけのこ,30500,福　岡,40,16,5198,,
12066,2025,2,3,月,たけのこ,30500,埼　玉,11,6,4590,,
12067,2025,2,3,月,れんこん,30600,,,65686,421,78.2,102.9
12068,2025,2,3,月,れんこん,30600,茨　城,8,33654,424,,
12069,2025,2,3,月,れんこん,30600,佐　賀,41,12819,362,,
12070,2025,2,3,月,れんこん,30600,徳　島,36,7490,469,,
12071,2025,2,3,月,はくさい,31100,,,1332759,139,89.5,106.1
12072,2025,2,3,月,はくさい,31100,茨　城,8,727039,156,,
12073,2025,2,3,月,はくさい,31100,鹿児島,46,161379,108,,
12074,2025,2,3,月,はくさい,31100,宮　崎,45,113331,87,,
12075,2025,2,3,月,はくさい,31100,兵　庫,28,91162,117,,
12076,2025,2,3,月,みずな,31300,,,49117,424,96,104.4
12077,2025,2,3,月,みずな,31300,茨　城,8,33461,402,,
12078,2025,2,3,月,みずな,31300,福　岡,40,9651,436,,
12079,2025,2,3,月,こまつな,31500,,,120232,462,100.9,101.5
12080,2025,2,3,月,こまつな,31500,茨　城,8,67402,464,,
12081,2025,2,3,月,こまつな,31500,福　岡,40,22991,449,,
12082,2025,2,3,月,こまつな,31500,埼　玉,11,6971,430,,
12083,2025,2,3,月,その他の菜類,31550,,,6277,453,134.9,97.2
12084,2025,2,3,月,ちんげんさい,31560,,,34317,438,98.8,98.9
12085,2025,2,3,月,ちんげんさい,31560,茨　城,8,12935,448,,
12086,2025,2,3,月,ちんげんさい,31560,静　岡,22,8601,470,,
12087,2025,2,3,月,ちんげんさい,31560,愛　知,23,3162,359,,
12088,2025,2,3,月,ちんげんさい,31560,福　岡,40,3099,446,,
12089,2025,2,3,月,キャベツ,31700,,,1228890,185,78.3,103.9
12090,2025,2,3,月,キャベツ,31700,愛　知,23,619428,193,,
12091,2025,2,3,月,キャベツ,31700,千　葉,12,164379,171,,
12092,2025,2,3,月,キャベツ,31700,神奈川,14,108894,185,,
12093,2025,2,3,月,キャベツ,31700,鹿児島,46,47718,213,,
12094,2025,2,3,月,キャベツ,31700,熊　本,43,38155,178,,
12095,2025,2,3,月,ほうれんそう,31800,,,176604,562,95.8,103.3
12096,2025,2,3,月,ほうれんそう,31800,茨　城,8,54275,518,,
12097,2025,2,3,月,ほうれんそう,31800,群　馬,10,47770,584,,
12098,2025,2,3,月,ほうれんそう,31800,福　岡,40,26973,581,,
12099,2025,2,3,月,ほうれんそう,31800,埼　玉,11,9114,519,,
12100,2025,2,3,月,ほうれんそう,31800,徳　島,36,6344,624,,
12101,2025,2,3,月,ねぎ,31900,,,354583,489,87.9,104.9
12102,2025,2,3,月,ねぎ,31900,埼　玉,11,63118,472,,
12103,2025,2,3,月,ねぎ,31900,千　葉,12,58895,450,,
12104,2025,2,3,月,ねぎ,31900,群　馬,10,47259,390,,
12105,2025,2,3,月,ねぎ,31900,大　分,44,44309,508,,
12106,2025,2,3,月,ねぎ,31900,茨　城,8,36599,383,,
12107,2025,2,3,月,ふき,32300,,,2214,437,44.5,83.4
12108,2025,2,3,月,ふき,32300,愛　知,23,1435,383,,
12109,2025,2,3,月,ふき,32300,福　岡,40,395,546,,
12110,2025,2,3,月,うど,32400,,,3884,810,118.2,104.1
12111,2025,2,3,月,うど,32400,栃　木,9,2076,758,,
12112,2025,2,3,月,うど,32400,秋　田,5,778,956,,
12113,2025,2,3,月,うど,32400,群　馬,10,755,795,,
12114,2025,2,3,月,みつば,32500,,,12064,661,60.9,91
12115,2025,2,3,月,みつば,32500,千　葉,12,2295,490,,
12116,2025,2,3,月,みつば,32500,静　岡,22,1643,651,,
12117,2025,2,3,月,みつば,32500,大　分,44,1554,668,,
12118,2025,2,3,月,みつば,32500,愛　知,23,1378,653,,
12119,2025,2,3,月,みつば,32500,茨　城,8,1352,620,,
12120,2025,2,3,月,しゅんぎく,32600,,,22191,701,83.2,101
12121,2025,2,3,月,しゅんぎく,32600,福　岡,40,4415,645,,
12122,2025,2,3,月,しゅんぎく,32600,千　葉,12,3546,714,,
12123,2025,2,3,月,しゅんぎく,32600,茨　城,8,2720,592,,
12124,2025,2,3,月,しゅんぎく,32600,栃　木,9,1947,799,,
12125,2025,2,3,月,しゅんぎく,32600,宮　城,4,1475,735,,
12126,2025,2,3,月,にら,32800,,,66474,963,101.9,97.5
12127,2025,2,3,月,にら,32800,高　知,39,26611,941,,
12128,2025,2,3,月,にら,32800,栃　木,9,12736,992,,
12129,2025,2,3,月,にら,32800,茨　城,8,6321,972,,
12130,2025,2,3,月,にら,32800,宮　崎,45,5470,985,,
12131,2025,2,3,月,にら,32800,大　分,44,5415,866,,
12132,2025,2,3,月,セルリー,32900,,,56554,271,86,100.7
12133,2025,2,3,月,セルリー,32900,静　岡,22,22842,274,,
12134,2025,2,3,月,セルリー,32900,福　岡,40,16892,276,,
12135,2025,2,3,月,セルリー,32900,愛　知,23,7430,259,,
12136,2025,2,3,月,アスパラガス,33100,,,12193,1444,102.9,108.2
12137,2025,2,3,月,アスパラガス,33100,佐　賀,41,769,3605,,
12138,2025,2,3,月,アスパラガス,33100,群　馬,10,301,2491,,
12139,2025,2,3,月,アスパラガス,33100,岩　手,3,252,2443,,
12140,2025,2,3,月,アスパラガス,33100,秋　田,5,151,2074,,
12141,2025,2,3,月,アスパラガス,33100,福　岡,40,77,3709,,
12142,2025,2,3,月,　　うち輸入,33101,,,10427,1177,102.7,108.1
12143,2025,2,3,月,カリフラワー,33200,,,27580,317,109.4,103.6
12144,2025,2,3,月,カリフラワー,33200,熊　本,43,9618,271,,
12145,2025,2,3,月,カリフラワー,33200,福　岡,40,4978,381,,
12146,2025,2,3,月,カリフラワー,33200,徳　島,36,4151,331,,
12147,2025,2,3,月,カリフラワー,33200,神奈川,14,2491,328,,
12148,2025,2,3,月,カリフラワー,33200,愛　知,23,1969,343,,
12149,2025,2,3,月,ブロッコリー,33300,,,167692,594,84.2,103.1
12150,2025,2,3,月,ブロッコリー,33300,愛　知,23,35134,465,,
12151,2025,2,3,月,ブロッコリー,33300,香　川,37,32579,682,,
12152,2025,2,3,月,ブロッコリー,33300,長　崎,42,22774,569,,
12153,2025,2,3,月,ブロッコリー,33300,熊　本,43,22636,674,,
12154,2025,2,3,月,ブロッコリー,33300,徳　島,36,21980,688,,
12155,2025,2,3,月,レタス,33400,,,528789,300,93.3,99.7
12156,2025,2,3,月,レタス,33400,長　崎,42,104040,171,,
12157,2025,2,3,月,レタス,33400,静　岡,22,103711,297,,
12158,2025,2,3,月,レタス,33400,香　川,37,52717,306,,
12159,2025,2,3,月,レタス,33400,福　岡,40,50753,428,,
12160,2025,2,3,月,レタス,33400,茨　城,8,50575,337,,
12161,2025,2,3,月,パセリ,33600,,,2629,1446,93.4,98.1
12162,2025,2,3,月,パセリ,33600,静　岡,22,735,1364,,
12163,2025,2,3,月,パセリ,33600,千　葉,12,719,1331,,
12164,2025,2,3,月,パセリ,33600,愛　知,23,299,1720,,
12165,2025,2,3,月,パセリ,33600,香　川,37,260,1299,,
12166,2025,2,3,月,パセリ,33600,福　岡,40,252,1481,,
12167,2025,2,3,月,きゅうり,34100,,,489796,502,139.3,99
12168,2025,2,3,月,きゅうり,34100,宮　崎,45,175261,523,,
12169,2025,2,3,月,きゅうり,34100,高　知,39,76893,483,,
12170,2025,2,3,月,きゅうり,34100,千　葉,12,53918,497,,
12171,2025,2,3,月,きゅうり,34100,群　馬,10,32454,548,,
12172,2025,2,3,月,きゅうり,34100,愛　知,23,28278,475,,
12173,2025,2,3,月,かぼちゃ,34200,,,199892,298,99.4,92
12174,2025,2,3,月,かぼちゃ,34200,沖　縄,47,14552,327,,
12175,2025,2,3,月,かぼちゃ,34200,宮　崎,45,12648,564,,
12176,2025,2,3,月,かぼちゃ,34200,鹿児島,46,2040,490,,
12177,2025,2,3,月,かぼちゃ,34200,長　崎,42,1870,572,,
12178,2025,2,3,月,かぼちゃ,34200,熊　本,43,1174,576,,
12179,2025,2,3,月,　　うち輸入,34201,,,166440,266,116.4,102.7
12180,2025,2,3,月,なす,34300,,,248869,518,129.8,103
12181,2025,2,3,月,なす,34300,高　知,39,121700,479,,
12182,2025,2,3,月,なす,34300,熊　本,43,63336,567,,
12183,2025,2,3,月,なす,34300,福　岡,40,40731,552,,
12184,2025,2,3,月,トマト,34400,,,552458,389,127.2,95.6
12185,2025,2,3,月,トマト,34400,熊　本,43,300742,350,,
12186,2025,2,3,月,トマト,34400,栃　木,9,79996,341,,
12187,2025,2,3,月,トマト,34400,愛　知,23,65587,427,,
12188,2025,2,3,月,ミニトマト,34450,,,226588,703,150.1,101.7
12189,2025,2,3,月,ミニトマト,34450,熊　本,43,149566,650,,
12190,2025,2,3,月,ミニトマト,34450,愛　知,23,26089,857,,
12191,2025,2,3,月,ミニトマト,34450,宮　崎,45,17776,670,,
12192,2025,2,3,月,ピーマン,34500,,,238866,787,135,100
12193,2025,2,3,月,ピーマン,34500,宮　崎,45,98442,812,,
12194,2025,2,3,月,ピーマン,34500,鹿児島,46,52738,807,,
12195,2025,2,3,月,ピーマン,34500,高　知,39,44571,776,,
12196,2025,2,3,月,ししとうがらし,34600,,,7288,1632,109.7,98.6
12197,2025,2,3,月,ししとうがらし,34600,高　知,39,6302,1571,,
12198,2025,2,3,月,スイートコーン,34700,,,840,480,98.4,94.3
12199,2025,2,3,月,スイートコーン,34700,沖　縄,47,840,480,,
12200,2025,2,3,月,さやいんげん,35100,,,13693,1449,127.3,101.6
12201,2025,2,3,月,さやいんげん,35100,沖　縄,47,9707,1375,,
12202,2025,2,3,月,さやいんげん,35100,鹿児島,46,2172,1664,,
12203,2025,2,3,月,さやえんどう,35200,,,26892,1509,118.8,103.4
12204,2025,2,3,月,さやえんどう,35200,鹿児島,46,14947,1504,,
12205,2025,2,3,月,さやえんどう,35200,愛　知,23,4382,1597,,
12206,2025,2,3,月,さやえんどう,35200,和歌山,30,2812,1351,,
12207,2025,2,3,月,　　うち輸入,35201,,,342,1042,50.6,102.4
12208,2025,2,3,月,実えんどう,35300,,,6263,1124,91.6,103.6
12209,2025,2,3,月,実えんどう,35300,和歌山,30,4268,1117,,
12210,2025,2,3,月,実えんどう,35300,鹿児島,46,1965,1128,,
12211,2025,2,3,月,そらまめ,35400,,,7292,1139,263.7,97.8
12212,2025,2,3,月,そらまめ,35400,鹿児島,46,7292,1139,,
12213,2025,2,3,月,えだまめ,35500,,,136,2649,103,102.8
12214,2025,2,3,月,えだまめ,35500,静　岡,22,136,2649,,
12215,2025,2,3,月,かんしょ,36100,,,424425,264,105.1,100.8
12216,2025,2,3,月,かんしょ,36100,茨　城,8,189923,243,,
12217,2025,2,3,月,かんしょ,36100,千　葉,12,103925,266,,
12218,2025,2,3,月,かんしょ,36100,徳　島,36,49120,312,,
12219,2025,2,3,月,ばれいしょ,36200,,,1014600,216,123.9,100.9
12220,2025,2,3,月,ばれいしょ,36200,北海道,1,784732,200,,
12221,2025,2,3,月,ばれいしょ,36200,鹿児島,46,141640,291,,
12222,2025,2,3,月,さといも,36300,,,49540,380,108.7,95.2
12223,2025,2,3,月,さといも,36300,埼　玉,11,21852,368,,
12224,2025,2,3,月,さといも,36300,愛　媛,38,10701,471,,
12225,2025,2,3,月,さといも,36300,新　潟,15,7354,412,,
12226,2025,2,3,月,やまのいも,36500,,,151498,428,80.8,92.6
12227,2025,2,3,月,やまのいも,36500,北海道,1,89271,400,,
12228,2025,2,3,月,やまのいも,36500,青　森,2,49578,463,,
12229,2025,2,3,月,たまねぎ,36610,,,1502646,161,92.6,103.9
12230,2025,2,3,月,たまねぎ,36610,北海道,1,1314586,143,,
12231,2025,2,3,月,　　うち輸入,36620,,,24809,126,69.9,108.6
12232,2025,2,3,月,にんにく,36700,,,20696,1472,72.2,98.9
12233,2025,2,3,月,にんにく,36700,青　森,2,13551,1963,,
12234,2025,2,3,月,にんにく,36700,北海道,1,142,986,,
12235,2025,2,3,月,にんにく,36700,佐　賀,41,15,1512,,
12236,2025,2,3,月,にんにく,36700,岩　手,3,2,2214,,
12237,2025,2,3,月,　　うち輸入,36701,,,6986,529,85.5,102.3
12238,2025,2,3,月,しょうが,37200,,,15845,1008,92,96.2
12239,2025,2,3,月,しょうが,37200,高　知,39,7982,1194,,
12240,2025,2,3,月,しょうが,37200,長　崎,42,1424,881,,
12241,2025,2,3,月,しょうが,37200,熊　本,43,1076,1317,,
12242,2025,2,3,月,しょうが,37200,千　葉,12,398,1098,,
12243,2025,2,3,月,しょうが,37200,宮　崎,45,197,2026,,
12244,2025,2,3,月,　　うち輸入,37201,,,4520,575,103.8,106.1
12245,2025,2,3,月,生しいたけ,38100,,,71885,1054,91.4,99.4
12246,2025,2,3,月,生しいたけ,38100,徳　島,36,12288,1020,,
12247,2025,2,3,月,生しいたけ,38100,秋　田,5,11494,1242,,
12248,2025,2,3,月,生しいたけ,38100,千　葉,12,8020,727,,
12249,2025,2,3,月,生しいたけ,38100,長　崎,42,5300,1049,,
12250,2025,2,3,月,生しいたけ,38100,岩　手,3,4118,1048,,
12251,2025,2,3,月,　　うち輸入,38101,,,1786,787,105.2,98.4
12252,2025,2,3,月,なめこ,38300,,,22809,544,85.3,101.5
12253,2025,2,3,月,なめこ,38300,長　野,20,5909,557,,
12254,2025,2,3,月,なめこ,38300,山　形,6,4013,582,,
12255,2025,2,3,月,なめこ,38300,三　重,24,2999,588,,
12256,2025,2,3,月,なめこ,38300,大　分,44,2426,497,,
12257,2025,2,3,月,なめこ,38300,宮　城,4,1609,504,,
12258,2025,2,3,月,えのきだけ,38400,,,183003,367,109.1,92
12259,2025,2,3,月,えのきだけ,38400,長　野,20,118524,374,,
12260,2025,2,3,月,えのきだけ,38400,新　潟,15,24477,354,,
12261,2025,2,3,月,えのきだけ,38400,宮　崎,45,10238,342,,
12262,2025,2,3,月,しめじ,38500,,,87236,556,86.5,96.4
12263,2025,2,3,月,しめじ,38500,長　野,20,55905,524,,
12264,2025,2,3,月,しめじ,38500,福　岡,40,16868,505,,
12265,2025,2,3,月,その他の野菜,39000,,,253658,958,104.7,93.7
12266,2025,2,3,月,輸入野菜計,39100,,,293247,327,104.1,102.8
12267,2025,2,3,月,他の輸入野菜,39200,,,77944,361,99.5,97.8
12268,2025,2,10,月,野菜総計,30000,,,13276597,318,118.7,102.6
12269,2025,2,10,月,野菜総計,30000,北海道,1,2119704,179,,
12270,2025,2,10,月,野菜総計,30000,茨　城,8,1721740,265,,
12271,2025,2,10,月,野菜総計,30000,千　葉,12,1243864,240,,
12272,2025,2,10,月,野菜総計,30000,愛　知,23,1155834,312,,
12273,2025,2,10,月,野菜総計,30000,鹿児島,46,882815,280,,
12274,2025,2,10,月,野菜総計,30000,熊　本,43,666556,429,,
12275,2025,2,10,月,野菜総計,30000,長　崎,42,542696,230,,
12276,2025,2,10,月,だいこん,30100,,,1205147,118,116.3,101.7
12277,2025,2,10,月,だいこん,30100,神奈川,14,395050,117,,
12278,2025,2,10,月,だいこん,30100,千　葉,12,379512,120,,
12279,2025,2,10,月,だいこん,30100,鹿児島,46,98437,115,,
12280,2025,2,10,月,だいこん,30100,長　崎,42,78710,110,,
12281,2025,2,10,月,だいこん,30100,福　岡,40,76309,104,,
12282,2025,2,10,月,かぶ,30200,,,101573,179,95.2,107.8
12283,2025,2,10,月,かぶ,30200,千　葉,12,62420,168,,
12284,2025,2,10,月,かぶ,30200,京　都,26,11441,263,,
12285,2025,2,10,月,かぶ,30200,埼　玉,11,7917,139,,
12286,2025,2,10,月,にんじん,30300,,,739199,194,105.2,99.5
12287,2025,2,10,月,にんじん,30300,千　葉,12,250655,207,,
12288,2025,2,10,月,にんじん,30300,鹿児島,46,186528,175,,
12289,2025,2,10,月,にんじん,30300,愛　知,23,104920,197,,
12290,2025,2,10,月,にんじん,30300,長　崎,42,76741,202,,
12291,2025,2,10,月,ごぼう,30400,,,86758,464,69.5,114.9
12292,2025,2,10,月,ごぼう,30400,青　森,2,43421,486,,
12293,2025,2,10,月,ごぼう,30400,茨　城,8,23461,291,,
12294,2025,2,10,月,ごぼう,30400,熊　本,43,7671,736,,
12295,2025,2,10,月,たけのこ,30500,,,1897,2172,185.1,111.2
12296,2025,2,10,月,たけのこ,30500,徳　島,36,118,5377,,
12297,2025,2,10,月,たけのこ,30500,熊　本,43,111,5278,,
12298,2025,2,10,月,たけのこ,30500,千　葉,12,25,2506,,
12299,2025,2,10,月,たけのこ,30500,京　都,26,14,9021,,
12300,2025,2,10,月,たけのこ,30500,鹿児島,46,12,4185,,
12301,2025,2,10,月,れんこん,30600,,,78226,435,100.3,101.9
12302,2025,2,10,月,れんこん,30600,茨　城,8,47679,431,,
12303,2025,2,10,月,れんこん,30600,佐　賀,41,13615,378,,
12304,2025,2,10,月,れんこん,30600,徳　島,36,6493,532,,
12305,2025,2,10,月,はくさい,31100,,,1744742,150,121.9,97.4
12306,2025,2,10,月,はくさい,31100,茨　城,8,918447,156,,
12307,2025,2,10,月,はくさい,31100,鹿児島,46,219298,114,,
12308,2025,2,10,月,はくさい,31100,兵　庫,28,128645,172,,
12309,2025,2,10,月,はくさい,31100,宮　崎,45,118070,95,,
12310,2025,2,10,月,はくさい,31100,群　馬,10,112716,168,,
12311,2025,2,10,月,みずな,31300,,,61205,432,122.6,100.9
12312,2025,2,10,月,みずな,31300,茨　城,8,44325,406,,
12313,2025,2,10,月,みずな,31300,福　岡,40,10578,475,,
12314,2025,2,10,月,こまつな,31500,,,140740,466,127.1,101.5
12315,2025,2,10,月,こまつな,31500,茨　城,8,73927,474,,
12316,2025,2,10,月,こまつな,31500,福　岡,40,34686,458,,
12317,2025,2,10,月,こまつな,31500,埼　玉,11,8340,397,,
12318,2025,2,10,月,その他の菜類,31550,,,5697,474,105.7,106
12319,2025,2,10,月,ちんげんさい,31560,,,41486,447,115.2,101.1
12320,2025,2,10,月,ちんげんさい,31560,茨　城,8,17121,445,,
12321,2025,2,10,月,ちんげんさい,31560,静　岡,22,10652,484,,
12322,2025,2,10,月,ちんげんさい,31560,福　岡,40,3965,452,,
12323,2025,2,10,月,ちんげんさい,31560,愛　知,23,2888,368,,
12324,2025,2,10,月,キャベツ,31700,,,1442808,199,98.2,101.5
12325,2025,2,10,月,キャベツ,31700,愛　知,23,742549,213,,
12326,2025,2,10,月,キャベツ,31700,千　葉,12,209609,177,,
12327,2025,2,10,月,キャベツ,31700,神奈川,14,122615,194,,
12328,2025,2,10,月,キャベツ,31700,熊　本,43,60705,160,,
12329,2025,2,10,月,キャベツ,31700,福　岡,40,55213,227,,
12330,2025,2,10,月,ほうれんそう,31800,,,163401,604,103.5,104.9
12331,2025,2,10,月,ほうれんそう,31800,茨　城,8,64644,601,,
12332,2025,2,10,月,ほうれんそう,31800,群　馬,10,36670,604,,
12333,2025,2,10,月,ほうれんそう,31800,福　岡,40,17188,668,,
12334,2025,2,10,月,ほうれんそう,31800,埼　玉,11,11769,535,,
12335,2025,2,10,月,ほうれんそう,31800,徳　島,36,4692,681,,
12336,2025,2,10,月,ねぎ,31900,,,444558,531,110.4,101
12337,2025,2,10,月,ねぎ,31900,千　葉,12,81802,496,,
12338,2025,2,10,月,ねぎ,31900,埼　玉,11,72402,552,,
12339,2025,2,10,月,ねぎ,31900,大　分,44,67420,561,,
12340,2025,2,10,月,ねぎ,31900,群　馬,10,55753,458,,
12341,2025,2,10,月,ねぎ,31900,茨　城,8,47684,428,,
12342,2025,2,10,月,ふき,32300,,,2896,487,63.1,94.4
12343,2025,2,10,月,ふき,32300,愛　知,23,2213,476,,
12344,2025,2,10,月,ふき,32300,福　岡,40,444,525,,
12345,2025,2,10,月,うど,32400,,,4067,737,105.7,97.5
12346,2025,2,10,月,うど,32400,栃　木,9,2794,757,,
12347,2025,2,10,月,うど,32400,青　森,2,379,633,,
12348,2025,2,10,月,うど,32400,秋　田,5,360,887,,
12349,2025,2,10,月,みつば,32500,,,14743,625,114,103
12350,2025,2,10,月,みつば,32500,愛　知,23,2623,632,,
12351,2025,2,10,月,みつば,32500,大　分,44,2512,582,,
12352,2025,2,10,月,みつば,32500,千　葉,12,2491,448,,
12353,2025,2,10,月,みつば,32500,静　岡,22,1703,692,,
12354,2025,2,10,月,みつば,32500,茨　城,8,1236,627,,
12355,2025,2,10,月,しゅんぎく,32600,,,26800,743,100,102.3
12356,2025,2,10,月,しゅんぎく,32600,福　岡,40,6932,718,,
12357,2025,2,10,月,しゅんぎく,32600,千　葉,12,4347,754,,
12358,2025,2,10,月,しゅんぎく,32600,栃　木,9,2496,811,,
12359,2025,2,10,月,しゅんぎく,32600,茨　城,8,2467,642,,
12360,2025,2,10,月,しゅんぎく,32600,福　島,7,1590,777,,
12361,2025,2,10,月,にら,32800,,,84188,1016,122.4,103.5
12362,2025,2,10,月,にら,32800,高　知,39,31886,1093,,
12363,2025,2,10,月,にら,32800,栃　木,9,15891,974,,
12364,2025,2,10,月,にら,32800,宮　崎,45,7848,965,,
12365,2025,2,10,月,にら,32800,茨　城,8,7303,937,,
12366,2025,2,10,月,にら,32800,北海道,1,6920,1076,,
12367,2025,2,10,月,セルリー,32900,,,68848,272,109.8,101.9
12368,2025,2,10,月,セルリー,32900,静　岡,22,20678,276,,
12369,2025,2,10,月,セルリー,32900,福　岡,40,19720,278,,
12370,2025,2,10,月,セルリー,32900,愛　知,23,9985,247,,
12371,2025,2,10,月,セルリー,32900,香　川,37,9127,285,,
12372,2025,2,10,月,アスパラガス,33100,,,15983,1385,122.9,103.3
12373,2025,2,10,月,アスパラガス,33100,佐　賀,41,1262,3508,,
12374,2025,2,10,月,アスパラガス,33100,福　岡,40,679,2914,,
12375,2025,2,10,月,アスパラガス,33100,栃　木,9,164,3044,,
12376,2025,2,10,月,アスパラガス,33100,岩　手,3,137,2391,,
12377,2025,2,10,月,アスパラガス,33100,北海道,1,107,1870,,
12378,2025,2,10,月,　　うち輸入,33101,,,13277,1037,123.1,105.8
12379,2025,2,10,月,カリフラワー,33200,,,20046,310,72.3,102
12380,2025,2,10,月,カリフラワー,33200,熊　本,43,4592,272,,
12381,2025,2,10,月,カリフラワー,33200,福　岡,40,3844,348,,
12382,2025,2,10,月,カリフラワー,33200,愛　知,23,3767,303,,
12383,2025,2,10,月,カリフラワー,33200,徳　島,36,3033,350,,
12384,2025,2,10,月,カリフラワー,33200,神奈川,14,2253,284,,
12385,2025,2,10,月,ブロッコリー,33300,,,170435,636,98.5,105
12386,2025,2,10,月,ブロッコリー,33300,香　川,37,50451,752,,
12387,2025,2,10,月,ブロッコリー,33300,熊　本,43,26941,663,,
12388,2025,2,10,月,ブロッコリー,33300,愛　知,23,26782,477,,
12389,2025,2,10,月,ブロッコリー,33300,長　崎,42,15330,613,,
12390,2025,2,10,月,ブロッコリー,33300,徳　島,36,11180,728,,
12391,2025,2,10,月,レタス,33400,,,623004,288,121.6,95
12392,2025,2,10,月,レタス,33400,長　崎,42,153607,166,,
12393,2025,2,10,月,レタス,33400,静　岡,22,101334,299,,
12394,2025,2,10,月,レタス,33400,茨　城,8,82310,336,,
12395,2025,2,10,月,レタス,33400,香　川,37,58215,313,,
12396,2025,2,10,月,レタス,33400,福　岡,40,52274,416,,
12397,2025,2,10,月,パセリ,33600,,,3812,1307,118.3,97.1
12398,2025,2,10,月,パセリ,33600,千　葉,12,1108,1039,,
12399,2025,2,10,月,パセリ,33600,静　岡,22,943,1308,,
12400,2025,2,10,月,パセリ,33600,香　川,37,579,1246,,
12401,2025,2,10,月,パセリ,33600,愛　知,23,355,1911,,
12402,2025,2,10,月,パセリ,33600,福　岡,40,300,1380,,
12403,2025,2,10,月,きゅうり,34100,,,519335,508,159,100.2
12404,2025,2,10,月,きゅうり,34100,宮　崎,45,191480,531,,
12405,2025,2,10,月,きゅうり,34100,高　知,39,90135,493,,
12406,2025,2,10,月,きゅうり,34100,千　葉,12,55606,498,,
12407,2025,2,10,月,きゅうり,34100,群　馬,10,37404,551,,
12408,2025,2,10,月,きゅうり,34100,愛　知,23,26365,471,,
12409,2025,2,10,月,かぼちゃ,34200,,,202338,308,108.6,105.5
12410,2025,2,10,月,かぼちゃ,34200,宮　崎,45,11607,563,,
12411,2025,2,10,月,かぼちゃ,34200,鹿児島,46,7752,531,,
12412,2025,2,10,月,かぼちゃ,34200,沖　縄,47,6534,564,,
12413,2025,2,10,月,かぼちゃ,34200,佐　賀,41,4530,605,,
12414,2025,2,10,月,かぼちゃ,34200,長　崎,42,1300,644,,
12415,2025,2,10,月,　　うち輸入,34201,,,168700,256,103.2,100
12416,2025,2,10,月,なす,34300,,,272800,491,135.6,96.3
12417,2025,2,10,月,なす,34300,高　知,39,145131,451,,
12418,2025,2,10,月,なす,34300,熊　本,43,50263,555,,
12419,2025,2,10,月,なす,34300,福　岡,40,50134,526,,
12420,2025,2,10,月,トマト,34400,,,550041,407,144.4,99.8
12421,2025,2,10,月,トマト,34400,熊　本,43,274955,376,,
12422,2025,2,10,月,トマト,34400,愛　知,23,77619,420,,
12423,2025,2,10,月,トマト,34400,栃　木,9,76852,365,,
12424,2025,2,10,月,トマト,34400,福　岡,40,28004,388,,
12425,2025,2,10,月,ミニトマト,34450,,,204529,774,139.5,102.8
12426,2025,2,10,月,ミニトマト,34450,熊　本,43,117586,708,,
12427,2025,2,10,月,ミニトマト,34450,愛　知,23,30293,915,,
12428,2025,2,10,月,ミニトマト,34450,宮　崎,45,20363,726,,
12429,2025,2,10,月,ピーマン,34500,,,225226,827,156.8,98
12430,2025,2,10,月,ピーマン,34500,宮　崎,45,85027,841,,
12431,2025,2,10,月,ピーマン,34500,鹿児島,46,57034,809,,
12432,2025,2,10,月,ピーマン,34500,高　知,39,41443,830,,
12433,2025,2,10,月,ししとうがらし,34600,,,8557,1851,153.1,104
12434,2025,2,10,月,ししとうがらし,34600,高　知,39,7472,1799,,
12435,2025,2,10,月,スイートコーン,34700,,,220,613,28.8,111.1
12436,2025,2,10,月,スイートコーン,34700,沖　縄,47,220,613,,
12437,2025,2,10,月,さやいんげん,35100,,,13104,1525,133.1,99.5
12438,2025,2,10,月,さやいんげん,35100,沖　縄,47,9166,1468,,
12439,2025,2,10,月,さやいんげん,35100,鹿児島,46,1888,1772,,
12440,2025,2,10,月,さやえんどう,35200,,,35661,1418,128.6,97.7
12441,2025,2,10,月,さやえんどう,35200,鹿児島,46,21497,1362,,
12442,2025,2,10,月,さやえんどう,35200,愛　知,23,5559,1566,,
12443,2025,2,10,月,さやえんどう,35200,熊　本,43,2905,1580,,
12444,2025,2,10,月,　　うち輸入,35201,,,414,1083,121.8,105.5
12445,2025,2,10,月,実えんどう,35300,,,6424,1133,98.2,101.8
12446,2025,2,10,月,実えんどう,35300,和歌山,30,4931,1109,,
12447,2025,2,10,月,実えんどう,35300,鹿児島,46,1493,1212,,
12448,2025,2,10,月,そらまめ,35400,,,6154,1134,124.9,99.7
12449,2025,2,10,月,そらまめ,35400,鹿児島,46,6154,1134,,
12450,2025,2,10,月,えだまめ,35500,,,201,2595,102,100.2
12451,2025,2,10,月,えだまめ,35500,静　岡,22,201,2595,,
12452,2025,2,10,月,かんしょ,36100,,,500464,259,124.3,96.3
12453,2025,2,10,月,かんしょ,36100,茨　城,8,266900,245,,
12454,2025,2,10,月,かんしょ,36100,千　葉,12,126151,249,,
12455,2025,2,10,月,かんしょ,36100,徳　島,36,44755,319,,
12456,2025,2,10,月,ばれいしょ,36200,,,908100,228,150.4,99.6
12457,2025,2,10,月,ばれいしょ,36200,北海道,1,659562,209,,
12458,2025,2,10,月,ばれいしょ,36200,鹿児島,46,180750,293,,
12459,2025,2,10,月,さといも,36300,,,52501,419,185.3,105.8
12460,2025,2,10,月,さといも,36300,埼　玉,11,21114,376,,
12461,2025,2,10,月,さといも,36300,愛　媛,38,10404,481,,
12462,2025,2,10,月,さといも,36300,新　潟,15,9301,400,,
12463,2025,2,10,月,さといも,36300,鹿児島,46,1602,429,,
12464,2025,2,10,月,やまのいも,36500,,,144474,427,181.1,95.7
12465,2025,2,10,月,やまのいも,36500,北海道,1,72512,394,,
12466,2025,2,10,月,やまのいも,36500,青　森,2,57439,445,,
12467,2025,2,10,月,たまねぎ,36610,,,1543724,163,116.7,100.6
12468,2025,2,10,月,たまねぎ,36610,北海道,1,1320845,143,,
12469,2025,2,10,月,　　うち輸入,36620,,,47794,121,108.1,104.3
12470,2025,2,10,月,にんにく,36700,,,17283,1247,79.8,85.9
12471,2025,2,10,月,にんにく,36700,青　森,2,8460,1992,,
12472,2025,2,10,月,にんにく,36700,北海道,1,66,2108,,
12473,2025,2,10,月,にんにく,36700,岩　手,3,32,1713,,
12474,2025,2,10,月,にんにく,36700,茨　城,8,21,262,,
12475,2025,2,10,月,　　うち輸入,36701,,,8704,517,122.3,98.1
12476,2025,2,10,月,しょうが,37200,,,20232,1028,124,96.2
12477,2025,2,10,月,しょうが,37200,高　知,39,9723,1264,,
12478,2025,2,10,月,しょうが,37200,長　崎,42,2148,874,,
12479,2025,2,10,月,しょうが,37200,熊　本,43,1174,1348,,
12480,2025,2,10,月,しょうが,37200,千　葉,12,513,1056,,
12481,2025,2,10,月,しょうが,37200,宮　崎,45,384,1666,,
12482,2025,2,10,月,　　うち輸入,37201,,,5896,558,141.8,102.2
12483,2025,2,10,月,生しいたけ,38100,,,84172,1074,121.6,99.2
12484,2025,2,10,月,生しいたけ,38100,徳　島,36,15888,1041,,
12485,2025,2,10,月,生しいたけ,38100,秋　田,5,12661,1228,,
12486,2025,2,10,月,生しいたけ,38100,千　葉,12,8513,749,,
12487,2025,2,10,月,生しいたけ,38100,岩　手,3,6064,1101,,
12488,2025,2,10,月,生しいたけ,38100,長　崎,42,5956,1115,,
12489,2025,2,10,月,　　うち輸入,38101,,,2139,812,118.7,102
12490,2025,2,10,月,なめこ,38300,,,29993,544,119.7,100.7
12491,2025,2,10,月,なめこ,38300,長　野,20,9907,550,,
12492,2025,2,10,月,なめこ,38300,山　形,6,4764,588,,
12493,2025,2,10,月,なめこ,38300,三　重,24,3385,592,,
12494,2025,2,10,月,なめこ,38300,大　分,44,3076,495,,
12495,2025,2,10,月,なめこ,38300,福　島,7,2396,515,,
12496,2025,2,10,月,えのきだけ,38400,,,247560,358,127.1,99.2
12497,2025,2,10,月,えのきだけ,38400,長　野,20,181105,357,,
12498,2025,2,10,月,えのきだけ,38400,新　潟,15,19283,344,,
12499,2025,2,10,月,しめじ,38500,,,118301,541,114.5,97.3
12500,2025,2,10,月,しめじ,38500,長　野,20,78165,500,,
12501,2025,2,10,月,しめじ,38500,福　岡,40,20951,503,,
12502,2025,2,10,月,その他の野菜,39000,,,272997,1035,107.3,109.3
12503,2025,2,10,月,輸入野菜計,39100,,,356530,312,111.2,108
12504,2025,2,10,月,他の輸入野菜,39200,,,109614,352,123.6,114.7
12505,2025,2,17,月,野菜総計,30000,,,12129381,322,109.9,103.2
12506,2025,2,17,月,野菜総計,30000,北海道,1,2273946,167,,
12507,2025,2,17,月,野菜総計,30000,茨　城,8,1248609,319,,
12508,2025,2,17,月,野菜総計,30000,愛　知,23,1102398,321,,
12509,2025,2,17,月,野菜総計,30000,鹿児島,46,934676,284,,
12510,2025,2,17,月,野菜総計,30000,千　葉,12,908742,260,,
12511,2025,2,17,月,野菜総計,30000,熊　本,43,691064,452,,
12512,2025,2,17,月,野菜総計,30000,長　崎,42,502769,225,,
12513,2025,2,17,月,だいこん,30100,,,1038547,119,93.7,103.5
12514,2025,2,17,月,だいこん,30100,神奈川,14,352591,119,,
12515,2025,2,17,月,だいこん,30100,千　葉,12,280895,122,,
12516,2025,2,17,月,だいこん,30100,長　崎,42,85041,108,,
12517,2025,2,17,月,だいこん,30100,鹿児島,46,80442,109,,
12518,2025,2,17,月,だいこん,30100,徳　島,36,67545,125,,
12519,2025,2,17,月,かぶ,30200,,,74976,175,90.3,100
12520,2025,2,17,月,かぶ,30200,千　葉,12,43866,165,,
12521,2025,2,17,月,かぶ,30200,埼　玉,11,8754,137,,
12522,2025,2,17,月,かぶ,30200,福　岡,40,8577,161,,
12523,2025,2,17,月,にんじん,30300,,,599685,209,88.4,105
12524,2025,2,17,月,にんじん,30300,千　葉,12,156777,226,,
12525,2025,2,17,月,にんじん,30300,鹿児島,46,154834,194,,
12526,2025,2,17,月,にんじん,30300,長　崎,42,96995,205,,
12527,2025,2,17,月,にんじん,30300,愛　知,23,80418,224,,
12528,2025,2,17,月,ごぼう,30400,,,93848,469,149.1,102.2
12529,2025,2,17,月,ごぼう,30400,青　森,2,49336,485,,
12530,2025,2,17,月,ごぼう,30400,北海道,1,12770,215,,
12531,2025,2,17,月,ごぼう,30400,茨　城,8,11223,357,,
12532,2025,2,17,月,ごぼう,30400,熊　本,43,8512,761,,
12533,2025,2,17,月,たけのこ,30500,,,1771,2510,103.4,117.6
12534,2025,2,17,月,たけのこ,30500,熊　本,43,155,6462,,
12535,2025,2,17,月,たけのこ,30500,鹿児島,46,85,8742,,
12536,2025,2,17,月,たけのこ,30500,千　葉,12,25,2506,,
12537,2025,2,17,月,たけのこ,30500,京　都,26,12,7605,,
12538,2025,2,17,月,たけのこ,30500,福　岡,40,11,6519,,
12539,2025,2,17,月,れんこん,30600,,,76283,439,98.6,101.2
12540,2025,2,17,月,れんこん,30600,茨　城,8,41910,434,,
12541,2025,2,17,月,れんこん,30600,佐　賀,41,13871,383,,
12542,2025,2,17,月,れんこん,30600,徳　島,36,7166,520,,
12543,2025,2,17,月,はくさい,31100,,,1224852,167,95.8,109.2
12544,2025,2,17,月,はくさい,31100,茨　城,8,507795,187,,
12545,2025,2,17,月,はくさい,31100,鹿児島,46,201419,90,,
12546,2025,2,17,月,はくさい,31100,兵　庫,28,135956,189,,
12547,2025,2,17,月,はくさい,31100,群　馬,10,121011,195,,
12548,2025,2,17,月,はくさい,31100,長　崎,42,90795,174,,
12549,2025,2,17,月,みずな,31300,,,50583,445,96.2,102.8
12550,2025,2,17,月,みずな,31300,茨　城,8,36031,414,,
12551,2025,2,17,月,みずな,31300,福　岡,40,9238,490,,
12552,2025,2,17,月,こまつな,31500,,,120201,480,109.6,104.1
12553,2025,2,17,月,こまつな,31500,茨　城,8,66745,486,,
12554,2025,2,17,月,こまつな,31500,福　岡,40,24890,472,,
12555,2025,2,17,月,こまつな,31500,埼　玉,11,6965,478,,
12556,2025,2,17,月,その他の菜類,31550,,,5795,496,129.8,94.5
12557,2025,2,17,月,ちんげんさい,31560,,,34538,437,95.1,102.8
12558,2025,2,17,月,ちんげんさい,31560,茨　城,8,14222,449,,
12559,2025,2,17,月,ちんげんさい,31560,静　岡,22,8728,460,,
12560,2025,2,17,月,ちんげんさい,31560,福　岡,40,2729,458,,
12561,2025,2,17,月,ちんげんさい,31560,愛　知,23,2506,367,,
12562,2025,2,17,月,キャベツ,31700,,,1341416,210,101.7,109.9
12563,2025,2,17,月,キャベツ,31700,愛　知,23,745156,226,,
12564,2025,2,17,月,キャベツ,31700,千　葉,12,141908,198,,
12565,2025,2,17,月,キャベツ,31700,神奈川,14,86135,216,,
12566,2025,2,17,月,キャベツ,31700,熊　本,43,49224,161,,
12567,2025,2,17,月,キャベツ,31700,福　岡,40,40258,212,,
12568,2025,2,17,月,ほうれんそう,31800,,,153885,642,119.1,103.2
12569,2025,2,17,月,ほうれんそう,31800,茨　城,8,52669,665,,
12570,2025,2,17,月,ほうれんそう,31800,群　馬,10,33121,627,,
12571,2025,2,17,月,ほうれんそう,31800,福　岡,40,28329,660,,
12572,2025,2,17,月,ほうれんそう,31800,埼　玉,11,5191,564,,
12573,2025,2,17,月,ほうれんそう,31800,徳　島,36,4640,682,,
12574,2025,2,17,月,ねぎ,31900,,,325395,589,84.6,103.9
12575,2025,2,17,月,ねぎ,31900,埼　玉,11,60488,651,,
12576,2025,2,17,月,ねぎ,31900,千　葉,12,52125,548,,
12577,2025,2,17,月,ねぎ,31900,大　分,44,42709,613,,
12578,2025,2,17,月,ねぎ,31900,群　馬,10,38336,482,,
12579,2025,2,17,月,ねぎ,31900,茨　城,8,34068,478,,
12580,2025,2,17,月,ふき,32300,,,2088,510,54.8,89
12581,2025,2,17,月,ふき,32300,愛　知,23,1440,437,,
12582,2025,2,17,月,ふき,32300,福　岡,40,332,573,,
12583,2025,2,17,月,うど,32400,,,4991,754,103.3,100.7
12584,2025,2,17,月,うど,32400,栃　木,9,2826,751,,
12585,2025,2,17,月,うど,32400,群　馬,10,872,817,,
12586,2025,2,17,月,うど,32400,秋　田,5,688,735,,
12587,2025,2,17,月,みつば,32500,,,13091,573,92.2,101.6
12588,2025,2,17,月,みつば,32500,千　葉,12,2373,400,,
12589,2025,2,17,月,みつば,32500,愛　知,23,1989,545,,
12590,2025,2,17,月,みつば,32500,大　分,44,1702,577,,
12591,2025,2,17,月,みつば,32500,静　岡,22,1655,595,,
12592,2025,2,17,月,みつば,32500,埼　玉,11,1258,516,,
12593,2025,2,17,月,しゅんぎく,32600,,,20296,778,91.3,104.3
12594,2025,2,17,月,しゅんぎく,32600,福　岡,40,3824,712,,
12595,2025,2,17,月,しゅんぎく,32600,千　葉,12,3396,816,,
12596,2025,2,17,月,しゅんぎく,32600,茨　城,8,2594,711,,
12597,2025,2,17,月,しゅんぎく,32600,栃　木,9,1632,836,,
12598,2025,2,17,月,しゅんぎく,32600,宮　城,4,1453,738,,
12599,2025,2,17,月,にら,32800,,,64548,1013,100.6,100.8
12600,2025,2,17,月,にら,32800,高　知,39,24317,1082,,
12601,2025,2,17,月,にら,32800,栃　木,9,12984,980,,
12602,2025,2,17,月,にら,32800,茨　城,8,7526,926,,
12603,2025,2,17,月,にら,32800,北海道,1,5150,1065,,
12604,2025,2,17,月,にら,32800,大　分,44,4490,923,,
12605,2025,2,17,月,セルリー,32900,,,53228,277,91.7,102.2
12606,2025,2,17,月,セルリー,32900,静　岡,22,14288,287,,
12607,2025,2,17,月,セルリー,32900,福　岡,40,11984,296,,
12608,2025,2,17,月,セルリー,32900,愛　知,23,10595,249,,
12609,2025,2,17,月,セルリー,32900,香　川,37,6860,282,,
12610,2025,2,17,月,アスパラガス,33100,,,18160,1514,125.3,108.5
12611,2025,2,17,月,アスパラガス,33100,佐　賀,41,2153,3251,,
12612,2025,2,17,月,アスパラガス,33100,福　岡,40,1313,2643,,
12613,2025,2,17,月,アスパラガス,33100,栃　木,9,492,2824,,
12614,2025,2,17,月,アスパラガス,33100,熊　本,43,299,3176,,
12615,2025,2,17,月,アスパラガス,33100,群　馬,10,210,2657,,
12616,2025,2,17,月,　　うち輸入,33101,,,13002,952,114.7,99.1
12617,2025,2,17,月,カリフラワー,33200,,,33217,335,198.7,103.1
12618,2025,2,17,月,カリフラワー,33200,熊　本,43,8670,298,,
12619,2025,2,17,月,カリフラワー,33200,福　岡,40,8596,350,,
12620,2025,2,17,月,カリフラワー,33200,徳　島,36,4845,384,,
12621,2025,2,17,月,カリフラワー,33200,神奈川,14,3918,305,,
12622,2025,2,17,月,カリフラワー,33200,愛　知,23,2874,339,,
12623,2025,2,17,月,ブロッコリー,33300,,,177518,652,105,101.6
12624,2025,2,17,月,ブロッコリー,33300,香　川,37,36007,738,,
12625,2025,2,17,月,ブロッコリー,33300,愛　知,23,34297,531,,
12626,2025,2,17,月,ブロッコリー,33300,熊　本,43,27248,706,,
12627,2025,2,17,月,ブロッコリー,33300,長　崎,42,16620,611,,
12628,2025,2,17,月,ブロッコリー,33300,鳥　取,31,12540,728,,
12629,2025,2,17,月,レタス,33400,,,587676,295,111.1,100.7
12630,2025,2,17,月,レタス,33400,長　崎,42,129048,159,,
12631,2025,2,17,月,レタス,33400,茨　城,8,116114,342,,
12632,2025,2,17,月,レタス,33400,静　岡,22,82817,311,,
12633,2025,2,17,月,レタス,33400,福　岡,40,61011,395,,
12634,2025,2,17,月,レタス,33400,兵　庫,28,51044,358,,
12635,2025,2,17,月,パセリ,33600,,,3688,1157,90.4,98.1
12636,2025,2,17,月,パセリ,33600,静　岡,22,1048,1078,,
12637,2025,2,17,月,パセリ,33600,千　葉,12,886,1020,,
12638,2025,2,17,月,パセリ,33600,香　川,37,681,1144,,
12639,2025,2,17,月,パセリ,33600,福　岡,40,299,1201,,
12640,2025,2,17,月,パセリ,33600,茨　城,8,279,1229,,
12641,2025,2,17,月,きゅうり,34100,,,543079,453,149.7,96.8
12642,2025,2,17,月,きゅうり,34100,宮　崎,45,165876,471,,
12643,2025,2,17,月,きゅうり,34100,高　知,39,84765,451,,
12644,2025,2,17,月,きゅうり,34100,千　葉,12,59977,437,,
12645,2025,2,17,月,きゅうり,34100,群　馬,10,53656,503,,
12646,2025,2,17,月,きゅうり,34100,愛　知,23,38383,422,,
12647,2025,2,17,月,かぼちゃ,34200,,,207782,267,110.4,89.3
12648,2025,2,17,月,かぼちゃ,34200,宮　崎,45,11606,559,,
12649,2025,2,17,月,かぼちゃ,34200,沖　縄,47,5065,436,,
12650,2025,2,17,月,かぼちゃ,34200,熊　本,43,1161,576,,
12651,2025,2,17,月,かぼちゃ,34200,鹿児島,46,990,340,,
12652,2025,2,17,月,かぼちゃ,34200,高　知,39,580,613,,
12653,2025,2,17,月,　　うち輸入,34201,,,187447,240,123.8,100
12654,2025,2,17,月,なす,34300,,,276240,451,124.4,95.6
12655,2025,2,17,月,なす,34300,高　知,39,131998,420,,
12656,2025,2,17,月,なす,34300,熊　本,43,68907,483,,
12657,2025,2,17,月,なす,34300,福　岡,40,46628,472,,
12658,2025,2,17,月,トマト,34400,,,490132,411,126,99
12659,2025,2,17,月,トマト,34400,熊　本,43,261522,382,,
12660,2025,2,17,月,トマト,34400,栃　木,9,75667,366,,
12661,2025,2,17,月,トマト,34400,愛　知,23,52923,442,,
12662,2025,2,17,月,トマト,34400,福　岡,40,26714,395,,
12663,2025,2,17,月,ミニトマト,34450,,,211893,788,150.7,99.5
12664,2025,2,17,月,ミニトマト,34450,熊　本,43,136600,740,,
12665,2025,2,17,月,ミニトマト,34450,愛　知,23,25025,943,,
12666,2025,2,17,月,ミニトマト,34450,宮　崎,45,18892,744,,
12667,2025,2,17,月,ピーマン,34500,,,221860,839,139.3,101.3
12668,2025,2,17,月,ピーマン,34500,宮　崎,45,72926,881,,
12669,2025,2,17,月,ピーマン,34500,鹿児島,46,60894,806,,
12670,2025,2,17,月,ピーマン,34500,高　知,39,41295,839,,
12671,2025,2,17,月,ピーマン,34500,茨　城,8,23706,926,,
12672,2025,2,17,月,ししとうがらし,34600,,,7153,1891,120.3,97.3
12673,2025,2,17,月,ししとうがらし,34600,高　知,39,5991,1841,,
12674,2025,2,17,月,スイートコーン,34700,,,380,803,90.5,134.1
12675,2025,2,17,月,スイートコーン,34700,沖　縄,47,380,803,,
12676,2025,2,17,月,さやいんげん,35100,,,14134,1475,127.1,97.2
12677,2025,2,17,月,さやいんげん,35100,沖　縄,47,10713,1425,,
12678,2025,2,17,月,さやいんげん,35100,鹿児島,46,1892,1680,,
12679,2025,2,17,月,さやえんどう,35200,,,30462,1333,132.7,99.2
12680,2025,2,17,月,さやえんどう,35200,鹿児島,46,14930,1257,,
12681,2025,2,17,月,さやえんどう,35200,愛　知,23,5883,1455,,
12682,2025,2,17,月,さやえんどう,35200,熊　本,43,3638,1413,,
12683,2025,2,17,月,　　うち輸入,35201,,,320,1048,84.2,98.1
12684,2025,2,17,月,実えんどう,35300,,,6349,1136,112.3,100.8
12685,2025,2,17,月,実えんどう,35300,和歌山,30,3854,1112,,
12686,2025,2,17,月,実えんどう,35300,鹿児島,46,2495,1171,,
12687,2025,2,17,月,そらまめ,35400,,,4991,1142,104.9,104.7
12688,2025,2,17,月,そらまめ,35400,鹿児島,46,4991,1142,,
12689,2025,2,17,月,えだまめ,35500,,,86,2692,110.3,108.3
12690,2025,2,17,月,えだまめ,35500,静　岡,22,86,2692,,
12691,2025,2,17,月,かんしょ,36100,,,463364,270,107.2,97.5
12692,2025,2,17,月,かんしょ,36100,茨　城,8,242856,258,,
12693,2025,2,17,月,かんしょ,36100,千　葉,12,101915,253,,
12694,2025,2,17,月,かんしょ,36100,徳　島,36,45930,315,,
12695,2025,2,17,月,ばれいしょ,36200,,,1005169,224,171.7,100.9
12696,2025,2,17,月,ばれいしょ,36200,北海道,1,659351,190,,
12697,2025,2,17,月,ばれいしょ,36200,鹿児島,46,325398,290,,
12698,2025,2,17,月,さといも,36300,,,46032,426,100.3,106.5
12699,2025,2,17,月,さといも,36300,埼　玉,11,17211,387,,
12700,2025,2,17,月,さといも,36300,新　潟,15,11244,435,,
12701,2025,2,17,月,さといも,36300,愛　媛,38,10103,513,,
12702,2025,2,17,月,やまのいも,36500,,,131918,422,126.2,97.7
12703,2025,2,17,月,やまのいも,36500,北海道,1,78970,397,,
12704,2025,2,17,月,やまのいも,36500,青　森,2,38040,454,,
12705,2025,2,17,月,たまねぎ,36610,,,1699134,154,118.5,100.7
12706,2025,2,17,月,たまねぎ,36610,北海道,1,1467708,135,,
12707,2025,2,17,月,　　うち輸入,36620,,,35538,125,92.4,106.8
12708,2025,2,17,月,にんにく,36700,,,17302,1225,80.2,86.2
12709,2025,2,17,月,にんにく,36700,青　森,2,9233,1859,,
12710,2025,2,17,月,にんにく,36700,北海道,1,101,954,,
12711,2025,2,17,月,にんにく,36700,岩　手,3,22,1392,,
12712,2025,2,17,月,　　うち輸入,36701,,,7947,491,101.9,90.3
12713,2025,2,17,月,しょうが,37200,,,15885,1036,100.3,98.4
12714,2025,2,17,月,しょうが,37200,高　知,39,7919,1245,,
12715,2025,2,17,月,しょうが,37200,長　崎,42,1647,871,,
12716,2025,2,17,月,しょうが,37200,熊　本,43,943,1390,,
12717,2025,2,17,月,しょうが,37200,千　葉,12,395,1069,,
12718,2025,2,17,月,しょうが,37200,宮　崎,45,327,1609,,
12719,2025,2,17,月,　　うち輸入,37201,,,4202,572,100.9,104.2
12720,2025,2,17,月,生しいたけ,38100,,,69799,1056,98.8,96.2
12721,2025,2,17,月,生しいたけ,38100,徳　島,36,14486,1024,,
12722,2025,2,17,月,生しいたけ,38100,秋　田,5,10086,1260,,
12723,2025,2,17,月,生しいたけ,38100,千　葉,12,7086,689,,
12724,2025,2,17,月,生しいたけ,38100,長　崎,42,5580,1069,,
12725,2025,2,17,月,生しいたけ,38100,岩　手,3,4169,1108,,
12726,2025,2,17,月,　　うち輸入,38101,,,1399,819,78.3,102.5
12727,2025,2,17,月,なめこ,38300,,,21183,539,76.7,102.1
12728,2025,2,17,月,なめこ,38300,長　野,20,5634,537,,
12729,2025,2,17,月,なめこ,38300,山　形,6,3800,575,,
12730,2025,2,17,月,なめこ,38300,三　重,24,2801,591,,
12731,2025,2,17,月,なめこ,38300,大　分,44,2188,502,,
12732,2025,2,17,月,なめこ,38300,宮　城,4,1565,488,,
12733,2025,2,17,月,えのきだけ,38400,,,174867,355,88.9,99.7
12734,2025,2,17,月,えのきだけ,38400,長　野,20,121189,352,,
12735,2025,2,17,月,えのきだけ,38400,新　潟,15,19353,355,,
12736,2025,2,17,月,しめじ,38500,,,100775,529,96.8,99.1
12737,2025,2,17,月,しめじ,38500,長　野,20,68084,488,,
12738,2025,2,17,月,しめじ,38500,福　岡,40,16067,502,,
12739,2025,2,17,月,その他の野菜,39000,,,249197,1037,97.3,107.7
12740,2025,2,17,月,輸入野菜計,39100,,,361162,291,114.4,100.3
12741,2025,2,17,月,他の輸入野菜,39200,,,111312,320,111,102.6
12742,2025,2,24,月,野菜総計,30000,,,128586,335,1.1,104.7
12743,2025,2,24,月,野菜総計,30000,沖　縄,47,77016,376,,
12744,2025,2,24,月,野菜総計,30000,鹿児島,46,25687,281,,
12745,2025,2,24,月,野菜総計,30000,北海道,1,13360,182,,
12746,2025,2,24,月,野菜総計,30000,長　崎,42,3806,275,,
12747,2025,2,24,月,野菜総計,30000,福　岡,40,1720,692,,
12748,2025,2,24,月,野菜総計,30000,宮　崎,45,834,313,,
12749,2025,2,24,月,野菜総計,30000,茨　城,8,350,396,,
12750,2025,2,24,月,だいこん,30100,,,8013,147,0.9,108.9
12751,2025,2,24,月,だいこん,30100,鹿児島,46,7315,153,,
12752,2025,2,24,月,かぶ,30200,,,59,250,0.1,135.1
12753,2025,2,24,月,かぶ,30200,沖　縄,47,45,173,,
12754,2025,2,24,月,かぶ,30200,千　葉,12,14,499,,
12755,2025,2,24,月,にんじん,30300,,,7307,157,1.2,72.4
12756,2025,2,24,月,にんじん,30300,沖　縄,47,4877,154,,
12757,2025,2,24,月,にんじん,30300,長　崎,42,1430,165,,
12758,2025,2,24,月,ごぼう,30400,,,330,299,0.7,55.2
12759,2025,2,24,月,ごぼう,30400,鹿児島,46,40,324,,
12760,2025,2,24,月,ごぼう,30400,茨　城,8,30,497,,
12761,2025,2,24,月,ごぼう,30400,青　森,2,10,432,,
12762,2025,2,24,月,はくさい,31100,,,4905,185,0.4,94.9
12763,2025,2,24,月,はくさい,31100,鹿児島,46,4635,181,,
12764,2025,2,24,月,みずな,31300,,,50,810,0.1,172
12765,2025,2,24,月,みずな,31300,茨　城,8,50,810,,
12766,2025,2,24,月,こまつな,31500,,,1384,340,1.3,67.5
12767,2025,2,24,月,こまつな,31500,沖　縄,47,1312,324,,
12768,2025,2,24,月,その他の菜類,31550,,,701,402,18.5,74
12769,2025,2,24,月,ちんげんさい,31560,,,683,322,1.8,75.2
12770,2025,2,24,月,ちんげんさい,31560,沖　縄,47,663,313,,
12771,2025,2,24,月,キャベツ,31700,,,14018,207,1.1,93.2
12772,2025,2,24,月,キャベツ,31700,沖　縄,47,12693,206,,
12773,2025,2,24,月,ほうれんそう,31800,,,1206,321,0.8,51.3
12774,2025,2,24,月,ほうれんそう,31800,沖　縄,47,1206,321,,
12775,2025,2,24,月,ねぎ,31900,,,2358,607,0.7,82.8
12776,2025,2,24,月,ねぎ,31900,鹿児島,46,2151,608,,
12777,2025,2,24,月,みつば,32500,,,19,1006,0.1,175.3
12778,2025,2,24,月,みつば,32500,埼　玉,11,12,918,,
12779,2025,2,24,月,みつば,32500,千　葉,12,4,1080,,
12780,2025,2,24,月,しゅんぎく,32600,,,50,597,0.2,75
12781,2025,2,24,月,しゅんぎく,32600,沖　縄,47,50,597,,
12782,2025,2,24,月,にら,32800,,,366,1267,0.6,119
12783,2025,2,24,月,にら,32800,鹿児島,46,185,1370,,
12784,2025,2,24,月,にら,32800,沖　縄,47,136,1090,,
12785,2025,2,24,月,セルリー,32900,,,853,107,1.5,37.5
12786,2025,2,24,月,セルリー,32900,沖　縄,47,853,107,,
12787,2025,2,24,月,アスパラガス,33100,,,32,1738,0.2,125.2
12788,2025,2,24,月,アスパラガス,33100,佐　賀,41,15,1728,,
12789,2025,2,24,月,アスパラガス,33100,福　岡,40,10,1728,,
12790,2025,2,24,月,　　うち輸入,33101,,,7,1774,0.1,186.1
12791,2025,2,24,月,カリフラワー,33200,,,795,205,2.8,66.3
12792,2025,2,24,月,カリフラワー,33200,沖　縄,47,795,205,,
12793,2025,2,24,月,ブロッコリー,33300,,,579,366,0.3,58.7
12794,2025,2,24,月,ブロッコリー,33300,宮　崎,45,280,397,,
12795,2025,2,24,月,ブロッコリー,33300,沖　縄,47,269,318,,
12796,2025,2,24,月,レタス,33400,,,16369,203,2.8,67.4
12797,2025,2,24,月,レタス,33400,沖　縄,47,14424,192,,
12798,2025,2,24,月,パセリ,33600,,,10,1523,0.3,129.9
12799,2025,2,24,月,パセリ,33600,福　岡,40,10,1350,,
12800,2025,2,24,月,きゅうり,34100,,,6383,311,1.8,71.3
12801,2025,2,24,月,きゅうり,34100,沖　縄,47,6133,311,,
12802,2025,2,24,月,かぼちゃ,34200,,,561,453,0.3,153.6
12803,2025,2,24,月,かぼちゃ,34200,沖　縄,47,381,545,,
12804,2025,2,24,月,　　うち輸入,34201,,,180,257,0.1,106.2
12805,2025,2,24,月,なす,34300,,,1234,252,0.6,55
12806,2025,2,24,月,なす,34300,沖　縄,47,1234,252,,
12807,2025,2,24,月,トマト,34400,,,2726,312,0.8,72.1
12808,2025,2,24,月,トマト,34400,沖　縄,47,2726,312,,
12809,2025,2,24,月,ミニトマト,34450,,,666,721,0.5,89
12810,2025,2,24,月,ミニトマト,34450,沖　縄,47,472,677,,
12811,2025,2,24,月,ミニトマト,34450,鹿児島,46,189,792,,
12812,2025,2,24,月,ピーマン,34500,,,12652,519,7.2,63.1
12813,2025,2,24,月,ピーマン,34500,沖　縄,47,12538,514,,
12814,2025,2,24,月,ししとうがらし,34600,,,5,1814,0.1,91.1
12815,2025,2,24,月,ししとうがらし,34600,高　知,39,3,2484,,
12816,2025,2,24,月,ししとうがらし,34600,沖　縄,47,2,810,,
12817,2025,2,24,月,スイートコーン,34700,,,1165,473,173.6,63.6
12818,2025,2,24,月,スイートコーン,34700,沖　縄,47,1165,473,,
12819,2025,2,24,月,さやいんげん,35100,,,4644,1176,46.5,77.5
12820,2025,2,24,月,さやいんげん,35100,沖　縄,47,4644,1176,,
12821,2025,2,24,月,さやえんどう,35200,,,15,1110,0.1,83.3
12822,2025,2,24,月,さやえんどう,35200,沖　縄,47,15,1110,,
12823,2025,2,24,月,かんしょ,36100,,,990,247,0.3,93.2
12824,2025,2,24,月,かんしょ,36100,鹿児島,46,330,26,,
12825,2025,2,24,月,かんしょ,36100,千　葉,12,300,387,,
12826,2025,2,24,月,かんしょ,36100,茨　城,8,270,308,,
12827,2025,2,24,月,ばれいしょ,36200,,,10020,330,1.3,148
12828,2025,2,24,月,ばれいしょ,36200,鹿児島,46,8500,337,,
12829,2025,2,24,月,さといも,36300,,,15,790,0,182.9
12830,2025,2,24,月,さといも,36300,鹿児島,46,15,790,,
12831,2025,2,24,月,やまのいも,36500,,,110,342,0.1,77.2
12832,2025,2,24,月,やまのいも,36500,青　森,2,80,466,,
12833,2025,2,24,月,やまのいも,36500,北海道,1,30,11,,
12834,2025,2,24,月,たまねぎ,36610,,,17380,171,0.8,119.6
12835,2025,2,24,月,たまねぎ,36610,北海道,1,13140,179,,
12836,2025,2,24,月,たまねぎ,36610,鹿児島,46,590,298,,
12837,2025,2,24,月,たまねぎ,36610,沖　縄,47,40,319,,
12838,2025,2,24,月,　　うち輸入,36620,,,3610,121,7.1,112
12839,2025,2,24,月,にんにく,36700,,,370,592,2,48.6
12840,2025,2,24,月,にんにく,36700,青　森,2,50,1884,,
12841,2025,2,24,月,　　うち輸入,36701,,,320,390,3.6,74.7
12842,2025,2,24,月,しょうが,37200,,,172,879,1.2,83.2
12843,2025,2,24,月,しょうが,37200,長　崎,42,172,879,,
12844,2025,2,24,月,生しいたけ,38100,,,83,1368,0.1,125.5
12845,2025,2,24,月,生しいたけ,38100,長　崎,42,42,1373,,
12846,2025,2,24,月,生しいたけ,38100,宮　崎,45,40,1358,,
12847,2025,2,24,月,なめこ,38300,,,35,702,0.2,133
12848,2025,2,24,月,なめこ,38300,長　崎,42,35,702,,
12849,2025,2,24,月,えのきだけ,38400,,,486,392,0.3,108
12850,2025,2,24,月,えのきだけ,38400,長　崎,42,246,405,,
12851,2025,2,24,月,えのきだけ,38400,福　岡,40,240,378,,
12852,2025,2,24,月,しめじ,38500,,,789,669,0.9,124.6
12853,2025,2,24,月,しめじ,38500,福　岡,40,789,669,,
12854,2025,2,24,月,その他の野菜,39000,,,8002,663,3.3,66.2
12855,2025,2,24,月,輸入野菜計,39100,,,5087,187,1.5,64.3
12856,2025,2,24,月,他の輸入野菜,39200,,,971,341,1,98.8
12857,2025,3,3,月,野菜総計,30000,,,11897624,348,99.2,104.8
12858,2025,3,3,月,野菜総計,30000,北海道,1,1788944,174,,
12859,2025,3,3,月,野菜総計,30000,茨　城,8,1163010,348,,
12860,2025,3,3,月,野菜総計,30000,愛　知,23,993484,351,,
12861,2025,3,3,月,野菜総計,30000,千　葉,12,898557,306,,
12862,2025,3,3,月,野菜総計,30000,鹿児島,46,825001,314,,
12863,2025,3,3,月,野菜総計,30000,熊　本,43,791777,450,,
12864,2025,3,3,月,野菜総計,30000,長　崎,42,571628,264,,
12865,2025,3,3,月,だいこん,30100,,,823933,160,83.8,105.3
12866,2025,3,3,月,だいこん,30100,神奈川,14,277686,161,,
12867,2025,3,3,月,だいこん,30100,千　葉,12,187696,169,,
12868,2025,3,3,月,だいこん,30100,鹿児島,46,135360,153,,
12869,2025,3,3,月,だいこん,30100,福　岡,40,58735,127,,
12870,2025,3,3,月,かぶ,30200,,,72941,173,84.3,96.6
12871,2025,3,3,月,かぶ,30200,千　葉,12,44870,173,,
12872,2025,3,3,月,かぶ,30200,埼　玉,11,7117,153,,
12873,2025,3,3,月,かぶ,30200,神奈川,14,4662,122,,
12874,2025,3,3,月,かぶ,30200,徳　島,36,3982,257,,
12875,2025,3,3,月,にんじん,30300,,,588951,251,89.2,98.8
12876,2025,3,3,月,にんじん,30300,鹿児島,46,153150,253,,
12877,2025,3,3,月,にんじん,30300,千　葉,12,132875,266,,
12878,2025,3,3,月,にんじん,30300,長　崎,42,112984,266,,
12879,2025,3,3,月,にんじん,30300,愛　知,23,69216,253,,
12880,2025,3,3,月,にんじん,30300,熊　本,43,29268,259,,
12881,2025,3,3,月,ごぼう,30400,,,84686,454,63.3,99.8
12882,2025,3,3,月,ごぼう,30400,青　森,2,38866,485,,
12883,2025,3,3,月,ごぼう,30400,北海道,1,18722,191,,
12884,2025,3,3,月,ごぼう,30400,茨　城,8,8773,331,,
12885,2025,3,3,月,ごぼう,30400,熊　本,43,7270,822,,
12886,2025,3,3,月,たけのこ,30500,,,4656,2352,99.6,99.9
12887,2025,3,3,月,たけのこ,30500,鹿児島,46,290,6524,,
12888,2025,3,3,月,たけのこ,30500,熊　本,43,287,5999,,
12889,2025,3,3,月,たけのこ,30500,福　岡,40,47,5317,,
12890,2025,3,3,月,たけのこ,30500,京　都,26,32,8792,,
12891,2025,3,3,月,たけのこ,30500,埼　玉,11,10,5508,,
12892,2025,3,3,月,れんこん,30600,,,77672,517,86.6,102.4
12893,2025,3,3,月,れんこん,30600,茨　城,8,46176,544,,
12894,2025,3,3,月,れんこん,30600,佐　賀,41,13186,412,,
12895,2025,3,3,月,れんこん,30600,徳　島,36,7821,598,,
12896,2025,3,3,月,はくさい,31100,,,1104030,168,93.3,107.7
12897,2025,3,3,月,はくさい,31100,茨　城,8,336964,188,,
12898,2025,3,3,月,はくさい,31100,長　崎,42,181205,213,,
12899,2025,3,3,月,はくさい,31100,兵　庫,28,177532,171,,
12900,2025,3,3,月,はくさい,31100,群　馬,10,118487,182,,
12901,2025,3,3,月,はくさい,31100,鹿児島,46,95614,73,,
12902,2025,3,3,月,みずな,31300,,,55394,414,97.9,98.8
12903,2025,3,3,月,みずな,31300,茨　城,8,38677,404,,
12904,2025,3,3,月,みずな,31300,福　岡,40,10628,390,,
12905,2025,3,3,月,こまつな,31500,,,128790,463,104,98.5
12906,2025,3,3,月,こまつな,31500,茨　城,8,68028,482,,
12907,2025,3,3,月,こまつな,31500,福　岡,40,29353,434,,
12908,2025,3,3,月,こまつな,31500,埼　玉,11,7501,450,,
12909,2025,3,3,月,その他の菜類,31550,,,7413,449,116,98.2
12910,2025,3,3,月,ちんげんさい,31560,,,41428,404,92.9,100.2
12911,2025,3,3,月,ちんげんさい,31560,茨　城,8,16880,411,,
12912,2025,3,3,月,ちんげんさい,31560,静　岡,22,10392,416,,
12913,2025,3,3,月,ちんげんさい,31560,福　岡,40,3680,437,,
12914,2025,3,3,月,ちんげんさい,31560,愛　知,23,3669,358,,
12915,2025,3,3,月,キャベツ,31700,,,1211630,231,81.8,107.9
12916,2025,3,3,月,キャベツ,31700,愛　知,23,587742,242,,
12917,2025,3,3,月,キャベツ,31700,千　葉,12,218546,232,,
12918,2025,3,3,月,キャベツ,31700,神奈川,14,67788,252,,
12919,2025,3,3,月,キャベツ,31700,福　岡,40,40470,246,,
12920,2025,3,3,月,キャベツ,31700,兵　庫,28,34432,204,,
12921,2025,3,3,月,ほうれんそう,31800,,,170271,612,122,101
12922,2025,3,3,月,ほうれんそう,31800,茨　城,8,69712,645,,
12923,2025,3,3,月,ほうれんそう,31800,群　馬,10,32872,598,,
12924,2025,3,3,月,ほうれんそう,31800,福　岡,40,18530,629,,
12925,2025,3,3,月,ほうれんそう,31800,埼　玉,11,8116,566,,
12926,2025,3,3,月,ほうれんそう,31800,徳　島,36,6408,631,,
12927,2025,3,3,月,ねぎ,31900,,,302235,661,85.7,105.8
12928,2025,3,3,月,ねぎ,31900,千　葉,12,63137,616,,
12929,2025,3,3,月,ねぎ,31900,埼　玉,11,41742,730,,
12930,2025,3,3,月,ねぎ,31900,大　分,44,38198,634,,
12931,2025,3,3,月,ねぎ,31900,群　馬,10,32603,642,,
12932,2025,3,3,月,ねぎ,31900,茨　城,8,29143,548,,
12933,2025,3,3,月,ふき,32300,,,4807,742,105.3,100
12934,2025,3,3,月,ふき,32300,愛　知,23,4255,731,,
12935,2025,3,3,月,うど,32400,,,6011,718,120.7,103.3
12936,2025,3,3,月,うど,32400,栃　木,9,3161,717,,
12937,2025,3,3,月,うど,32400,秋　田,5,1424,731,,
12938,2025,3,3,月,うど,32400,群　馬,10,722,804,,
12939,2025,3,3,月,みつば,32500,,,19388,618,71.4,98.6
12940,2025,3,3,月,みつば,32500,千　葉,12,3882,464,,
12941,2025,3,3,月,みつば,32500,大　分,44,2765,557,,
12942,2025,3,3,月,みつば,32500,愛　知,23,2729,678,,
12943,2025,3,3,月,みつば,32500,茨　城,8,2542,681,,
12944,2025,3,3,月,みつば,32500,静　岡,22,2114,638,,
12945,2025,3,3,月,しゅんぎく,32600,,,19792,708,86.6,100.4
12946,2025,3,3,月,しゅんぎく,32600,福　岡,40,4131,641,,
12947,2025,3,3,月,しゅんぎく,32600,千　葉,12,2984,729,,
12948,2025,3,3,月,しゅんぎく,32600,茨　城,8,1879,676,,
12949,2025,3,3,月,しゅんぎく,32600,栃　木,9,1758,766,,
12950,2025,3,3,月,しゅんぎく,32600,福　島,7,1533,721,,
12951,2025,3,3,月,にら,32800,,,65336,913,89.3,98.5
12952,2025,3,3,月,にら,32800,高　知,39,27551,920,,
12953,2025,3,3,月,にら,32800,栃　木,9,13792,931,,
12954,2025,3,3,月,にら,32800,茨　城,8,6543,883,,
12955,2025,3,3,月,にら,32800,大　分,44,5135,876,,
12956,2025,3,3,月,セルリー,32900,,,61800,311,96,101.6
12957,2025,3,3,月,セルリー,32900,静　岡,22,14414,320,,
12958,2025,3,3,月,セルリー,32900,愛　知,23,13725,286,,
12959,2025,3,3,月,セルリー,32900,香　川,37,12416,303,,
12960,2025,3,3,月,セルリー,32900,福　岡,40,10948,338,,
12961,2025,3,3,月,アスパラガス,33100,,,30624,1623,107.3,109.6
12962,2025,3,3,月,アスパラガス,33100,佐　賀,41,7264,2382,,
12963,2025,3,3,月,アスパラガス,33100,福　岡,40,4808,1856,,
12964,2025,3,3,月,アスパラガス,33100,栃　木,9,1593,2272,,
12965,2025,3,3,月,アスパラガス,33100,熊　本,43,1345,2231,,
12966,2025,3,3,月,アスパラガス,33100,長　崎,42,948,2270,,
12967,2025,3,3,月,　　うち輸入,33101,,,12944,873,75.7,95.8
12968,2025,3,3,月,カリフラワー,33200,,,61390,219,124.9,81.7
12969,2025,3,3,月,カリフラワー,33200,熊　本,43,20915,215,,
12970,2025,3,3,月,カリフラワー,33200,徳　島,36,11273,224,,
12971,2025,3,3,月,カリフラワー,33200,愛　知,23,10618,229,,
12972,2025,3,3,月,カリフラワー,33200,福　岡,40,7028,201,,
12973,2025,3,3,月,ブロッコリー,33300,,,301540,476,119.5,89.5
12974,2025,3,3,月,ブロッコリー,33300,香　川,37,67501,584,,
12975,2025,3,3,月,ブロッコリー,33300,愛　知,23,59276,372,,
12976,2025,3,3,月,ブロッコリー,33300,熊　本,43,46080,563,,
12977,2025,3,3,月,ブロッコリー,33300,徳　島,36,34302,441,,
12978,2025,3,3,月,ブロッコリー,33300,福　岡,40,23120,370,,
12979,2025,3,3,月,レタス,33400,,,647742,278,103.4,98.9
12980,2025,3,3,月,レタス,33400,茨　城,8,188307,304,,
12981,2025,3,3,月,レタス,33400,長　崎,42,91133,167,,
12982,2025,3,3,月,レタス,33400,静　岡,22,69255,272,,
12983,2025,3,3,月,レタス,33400,福　岡,40,61693,383,,
12984,2025,3,3,月,レタス,33400,香　川,37,56915,280,,
12985,2025,3,3,月,パセリ,33600,,,3523,1046,91.6,96.2
12986,2025,3,3,月,パセリ,33600,静　岡,22,1473,820,,
12987,2025,3,3,月,パセリ,33600,千　葉,12,727,1084,,
12988,2025,3,3,月,パセリ,33600,香　川,37,364,1089,,
12989,2025,3,3,月,パセリ,33600,愛　知,23,271,1794,,
12990,2025,3,3,月,きゅうり,34100,,,647008,366,142.3,96.8
12991,2025,3,3,月,きゅうり,34100,宮　崎,45,170452,389,,
12992,2025,3,3,月,きゅうり,34100,高　知,39,91950,350,,
12993,2025,3,3,月,きゅうり,34100,群　馬,10,83367,421,,
12994,2025,3,3,月,きゅうり,34100,千　葉,12,64783,346,,
12995,2025,3,3,月,きゅうり,34100,佐　賀,41,43245,333,,
12996,2025,3,3,月,かぼちゃ,34200,,,180110,297,113.9,101
12997,2025,3,3,月,かぼちゃ,34200,宮　崎,45,13757,546,,
12998,2025,3,3,月,かぼちゃ,34200,沖　縄,47,9490,546,,
12999,2025,3,3,月,かぼちゃ,34200,鹿児島,46,1511,208,,
13000,2025,3,3,月,かぼちゃ,34200,熊　本,43,1311,546,,
13001,2025,3,3,月,かぼちゃ,34200,高　知,39,1150,584,,
13002,2025,3,3,月,　　うち輸入,34201,,,151409,253,111.9,99.6
13003,2025,3,3,月,なす,34300,,,341812,441,134.8,97.4
13004,2025,3,3,月,なす,34300,高　知,39,144843,438,,
13005,2025,3,3,月,なす,34300,福　岡,40,84583,444,,
13006,2025,3,3,月,なす,34300,熊　本,43,76668,441,,
13007,2025,3,3,月,トマト,34400,,,616094,416,139.6,98.6
13008,2025,3,3,月,トマト,34400,熊　本,43,334010,383,,
13009,2025,3,3,月,トマト,34400,栃　木,9,79985,377,,
13010,2025,3,3,月,トマト,34400,愛　知,23,66967,476,,
13011,2025,3,3,月,トマト,34400,福　岡,40,37494,370,,
13012,2025,3,3,月,ミニトマト,34450,,,253871,743,149.8,95.6
13013,2025,3,3,月,ミニトマト,34450,熊　本,43,162655,688,,
13014,2025,3,3,月,ミニトマト,34450,愛　知,23,27941,922,,
13015,2025,3,3,月,ミニトマト,34450,宮　崎,45,22463,726,,
13016,2025,3,3,月,ピーマン,34500,,,277347,778,129.7,101.8
13017,2025,3,3,月,ピーマン,34500,宮　崎,45,101023,800,,
13018,2025,3,3,月,ピーマン,34500,鹿児島,46,60871,734,,
13019,2025,3,3,月,ピーマン,34500,高　知,39,55299,771,,
13020,2025,3,3,月,ピーマン,34500,茨　城,8,38599,826,,
13021,2025,3,3,月,ししとうがらし,34600,,,7525,1818,109.9,101.9
13022,2025,3,3,月,ししとうがらし,34600,高　知,39,6351,1822,,
13023,2025,3,3,月,スイートコーン,34700,,,945,593,104.7,92.1
13024,2025,3,3,月,スイートコーン,34700,沖　縄,47,945,593,,
13025,2025,3,3,月,さやいんげん,35100,,,17176,1372,141.6,93.9
13026,2025,3,3,月,さやいんげん,35100,沖　縄,47,13625,1302,,
13027,2025,3,3,月,さやいんげん,35100,高　知,39,1710,1600,,
13028,2025,3,3,月,さやえんどう,35200,,,29032,1488,102.6,99.1
13029,2025,3,3,月,さやえんどう,35200,鹿児島,46,11574,1456,,
13030,2025,3,3,月,さやえんどう,35200,愛　知,23,5624,1617,,
13031,2025,3,3,月,さやえんどう,35200,和歌山,30,4537,1549,,
13032,2025,3,3,月,さやえんどう,35200,熊　本,43,3629,1442,,
13033,2025,3,3,月,　　うち輸入,35201,,,342,764,116.3,93.3
13034,2025,3,3,月,実えんどう,35300,,,9735,1206,104.2,100.7
13035,2025,3,3,月,実えんどう,35300,和歌山,30,7918,1182,,
13036,2025,3,3,月,そらまめ,35400,,,8202,1078,106.3,100.3
13037,2025,3,3,月,そらまめ,35400,鹿児島,46,8202,1078,,
13038,2025,3,3,月,えだまめ,35500,,,212,2650,97.2,102
13039,2025,3,3,月,えだまめ,35500,静　岡,22,212,2650,,
13040,2025,3,3,月,かんしょ,36100,,,409931,265,102.5,99.3
13041,2025,3,3,月,かんしょ,36100,茨　城,8,207341,250,,
13042,2025,3,3,月,かんしょ,36100,千　葉,12,109632,252,,
13043,2025,3,3,月,かんしょ,36100,徳　島,36,34310,339,,
13044,2025,3,3,月,ばれいしょ,36200,,,974171,220,97.5,106.3
13045,2025,3,3,月,ばれいしょ,36200,北海道,1,678706,179,,
13046,2025,3,3,月,ばれいしょ,36200,鹿児島,46,283292,312,,
13047,2025,3,3,月,さといも,36300,,,33240,431,94.7,106.4
13048,2025,3,3,月,さといも,36300,埼　玉,11,10917,408,,
13049,2025,3,3,月,さといも,36300,新　潟,15,9007,443,,
13050,2025,3,3,月,さといも,36300,愛　媛,38,6900,524,,
13051,2025,3,3,月,やまのいも,36500,,,128013,421,94.5,106.9
13052,2025,3,3,月,やまのいも,36500,北海道,1,79146,400,,
13053,2025,3,3,月,やまのいも,36500,青　森,2,33194,442,,
13054,2025,3,3,月,たまねぎ,36610,,,1410034,167,95.8,100
13055,2025,3,3,月,たまねぎ,36610,北海道,1,981962,142,,
13056,2025,3,3,月,たまねぎ,36610,静　岡,22,328138,236,,
13057,2025,3,3,月,　　うち輸入,36620,,,31249,114,74.8,98.3
13058,2025,3,3,月,にんにく,36700,,,21025,1357,70.7,93.8
13059,2025,3,3,月,にんにく,36700,青　森,2,12432,1929,,
13060,2025,3,3,月,にんにく,36700,岩　手,3,42,1296,,
13061,2025,3,3,月,にんにく,36700,佐　賀,41,15,1512,,
13062,2025,3,3,月,にんにく,36700,北海道,1,2,2834,,
13063,2025,3,3,月,　　うち輸入,36701,,,8534,524,92.4,101.6
13064,2025,3,3,月,しょうが,37200,,,19883,1149,110.9,106.3
13065,2025,3,3,月,しょうが,37200,高　知,39,11761,1356,,
13066,2025,3,3,月,しょうが,37200,長　崎,42,1449,939,,
13067,2025,3,3,月,しょうが,37200,熊　本,43,1026,1364,,
13068,2025,3,3,月,しょうが,37200,千　葉,12,454,1050,,
13069,2025,3,3,月,しょうが,37200,宮　崎,45,363,1473,,
13070,2025,3,3,月,　　うち輸入,37201,,,4455,571,94.3,104.8
13071,2025,3,3,月,生しいたけ,38100,,,69170,1042,89.7,97.7
13072,2025,3,3,月,生しいたけ,38100,徳　島,36,12135,1033,,
13073,2025,3,3,月,生しいたけ,38100,秋　田,5,10305,1213,,
13074,2025,3,3,月,生しいたけ,38100,長　崎,42,6232,981,,
13075,2025,3,3,月,生しいたけ,38100,千　葉,12,5930,752,,
13076,2025,3,3,月,生しいたけ,38100,岩　手,3,4034,1060,,
13077,2025,3,3,月,　　うち輸入,38101,,,1405,818,83.2,103.8
13078,2025,3,3,月,なめこ,38300,,,21870,533,77.1,101.1
13079,2025,3,3,月,なめこ,38300,長　野,20,5183,527,,
13080,2025,3,3,月,なめこ,38300,山　形,6,4233,579,,
13081,2025,3,3,月,なめこ,38300,三　重,24,2671,591,,
13082,2025,3,3,月,なめこ,38300,大　分,44,2416,483,,
13083,2025,3,3,月,なめこ,38300,福　島,7,1562,526,,
13084,2025,3,3,月,えのきだけ,38400,,,151806,356,87.9,98.9
13085,2025,3,3,月,えのきだけ,38400,長　野,20,92360,356,,
13086,2025,3,3,月,えのきだけ,38400,新　潟,15,21771,370,,
13087,2025,3,3,月,えのきだけ,38400,宮　崎,45,12960,329,,
13088,2025,3,3,月,しめじ,38500,,,87637,516,87.2,99
13089,2025,3,3,月,しめじ,38500,長　野,20,55499,471,,
13090,2025,3,3,月,しめじ,38500,福　岡,40,15718,491,,
13091,2025,3,3,月,その他の野菜,39000,,,285860,1094,108.3,93.1
13092,2025,3,3,月,輸入野菜計,39100,,,375085,298,102.1,101.7
13093,2025,3,3,月,他の輸入野菜,39200,,,164752,304,104.8,108.2
13094,2025,3,10,月,野菜総計,30000,,,13177717,312,116,96.6
13095,2025,3,10,月,野菜総計,30000,北海道,1,2126418,171,,
13096,2025,3,10,月,野菜総計,30000,茨　城,8,1221736,305,,
13097,2025,3,10,月,野菜総計,30000,愛　知,23,1193418,283,,
13098,2025,3,10,月,野菜総計,30000,鹿児島,46,968509,330,,
13099,2025,3,10,月,野菜総計,30000,千　葉,12,864924,277,,
13100,2025,3,10,月,野菜総計,30000,熊　本,43,807177,411,,
13101,2025,3,10,月,野菜総計,30000,長　崎,42,788546,237,,
13102,2025,3,10,月,だいこん,30100,,,956273,161,105.8,98.8
13103,2025,3,10,月,だいこん,30100,神奈川,14,267068,173,,
13104,2025,3,10,月,だいこん,30100,千　葉,12,244705,169,,
13105,2025,3,10,月,だいこん,30100,鹿児島,46,135848,146,,
13106,2025,3,10,月,だいこん,30100,長　崎,42,115351,146,,
13107,2025,3,10,月,だいこん,30100,福　岡,40,62657,122,,
13108,2025,3,10,月,かぶ,30200,,,72394,177,84.4,100.6
13109,2025,3,10,月,かぶ,30200,千　葉,12,49241,174,,
13110,2025,3,10,月,かぶ,30200,埼　玉,11,7912,172,,
13111,2025,3,10,月,かぶ,30200,神奈川,14,4362,131,,
13112,2025,3,10,月,にんじん,30300,,,714644,283,126.2,103.7
13113,2025,3,10,月,にんじん,30300,徳　島,36,220894,343,,
13114,2025,3,10,月,にんじん,30300,鹿児島,46,186194,248,,
13115,2025,3,10,月,にんじん,30300,千　葉,12,83254,281,,
13116,2025,3,10,月,にんじん,30300,長　崎,42,77670,282,,
13117,2025,3,10,月,にんじん,30300,愛　知,23,49690,297,,
13118,2025,3,10,月,ごぼう,30400,,,46265,564,79.7,118.5
13119,2025,3,10,月,ごぼう,30400,青　森,2,32502,542,,
13120,2025,3,10,月,ごぼう,30400,熊　本,43,3487,850,,
13121,2025,3,10,月,ごぼう,30400,鹿児島,46,2644,868,,
13122,2025,3,10,月,たけのこ,30500,,,8763,2344,137.9,84.3
13123,2025,3,10,月,たけのこ,30500,熊　本,43,3542,2626,,
13124,2025,3,10,月,たけのこ,30500,鹿児島,46,1664,2748,,
13125,2025,3,10,月,たけのこ,30500,福　岡,40,391,2874,,
13126,2025,3,10,月,たけのこ,30500,京　都,26,46,4935,,
13127,2025,3,10,月,たけのこ,30500,徳　島,36,36,1626,,
13128,2025,3,10,月,れんこん,30600,,,69581,489,86.3,98
13129,2025,3,10,月,れんこん,30600,茨　城,8,40803,514,,
13130,2025,3,10,月,れんこん,30600,佐　賀,41,12558,377,,
13131,2025,3,10,月,れんこん,30600,徳　島,36,7093,528,,
13132,2025,3,10,月,はくさい,31100,,,1235679,160,123.6,91.4
13133,2025,3,10,月,はくさい,31100,茨　城,8,399677,168,,
13134,2025,3,10,月,はくさい,31100,長　崎,42,289231,222,,
13135,2025,3,10,月,はくさい,31100,埼　玉,11,126490,81,,
13136,2025,3,10,月,はくさい,31100,群　馬,10,118927,144,,
13137,2025,3,10,月,はくさい,31100,宮　崎,45,105735,94,,
13138,2025,3,10,月,みずな,31300,,,56563,361,105.3,97.6
13139,2025,3,10,月,みずな,31300,茨　城,8,40210,367,,
13140,2025,3,10,月,みずな,31300,福　岡,40,10360,300,,
13141,2025,3,10,月,こまつな,31500,,,147301,392,99.6,94.5
13142,2025,3,10,月,こまつな,31500,茨　城,8,74450,423,,
13143,2025,3,10,月,こまつな,31500,福　岡,40,36219,335,,
13144,2025,3,10,月,こまつな,31500,埼　玉,11,8997,386,,
13145,2025,3,10,月,その他の菜類,31550,,,6426,446,144.9,94.9
13146,2025,3,10,月,ちんげんさい,31560,,,42171,386,91.4,100.8
13147,2025,3,10,月,ちんげんさい,31560,茨　城,8,16575,381,,
13148,2025,3,10,月,ちんげんさい,31560,静　岡,22,9731,411,,
13149,2025,3,10,月,ちんげんさい,31560,福　岡,40,5035,395,,
13150,2025,3,10,月,ちんげんさい,31560,愛　知,23,3053,330,,
13151,2025,3,10,月,キャベツ,31700,,,1661742,194,100.2,95.1
13152,2025,3,10,月,キャベツ,31700,愛　知,23,827678,196,,
13153,2025,3,10,月,キャベツ,31700,千　葉,12,238212,219,,
13154,2025,3,10,月,キャベツ,31700,神奈川,14,124111,236,,
13155,2025,3,10,月,キャベツ,31700,福　岡,40,65834,175,,
13156,2025,3,10,月,キャベツ,31700,兵　庫,28,62166,163,,
13157,2025,3,10,月,ほうれんそう,31800,,,218794,488,127.9,89.9
13158,2025,3,10,月,ほうれんそう,31800,茨　城,8,86379,500,,
13159,2025,3,10,月,ほうれんそう,31800,福　岡,40,39599,460,,
13160,2025,3,10,月,ほうれんそう,31800,群　馬,10,31466,518,,
13161,2025,3,10,月,ほうれんそう,31800,徳　島,36,11320,467,,
13162,2025,3,10,月,ほうれんそう,31800,埼　玉,11,9353,523,,
13163,2025,3,10,月,ねぎ,31900,,,281283,661,101,97.8
13164,2025,3,10,月,ねぎ,31900,千　葉,12,52436,696,,
13165,2025,3,10,月,ねぎ,31900,埼　玉,11,40324,752,,
13166,2025,3,10,月,ねぎ,31900,大　分,44,39844,633,,
13167,2025,3,10,月,ねぎ,31900,茨　城,8,30710,578,,
13168,2025,3,10,月,ねぎ,31900,群　馬,10,19834,618,,
13169,2025,3,10,月,ふき,32300,,,5362,606,123.7,86.2
13170,2025,3,10,月,ふき,32300,愛　知,23,4820,591,,
13171,2025,3,10,月,うど,32400,,,5298,715,122.6,98.8
13172,2025,3,10,月,うど,32400,栃　木,9,3238,722,,
13173,2025,3,10,月,うど,32400,秋　田,5,918,631,,
13174,2025,3,10,月,うど,32400,群　馬,10,632,764,,
13175,2025,3,10,月,みつば,32500,,,13125,564,97.6,99.5
13176,2025,3,10,月,みつば,32500,愛　知,23,2106,576,,
13177,2025,3,10,月,みつば,32500,大　分,44,1873,553,,
13178,2025,3,10,月,みつば,32500,千　葉,12,1811,431,,
13179,2025,3,10,月,みつば,32500,静　岡,22,1659,582,,
13180,2025,3,10,月,みつば,32500,茨　城,8,1159,624,,
13181,2025,3,10,月,しゅんぎく,32600,,,19201,587,87.8,97.3
13182,2025,3,10,月,しゅんぎく,32600,福　岡,40,4855,486,,
13183,2025,3,10,月,しゅんぎく,32600,千　葉,12,2699,652,,
13184,2025,3,10,月,しゅんぎく,32600,栃　木,9,1735,768,,
13185,2025,3,10,月,しゅんぎく,32600,茨　城,8,1636,577,,
13186,2025,3,10,月,しゅんぎく,32600,大　阪,27,1489,564,,
13187,2025,3,10,月,にら,32800,,,70854,836,91.3,95.5
13188,2025,3,10,月,にら,32800,高　知,39,29843,838,,
13189,2025,3,10,月,にら,32800,栃　木,9,14402,871,,
13190,2025,3,10,月,にら,32800,茨　城,8,6939,834,,
13191,2025,3,10,月,にら,32800,大　分,44,5995,766,,
13192,2025,3,10,月,セルリー,32900,,,61427,298,88.9,96.8
13193,2025,3,10,月,セルリー,32900,静　岡,22,18154,317,,
13194,2025,3,10,月,セルリー,32900,愛　知,23,14245,258,,
13195,2025,3,10,月,セルリー,32900,福　岡,40,10688,332,,
13196,2025,3,10,月,セルリー,32900,香　川,37,9519,289,,
13197,2025,3,10,月,アスパラガス,33100,,,31237,1561,102.5,110.1
13198,2025,3,10,月,アスパラガス,33100,佐　賀,41,7291,2133,,
13199,2025,3,10,月,アスパラガス,33100,福　岡,40,4296,1784,,
13200,2025,3,10,月,アスパラガス,33100,長　崎,42,3033,2034,,
13201,2025,3,10,月,アスパラガス,33100,熊　本,43,1350,2047,,
13202,2025,3,10,月,アスパラガス,33100,栃　木,9,1342,2050,,
13203,2025,3,10,月,　　うち輸入,33101,,,12190,851,76.1,97.8
13204,2025,3,10,月,カリフラワー,33200,,,73671,173,86.9,98.9
13205,2025,3,10,月,カリフラワー,33200,熊　本,43,25618,169,,
13206,2025,3,10,月,カリフラワー,33200,徳　島,36,14723,174,,
13207,2025,3,10,月,カリフラワー,33200,愛　知,23,11770,166,,
13208,2025,3,10,月,カリフラワー,33200,福　岡,40,10879,183,,
13209,2025,3,10,月,ブロッコリー,33300,,,472346,323,120,100
13210,2025,3,10,月,ブロッコリー,33300,香　川,37,134580,392,,
13211,2025,3,10,月,ブロッコリー,33300,愛　知,23,86379,216,,
13212,2025,3,10,月,ブロッコリー,33300,熊　本,43,78081,360,,
13213,2025,3,10,月,ブロッコリー,33300,長　崎,42,52161,343,,
13214,2025,3,10,月,ブロッコリー,33300,徳　島,36,40006,315,,
13215,2025,3,10,月,レタス,33400,,,778053,223,107.8,89.2
13216,2025,3,10,月,レタス,33400,茨　城,8,228886,241,,
13217,2025,3,10,月,レタス,33400,長　崎,42,127973,121,,
13218,2025,3,10,月,レタス,33400,福　岡,40,78520,306,,
13219,2025,3,10,月,レタス,33400,静　岡,22,74261,206,,
13220,2025,3,10,月,レタス,33400,兵　庫,28,74078,234,,
13221,2025,3,10,月,パセリ,33600,,,3559,1002,96.7,92.4
13222,2025,3,10,月,パセリ,33600,静　岡,22,1379,786,,
13223,2025,3,10,月,パセリ,33600,千　葉,12,647,1033,,
13224,2025,3,10,月,パセリ,33600,香　川,37,396,1062,,
13225,2025,3,10,月,パセリ,33600,愛　知,23,295,1634,,
13226,2025,3,10,月,パセリ,33600,茨　城,8,258,1035,,
13227,2025,3,10,月,きゅうり,34100,,,490862,386,132.2,105.5
13228,2025,3,10,月,きゅうり,34100,宮　崎,45,135113,415,,
13229,2025,3,10,月,きゅうり,34100,群　馬,10,81696,416,,
13230,2025,3,10,月,きゅうり,34100,高　知,39,63881,360,,
13231,2025,3,10,月,きゅうり,34100,千　葉,12,39794,357,,
13232,2025,3,10,月,きゅうり,34100,佐　賀,41,29900,350,,
13233,2025,3,10,月,かぼちゃ,34200,,,249784,269,130.7,100.4
13234,2025,3,10,月,かぼちゃ,34200,沖　縄,47,8969,618,,
13235,2025,3,10,月,かぼちゃ,34200,宮　崎,45,6717,599,,
13236,2025,3,10,月,かぼちゃ,34200,鹿児島,46,2780,380,,
13237,2025,3,10,月,かぼちゃ,34200,熊　本,43,787,584,,
13238,2025,3,10,月,かぼちゃ,34200,高　知,39,752,595,,
13239,2025,3,10,月,　　うち輸入,34201,,,229122,241,132.6,100
13240,2025,3,10,月,なす,34300,,,234598,480,122.9,105.5
13241,2025,3,10,月,なす,34300,高　知,39,100968,519,,
13242,2025,3,10,月,なす,34300,熊　本,43,56471,442,,
13243,2025,3,10,月,なす,34300,福　岡,40,50475,457,,
13244,2025,3,10,月,トマト,34400,,,590221,414,144,98.3
13245,2025,3,10,月,トマト,34400,熊　本,43,329082,385,,
13246,2025,3,10,月,トマト,34400,栃　木,9,81245,381,,
13247,2025,3,10,月,トマト,34400,愛　知,23,53728,466,,
13248,2025,3,10,月,トマト,34400,福　岡,40,32688,390,,
13249,2025,3,10,月,ミニトマト,34450,,,218435,712,122.5,98.3
13250,2025,3,10,月,ミニトマト,34450,熊　本,43,134788,647,,
13251,2025,3,10,月,ミニトマト,34450,愛　知,23,26970,902,,
13252,2025,3,10,月,ミニトマト,34450,宮　崎,45,22167,671,,
13253,2025,3,10,月,ピーマン,34500,,,277727,697,125.1,95.6
13254,2025,3,10,月,ピーマン,34500,宮　崎,45,91258,710,,
13255,2025,3,10,月,ピーマン,34500,鹿児島,46,84843,669,,
13256,2025,3,10,月,ピーマン,34500,高　知,39,48624,721,,
13257,2025,3,10,月,ししとうがらし,34600,,,6935,1735,105.7,96.6
13258,2025,3,10,月,ししとうがらし,34600,高　知,39,5555,1790,,
13259,2025,3,10,月,スイートコーン,34700,,,870,661,65.7,113.2
13260,2025,3,10,月,スイートコーン,34700,沖　縄,47,870,661,,
13261,2025,3,10,月,さやいんげん,35100,,,15298,1209,102.1,101.9
13262,2025,3,10,月,さやいんげん,35100,沖　縄,47,11668,1094,,
13263,2025,3,10,月,さやいんげん,35100,鹿児島,46,2037,1577,,
13264,2025,3,10,月,さやえんどう,35200,,,38791,1215,119,92.7
13265,2025,3,10,月,さやえんどう,35200,鹿児島,46,17757,1162,,
13266,2025,3,10,月,さやえんどう,35200,熊　本,43,8624,1161,,
13267,2025,3,10,月,さやえんどう,35200,愛　知,23,5259,1411,,
13268,2025,3,10,月,　　うち輸入,35201,,,104,987,63.4,93
13269,2025,3,10,月,実えんどう,35300,,,12471,1173,100.5,100.5
13270,2025,3,10,月,実えんどう,35300,和歌山,30,9606,1141,,
13271,2025,3,10,月,実えんどう,35300,鹿児島,46,2703,1285,,
13272,2025,3,10,月,そらまめ,35400,,,11822,1090,128.2,91.6
13273,2025,3,10,月,そらまめ,35400,鹿児島,46,11822,1090,,
13274,2025,3,10,月,えだまめ,35500,,,163,2597,54.2,98.8
13275,2025,3,10,月,えだまめ,35500,静　岡,22,163,2597,,
13276,2025,3,10,月,かんしょ,36100,,,378409,274,98,100.7
13277,2025,3,10,月,かんしょ,36100,茨　城,8,184474,254,,
13278,2025,3,10,月,かんしょ,36100,千　葉,12,95740,254,,
13279,2025,3,10,月,かんしょ,36100,大　分,44,35370,319,,
13280,2025,3,10,月,ばれいしょ,36200,,,1133095,224,154.1,97.4
13281,2025,3,10,月,ばれいしょ,36200,北海道,1,760898,178,,
13282,2025,3,10,月,ばれいしょ,36200,鹿児島,46,369467,319,,
13283,2025,3,10,月,さといも,36300,,,30973,427,109,112.7
13284,2025,3,10,月,さといも,36300,埼　玉,11,10544,409,,
13285,2025,3,10,月,さといも,36300,新　潟,15,7355,438,,
13286,2025,3,10,月,さといも,36300,愛　媛,38,5515,516,,
13287,2025,3,10,月,さといも,36300,千　葉,12,2410,430,,
13288,2025,3,10,月,やまのいも,36500,,,164262,415,200,97.2
13289,2025,3,10,月,やまのいも,36500,北海道,1,90547,387,,
13290,2025,3,10,月,やまのいも,36500,青　森,2,62799,434,,
13291,2025,3,10,月,たまねぎ,36610,,,1655064,162,124.1,101.9
13292,2025,3,10,月,たまねぎ,36610,北海道,1,1240334,141,,
13293,2025,3,10,月,たまねぎ,36610,静　岡,22,281703,237,,
13294,2025,3,10,月,　　うち輸入,36620,,,35961,121,91.9,103.4
13295,2025,3,10,月,にんにく,36700,,,15360,1165,80.6,86.9
13296,2025,3,10,月,にんにく,36700,青　森,2,6782,2007,,
13297,2025,3,10,月,にんにく,36700,北海道,1,116,1166,,
13298,2025,3,10,月,　　うち輸入,36701,,,8463,490,105.8,90.6
13299,2025,3,10,月,しょうが,37200,,,18387,1171,101.3,99.7
13300,2025,3,10,月,しょうが,37200,高　知,39,10874,1386,,
13301,2025,3,10,月,しょうが,37200,長　崎,42,1623,1026,,
13302,2025,3,10,月,しょうが,37200,熊　本,43,598,1372,,
13303,2025,3,10,月,しょうが,37200,千　葉,12,375,902,,
13304,2025,3,10,月,しょうが,37200,宮　崎,45,353,1626,,
13305,2025,3,10,月,　　うち輸入,37201,,,4095,572,94.4,105.1
13306,2025,3,10,月,生しいたけ,38100,,,64090,1017,86.1,100.5
13307,2025,3,10,月,生しいたけ,38100,徳　島,36,13613,983,,
13308,2025,3,10,月,生しいたけ,38100,秋　田,5,10166,1204,,
13309,2025,3,10,月,生しいたけ,38100,長　崎,42,5419,907,,
13310,2025,3,10,月,生しいたけ,38100,岩　手,3,3964,1033,,
13311,2025,3,10,月,生しいたけ,38100,千　葉,12,3862,668,,
13312,2025,3,10,月,　　うち輸入,38101,,,1004,801,64,101.6
13313,2025,3,10,月,なめこ,38300,,,21603,527,77.5,101.7
13314,2025,3,10,月,なめこ,38300,長　野,20,5554,508,,
13315,2025,3,10,月,なめこ,38300,山　形,6,3933,557,,
13316,2025,3,10,月,なめこ,38300,三　重,24,2891,585,,
13317,2025,3,10,月,なめこ,38300,大　分,44,2217,504,,
13318,2025,3,10,月,なめこ,38300,宮　城,4,1463,490,,
13319,2025,3,10,月,えのきだけ,38400,,,142216,351,93,97.8
13320,2025,3,10,月,えのきだけ,38400,長　野,20,90170,348,,
13321,2025,3,10,月,えのきだけ,38400,新　潟,15,20170,363,,
13322,2025,3,10,月,えのきだけ,38400,宮　崎,45,8940,342,,
13323,2025,3,10,月,しめじ,38500,,,88022,495,85.8,94.1
13324,2025,3,10,月,しめじ,38500,長　野,20,56402,463,,
13325,2025,3,10,月,しめじ,38500,福　岡,40,14678,451,,
13326,2025,3,10,月,その他の野菜,39000,,,266319,1013,98.3,103.5
13327,2025,3,10,月,輸入野菜計,39100,,,421590,278,123.6,90.8
13328,2025,3,10,月,他の輸入野菜,39200,,,130655,305,131.7,83.6
13329,2025,3,17,月,野菜総計,30000,,,13337637,308,111.3,101
13330,2025,3,17,月,野菜総計,30000,北海道,1,2109248,165,,
13331,2025,3,17,月,野菜総計,30000,愛　知,23,1133005,269,,
13332,2025,3,17,月,野菜総計,30000,茨　城,8,1096626,299,,
13333,2025,3,17,月,野菜総計,30000,鹿児島,46,901313,315,,
13334,2025,3,17,月,野菜総計,30000,熊　本,43,839972,421,,
13335,2025,3,17,月,野菜総計,30000,千　葉,12,816483,263,,
13336,2025,3,17,月,野菜総計,30000,徳　島,36,794959,338,,
13337,2025,3,17,月,だいこん,30100,,,977406,134,98,97.8
13338,2025,3,17,月,だいこん,30100,神奈川,14,402949,133,,
13339,2025,3,17,月,だいこん,30100,千　葉,12,241564,140,,
13340,2025,3,17,月,だいこん,30100,鹿児島,46,92073,124,,
13341,2025,3,17,月,だいこん,30100,長　崎,42,82686,132,,
13342,2025,3,17,月,かぶ,30200,,,76648,175,93.9,102.3
13343,2025,3,17,月,かぶ,30200,千　葉,12,56515,171,,
13344,2025,3,17,月,かぶ,30200,埼　玉,11,7223,179,,
13345,2025,3,17,月,にんじん,30300,,,941550,290,133.1,101.4
13346,2025,3,17,月,にんじん,30300,徳　島,36,579982,335,,
13347,2025,3,17,月,にんじん,30300,鹿児島,46,167016,220,,
13348,2025,3,17,月,にんじん,30300,長　崎,42,62350,247,,
13349,2025,3,17,月,ごぼう,30400,,,59243,572,133.8,104.6
13350,2025,3,17,月,ごぼう,30400,青　森,2,33233,542,,
13351,2025,3,17,月,ごぼう,30400,熊　本,43,8110,900,,
13352,2025,3,17,月,ごぼう,30400,茨　城,8,6620,357,,
13353,2025,3,17,月,たけのこ,30500,,,12045,1773,123,97.1
13354,2025,3,17,月,たけのこ,30500,熊　本,43,5526,1806,,
13355,2025,3,17,月,たけのこ,30500,鹿児島,46,2139,1765,,
13356,2025,3,17,月,たけのこ,30500,福　岡,40,1393,1865,,
13357,2025,3,17,月,たけのこ,30500,京　都,26,161,3881,,
13358,2025,3,17,月,たけのこ,30500,埼　玉,11,140,1489,,
13359,2025,3,17,月,れんこん,30600,,,60258,469,82,102.6
13360,2025,3,17,月,れんこん,30600,茨　城,8,33248,479,,
13361,2025,3,17,月,れんこん,30600,佐　賀,41,11169,384,,
13362,2025,3,17,月,れんこん,30600,徳　島,36,6020,483,,
13363,2025,3,17,月,はくさい,31100,,,1071027,151,130.1,85.8
13364,2025,3,17,月,はくさい,31100,茨　城,8,286435,157,,
13365,2025,3,17,月,はくさい,31100,長　崎,42,278739,201,,
13366,2025,3,17,月,はくさい,31100,兵　庫,28,101336,193,,
13367,2025,3,17,月,はくさい,31100,埼　玉,11,90710,88,,
13368,2025,3,17,月,はくさい,31100,鹿児島,46,69010,58,,
13369,2025,3,17,月,みずな,31300,,,50328,354,104.2,99.7
13370,2025,3,17,月,みずな,31300,茨　城,8,36740,344,,
13371,2025,3,17,月,みずな,31300,福　岡,40,8645,314,,
13372,2025,3,17,月,こまつな,31500,,,160829,322,111.7,98.2
13373,2025,3,17,月,こまつな,31500,茨　城,8,82870,328,,
13374,2025,3,17,月,こまつな,31500,福　岡,40,46730,289,,
13375,2025,3,17,月,その他の菜類,31550,,,5613,450,114.6,103.9
13376,2025,3,17,月,ちんげんさい,31560,,,38613,375,88.4,99.7
13377,2025,3,17,月,ちんげんさい,31560,茨　城,8,15995,377,,
13378,2025,3,17,月,ちんげんさい,31560,静　岡,22,8636,421,,
13379,2025,3,17,月,ちんげんさい,31560,福　岡,40,3723,361,,
13380,2025,3,17,月,ちんげんさい,31560,愛　知,23,3344,327,,
13381,2025,3,17,月,キャベツ,31700,,,1434779,167,75.6,98.2
13382,2025,3,17,月,キャベツ,31700,愛　知,23,773957,161,,
13383,2025,3,17,月,キャベツ,31700,千　葉,12,217892,191,,
13384,2025,3,17,月,キャベツ,31700,神奈川,14,91325,224,,
13385,2025,3,17,月,キャベツ,31700,鹿児島,46,60713,159,,
13386,2025,3,17,月,キャベツ,31700,福　岡,40,52908,172,,
13387,2025,3,17,月,ほうれんそう,31800,,,220024,409,110.1,99
13388,2025,3,17,月,ほうれんそう,31800,茨　城,8,82910,416,,
13389,2025,3,17,月,ほうれんそう,31800,群　馬,10,38402,450,,
13390,2025,3,17,月,ほうれんそう,31800,福　岡,40,36906,347,,
13391,2025,3,17,月,ほうれんそう,31800,徳　島,36,11510,318,,
13392,2025,3,17,月,ほうれんそう,31800,埼　玉,11,8568,510,,
13393,2025,3,17,月,ねぎ,31900,,,291989,641,91.7,100
13394,2025,3,17,月,ねぎ,31900,千　葉,12,51337,678,,
13395,2025,3,17,月,ねぎ,31900,大　分,44,43752,592,,
13396,2025,3,17,月,ねぎ,31900,埼　玉,11,40003,740,,
13397,2025,3,17,月,ねぎ,31900,茨　城,8,32187,601,,
13398,2025,3,17,月,ねぎ,31900,群　馬,10,21692,651,,
13399,2025,3,17,月,ふき,32300,,,7383,550,113.6,96.3
13400,2025,3,17,月,ふき,32300,愛　知,23,6327,526,,
13401,2025,3,17,月,うど,32400,,,4527,784,108.8,107.4
13402,2025,3,17,月,うど,32400,栃　木,9,2913,817,,
13403,2025,3,17,月,うど,32400,秋　田,5,670,679,,
13404,2025,3,17,月,うど,32400,群　馬,10,519,798,,
13405,2025,3,17,月,みつば,32500,,,13732,555,91.6,105.7
13406,2025,3,17,月,みつば,32500,千　葉,12,2194,426,,
13407,2025,3,17,月,みつば,32500,大　分,44,2146,472,,
13408,2025,3,17,月,みつば,32500,愛　知,23,2137,575,,
13409,2025,3,17,月,みつば,32500,静　岡,22,2021,540,,
13410,2025,3,17,月,みつば,32500,茨　城,8,1256,600,,
13411,2025,3,17,月,しゅんぎく,32600,,,15950,592,88.5,105.3
13412,2025,3,17,月,しゅんぎく,32600,福　岡,40,4474,468,,
13413,2025,3,17,月,しゅんぎく,32600,栃　木,9,1791,757,,
13414,2025,3,17,月,しゅんぎく,32600,千　葉,12,1614,635,,
13415,2025,3,17,月,しゅんぎく,32600,宮　城,4,1567,606,,
13416,2025,3,17,月,しゅんぎく,32600,茨　城,8,1542,579,,
13417,2025,3,17,月,にら,32800,,,85576,756,90.8,99.9
13418,2025,3,17,月,にら,32800,高　知,39,34221,733,,
13419,2025,3,17,月,にら,32800,栃　木,9,13680,821,,
13420,2025,3,17,月,にら,32800,北海道,1,10262,846,,
13421,2025,3,17,月,にら,32800,宮　崎,45,6600,688,,
13422,2025,3,17,月,にら,32800,大　分,44,6475,682,,
13423,2025,3,17,月,セルリー,32900,,,59669,293,83.9,102.1
13424,2025,3,17,月,セルリー,32900,福　岡,40,15377,308,,
13425,2025,3,17,月,セルリー,32900,静　岡,22,14375,322,,
13426,2025,3,17,月,セルリー,32900,香　川,37,12648,268,,
13427,2025,3,17,月,セルリー,32900,愛　知,23,7435,259,,
13428,2025,3,17,月,アスパラガス,33100,,,51189,1599,127.3,102.6
13429,2025,3,17,月,アスパラガス,33100,佐　賀,41,12831,2042,,
13430,2025,3,17,月,アスパラガス,33100,福　岡,40,8107,1735,,
13431,2025,3,17,月,アスパラガス,33100,長　崎,42,6477,1957,,
13432,2025,3,17,月,アスパラガス,33100,熊　本,43,2898,1952,,
13433,2025,3,17,月,アスパラガス,33100,栃　木,9,2188,2040,,
13434,2025,3,17,月,　　うち輸入,33101,,,15549,824,112.9,101.2
13435,2025,3,17,月,カリフラワー,33200,,,68376,164,128.3,96.5
13436,2025,3,17,月,カリフラワー,33200,熊　本,43,28701,159,,
13437,2025,3,17,月,カリフラワー,33200,徳　島,36,16538,160,,
13438,2025,3,17,月,カリフラワー,33200,愛　知,23,10948,174,,
13439,2025,3,17,月,ブロッコリー,33300,,,461339,301,107.2,96.2
13440,2025,3,17,月,ブロッコリー,33300,香　川,37,116706,364,,
13441,2025,3,17,月,ブロッコリー,33300,愛　知,23,95998,207,,
13442,2025,3,17,月,ブロッコリー,33300,熊　本,43,81706,378,,
13443,2025,3,17,月,ブロッコリー,33300,徳　島,36,50909,286,,
13444,2025,3,17,月,ブロッコリー,33300,長　崎,42,37026,317,,
13445,2025,3,17,月,レタス,33400,,,768450,194,96.9,101
13446,2025,3,17,月,レタス,33400,茨　城,8,237327,223,,
13447,2025,3,17,月,レタス,33400,長　崎,42,152729,108,,
13448,2025,3,17,月,レタス,33400,兵　庫,28,72786,216,,
13449,2025,3,17,月,レタス,33400,静　岡,22,67690,192,,
13450,2025,3,17,月,レタス,33400,福　岡,40,65830,234,,
13451,2025,3,17,月,パセリ,33600,,,3823,975,86.2,96.8
13452,2025,3,17,月,パセリ,33600,静　岡,22,1443,750,,
13453,2025,3,17,月,パセリ,33600,千　葉,12,853,935,,
13454,2025,3,17,月,パセリ,33600,香　川,37,410,1145,,
13455,2025,3,17,月,パセリ,33600,福　岡,40,293,996,,
13456,2025,3,17,月,パセリ,33600,愛　知,23,268,1822,,
13457,2025,3,17,月,きゅうり,34100,,,575293,399,143.9,102.3
13458,2025,3,17,月,きゅうり,34100,宮　崎,45,119808,446,,
13459,2025,3,17,月,きゅうり,34100,群　馬,10,102741,433,,
13460,2025,3,17,月,きゅうり,34100,高　知,39,70425,364,,
13461,2025,3,17,月,きゅうり,34100,千　葉,12,54107,372,,
13462,2025,3,17,月,きゅうり,34100,佐　賀,41,50640,370,,
13463,2025,3,17,月,かぼちゃ,34200,,,273134,247,119.9,98
13464,2025,3,17,月,かぼちゃ,34200,沖　縄,47,11424,621,,
13465,2025,3,17,月,かぼちゃ,34200,宮　崎,45,10915,639,,
13466,2025,3,17,月,かぼちゃ,34200,鹿児島,46,3070,382,,
13467,2025,3,17,月,かぼちゃ,34200,高　知,39,1222,584,,
13468,2025,3,17,月,かぼちゃ,34200,熊　本,43,670,646,,
13469,2025,3,17,月,　　うち輸入,34201,,,245369,206,121.7,97.6
13470,2025,3,17,月,なす,34300,,,333732,468,128.2,98.3
13471,2025,3,17,月,なす,34300,高　知,39,145678,492,,
13472,2025,3,17,月,なす,34300,熊　本,43,85235,444,,
13473,2025,3,17,月,なす,34300,福　岡,40,66726,454,,
13474,2025,3,17,月,トマト,34400,,,624441,408,139.4,98.3
13475,2025,3,17,月,トマト,34400,熊　本,43,331348,384,,
13476,2025,3,17,月,トマト,34400,栃　木,9,101591,369,,
13477,2025,3,17,月,トマト,34400,愛　知,23,62288,477,,
13478,2025,3,17,月,トマト,34400,福　岡,40,34885,381,,
13479,2025,3,17,月,ミニトマト,34450,,,231160,707,139.7,99.3
13480,2025,3,17,月,ミニトマト,34450,熊　本,43,137074,644,,
13481,2025,3,17,月,ミニトマト,34450,愛　知,23,30662,870,,
13482,2025,3,17,月,ミニトマト,34450,宮　崎,45,23206,639,,
13483,2025,3,17,月,ピーマン,34500,,,285922,675,135.9,98
13484,2025,3,17,月,ピーマン,34500,宮　崎,45,96644,694,,
13485,2025,3,17,月,ピーマン,34500,鹿児島,46,77041,635,,
13486,2025,3,17,月,ピーマン,34500,高　知,39,48924,681,,
13487,2025,3,17,月,ピーマン,34500,茨　城,8,35636,740,,
13488,2025,3,17,月,ししとうがらし,34600,,,7581,1771,98.1,103.8
13489,2025,3,17,月,ししとうがらし,34600,高　知,39,6239,1802,,
13490,2025,3,17,月,スイートコーン,34700,,,78,984,34.2,142.2
13491,2025,3,17,月,スイートコーン,34700,沖　縄,47,78,984,,
13492,2025,3,17,月,さやいんげん,35100,,,13794,1303,104,107.6
13493,2025,3,17,月,さやいんげん,35100,沖　縄,47,10737,1205,,
13494,2025,3,17,月,さやいんげん,35100,高　知,39,1451,1578,,
13495,2025,3,17,月,さやえんどう,35200,,,46395,1008,132.5,94.5
13496,2025,3,17,月,さやえんどう,35200,鹿児島,46,18819,890,,
13497,2025,3,17,月,さやえんどう,35200,熊　本,43,10387,960,,
13498,2025,3,17,月,さやえんどう,35200,愛　知,23,7907,1192,,
13499,2025,3,17,月,さやえんどう,35200,和歌山,30,4087,1198,,
13500,2025,3,17,月,　　うち輸入,35201,,,184,993,127.8,100.3
13501,2025,3,17,月,実えんどう,35300,,,15077,1119,116.4,99.3
13502,2025,3,17,月,実えんどう,35300,和歌山,30,11318,1099,,
13503,2025,3,17,月,実えんどう,35300,鹿児島,46,3621,1183,,
13504,2025,3,17,月,そらまめ,35400,,,18976,883,135.1,93.4
13505,2025,3,17,月,そらまめ,35400,鹿児島,46,18916,883,,
13506,2025,3,17,月,えだまめ,35500,,,458,2380,131.2,99.9
13507,2025,3,17,月,えだまめ,35500,静　岡,22,272,2467,,
13508,2025,3,17,月,えだまめ,35500,沖　縄,47,186,2253,,
13509,2025,3,17,月,かんしょ,36100,,,336992,282,99.6,102.5
13510,2025,3,17,月,かんしょ,36100,茨　城,8,160714,257,,
13511,2025,3,17,月,かんしょ,36100,千　葉,12,85965,267,,
13512,2025,3,17,月,かんしょ,36100,大　分,44,33155,311,,
13513,2025,3,17,月,ばれいしょ,36200,,,1045667,220,161.6,95.7
13514,2025,3,17,月,ばれいしょ,36200,北海道,1,695901,169,,
13515,2025,3,17,月,ばれいしょ,36200,鹿児島,46,347934,322,,
13516,2025,3,17,月,さといも,36300,,,40317,419,116.4,104
13517,2025,3,17,月,さといも,36300,埼　玉,11,15704,410,,
13518,2025,3,17,月,さといも,36300,愛　媛,38,7937,493,,
13519,2025,3,17,月,さといも,36300,新　潟,15,6370,385,,
13520,2025,3,17,月,さといも,36300,千　葉,12,3875,419,,
13521,2025,3,17,月,やまのいも,36500,,,133262,428,115.5,103.1
13522,2025,3,17,月,やまのいも,36500,北海道,1,82153,397,,
13523,2025,3,17,月,やまのいも,36500,青　森,2,40603,443,,
13524,2025,3,17,月,たまねぎ,36610,,,1770067,159,119.7,102.6
13525,2025,3,17,月,たまねぎ,36610,北海道,1,1287925,135,,
13526,2025,3,17,月,たまねぎ,36610,静　岡,22,288822,227,,
13527,2025,3,17,月,　　うち輸入,36620,,,28552,125,62.7,112.6
13528,2025,3,17,月,にんにく,36700,,,16770,1198,79,85.6
13529,2025,3,17,月,にんにく,36700,青　森,2,8537,1849,,
13530,2025,3,17,月,にんにく,36700,北海道,1,104,1046,,
13531,2025,3,17,月,　　うち輸入,36701,,,8128,516,104.3,96.1
13532,2025,3,17,月,しょうが,37200,,,20335,1133,108.3,97.5
13533,2025,3,17,月,しょうが,37200,高　知,39,12433,1318,,
13534,2025,3,17,月,しょうが,37200,長　崎,42,1254,983,,
13535,2025,3,17,月,しょうが,37200,熊　本,43,733,1375,,
13536,2025,3,17,月,しょうが,37200,千　葉,12,366,946,,
13537,2025,3,17,月,しょうが,37200,茨　城,8,242,1111,,
13538,2025,3,17,月,　　うち輸入,37201,,,4777,567,103.3,103.7
13539,2025,3,17,月,生しいたけ,38100,,,65549,982,93.2,99.2
13540,2025,3,17,月,生しいたけ,38100,徳　島,36,12079,957,,
13541,2025,3,17,月,生しいたけ,38100,秋　田,5,10382,1210,,
13542,2025,3,17,月,生しいたけ,38100,長　崎,42,5444,864,,
13543,2025,3,17,月,生しいたけ,38100,大　分,44,4036,682,,
13544,2025,3,17,月,生しいたけ,38100,千　葉,12,3899,695,,
13545,2025,3,17,月,　　うち輸入,38101,,,1326,720,84,91.8
13546,2025,3,17,月,なめこ,38300,,,23698,512,84.8,101.6
13547,2025,3,17,月,なめこ,38300,長　野,20,6724,496,,
13548,2025,3,17,月,なめこ,38300,山　形,6,3816,549,,
13549,2025,3,17,月,なめこ,38300,三　重,24,3076,588,,
13550,2025,3,17,月,なめこ,38300,大　分,44,1693,488,,
13551,2025,3,17,月,なめこ,38300,福　島,7,1535,511,,
13552,2025,3,17,月,えのきだけ,38400,,,153144,342,108.4,98
13553,2025,3,17,月,えのきだけ,38400,長　野,20,97072,347,,
13554,2025,3,17,月,えのきだけ,38400,新　潟,15,21205,346,,
13555,2025,3,17,月,えのきだけ,38400,宮　崎,45,12625,312,,
13556,2025,3,17,月,しめじ,38500,,,80153,491,84.3,97
13557,2025,3,17,月,しめじ,38500,長　野,20,49632,462,,
13558,2025,3,17,月,しめじ,38500,福　岡,40,13395,467,,
13559,2025,3,17,月,しめじ,38500,茨　城,8,6520,398,,
13560,2025,3,17,月,その他の野菜,39000,,,285323,978,105.8,99.4
13561,2025,3,17,月,輸入野菜計,39100,,,484029,244,118,95.7
13562,2025,3,17,月,他の輸入野菜,39200,,,180147,239,133.3,86
13563,2025,3,24,月,野菜総計,30000,,,13141596,305,104.7,103.4
13564,2025,3,24,月,野菜総計,30000,北海道,1,1753387,171,,
13565,2025,3,24,月,野菜総計,30000,愛　知,23,1283128,246,,
13566,2025,3,24,月,野菜総計,30000,茨　城,8,1228686,286,,
13567,2025,3,24,月,野菜総計,30000,鹿児島,46,874287,329,,
13568,2025,3,24,月,野菜総計,30000,千　葉,12,850248,234,,
13569,2025,3,24,月,野菜総計,30000,熊　本,43,844870,409,,
13570,2025,3,24,月,野菜総計,30000,徳　島,36,816908,327,,
13571,2025,3,24,月,だいこん,30100,,,902653,131,80.8,99.2
13572,2025,3,24,月,だいこん,30100,千　葉,12,343184,133,,
13573,2025,3,24,月,だいこん,30100,神奈川,14,243906,118,,
13574,2025,3,24,月,だいこん,30100,鹿児島,46,77854,131,,
13575,2025,3,24,月,だいこん,30100,長　崎,42,75782,128,,
13576,2025,3,24,月,かぶ,30200,,,76612,168,91.3,94.9
13577,2025,3,24,月,かぶ,30200,千　葉,12,55851,164,,
13578,2025,3,24,月,かぶ,30200,埼　玉,11,8090,157,,
13579,2025,3,24,月,にんじん,30300,,,859444,274,128.2,100.4
13580,2025,3,24,月,にんじん,30300,徳　島,36,606771,311,,
13581,2025,3,24,月,にんじん,30300,鹿児島,46,127840,178,,
13582,2025,3,24,月,ごぼう,30400,,,48740,586,59,112.9
13583,2025,3,24,月,ごぼう,30400,青　森,2,27008,546,,
13584,2025,3,24,月,ごぼう,30400,北海道,1,6770,493,,
13585,2025,3,24,月,ごぼう,30400,熊　本,43,5093,933,,
13586,2025,3,24,月,ごぼう,30400,鹿児島,46,3077,901,,
13587,2025,3,24,月,たけのこ,30500,,,19733,1561,130.7,93.2
13588,2025,3,24,月,たけのこ,30500,熊　本,43,7606,1531,,
13589,2025,3,24,月,たけのこ,30500,鹿児島,46,3871,1599,,
13590,2025,3,24,月,たけのこ,30500,福　岡,40,2819,1562,,
13591,2025,3,24,月,たけのこ,30500,徳　島,36,1807,1239,,
13592,2025,3,24,月,れんこん,30600,,,68184,442,95.3,95.5
13593,2025,3,24,月,れんこん,30600,茨　城,8,33267,489,,
13594,2025,3,24,月,れんこん,30600,佐　賀,41,11700,373,,
13595,2025,3,24,月,れんこん,30600,愛　知,23,10518,323,,
13596,2025,3,24,月,はくさい,31100,,,922065,163,97.5,94.8
13597,2025,3,24,月,はくさい,31100,茨　城,8,336092,164,,
13598,2025,3,24,月,はくさい,31100,長　崎,42,313830,203,,
13599,2025,3,24,月,はくさい,31100,宮　崎,45,58360,49,,
13600,2025,3,24,月,はくさい,31100,兵　庫,28,45014,205,,
13601,2025,3,24,月,みずな,31300,,,45044,381,88.6,106.1
13602,2025,3,24,月,みずな,31300,茨　城,8,32825,360,,
13603,2025,3,24,月,みずな,31300,福　岡,40,6880,374,,
13604,2025,3,24,月,こまつな,31500,,,166892,293,102.8,101.4
13605,2025,3,24,月,こまつな,31500,茨　城,8,86290,305,,
13606,2025,3,24,月,こまつな,31500,福　岡,40,46559,250,,
13607,2025,3,24,月,こまつな,31500,埼　玉,11,8212,290,,
13608,2025,3,24,月,その他の菜類,31550,,,7024,402,143.1,90.5
13609,2025,3,24,月,ちんげんさい,31560,,,42431,363,97.8,100
13610,2025,3,24,月,ちんげんさい,31560,茨　城,8,18074,370,,
13611,2025,3,24,月,ちんげんさい,31560,静　岡,22,9662,399,,
13612,2025,3,24,月,ちんげんさい,31560,福　岡,40,4903,341,,
13613,2025,3,24,月,ちんげんさい,31560,愛　知,23,3004,261,,
13614,2025,3,24,月,キャベツ,31700,,,1823653,149,92.7,100
13615,2025,3,24,月,キャベツ,31700,愛　知,23,938208,143,,
13616,2025,3,24,月,キャベツ,31700,神奈川,14,304586,182,,
13617,2025,3,24,月,キャベツ,31700,千　葉,12,207346,156,,
13618,2025,3,24,月,キャベツ,31700,福　岡,40,59256,149,,
13619,2025,3,24,月,ほうれんそう,31800,,,184685,425,108.1,105.2
13620,2025,3,24,月,ほうれんそう,31800,茨　城,8,64228,436,,
13621,2025,3,24,月,ほうれんそう,31800,群　馬,10,35659,461,,
13622,2025,3,24,月,ほうれんそう,31800,福　岡,40,35494,373,,
13623,2025,3,24,月,ほうれんそう,31800,徳　島,36,7630,340,,
13624,2025,3,24,月,ほうれんそう,31800,北海道,1,5495,627,,
13625,2025,3,24,月,ねぎ,31900,,,311597,565,96.3,95.6
13626,2025,3,24,月,ねぎ,31900,千　葉,12,59931,575,,
13627,2025,3,24,月,ねぎ,31900,大　分,44,46658,551,,
13628,2025,3,24,月,ねぎ,31900,埼　玉,11,40658,630,,
13629,2025,3,24,月,ねぎ,31900,茨　城,8,33755,491,,
13630,2025,3,24,月,ねぎ,31900,群　馬,10,20743,546,,
13631,2025,3,24,月,ふき,32300,,,8607,541,116.5,95.1
13632,2025,3,24,月,ふき,32300,愛　知,23,7224,521,,
13633,2025,3,24,月,うど,32400,,,4620,857,66.8,104.6
13634,2025,3,24,月,うど,32400,栃　木,9,3402,879,,
13635,2025,3,24,月,うど,32400,群　馬,10,595,838,,
13636,2025,3,24,月,みつば,32500,,,13137,560,92.9,101.8
13637,2025,3,24,月,みつば,32500,千　葉,12,2168,437,,
13638,2025,3,24,月,みつば,32500,愛　知,23,1796,552,,
13639,2025,3,24,月,みつば,32500,静　岡,22,1674,572,,
13640,2025,3,24,月,みつば,32500,大　分,44,1527,554,,
13641,2025,3,24,月,みつば,32500,茨　城,8,1285,575,,
13642,2025,3,24,月,しゅんぎく,32600,,,14929,626,90.7,99.1
13643,2025,3,24,月,しゅんぎく,32600,福　岡,40,4448,478,,
13644,2025,3,24,月,しゅんぎく,32600,栃　木,9,1571,800,,
13645,2025,3,24,月,しゅんぎく,32600,茨　城,8,1399,632,,
13646,2025,3,24,月,しゅんぎく,32600,宮　城,4,1397,681,,
13647,2025,3,24,月,しゅんぎく,32600,大　阪,27,1203,542,,
13648,2025,3,24,月,にら,32800,,,91111,704,112.9,100.9
13649,2025,3,24,月,にら,32800,高　知,39,34067,686,,
13650,2025,3,24,月,にら,32800,北海道,1,16651,781,,
13651,2025,3,24,月,にら,32800,栃　木,9,13040,742,,
13652,2025,3,24,月,にら,32800,茨　城,8,7852,702,,
13653,2025,3,24,月,にら,32800,宮　崎,45,6424,617,,
13654,2025,3,24,月,セルリー,32900,,,65457,283,101.9,96.6
13655,2025,3,24,月,セルリー,32900,福　岡,40,17168,297,,
13656,2025,3,24,月,セルリー,32900,静　岡,22,16697,310,,
13657,2025,3,24,月,セルリー,32900,香　川,37,12580,265,,
13658,2025,3,24,月,セルリー,32900,愛　知,23,9565,234,,
13659,2025,3,24,月,アスパラガス,33100,,,43878,1616,118.1,103.9
13660,2025,3,24,月,アスパラガス,33100,佐　賀,41,9553,2084,,
13661,2025,3,24,月,アスパラガス,33100,長　崎,42,6432,1903,,
13662,2025,3,24,月,アスパラガス,33100,福　岡,40,5834,1818,,
13663,2025,3,24,月,アスパラガス,33100,熊　本,43,2464,1957,,
13664,2025,3,24,月,アスパラガス,33100,栃　木,9,1699,2144,,
13665,2025,3,24,月,　　うち輸入,33101,,,13752,862,98,101.1
13666,2025,3,24,月,カリフラワー,33200,,,45750,205,113.8,97.6
13667,2025,3,24,月,カリフラワー,33200,熊　本,43,14888,199,,
13668,2025,3,24,月,カリフラワー,33200,福　岡,40,10180,222,,
13669,2025,3,24,月,カリフラワー,33200,徳　島,36,9302,185,,
13670,2025,3,24,月,カリフラワー,33200,愛　知,23,5712,203,,
13671,2025,3,24,月,ブロッコリー,33300,,,390019,317,115.7,94.6
13672,2025,3,24,月,ブロッコリー,33300,香　川,37,107590,384,,
13673,2025,3,24,月,ブロッコリー,33300,愛　知,23,71566,217,,
13674,2025,3,24,月,ブロッコリー,33300,熊　本,43,60102,336,,
13675,2025,3,24,月,ブロッコリー,33300,徳　島,36,49134,351,,
13676,2025,3,24,月,ブロッコリー,33300,長　崎,42,26324,337,,
13677,2025,3,24,月,レタス,33400,,,733954,194,90.6,101.6
13678,2025,3,24,月,レタス,33400,茨　城,8,265642,222,,
13679,2025,3,24,月,レタス,33400,長　崎,42,129214,103,,
13680,2025,3,24,月,レタス,33400,福　岡,40,80283,227,,
13681,2025,3,24,月,レタス,33400,静　岡,22,52800,179,,
13682,2025,3,24,月,レタス,33400,兵　庫,28,48579,212,,
13683,2025,3,24,月,パセリ,33600,,,4409,863,106.3,91.9
13684,2025,3,24,月,パセリ,33600,静　岡,22,1542,686,,
13685,2025,3,24,月,パセリ,33600,千　葉,12,802,910,,
13686,2025,3,24,月,パセリ,33600,香　川,37,553,827,,
13687,2025,3,24,月,パセリ,33600,茨　城,8,502,811,,
13688,2025,3,24,月,パセリ,33600,福　岡,40,391,792,,
13689,2025,3,24,月,きゅうり,34100,,,627776,385,158.5,96.5
13690,2025,3,24,月,きゅうり,34100,宮　崎,45,145798,412,,
13691,2025,3,24,月,きゅうり,34100,群　馬,10,103085,424,,
13692,2025,3,24,月,きゅうり,34100,高　知,39,85462,343,,
13693,2025,3,24,月,きゅうり,34100,千　葉,12,44373,363,,
13694,2025,3,24,月,きゅうり,34100,佐　賀,41,44334,354,,
13695,2025,3,24,月,かぼちゃ,34200,,,232627,255,124.7,105.4
13696,2025,3,24,月,かぼちゃ,34200,沖　縄,47,14036,586,,
13697,2025,3,24,月,かぼちゃ,34200,宮　崎,45,9957,659,,
13698,2025,3,24,月,かぼちゃ,34200,高　知,39,1620,544,,
13699,2025,3,24,月,かぼちゃ,34200,熊　本,43,1531,694,,
13700,2025,3,24,月,かぼちゃ,34200,千　葉,12,502,919,,
13701,2025,3,24,月,　　うち輸入,34201,,,204245,204,126,106.3
13702,2025,3,24,月,なす,34300,,,299852,465,152.8,95.5
13703,2025,3,24,月,なす,34300,高　知,39,118176,481,,
13704,2025,3,24,月,なす,34300,熊　本,43,78744,444,,
13705,2025,3,24,月,なす,34300,福　岡,40,65346,456,,
13706,2025,3,24,月,トマト,34400,,,655877,411,142.2,98.1
13707,2025,3,24,月,トマト,34400,熊　本,43,326597,384,,
13708,2025,3,24,月,トマト,34400,栃　木,9,104370,372,,
13709,2025,3,24,月,トマト,34400,愛　知,23,73665,447,,
13710,2025,3,24,月,トマト,34400,福　岡,40,40719,374,,
13711,2025,3,24,月,ミニトマト,34450,,,274918,676,140.7,99.1
13712,2025,3,24,月,ミニトマト,34450,熊　本,43,160685,620,,
13713,2025,3,24,月,ミニトマト,34450,愛　知,23,37499,804,,
13714,2025,3,24,月,ミニトマト,34450,宮　崎,45,29234,615,,
13715,2025,3,24,月,ピーマン,34500,,,264567,655,103.6,98.3
13716,2025,3,24,月,ピーマン,34500,宮　崎,45,85051,668,,
13717,2025,3,24,月,ピーマン,34500,鹿児島,46,65407,616,,
13718,2025,3,24,月,ピーマン,34500,高　知,39,47258,633,,
13719,2025,3,24,月,ピーマン,34500,茨　城,8,44945,701,,
13720,2025,3,24,月,ししとうがらし,34600,,,7534,2080,111.4,106.4
13721,2025,3,24,月,ししとうがらし,34600,高　知,39,6020,2119,,
13722,2025,3,24,月,ししとうがらし,34600,宮　崎,45,866,980,,
13723,2025,3,24,月,スイートコーン,34700,,,3063,784,105.8,146
13724,2025,3,24,月,スイートコーン,34700,沖　縄,47,2114,575,,
13725,2025,3,24,月,スイートコーン,34700,青　森,2,940,1257,,
13726,2025,3,24,月,さやいんげん,35100,,,12127,1576,126.7,104.1
13727,2025,3,24,月,さやいんげん,35100,沖　縄,47,8580,1558,,
13728,2025,3,24,月,さやいんげん,35100,高　知,39,1660,1589,,
13729,2025,3,24,月,さやえんどう,35200,,,37439,946,107,103.3
13730,2025,3,24,月,さやえんどう,35200,鹿児島,46,15181,796,,
13731,2025,3,24,月,さやえんどう,35200,愛　知,23,8205,1097,,
13732,2025,3,24,月,さやえんどう,35200,熊　本,43,5608,908,,
13733,2025,3,24,月,さやえんどう,35200,和歌山,30,3852,1185,,
13734,2025,3,24,月,　　うち輸入,35201,,,112,995,70,101.1
13735,2025,3,24,月,実えんどう,35300,,,13809,1105,100.8,100.5
13736,2025,3,24,月,実えんどう,35300,和歌山,30,10064,1124,,
13737,2025,3,24,月,実えんどう,35300,鹿児島,46,3643,1055,,
13738,2025,3,24,月,そらまめ,35400,,,26299,734,120.7,95.9
13739,2025,3,24,月,そらまめ,35400,鹿児島,46,26275,734,,
13740,2025,3,24,月,えだまめ,35500,,,473,2312,115.9,99.2
13741,2025,3,24,月,えだまめ,35500,静　岡,22,280,2380,,
13742,2025,3,24,月,えだまめ,35500,沖　縄,47,193,2212,,
13743,2025,3,24,月,かんしょ,36100,,,367277,273,95.2,97.5
13744,2025,3,24,月,かんしょ,36100,茨　城,8,219058,247,,
13745,2025,3,24,月,かんしょ,36100,千　葉,12,65194,274,,
13746,2025,3,24,月,かんしょ,36100,徳　島,36,29680,380,,
13747,2025,3,24,月,ばれいしょ,36200,,,952437,247,154.7,101.2
13748,2025,3,24,月,ばれいしょ,36200,北海道,1,514698,176,,
13749,2025,3,24,月,ばれいしょ,36200,鹿児島,46,434207,330,,
13750,2025,3,24,月,さといも,36300,,,29871,409,92,101.7
13751,2025,3,24,月,さといも,36300,埼　玉,11,14005,379,,
13752,2025,3,24,月,さといも,36300,愛　媛,38,5212,470,,
13753,2025,3,24,月,さといも,36300,新　潟,15,4241,490,,
13754,2025,3,24,月,さといも,36300,鹿児島,46,1748,405,,
13755,2025,3,24,月,やまのいも,36500,,,150039,433,106.5,104.8
13756,2025,3,24,月,やまのいも,36500,北海道,1,81427,404,,
13757,2025,3,24,月,やまのいも,36500,青　森,2,52622,450,,
13758,2025,3,24,月,たまねぎ,36610,,,1668543,153,94,105.5
13759,2025,3,24,月,たまねぎ,36610,北海道,1,1103280,130,,
13760,2025,3,24,月,たまねぎ,36610,静　岡,22,361143,197,,
13761,2025,3,24,月,　　うち輸入,36620,,,26197,121,57.5,105.2
13762,2025,3,24,月,にんにく,36700,,,15168,1234,67.9,96.9
13763,2025,3,24,月,にんにく,36700,青　森,2,7108,1987,,
13764,2025,3,24,月,にんにく,36700,沖　縄,47,447,1159,,
13765,2025,3,24,月,にんにく,36700,北海道,1,103,1047,,
13766,2025,3,24,月,　　うち輸入,36701,,,7509,528,74.1,105.6
13767,2025,3,24,月,しょうが,37200,,,18501,1148,100.3,100.8
13768,2025,3,24,月,しょうが,37200,高　知,39,10726,1347,,
13769,2025,3,24,月,しょうが,37200,長　崎,42,1186,1006,,
13770,2025,3,24,月,しょうが,37200,熊　本,43,1079,1360,,
13771,2025,3,24,月,しょうが,37200,千　葉,12,426,947,,
13772,2025,3,24,月,しょうが,37200,宮　崎,45,219,2224,,
13773,2025,3,24,月,　　うち輸入,37201,,,4467,567,86.1,102.7
13774,2025,3,24,月,生しいたけ,38100,,,67007,960,86.2,97.8
13775,2025,3,24,月,生しいたけ,38100,徳　島,36,13009,970,,
13776,2025,3,24,月,生しいたけ,38100,秋　田,5,10678,1157,,
13777,2025,3,24,月,生しいたけ,38100,長　崎,42,5729,832,,
13778,2025,3,24,月,生しいたけ,38100,大　分,44,4851,628,,
13779,2025,3,24,月,生しいたけ,38100,千　葉,12,3822,699,,
13780,2025,3,24,月,　　うち輸入,38101,,,1520,653,64.6,89.1
13781,2025,3,24,月,なめこ,38300,,,24440,492,80.9,100.2
13782,2025,3,24,月,なめこ,38300,長　野,20,6873,479,,
13783,2025,3,24,月,なめこ,38300,山　形,6,3631,526,,
13784,2025,3,24,月,なめこ,38300,三　重,24,3032,587,,
13785,2025,3,24,月,なめこ,38300,大　分,44,2249,495,,
13786,2025,3,24,月,なめこ,38300,福　島,7,1647,434,,
13787,2025,3,24,月,えのきだけ,38400,,,145377,337,92.6,99.4
13788,2025,3,24,月,えのきだけ,38400,長　野,20,92976,342,,
13789,2025,3,24,月,えのきだけ,38400,新　潟,15,20238,339,,
13790,2025,3,24,月,えのきだけ,38400,宮　崎,45,12165,312,,
13791,2025,3,24,月,しめじ,38500,,,87652,481,85.7,96
13792,2025,3,24,月,しめじ,38500,長　野,20,53404,455,,
13793,2025,3,24,月,しめじ,38500,福　岡,40,16339,446,,
13794,2025,3,24,月,しめじ,38500,茨　城,8,6880,402,,
13795,2025,3,24,月,その他の野菜,39000,,,264355,1067,90.4,107.1
13796,2025,3,24,月,輸入野菜計,39100,,,430142,245,106.4,96.1
13797,2025,3,24,月,他の輸入野菜,39200,,,172340,237,104.6,86.8
13798,2025,3,31,月,野菜総計,30000,,,13374569,283,111.8,99.3
13799,2025,3,31,月,野菜総計,30000,北海道,1,1764234,163,,
13800,2025,3,31,月,野菜総計,30000,茨　城,8,1537755,231,,
13801,2025,3,31,月,野菜総計,30000,愛　知,23,1299376,225,,
13802,2025,3,31,月,野菜総計,30000,熊　本,43,939156,405,,
13803,2025,3,31,月,野菜総計,30000,鹿児島,46,860090,332,,
13804,2025,3,31,月,野菜総計,30000,長　崎,42,720464,175,,
13805,2025,3,31,月,野菜総計,30000,千　葉,12,620967,243,,
13806,2025,3,31,月,だいこん,30100,,,602428,123,61.2,107.9
13807,2025,3,31,月,だいこん,30100,千　葉,12,202300,128,,
13808,2025,3,31,月,だいこん,30100,長　崎,42,77272,112,,
13809,2025,3,31,月,だいこん,30100,神奈川,14,71934,107,,
13810,2025,3,31,月,だいこん,30100,鹿児島,46,66240,120,,
13811,2025,3,31,月,だいこん,30100,茨　城,8,58803,128,,
13812,2025,3,31,月,かぶ,30200,,,57574,156,83.5,95.1
13813,2025,3,31,月,かぶ,30200,千　葉,12,42916,152,,
13814,2025,3,31,月,かぶ,30200,埼　玉,11,8193,147,,
13815,2025,3,31,月,にんじん,30300,,,511312,253,106.7,98.8
13816,2025,3,31,月,にんじん,30300,徳　島,36,316638,294,,
13817,2025,3,31,月,にんじん,30300,鹿児島,46,60076,171,,
13818,2025,3,31,月,にんじん,30300,北海道,1,56320,218,,
13819,2025,3,31,月,ごぼう,30400,,,74140,524,170.6,92.4
13820,2025,3,31,月,ごぼう,30400,青　森,2,58154,486,,
13821,2025,3,31,月,ごぼう,30400,熊　本,43,4456,1037,,
13822,2025,3,31,月,たけのこ,30500,,,46592,1249,228.8,80.8
13823,2025,3,31,月,たけのこ,30500,熊　本,43,14049,1171,,
13824,2025,3,31,月,たけのこ,30500,福　岡,40,9386,1198,,
13825,2025,3,31,月,たけのこ,30500,鹿児島,46,8495,1238,,
13826,2025,3,31,月,たけのこ,30500,京　都,26,4949,1674,,
13827,2025,3,31,月,たけのこ,30500,徳　島,36,3904,1109,,
13828,2025,3,31,月,れんこん,30600,,,47443,474,82.4,101.5
13829,2025,3,31,月,れんこん,30600,茨　城,8,25495,504,,
13830,2025,3,31,月,れんこん,30600,佐　賀,41,11275,379,,
13831,2025,3,31,月,れんこん,30600,徳　島,36,5414,500,,
13832,2025,3,31,月,はくさい,31100,,,1340311,117,165.9,100
13833,2025,3,31,月,はくさい,31100,茨　城,8,645768,135,,
13834,2025,3,31,月,はくさい,31100,長　崎,42,333129,99,,
13835,2025,3,31,月,はくさい,31100,鹿児島,46,66037,105,,
13836,2025,3,31,月,はくさい,31100,宮　崎,45,58554,57,,
13837,2025,3,31,月,みずな,31300,,,49937,337,112.6,94.9
13838,2025,3,31,月,みずな,31300,茨　城,8,34757,332,,
13839,2025,3,31,月,みずな,31300,福　岡,40,10623,286,,
13840,2025,3,31,月,こまつな,31500,,,168454,258,113.2,100.4
13841,2025,3,31,月,こまつな,31500,茨　城,8,88716,268,,
13842,2025,3,31,月,こまつな,31500,福　岡,40,46092,211,,
13843,2025,3,31,月,その他の菜類,31550,,,5994,398,154.2,92.6
13844,2025,3,31,月,ちんげんさい,31560,,,43546,315,95.6,97.5
13845,2025,3,31,月,ちんげんさい,31560,茨　城,8,16675,313,,
13846,2025,3,31,月,ちんげんさい,31560,静　岡,22,10331,357,,
13847,2025,3,31,月,ちんげんさい,31560,福　岡,40,5123,292,,
13848,2025,3,31,月,ちんげんさい,31560,愛　知,23,3893,250,,
13849,2025,3,31,月,キャベツ,31700,,,1929670,116,104.4,94.3
13850,2025,3,31,月,キャベツ,31700,愛　知,23,923648,109,,
13851,2025,3,31,月,キャベツ,31700,神奈川,14,500691,126,,
13852,2025,3,31,月,キャベツ,31700,千　葉,12,117119,130,,
13853,2025,3,31,月,キャベツ,31700,福　岡,40,77919,128,,
13854,2025,3,31,月,ほうれんそう,31800,,,175314,411,96.4,104.8
13855,2025,3,31,月,ほうれんそう,31800,茨　城,8,57044,432,,
13856,2025,3,31,月,ほうれんそう,31800,群　馬,10,46469,407,,
13857,2025,3,31,月,ほうれんそう,31800,福　岡,40,25761,373,,
13858,2025,3,31,月,ほうれんそう,31800,徳　島,36,7188,320,,
13859,2025,3,31,月,ほうれんそう,31800,北海道,1,6772,548,,
13860,2025,3,31,月,ねぎ,31900,,,287418,476,88.4,96.6
13861,2025,3,31,月,ねぎ,31900,千　葉,12,47148,489,,
13862,2025,3,31,月,ねぎ,31900,茨　城,8,41859,405,,
13863,2025,3,31,月,ねぎ,31900,埼　玉,11,39909,491,,
13864,2025,3,31,月,ねぎ,31900,大　分,44,35007,474,,
13865,2025,3,31,月,ねぎ,31900,群　馬,10,21426,414,,
13866,2025,3,31,月,ふき,32300,,,8657,506,91.1,96.9
13867,2025,3,31,月,ふき,32300,愛　知,23,7570,480,,
13868,2025,3,31,月,うど,32400,,,4221,805,101.9,95.2
13869,2025,3,31,月,うど,32400,栃　木,9,3046,796,,
13870,2025,3,31,月,うど,32400,群　馬,10,465,856,,
13871,2025,3,31,月,みつば,32500,,,13969,500,94,97.7
13872,2025,3,31,月,みつば,32500,愛　知,23,2500,434,,
13873,2025,3,31,月,みつば,32500,千　葉,12,2221,385,,
13874,2025,3,31,月,みつば,32500,静　岡,22,1759,535,,
13875,2025,3,31,月,みつば,32500,茨　城,8,1367,527,,
13876,2025,3,31,月,みつば,32500,埼　玉,11,1320,543,,
13877,2025,3,31,月,しゅんぎく,32600,,,13204,591,90.7,100.7
13878,2025,3,31,月,しゅんぎく,32600,福　岡,40,3959,432,,
13879,2025,3,31,月,しゅんぎく,32600,栃　木,9,1661,785,,
13880,2025,3,31,月,しゅんぎく,32600,茨　城,8,1234,580,,
13881,2025,3,31,月,しゅんぎく,32600,千　葉,12,1197,761,,
13882,2025,3,31,月,しゅんぎく,32600,宮　城,4,1193,676,,
13883,2025,3,31,月,にら,32800,,,85886,637,106.1,100.8
13884,2025,3,31,月,にら,32800,高　知,39,32091,632,,
13885,2025,3,31,月,にら,32800,北海道,1,14559,728,,
13886,2025,3,31,月,にら,32800,栃　木,9,14323,677,,
13887,2025,3,31,月,にら,32800,茨　城,8,7077,588,,
13888,2025,3,31,月,にら,32800,大　分,44,5710,568,,
13889,2025,3,31,月,セルリー,32900,,,52765,278,89.4,97.2
13890,2025,3,31,月,セルリー,32900,福　岡,40,19052,291,,
13891,2025,3,31,月,セルリー,32900,静　岡,22,13965,309,,
13892,2025,3,31,月,セルリー,32900,香　川,37,7898,275,,
13893,2025,3,31,月,セルリー,32900,愛　知,23,6155,178,,
13894,2025,3,31,月,アスパラガス,33100,,,61295,1470,121.3,95.2
13895,2025,3,31,月,アスパラガス,33100,佐　賀,41,11084,1846,,
13896,2025,3,31,月,アスパラガス,33100,長　崎,42,9147,1592,,
13897,2025,3,31,月,アスパラガス,33100,熊　本,43,8209,1784,,
13898,2025,3,31,月,アスパラガス,33100,福　岡,40,7666,1550,,
13899,2025,3,31,月,アスパラガス,33100,香　川,37,2464,1469,,
13900,2025,3,31,月,　　うち輸入,33101,,,16198,764,138,96.8
13901,2025,3,31,月,カリフラワー,33200,,,32466,226,125.2,107.6
13902,2025,3,31,月,カリフラワー,33200,徳　島,36,9785,210,,
13903,2025,3,31,月,カリフラワー,33200,熊　本,43,8598,226,,
13904,2025,3,31,月,カリフラワー,33200,愛　知,23,6312,206,,
13905,2025,3,31,月,カリフラワー,33200,茨　城,8,2802,304,,
13906,2025,3,31,月,ブロッコリー,33300,,,345744,297,88.2,96.1
13907,2025,3,31,月,ブロッコリー,33300,香　川,37,98381,325,,
13908,2025,3,31,月,ブロッコリー,33300,徳　島,36,54365,291,,
13909,2025,3,31,月,ブロッコリー,33300,熊　本,43,53200,343,,
13910,2025,3,31,月,ブロッコリー,33300,愛　知,23,47126,201,,
13911,2025,3,31,月,ブロッコリー,33300,長　崎,42,32354,350,,
13912,2025,3,31,月,レタス,33400,,,732387,164,90.2,95.3
13913,2025,3,31,月,レタス,33400,茨　城,8,264736,177,,
13914,2025,3,31,月,レタス,33400,長　崎,42,115853,94,,
13915,2025,3,31,月,レタス,33400,兵　庫,28,99337,174,,
13916,2025,3,31,月,レタス,33400,福　岡,40,72346,195,,
13917,2025,3,31,月,レタス,33400,香　川,37,44687,156,,
13918,2025,3,31,月,パセリ,33600,,,4612,803,101.1,93.8
13919,2025,3,31,月,パセリ,33600,静　岡,22,1684,655,,
13920,2025,3,31,月,パセリ,33600,千　葉,12,990,759,,
13921,2025,3,31,月,パセリ,33600,香　川,37,566,767,,
13922,2025,3,31,月,パセリ,33600,茨　城,8,378,799,,
13923,2025,3,31,月,パセリ,33600,福　岡,40,324,835,,
13924,2025,3,31,月,きゅうり,34100,,,814023,323,146.7,94.7
13925,2025,3,31,月,きゅうり,34100,宮　崎,45,203510,336,,
13926,2025,3,31,月,きゅうり,34100,群　馬,10,117089,380,,
13927,2025,3,31,月,きゅうり,34100,高　知,39,103833,293,,
13928,2025,3,31,月,きゅうり,34100,千　葉,12,70270,312,,
13929,2025,3,31,月,きゅうり,34100,佐　賀,41,59891,267,,
13930,2025,3,31,月,かぼちゃ,34200,,,210274,246,100.1,101.7
13931,2025,3,31,月,かぼちゃ,34200,宮　崎,45,16900,526,,
13932,2025,3,31,月,かぼちゃ,34200,沖　縄,47,8350,539,,
13933,2025,3,31,月,かぼちゃ,34200,熊　本,43,2075,543,,
13934,2025,3,31,月,かぼちゃ,34200,高　知,39,1698,558,,
13935,2025,3,31,月,かぼちゃ,34200,兵　庫,28,810,192,,
13936,2025,3,31,月,　　うち輸入,34201,,,179519,198,97.9,102.6
13937,2025,3,31,月,なす,34300,,,433427,410,138.3,93
13938,2025,3,31,月,なす,34300,高　知,39,202919,399,,
13939,2025,3,31,月,なす,34300,熊　本,43,91085,393,,
13940,2025,3,31,月,なす,34300,福　岡,40,86743,435,,
13941,2025,3,31,月,トマト,34400,,,760683,394,134.7,97.3
13942,2025,3,31,月,トマト,34400,熊　本,43,410289,366,,
13943,2025,3,31,月,トマト,34400,栃　木,9,110109,351,,
13944,2025,3,31,月,トマト,34400,愛　知,23,80263,454,,
13945,2025,3,31,月,トマト,34400,福　岡,40,45509,367,,
13946,2025,3,31,月,ミニトマト,34450,,,327725,622,153.6,98.1
13947,2025,3,31,月,ミニトマト,34450,熊　本,43,181734,572,,
13948,2025,3,31,月,ミニトマト,34450,愛　知,23,59803,711,,
13949,2025,3,31,月,ミニトマト,34450,宮　崎,45,28739,556,,
13950,2025,3,31,月,ピーマン,34500,,,307981,603,134.5,95.3
13951,2025,3,31,月,ピーマン,34500,宮　崎,45,89794,599,,
13952,2025,3,31,月,ピーマン,34500,鹿児島,46,79906,581,,
13953,2025,3,31,月,ピーマン,34500,茨　城,8,54973,674,,
13954,2025,3,31,月,ピーマン,34500,高　知,39,54458,590,,
13955,2025,3,31,月,ししとうがらし,34600,,,10287,1884,114.8,98.5
13956,2025,3,31,月,ししとうがらし,34600,高　知,39,8756,1927,,
13957,2025,3,31,月,スイートコーン,34700,,,1804,501,151.3,87.6
13958,2025,3,31,月,スイートコーン,34700,沖　縄,47,1804,501,,
13959,2025,3,31,月,さやいんげん,35100,,,19567,1125,117.7,97
13960,2025,3,31,月,さやいんげん,35100,沖　縄,47,14654,979,,
13961,2025,3,31,月,さやいんげん,35100,鹿児島,46,2234,1664,,
13962,2025,3,31,月,さやえんどう,35200,,,51901,896,138.1,97.1
13963,2025,3,31,月,さやえんどう,35200,鹿児島,46,16400,803,,
13964,2025,3,31,月,さやえんどう,35200,熊　本,43,9884,934,,
13965,2025,3,31,月,さやえんどう,35200,愛　知,23,8699,1058,,
13966,2025,3,31,月,さやえんどう,35200,和歌山,30,7264,765,,
13967,2025,3,31,月,実えんどう,35300,,,21040,1050,114,97.7
13968,2025,3,31,月,実えんどう,35300,和歌山,30,17191,1052,,
13969,2025,3,31,月,そらまめ,35400,,,28432,641,102.9,96
13970,2025,3,31,月,そらまめ,35400,鹿児島,46,28396,641,,
13971,2025,3,31,月,えだまめ,35500,,,1392,991,200.9,74.8
13972,2025,3,31,月,えだまめ,35500,静　岡,22,300,2333,,
13973,2025,3,31,月,かんしょ,36100,,,301363,268,90,97.1
13974,2025,3,31,月,かんしょ,36100,茨　城,8,153904,242,,
13975,2025,3,31,月,かんしょ,36100,千　葉,12,75108,262,,
13976,2025,3,31,月,かんしょ,36100,徳　島,36,31435,373,,
13977,2025,3,31,月,ばれいしょ,36200,,,678114,271,88.5,110.2
13978,2025,3,31,月,ばれいしょ,36200,鹿児島,46,460796,310,,
13979,2025,3,31,月,ばれいしょ,36200,北海道,1,214878,188,,
13980,2025,3,31,月,さといも,36300,,,30617,410,105.2,105.1
13981,2025,3,31,月,さといも,36300,埼　玉,11,17339,388,,
13982,2025,3,31,月,さといも,36300,愛　媛,38,3197,533,,
13983,2025,3,31,月,さといも,36300,新　潟,15,3151,456,,
13984,2025,3,31,月,さといも,36300,鹿児島,46,3144,464,,
13985,2025,3,31,月,やまのいも,36500,,,146054,428,116.8,93.2
13986,2025,3,31,月,やまのいも,36500,北海道,1,93606,416,,
13987,2025,3,31,月,やまのいも,36500,青　森,2,42052,426,,
13988,2025,3,31,月,たまねぎ,36610,,,1957390,142,142.6,96.6
13989,2025,3,31,月,たまねぎ,36610,北海道,1,1343270,121,,
13990,2025,3,31,月,たまねぎ,36610,静　岡,22,349430,190,,
13991,2025,3,31,月,　　うち輸入,36620,,,33539,118,82.9,106.3
13992,2025,3,31,月,にんにく,36700,,,12563,1211,80.8,97
13993,2025,3,31,月,にんにく,36700,青　森,2,5688,1994,,
13994,2025,3,31,月,にんにく,36700,沖　縄,47,610,944,,
13995,2025,3,31,月,にんにく,36700,岩　手,3,10,1944,,
13996,2025,3,31,月,にんにく,36700,鹿児島,46,9,413,,
13997,2025,3,31,月,にんにく,36700,北海道,1,4,3402,,
13998,2025,3,31,月,　　うち輸入,36701,,,6241,522,80.8,97.2
13999,2025,3,31,月,しょうが,37200,,,22860,1161,123.8,101
14000,2025,3,31,月,しょうが,37200,高　知,39,13238,1330,,
14001,2025,3,31,月,しょうが,37200,長　崎,42,2881,888,,
14002,2025,3,31,月,しょうが,37200,静　岡,22,1100,1712,,
14003,2025,3,31,月,しょうが,37200,熊　本,43,606,1392,,
14004,2025,3,31,月,しょうが,37200,千　葉,12,295,908,,
14005,2025,3,31,月,　　うち輸入,37201,,,4191,560,87.1,102.2
14006,2025,3,31,月,生しいたけ,38100,,,66934,881,91.6,97.7
14007,2025,3,31,月,生しいたけ,38100,徳　島,36,15647,877,,
14008,2025,3,31,月,生しいたけ,38100,秋　田,5,11387,1087,,
14009,2025,3,31,月,生しいたけ,38100,長　崎,42,5721,722,,
14010,2025,3,31,月,生しいたけ,38100,大　分,44,4722,519,,
14011,2025,3,31,月,生しいたけ,38100,岩　手,3,3393,970,,
14012,2025,3,31,月,　　うち輸入,38101,,,1172,746,67.4,94.8
14013,2025,3,31,月,なめこ,38300,,,20994,460,79.6,96.8
14014,2025,3,31,月,なめこ,38300,長　野,20,6207,451,,
14015,2025,3,31,月,なめこ,38300,山　形,6,3318,508,,
14016,2025,3,31,月,なめこ,38300,三　重,24,1964,587,,
14017,2025,3,31,月,なめこ,38300,新　潟,15,1886,340,,
14018,2025,3,31,月,なめこ,38300,大　分,44,1572,495,,
14019,2025,3,31,月,えのきだけ,38400,,,127603,317,103,96.1
14020,2025,3,31,月,えのきだけ,38400,長　野,20,79460,324,,
14021,2025,3,31,月,えのきだけ,38400,新　潟,15,18636,306,,
14022,2025,3,31,月,えのきだけ,38400,宮　崎,45,9276,293,,
14023,2025,3,31,月,しめじ,38500,,,78278,468,91.6,96.9
14024,2025,3,31,月,しめじ,38500,長　野,20,48370,437,,
14025,2025,3,31,月,しめじ,38500,福　岡,40,12497,425,,
14026,2025,3,31,月,しめじ,38500,新　潟,15,5097,619,,
14027,2025,3,31,月,その他の野菜,39000,,,248012,1051,91,108.4
14028,2025,3,31,月,輸入野菜計,39100,,,454309,222,113,97.4
14029,2025,3,31,月,他の輸入野菜,39200,,,213456,200,140.6,88.1
14030,2025,4,7,月,野菜総計,30000,,,12925248,291,118.3,103.2
14031,2025,4,7,月,野菜総計,30000,北海道,1,1479332,182,,
14032,2025,4,7,月,野菜総計,30000,茨　城,8,1443024,240,,
14033,2025,4,7,月,野菜総計,30000,愛　知,23,949074,249,,
14034,2025,4,7,月,野菜総計,30000,千　葉,12,939070,203,,
14035,2025,4,7,月,野菜総計,30000,鹿児島,46,863041,309,,
14036,2025,4,7,月,野菜総計,30000,徳　島,36,824462,331,,
14037,2025,4,7,月,野菜総計,30000,熊　本,43,793679,422,,
14038,2025,4,7,月,だいこん,30100,,,1099340,126,160.2,100
14039,2025,4,7,月,だいこん,30100,千　葉,12,485854,130,,
14040,2025,4,7,月,だいこん,30100,長　崎,42,157348,111,,
14041,2025,4,7,月,だいこん,30100,神奈川,14,123863,102,,
14042,2025,4,7,月,だいこん,30100,鹿児島,46,98795,122,,
14043,2025,4,7,月,だいこん,30100,茨　城,8,76345,154,,
14044,2025,4,7,月,かぶ,30200,,,74926,157,99.4,100.6
14045,2025,4,7,月,かぶ,30200,千　葉,12,52457,157,,
14046,2025,4,7,月,かぶ,30200,埼　玉,11,9385,144,,
14047,2025,4,7,月,にんじん,30300,,,882667,290,160.2,103.2
14048,2025,4,7,月,にんじん,30300,徳　島,36,650382,313,,
14049,2025,4,7,月,にんじん,30300,北海道,1,75470,219,,
14050,2025,4,7,月,ごぼう,30400,,,43902,639,96.1,116
14051,2025,4,7,月,ごぼう,30400,青　森,2,29153,574,,
14052,2025,4,7,月,ごぼう,30400,熊　本,43,6244,1071,,
14053,2025,4,7,月,たけのこ,30500,,,115613,739,156.6,92.3
14054,2025,4,7,月,たけのこ,30500,熊　本,43,42583,685,,
14055,2025,4,7,月,たけのこ,30500,福　岡,40,32643,657,,
14056,2025,4,7,月,たけのこ,30500,鹿児島,46,11846,665,,
14057,2025,4,7,月,たけのこ,30500,徳　島,36,7685,699,,
14058,2025,4,7,月,れんこん,30600,,,43496,510,82,101
14059,2025,4,7,月,れんこん,30600,茨　城,8,19602,565,,
14060,2025,4,7,月,れんこん,30600,佐　賀,41,9281,417,,
14061,2025,4,7,月,れんこん,30600,徳　島,36,6173,516,,
14062,2025,4,7,月,はくさい,31100,,,945490,103,112.4,94.5
14063,2025,4,7,月,はくさい,31100,茨　城,8,505303,119,,
14064,2025,4,7,月,はくさい,31100,長　崎,42,200553,107,,
14065,2025,4,7,月,はくさい,31100,宮　崎,45,124394,59,,
14066,2025,4,7,月,みずな,31300,,,46476,344,101.5,101.2
14067,2025,4,7,月,みずな,31300,茨　城,8,31296,340,,
14068,2025,4,7,月,みずな,31300,福　岡,40,9794,284,,
14069,2025,4,7,月,こまつな,31500,,,154917,269,104.1,107.6
14070,2025,4,7,月,こまつな,31500,茨　城,8,77827,286,,
14071,2025,4,7,月,こまつな,31500,福　岡,40,45832,201,,
14072,2025,4,7,月,こまつな,31500,埼　玉,11,6784,317,,
14073,2025,4,7,月,その他の菜類,31550,,,4535,417,116.1,100.2
14074,2025,4,7,月,ちんげんさい,31560,,,43395,323,93.4,105.2
14075,2025,4,7,月,ちんげんさい,31560,茨　城,8,16104,327,,
14076,2025,4,7,月,ちんげんさい,31560,静　岡,22,11876,339,,
14077,2025,4,7,月,ちんげんさい,31560,福　岡,40,4879,297,,
14078,2025,4,7,月,ちんげんさい,31560,愛　知,23,3880,231,,
14079,2025,4,7,月,キャベツ,31700,,,1656868,129,96.5,108.4
14080,2025,4,7,月,キャベツ,31700,愛　知,23,648578,125,,
14081,2025,4,7,月,キャベツ,31700,神奈川,14,465283,136,,
14082,2025,4,7,月,キャベツ,31700,千　葉,12,171869,144,,
14083,2025,4,7,月,キャベツ,31700,鹿児島,46,79874,135,,
14084,2025,4,7,月,ほうれんそう,31800,,,150286,479,119.7,104.1
14085,2025,4,7,月,ほうれんそう,31800,茨　城,8,43202,533,,
14086,2025,4,7,月,ほうれんそう,31800,群　馬,10,40000,484,,
14087,2025,4,7,月,ほうれんそう,31800,福　岡,40,31988,421,,
14088,2025,4,7,月,ほうれんそう,31800,徳　島,36,5695,372,,
14089,2025,4,7,月,ねぎ,31900,,,288691,514,107,100.8
14090,2025,4,7,月,ねぎ,31900,千　葉,12,47951,508,,
14091,2025,4,7,月,ねぎ,31900,埼　玉,11,43151,597,,
14092,2025,4,7,月,ねぎ,31900,茨　城,8,40085,464,,
14093,2025,4,7,月,ねぎ,31900,大　分,44,37590,485,,
14094,2025,4,7,月,ねぎ,31900,群　馬,10,16901,570,,
14095,2025,4,7,月,ふき,32300,,,9422,519,99.3,97.7
14096,2025,4,7,月,ふき,32300,愛　知,23,7310,475,,
14097,2025,4,7,月,ふき,32300,福　岡,40,550,485,,
14098,2025,4,7,月,うど,32400,,,3105,887,115.9,105.3
14099,2025,4,7,月,うど,32400,栃　木,9,1650,898,,
14100,2025,4,7,月,うど,32400,群　馬,10,563,924,,
14101,2025,4,7,月,うど,32400,秋　田,5,400,956,,
14102,2025,4,7,月,みつば,32500,,,13907,531,95,105.8
14103,2025,4,7,月,みつば,32500,千　葉,12,2230,397,,
14104,2025,4,7,月,みつば,32500,静　岡,22,2221,496,,
14105,2025,4,7,月,みつば,32500,愛　知,23,2150,479,,
14106,2025,4,7,月,みつば,32500,茨　城,8,1271,602,,
14107,2025,4,7,月,みつば,32500,埼　玉,11,1267,502,,
14108,2025,4,7,月,しゅんぎく,32600,,,10556,592,89.7,99.8
14109,2025,4,7,月,しゅんぎく,32600,福　岡,40,4151,430,,
14110,2025,4,7,月,しゅんぎく,32600,大　阪,27,1188,430,,
14111,2025,4,7,月,しゅんぎく,32600,茨　城,8,1004,707,,
14112,2025,4,7,月,しゅんぎく,32600,千　葉,12,752,901,,
14113,2025,4,7,月,しゅんぎく,32600,栃　木,9,691,840,,
14114,2025,4,7,月,にら,32800,,,86870,655,109.9,104.3
14115,2025,4,7,月,にら,32800,高　知,39,33859,663,,
14116,2025,4,7,月,にら,32800,北海道,1,15596,721,,
14117,2025,4,7,月,にら,32800,栃　木,9,12318,679,,
14118,2025,4,7,月,にら,32800,茨　城,8,6080,610,,
14119,2025,4,7,月,にら,32800,大　分,44,6040,596,,
14120,2025,4,7,月,セルリー,32900,,,47117,292,93.1,102.8
14121,2025,4,7,月,セルリー,32900,福　岡,40,20831,286,,
14122,2025,4,7,月,セルリー,32900,静　岡,22,11575,314,,
14123,2025,4,7,月,セルリー,32900,香　川,37,5080,282,,
14124,2025,4,7,月,セルリー,32900,茨　城,8,4722,306,,
14125,2025,4,7,月,アスパラガス,33100,,,44928,1759,125.7,104.6
14126,2025,4,7,月,アスパラガス,33100,佐　賀,41,8683,1929,,
14127,2025,4,7,月,アスパラガス,33100,熊　本,43,7839,1856,,
14128,2025,4,7,月,アスパラガス,33100,長　崎,42,6134,1754,,
14129,2025,4,7,月,アスパラガス,33100,福　岡,40,4466,1770,,
14130,2025,4,7,月,アスパラガス,33100,香　川,37,3005,1612,,
14131,2025,4,7,月,　　うち輸入,33101,,,7292,1135,91.8,108.4
14132,2025,4,7,月,カリフラワー,33200,,,16635,289,118.6,112.9
14133,2025,4,7,月,カリフラワー,33200,徳　島,36,3805,246,,
14134,2025,4,7,月,カリフラワー,33200,熊　本,43,3176,246,,
14135,2025,4,7,月,カリフラワー,33200,愛　知,23,2424,274,,
14136,2025,4,7,月,カリフラワー,33200,茨　城,8,2360,332,,
14137,2025,4,7,月,カリフラワー,33200,福　岡,40,2343,359,,
14138,2025,4,7,月,ブロッコリー,33300,,,288612,406,106.7,110.9
14139,2025,4,7,月,ブロッコリー,33300,香　川,37,90282,449,,
14140,2025,4,7,月,ブロッコリー,33300,愛　知,23,43359,286,,
14141,2025,4,7,月,ブロッコリー,33300,徳　島,36,40724,451,,
14142,2025,4,7,月,ブロッコリー,33300,長　崎,42,32257,387,,
14143,2025,4,7,月,ブロッコリー,33300,熊　本,43,18951,455,,
14144,2025,4,7,月,レタス,33400,,,772744,175,120.8,110.8
14145,2025,4,7,月,レタス,33400,茨　城,8,307029,187,,
14146,2025,4,7,月,レタス,33400,長　崎,42,106665,84,,
14147,2025,4,7,月,レタス,33400,兵　庫,28,89363,185,,
14148,2025,4,7,月,レタス,33400,福　岡,40,67942,195,,
14149,2025,4,7,月,レタス,33400,香　川,37,55136,158,,
14150,2025,4,7,月,パセリ,33600,,,4815,844,108.4,103.2
14151,2025,4,7,月,パセリ,33600,静　岡,22,1736,625,,
14152,2025,4,7,月,パセリ,33600,千　葉,12,1147,998,,
14153,2025,4,7,月,パセリ,33600,茨　城,8,540,619,,
14154,2025,4,7,月,パセリ,33600,香　川,37,515,758,,
14155,2025,4,7,月,きゅうり,34100,,,571363,330,147.9,100.9
14156,2025,4,7,月,きゅうり,34100,宮　崎,45,120727,335,,
14157,2025,4,7,月,きゅうり,34100,群　馬,10,85254,383,,
14158,2025,4,7,月,きゅうり,34100,高　知,39,72886,293,,
14159,2025,4,7,月,きゅうり,34100,佐　賀,41,58655,285,,
14160,2025,4,7,月,きゅうり,34100,埼　玉,11,50207,375,,
14161,2025,4,7,月,かぼちゃ,34200,,,278429,239,131.7,109.1
14162,2025,4,7,月,かぼちゃ,34200,沖　縄,47,15290,554,,
14163,2025,4,7,月,かぼちゃ,34200,宮　崎,45,12632,577,,
14164,2025,4,7,月,かぼちゃ,34200,熊　本,43,2314,537,,
14165,2025,4,7,月,かぼちゃ,34200,高　知,39,1532,544,,
14166,2025,4,7,月,かぼちゃ,34200,群　馬,10,680,526,,
14167,2025,4,7,月,　　うち輸入,34201,,,245349,195,124.6,101.6
14168,2025,4,7,月,なす,34300,,,391684,409,149.1,97.6
14169,2025,4,7,月,なす,34300,高　知,39,170858,387,,
14170,2025,4,7,月,なす,34300,熊　本,43,90039,404,,
14171,2025,4,7,月,なす,34300,福　岡,40,78329,438,,
14172,2025,4,7,月,トマト,34400,,,630175,393,140.2,98
14173,2025,4,7,月,トマト,34400,熊　本,43,318611,357,,
14174,2025,4,7,月,トマト,34400,栃　木,9,93433,348,,
14175,2025,4,7,月,トマト,34400,愛　知,23,60253,455,,
14176,2025,4,7,月,トマト,34400,福　岡,40,45829,366,,
14177,2025,4,7,月,ミニトマト,34450,,,286137,586,142.2,98.3
14178,2025,4,7,月,ミニトマト,34450,熊　本,43,174671,527,,
14179,2025,4,7,月,ミニトマト,34450,愛　知,23,30672,775,,
14180,2025,4,7,月,ミニトマト,34450,宮　崎,45,29483,520,,
14181,2025,4,7,月,ピーマン,34500,,,300224,602,135.7,100.5
14182,2025,4,7,月,ピーマン,34500,宮　崎,45,85368,590,,
14183,2025,4,7,月,ピーマン,34500,鹿児島,46,71141,555,,
14184,2025,4,7,月,ピーマン,34500,高　知,39,63002,567,,
14185,2025,4,7,月,ピーマン,34500,茨　城,8,58833,676,,
14186,2025,4,7,月,ししとうがらし,34600,,,8147,1934,101.4,97.1
14187,2025,4,7,月,ししとうがらし,34600,高　知,39,7017,1902,,
14188,2025,4,7,月,スイートコーン,34700,,,2224,613,98.9,112.1
14189,2025,4,7,月,スイートコーン,34700,沖　縄,47,2055,593,,
14190,2025,4,7,月,さやいんげん,35100,,,15840,1124,124.3,99.9
14191,2025,4,7,月,さやいんげん,35100,沖　縄,47,11625,986,,
14192,2025,4,7,月,さやいんげん,35100,鹿児島,46,2260,1492,,
14193,2025,4,7,月,さやえんどう,35200,,,39535,918,132,101.5
14194,2025,4,7,月,さやえんどう,35200,鹿児島,46,14031,781,,
14195,2025,4,7,月,さやえんどう,35200,熊　本,43,7981,906,,
14196,2025,4,7,月,さやえんどう,35200,愛　知,23,6092,1113,,
14197,2025,4,7,月,さやえんどう,35200,和歌山,30,3868,934,,
14198,2025,4,7,月,　　うち輸入,35201,,,424,874,212,93.5
14199,2025,4,7,月,実えんどう,35300,,,15478,999,136.1,99.1
14200,2025,4,7,月,実えんどう,35300,和歌山,30,10440,997,,
14201,2025,4,7,月,実えんどう,35300,鹿児島,46,4833,1006,,
14202,2025,4,7,月,そらまめ,35400,,,48002,503,135.4,95.1
14203,2025,4,7,月,そらまめ,35400,鹿児島,46,47729,501,,
14204,2025,4,7,月,えだまめ,35500,,,984,1459,69.6,128.1
14205,2025,4,7,月,えだまめ,35500,静　岡,22,423,2248,,
14206,2025,4,7,月,えだまめ,35500,沖　縄,47,66,2189,,
14207,2025,4,7,月,かんしょ,36100,,,366197,275,112.8,99.6
14208,2025,4,7,月,かんしょ,36100,茨　城,8,187225,253,,
14209,2025,4,7,月,かんしょ,36100,千　葉,12,93037,268,,
14210,2025,4,7,月,かんしょ,36100,大　分,44,32575,280,,
14211,2025,4,7,月,ばれいしょ,36200,,,669120,261,84.7,98.9
14212,2025,4,7,月,ばれいしょ,36200,鹿児島,46,415038,307,,
14213,2025,4,7,月,ばれいしょ,36200,北海道,1,248689,182,,
14214,2025,4,7,月,さといも,36300,,,31254,394,123.3,100.5
14215,2025,4,7,月,さといも,36300,埼　玉,11,17321,364,,
14216,2025,4,7,月,さといも,36300,愛　媛,38,3823,509,,
14217,2025,4,7,月,さといも,36300,新　潟,15,3388,400,,
14218,2025,4,7,月,さといも,36300,鹿児島,46,2150,463,,
14219,2025,4,7,月,やまのいも,36500,,,150620,427,164.5,99.3
14220,2025,4,7,月,やまのいも,36500,北海道,1,90133,405,,
14221,2025,4,7,月,やまのいも,36500,青　森,2,42395,426,,
14222,2025,4,7,月,たまねぎ,36610,,,1677705,153,114.1,100.7
14223,2025,4,7,月,たまねぎ,36610,北海道,1,976268,132,,
14224,2025,4,7,月,たまねぎ,36610,静　岡,22,265038,175,,
14225,2025,4,7,月,たまねぎ,36610,佐　賀,41,155212,206,,
14226,2025,4,7,月,　　うち輸入,36620,,,31705,127,95.2,110.4
14227,2025,4,7,月,にんにく,36700,,,14831,1399,118.3,118.4
14228,2025,4,7,月,にんにく,36700,青　森,2,6918,2270,,
14229,2025,4,7,月,にんにく,36700,沖　縄,47,776,979,,
14230,2025,4,7,月,にんにく,36700,鹿児島,46,264,1108,,
14231,2025,4,7,月,にんにく,36700,和歌山,30,130,1778,,
14232,2025,4,7,月,にんにく,36700,秋　田,5,30,1620,,
14233,2025,4,7,月,　　うち輸入,36701,,,6689,545,88,107.3
14234,2025,4,7,月,しょうが,37200,,,24463,1186,105.3,101.5
14235,2025,4,7,月,しょうが,37200,高　知,39,16215,1323,,
14236,2025,4,7,月,しょうが,37200,長　崎,42,981,1052,,
14237,2025,4,7,月,しょうが,37200,静　岡,22,784,1537,,
14238,2025,4,7,月,しょうが,37200,熊　本,43,745,1375,,
14239,2025,4,7,月,しょうが,37200,千　葉,12,454,911,,
14240,2025,4,7,月,　　うち輸入,37201,,,4539,568,89.2,106.6
14241,2025,4,7,月,生しいたけ,38100,,,58229,962,96.7,101.3
14242,2025,4,7,月,生しいたけ,38100,徳　島,36,11953,949,,
14243,2025,4,7,月,生しいたけ,38100,秋　田,5,9087,1155,,
14244,2025,4,7,月,生しいたけ,38100,長　崎,42,5776,776,,
14245,2025,4,7,月,生しいたけ,38100,千　葉,12,3413,686,,
14246,2025,4,7,月,生しいたけ,38100,岩　手,3,3270,1024,,
14247,2025,4,7,月,　　うち輸入,38101,,,1299,695,71.7,93
14248,2025,4,7,月,なめこ,38300,,,24139,453,97.5,100.2
14249,2025,4,7,月,なめこ,38300,長　野,20,7765,433,,
14250,2025,4,7,月,なめこ,38300,山　形,6,4034,493,,
14251,2025,4,7,月,なめこ,38300,三　重,24,2468,591,,
14252,2025,4,7,月,なめこ,38300,新　潟,15,2064,280,,
14253,2025,4,7,月,なめこ,38300,大　分,44,1585,495,,
14254,2025,4,7,月,えのきだけ,38400,,,138073,310,105.7,97.8
14255,2025,4,7,月,えのきだけ,38400,長　野,20,94470,316,,
14256,2025,4,7,月,えのきだけ,38400,新　潟,15,17766,292,,
14257,2025,4,7,月,しめじ,38500,,,83813,463,94.7,102.7
14258,2025,4,7,月,しめじ,38500,長　野,20,52898,421,,
14259,2025,4,7,月,しめじ,38500,福　岡,40,14253,466,,
14260,2025,4,7,月,その他の野菜,39000,,,249342,1009,108.1,99.2
14261,2025,4,7,月,輸入野菜計,39100,,,422058,240,123.9,96.8
14262,2025,4,7,月,他の輸入野菜,39200,,,124760,271,141.8,90.6
14263,2025,4,14,月,野菜総計,30000,,,13867211,303,116.4,103.1
14264,2025,4,14,月,野菜総計,30000,茨　城,8,1563158,250,,
14265,2025,4,14,月,野菜総計,30000,北海道,1,1535932,183,,
14266,2025,4,14,月,野菜総計,30000,鹿児島,46,1199741,342,,
14267,2025,4,14,月,野菜総計,30000,愛　知,23,1080961,231,,
14268,2025,4,14,月,野菜総計,30000,熊　本,43,996612,401,,
14269,2025,4,14,月,野菜総計,30000,千　葉,12,953648,202,,
14270,2025,4,14,月,野菜総計,30000,徳　島,36,703843,344,,
14271,2025,4,14,月,だいこん,30100,,,982431,116,95.1,101.8
14272,2025,4,14,月,だいこん,30100,千　葉,12,527543,119,,
14273,2025,4,14,月,だいこん,30100,茨　城,8,102356,123,,
14274,2025,4,14,月,だいこん,30100,長　崎,42,102041,106,,
14275,2025,4,14,月,だいこん,30100,鹿児島,46,73764,93,,
14276,2025,4,14,月,かぶ,30200,,,70042,165,95.5,100
14277,2025,4,14,月,かぶ,30200,千　葉,12,41678,159,,
14278,2025,4,14,月,かぶ,30200,埼　玉,11,11028,157,,
14279,2025,4,14,月,かぶ,30200,北海道,1,5860,222,,
14280,2025,4,14,月,にんじん,30300,,,840774,297,115.8,103.1
14281,2025,4,14,月,にんじん,30300,徳　島,36,550572,318,,
14282,2025,4,14,月,にんじん,30300,長　崎,42,102980,290,,
14283,2025,4,14,月,にんじん,30300,北海道,1,87134,268,,
14284,2025,4,14,月,ごぼう,30400,,,52673,646,92.2,116.2
14285,2025,4,14,月,ごぼう,30400,青　森,2,32200,567,,
14286,2025,4,14,月,ごぼう,30400,熊　本,43,9515,971,,
14287,2025,4,14,月,ごぼう,30400,鹿児島,46,2571,935,,
14288,2025,4,14,月,たけのこ,30500,,,169316,595,172.9,88.7
14289,2025,4,14,月,たけのこ,30500,福　岡,40,52993,590,,
14290,2025,4,14,月,たけのこ,30500,熊　本,43,49108,585,,
14291,2025,4,14,月,たけのこ,30500,徳　島,36,11673,553,,
14292,2025,4,14,月,たけのこ,30500,静　岡,22,11013,578,,
14293,2025,4,14,月,たけのこ,30500,鹿児島,46,10011,617,,
14294,2025,4,14,月,れんこん,30600,,,43033,578,86.4,103.2
14295,2025,4,14,月,れんこん,30600,茨　城,8,22533,646,,
14296,2025,4,14,月,れんこん,30600,佐　賀,41,7376,475,,
14297,2025,4,14,月,れんこん,30600,徳　島,36,6752,546,,
14298,2025,4,14,月,はくさい,31100,,,984160,91,116.7,91
14299,2025,4,14,月,はくさい,31100,茨　城,8,548666,103,,
14300,2025,4,14,月,はくさい,31100,宮　崎,45,161105,65,,
14301,2025,4,14,月,はくさい,31100,長　崎,42,142254,94,,
14302,2025,4,14,月,みずな,31300,,,44389,345,96.3,100.9
14303,2025,4,14,月,みずな,31300,茨　城,8,30040,340,,
14304,2025,4,14,月,みずな,31300,福　岡,40,8543,289,,
14305,2025,4,14,月,こまつな,31500,,,159751,322,101.1,106.3
14306,2025,4,14,月,こまつな,31500,茨　城,8,73715,348,,
14307,2025,4,14,月,こまつな,31500,福　岡,40,52301,267,,
14308,2025,4,14,月,こまつな,31500,埼　玉,11,7066,357,,
14309,2025,4,14,月,その他の菜類,31550,,,4343,436,122.5,103.3
14310,2025,4,14,月,ちんげんさい,31560,,,42568,335,88.2,104.4
14311,2025,4,14,月,ちんげんさい,31560,茨　城,8,14846,345,,
14312,2025,4,14,月,ちんげんさい,31560,静　岡,22,10594,349,,
14313,2025,4,14,月,ちんげんさい,31560,福　岡,40,5684,311,,
14314,2025,4,14,月,ちんげんさい,31560,愛　知,23,3794,251,,
14315,2025,4,14,月,キャベツ,31700,,,1671307,127,96.1,100.8
14316,2025,4,14,月,キャベツ,31700,愛　知,23,772405,121,,
14317,2025,4,14,月,キャベツ,31700,神奈川,14,451121,134,,
14318,2025,4,14,月,キャベツ,31700,千　葉,12,122265,140,,
14319,2025,4,14,月,ほうれんそう,31800,,,157498,556,121.6,104.3
14320,2025,4,14,月,ほうれんそう,31800,茨　城,8,42723,614,,
14321,2025,4,14,月,ほうれんそう,31800,群　馬,10,41331,527,,
14322,2025,4,14,月,ほうれんそう,31800,福　岡,40,25270,491,,
14323,2025,4,14,月,ほうれんそう,31800,岐　阜,21,10359,643,,
14324,2025,4,14,月,ほうれんそう,31800,徳　島,36,4861,489,,
14325,2025,4,14,月,ねぎ,31900,,,315984,488,95.8,98.6
14326,2025,4,14,月,ねぎ,31900,千　葉,12,58695,476,,
14327,2025,4,14,月,ねぎ,31900,茨　城,8,49740,435,,
14328,2025,4,14,月,ねぎ,31900,大　分,44,42785,469,,
14329,2025,4,14,月,ねぎ,31900,埼　玉,11,39539,533,,
14330,2025,4,14,月,ねぎ,31900,群　馬,10,16319,492,,
14331,2025,4,14,月,ふき,32300,,,14051,512,107.4,92.3
14332,2025,4,14,月,ふき,32300,愛　知,23,7235,462,,
14333,2025,4,14,月,ふき,32300,群　馬,10,4616,487,,
14334,2025,4,14,月,うど,32400,,,4368,842,121.8,96.8
14335,2025,4,14,月,うど,32400,栃　木,9,2967,860,,
14336,2025,4,14,月,うど,32400,群　馬,10,699,878,,
14337,2025,4,14,月,みつば,32500,,,14463,516,99.9,100.4
14338,2025,4,14,月,みつば,32500,愛　知,23,2484,490,,
14339,2025,4,14,月,みつば,32500,静　岡,22,2145,518,,
14340,2025,4,14,月,みつば,32500,千　葉,12,2131,351,,
14341,2025,4,14,月,みつば,32500,埼　玉,11,1370,499,,
14342,2025,4,14,月,みつば,32500,茨　城,8,1332,664,,
14343,2025,4,14,月,しゅんぎく,32600,,,10679,654,100.7,99.2
14344,2025,4,14,月,しゅんぎく,32600,福　岡,40,3953,443,,
14345,2025,4,14,月,しゅんぎく,32600,大　阪,27,1390,384,,
14346,2025,4,14,月,しゅんぎく,32600,茨　城,8,1210,784,,
14347,2025,4,14,月,しゅんぎく,32600,宮　城,4,951,916,,
14348,2025,4,14,月,しゅんぎく,32600,千　葉,12,860,975,,
14349,2025,4,14,月,にら,32800,,,87479,673,95,104.2
14350,2025,4,14,月,にら,32800,高　知,39,31312,690,,
14351,2025,4,14,月,にら,32800,栃　木,9,13098,704,,
14352,2025,4,14,月,にら,32800,北海道,1,10861,801,,
14353,2025,4,14,月,にら,32800,宮　崎,45,9977,522,,
14354,2025,4,14,月,にら,32800,大　分,44,7450,610,,
14355,2025,4,14,月,セルリー,32900,,,46862,299,84.5,101
14356,2025,4,14,月,セルリー,32900,静　岡,22,21209,302,,
14357,2025,4,14,月,セルリー,32900,福　岡,40,18369,299,,
14358,2025,4,14,月,アスパラガス,33100,,,56083,1798,117.9,101.2
14359,2025,4,14,月,アスパラガス,33100,熊　本,43,10708,1787,,
14360,2025,4,14,月,アスパラガス,33100,佐　賀,41,8617,1834,,
14361,2025,4,14,月,アスパラガス,33100,栃　木,9,8218,1991,,
14362,2025,4,14,月,アスパラガス,33100,長　崎,42,6379,1712,,
14363,2025,4,14,月,アスパラガス,33100,福　岡,40,4970,1691,,
14364,2025,4,14,月,　　うち輸入,33101,,,4777,1374,83,113.9
14365,2025,4,14,月,カリフラワー,33200,,,21296,282,116.7,99.3
14366,2025,4,14,月,カリフラワー,33200,茨　城,8,6924,310,,
14367,2025,4,14,月,カリフラワー,33200,愛　知,23,3956,240,,
14368,2025,4,14,月,カリフラワー,33200,徳　島,36,3097,313,,
14369,2025,4,14,月,カリフラワー,33200,山　梨,19,2408,253,,
14370,2025,4,14,月,カリフラワー,33200,熊　本,43,2207,246,,
14371,2025,4,14,月,ブロッコリー,33300,,,277597,488,101.9,105.2
14372,2025,4,14,月,ブロッコリー,33300,香　川,37,77799,560,,
14373,2025,4,14,月,ブロッコリー,33300,長　崎,42,36548,458,,
14374,2025,4,14,月,ブロッコリー,33300,埼　玉,11,34898,442,,
14375,2025,4,14,月,ブロッコリー,33300,徳　島,36,30504,543,,
14376,2025,4,14,月,ブロッコリー,33300,熊　本,43,28064,517,,
14377,2025,4,14,月,レタス,33400,,,751968,190,101,100
14378,2025,4,14,月,レタス,33400,茨　城,8,310815,205,,
14379,2025,4,14,月,レタス,33400,兵　庫,28,113958,209,,
14380,2025,4,14,月,レタス,33400,長　崎,42,87251,102,,
14381,2025,4,14,月,レタス,33400,福　岡,40,71982,184,,
14382,2025,4,14,月,レタス,33400,香　川,37,30346,169,,
14383,2025,4,14,月,パセリ,33600,,,3412,937,75.2,117.1
14384,2025,4,14,月,パセリ,33600,静　岡,22,989,901,,
14385,2025,4,14,月,パセリ,33600,千　葉,12,631,952,,
14386,2025,4,14,月,パセリ,33600,茨　城,8,517,612,,
14387,2025,4,14,月,パセリ,33600,香　川,37,460,827,,
14388,2025,4,14,月,パセリ,33600,愛　知,23,268,1710,,
14389,2025,4,14,月,きゅうり,34100,,,849393,307,144.2,98.4
14390,2025,4,14,月,きゅうり,34100,宮　崎,45,215304,307,,
14391,2025,4,14,月,きゅうり,34100,群　馬,10,120666,360,,
14392,2025,4,14,月,きゅうり,34100,高　知,39,109071,265,,
14393,2025,4,14,月,きゅうり,34100,埼　玉,11,70522,341,,
14394,2025,4,14,月,きゅうり,34100,佐　賀,41,65732,269,,
14395,2025,4,14,月,かぼちゃ,34200,,,259587,231,122.2,98.7
14396,2025,4,14,月,かぼちゃ,34200,宮　崎,45,16103,519,,
14397,2025,4,14,月,かぼちゃ,34200,沖　縄,47,8902,486,,
14398,2025,4,14,月,かぼちゃ,34200,熊　本,43,3248,525,,
14399,2025,4,14,月,かぼちゃ,34200,高　知,39,1686,513,,
14400,2025,4,14,月,かぼちゃ,34200,群　馬,10,1394,512,,
14401,2025,4,14,月,　　うち輸入,34201,,,226880,190,126.2,107.3
14402,2025,4,14,月,なす,34300,,,584726,362,154.2,93.8
14403,2025,4,14,月,なす,34300,高　知,39,272910,343,,
14404,2025,4,14,月,なす,34300,熊　本,43,131030,345,,
14405,2025,4,14,月,なす,34300,福　岡,40,119201,395,,
14406,2025,4,14,月,トマト,34400,,,716620,378,139.9,97.2
14407,2025,4,14,月,トマト,34400,熊　本,43,381365,350,,
14408,2025,4,14,月,トマト,34400,栃　木,9,104377,346,,
14409,2025,4,14,月,トマト,34400,福　岡,40,62289,346,,
14410,2025,4,14,月,トマト,34400,愛　知,23,53843,454,,
14411,2025,4,14,月,ミニトマト,34450,,,334411,565,160.9,98.3
14412,2025,4,14,月,ミニトマト,34450,熊　本,43,211871,500,,
14413,2025,4,14,月,ミニトマト,34450,愛　知,23,37907,755,,
14414,2025,4,14,月,ミニトマト,34450,宮　崎,45,28819,536,,
14415,2025,4,14,月,ピーマン,34500,,,367885,618,138.9,102.3
14416,2025,4,14,月,ピーマン,34500,宮　崎,45,103189,603,,
14417,2025,4,14,月,ピーマン,34500,茨　城,8,90050,693,,
14418,2025,4,14,月,ピーマン,34500,鹿児島,46,88029,571,,
14419,2025,4,14,月,ピーマン,34500,高　知,39,65458,571,,
14420,2025,4,14,月,ししとうがらし,34600,,,8944,1798,118.6,94.2
14421,2025,4,14,月,ししとうがらし,34600,高　知,39,7169,1751,,
14422,2025,4,14,月,スイートコーン,34700,,,1570,639,119.5,89.6
14423,2025,4,14,月,スイートコーン,34700,沖　縄,47,1390,585,,
14424,2025,4,14,月,さやいんげん,35100,,,21762,970,121.4,97.1
14425,2025,4,14,月,さやいんげん,35100,沖　縄,47,16090,828,,
14426,2025,4,14,月,さやいんげん,35100,鹿児島,46,2868,1343,,
14427,2025,4,14,月,さやえんどう,35200,,,43708,995,125.4,100
14428,2025,4,14,月,さやえんどう,35200,鹿児島,46,10711,829,,
14429,2025,4,14,月,さやえんどう,35200,熊　本,43,9494,994,,
14430,2025,4,14,月,さやえんどう,35200,愛　知,23,6997,1181,,
14431,2025,4,14,月,さやえんどう,35200,和歌山,30,5769,858,,
14432,2025,4,14,月,さやえんどう,35200,長　崎,42,3129,1069,,
14433,2025,4,14,月,実えんどう,35300,,,19761,991,120.4,97.9
14434,2025,4,14,月,実えんどう,35300,和歌山,30,14911,1004,,
14435,2025,4,14,月,実えんどう,35300,鹿児島,46,4775,949,,
14436,2025,4,14,月,そらまめ,35400,,,46045,512,111.3,101
14437,2025,4,14,月,そらまめ,35400,鹿児島,46,44285,506,,
14438,2025,4,14,月,えだまめ,35500,,,852,1907,72.3,105.5
14439,2025,4,14,月,えだまめ,35500,静　岡,22,452,2187,,
14440,2025,4,14,月,えだまめ,35500,沖　縄,47,205,2418,,
14441,2025,4,14,月,かんしょ,36100,,,322736,272,112.7,98.6
14442,2025,4,14,月,かんしょ,36100,茨　城,8,164512,253,,
14443,2025,4,14,月,かんしょ,36100,千　葉,12,81034,267,,
14444,2025,4,14,月,かんしょ,36100,大　分,44,30995,271,,
14445,2025,4,14,月,ばれいしょ,36200,,,1032601,309,144.9,116.6
14446,2025,4,14,月,ばれいしょ,36200,鹿児島,46,800620,342,,
14447,2025,4,14,月,ばれいしょ,36200,北海道,1,220542,185,,
14448,2025,4,14,月,さといも,36300,,,25381,406,91.4,106
14449,2025,4,14,月,さといも,36300,埼　玉,11,14990,383,,
14450,2025,4,14,月,さといも,36300,愛　媛,38,3942,506,,
14451,2025,4,14,月,さといも,36300,千　葉,12,2123,370,,
14452,2025,4,14,月,やまのいも,36500,,,174107,425,194.1,99.1
14453,2025,4,14,月,やまのいも,36500,北海道,1,100732,406,,
14454,2025,4,14,月,やまのいも,36500,青　森,2,56576,428,,
14455,2025,4,14,月,たまねぎ,36610,,,1631211,148,128.6,95.5
14456,2025,4,14,月,たまねぎ,36610,北海道,1,1051140,128,,
14457,2025,4,14,月,たまねぎ,36610,佐　賀,41,241008,197,,
14458,2025,4,14,月,たまねぎ,36610,長　崎,42,142050,178,,
14459,2025,4,14,月,　　うち輸入,36620,,,37469,146,108,131.5
14460,2025,4,14,月,にんにく,36700,,,17858,1513,106.6,104.1
14461,2025,4,14,月,にんにく,36700,青　森,2,9449,2307,,
14462,2025,4,14,月,にんにく,36700,鹿児島,46,640,1166,,
14463,2025,4,14,月,にんにく,36700,沖　縄,47,508,953,,
14464,2025,4,14,月,にんにく,36700,和歌山,30,110,1649,,
14465,2025,4,14,月,にんにく,36700,北海道,1,31,2296,,
14466,2025,4,14,月,　　うち輸入,36701,,,7120,524,92.5,101.9
14467,2025,4,14,月,しょうが,37200,,,29410,1159,105.4,97.8
14468,2025,4,14,月,しょうが,37200,高　知,39,19669,1257,,
14469,2025,4,14,月,しょうが,37200,静　岡,22,1414,1337,,
14470,2025,4,14,月,しょうが,37200,長　崎,42,1227,1048,,
14471,2025,4,14,月,しょうが,37200,熊　本,43,1008,1399,,
14472,2025,4,14,月,しょうが,37200,佐　賀,41,530,1173,,
14473,2025,4,14,月,　　うち輸入,37201,,,4421,573,90.1,104.9
14474,2025,4,14,月,生しいたけ,38100,,,62590,926,98.4,98.3
14475,2025,4,14,月,生しいたけ,38100,徳　島,36,11400,915,,
14476,2025,4,14,月,生しいたけ,38100,秋　田,5,10339,1113,,
14477,2025,4,14,月,生しいたけ,38100,長　崎,42,5982,760,,
14478,2025,4,14,月,生しいたけ,38100,岩　手,3,4379,915,,
14479,2025,4,14,月,生しいたけ,38100,千　葉,12,3469,671,,
14480,2025,4,14,月,　　うち輸入,38101,,,667,709,33.8,89.7
14481,2025,4,14,月,なめこ,38300,,,23221,451,87.9,99.3
14482,2025,4,14,月,なめこ,38300,長　野,20,7805,431,,
14483,2025,4,14,月,なめこ,38300,山　形,6,3273,478,,
14484,2025,4,14,月,なめこ,38300,三　重,24,2494,592,,
14485,2025,4,14,月,なめこ,38300,新　潟,15,1901,266,,
14486,2025,4,14,月,なめこ,38300,大　分,44,1871,498,,
14487,2025,4,14,月,えのきだけ,38400,,,136724,301,104,98.4
14488,2025,4,14,月,えのきだけ,38400,長　野,20,91025,304,,
14489,2025,4,14,月,えのきだけ,38400,新　潟,15,17678,289,,
14490,2025,4,14,月,えのきだけ,38400,宮　崎,45,11221,297,,
14491,2025,4,14,月,しめじ,38500,,,78178,466,79.7,97.9
14492,2025,4,14,月,しめじ,38500,長　野,20,50453,428,,
14493,2025,4,14,月,しめじ,38500,福　岡,40,11560,448,,
14494,2025,4,14,月,しめじ,38500,茨　城,8,5144,360,,
14495,2025,4,14,月,その他の野菜,39000,,,251488,1056,95.5,105.7
14496,2025,4,14,月,輸入野菜計,39100,,,401461,235,109,104.9
14497,2025,4,14,月,他の輸入野菜,39200,,,120133,269,90.2,114
14498,2025,4,21,月,野菜総計,30000,,,13945784,298,111.9,104.9
14499,2025,4,21,月,野菜総計,30000,茨　城,8,1633374,219,,
14500,2025,4,21,月,野菜総計,30000,北海道,1,1357367,191,,
14501,2025,4,21,月,野菜総計,30000,鹿児島,46,1081805,377,,
14502,2025,4,21,月,野菜総計,30000,愛　知,23,1034865,231,,
14503,2025,4,21,月,野菜総計,30000,熊　本,43,1019849,391,,
14504,2025,4,21,月,野菜総計,30000,徳　島,36,959332,319,,
14505,2025,4,21,月,野菜総計,30000,千　葉,12,872036,208,,
14506,2025,4,21,月,だいこん,30100,,,962103,111,90.1,100.9
14507,2025,4,21,月,だいこん,30100,千　葉,12,436903,120,,
14508,2025,4,21,月,だいこん,30100,長　崎,42,150403,98,,
14509,2025,4,21,月,だいこん,30100,茨　城,8,101471,113,,
14510,2025,4,21,月,だいこん,30100,香　川,37,87120,97,,
14511,2025,4,21,月,かぶ,30200,,,71373,161,91.8,97.6
14512,2025,4,21,月,かぶ,30200,千　葉,12,43718,159,,
14513,2025,4,21,月,かぶ,30200,埼　玉,11,12605,141,,
14514,2025,4,21,月,かぶ,30200,北海道,1,6018,185,,
14515,2025,4,21,月,にんじん,30300,,,1109745,282,134.4,95.9
14516,2025,4,21,月,にんじん,30300,徳　島,36,833438,299,,
14517,2025,4,21,月,にんじん,30300,長　崎,42,133600,256,,
14518,2025,4,21,月,ごぼう,30400,,,71922,521,112.9,99.4
14519,2025,4,21,月,ごぼう,30400,青　森,2,36615,501,,
14520,2025,4,21,月,ごぼう,30400,北海道,1,13510,317,,
14521,2025,4,21,月,ごぼう,30400,熊　本,43,11947,816,,
14522,2025,4,21,月,たけのこ,30500,,,167633,450,127.4,83.5
14523,2025,4,21,月,たけのこ,30500,福　岡,40,49555,408,,
14524,2025,4,21,月,たけのこ,30500,熊　本,43,36173,484,,
14525,2025,4,21,月,たけのこ,30500,香　川,37,13238,294,,
14526,2025,4,21,月,たけのこ,30500,京　都,26,11142,815,,
14527,2025,4,21,月,たけのこ,30500,千　葉,12,9050,338,,
14528,2025,4,21,月,れんこん,30600,,,40338,602,73.9,103.8
14529,2025,4,21,月,れんこん,30600,茨　城,8,21411,663,,
14530,2025,4,21,月,れんこん,30600,徳　島,36,7024,503,,
14531,2025,4,21,月,れんこん,30600,佐　賀,41,5708,601,,
14532,2025,4,21,月,はくさい,31100,,,942751,81,91.7,93.1
14533,2025,4,21,月,はくさい,31100,茨　城,8,632033,84,,
14534,2025,4,21,月,はくさい,31100,宮　崎,45,170443,66,,
14535,2025,4,21,月,みずな,31300,,,46741,318,105.1,98.5
14536,2025,4,21,月,みずな,31300,茨　城,8,30512,323,,
14537,2025,4,21,月,みずな,31300,福　岡,40,10296,250,,
14538,2025,4,21,月,こまつな,31500,,,154826,328,102.5,100.9
14539,2025,4,21,月,こまつな,31500,茨　城,8,74374,342,,
14540,2025,4,21,月,こまつな,31500,福　岡,40,43785,282,,
14541,2025,4,21,月,こまつな,31500,埼　玉,11,7071,331,,
14542,2025,4,21,月,その他の菜類,31550,,,3540,450,124,103.4
14543,2025,4,21,月,ちんげんさい,31560,,,43411,347,100.4,103.3
14544,2025,4,21,月,ちんげんさい,31560,茨　城,8,15242,340,,
14545,2025,4,21,月,ちんげんさい,31560,静　岡,22,11152,353,,
14546,2025,4,21,月,ちんげんさい,31560,愛　知,23,4250,283,,
14547,2025,4,21,月,ちんげんさい,31560,福　岡,40,3301,340,,
14548,2025,4,21,月,ちんげんさい,31560,北海道,1,1373,567,,
14549,2025,4,21,月,キャベツ,31700,,,1702738,109,90.1,107.9
14550,2025,4,21,月,キャベツ,31700,愛　知,23,653617,98,,
14551,2025,4,21,月,キャベツ,31700,神奈川,14,553288,119,,
14552,2025,4,21,月,キャベツ,31700,千　葉,12,138602,141,,
14553,2025,4,21,月,キャベツ,31700,鹿児島,46,63178,104,,
14554,2025,4,21,月,ほうれんそう,31800,,,154899,502,111.8,96.4
14555,2025,4,21,月,ほうれんそう,31800,群　馬,10,43101,483,,
14556,2025,4,21,月,ほうれんそう,31800,茨　城,8,39140,505,,
14557,2025,4,21,月,ほうれんそう,31800,福　岡,40,21080,458,,
14558,2025,4,21,月,ほうれんそう,31800,岐　阜,21,18591,585,,
14559,2025,4,21,月,ほうれんそう,31800,北海道,1,5177,673,,
14560,2025,4,21,月,ねぎ,31900,,,298264,468,95.5,98.9
14561,2025,4,21,月,ねぎ,31900,千　葉,12,58826,442,,
14562,2025,4,21,月,ねぎ,31900,茨　城,8,42816,426,,
14563,2025,4,21,月,ねぎ,31900,埼　玉,11,40036,459,,
14564,2025,4,21,月,ねぎ,31900,大　分,44,32013,492,,
14565,2025,4,21,月,ねぎ,31900,鳥　取,31,15207,437,,
14566,2025,4,21,月,ふき,32300,,,17455,475,108.8,88.5
14567,2025,4,21,月,ふき,32300,愛　知,23,8499,437,,
14568,2025,4,21,月,ふき,32300,群　馬,10,5673,398,,
14569,2025,4,21,月,うど,32400,,,4342,812,107.6,96.6
14570,2025,4,21,月,うど,32400,栃　木,9,1998,883,,
14571,2025,4,21,月,うど,32400,群　馬,10,1624,738,,
14572,2025,4,21,月,みつば,32500,,,14060,507,86.5,101.6
14573,2025,4,21,月,みつば,32500,静　岡,22,2385,481,,
14574,2025,4,21,月,みつば,32500,千　葉,12,2325,333,,
14575,2025,4,21,月,みつば,32500,愛　知,23,1733,522,,
14576,2025,4,21,月,みつば,32500,茨　城,8,1507,575,,
14577,2025,4,21,月,みつば,32500,大　分,44,1488,542,,
14578,2025,4,21,月,しゅんぎく,32600,,,9344,656,102.1,99.1
14579,2025,4,21,月,しゅんぎく,32600,福　岡,40,3419,457,,
14580,2025,4,21,月,しゅんぎく,32600,茨　城,8,1554,724,,
14581,2025,4,21,月,しゅんぎく,32600,大　阪,27,923,435,,
14582,2025,4,21,月,しゅんぎく,32600,千　葉,12,902,992,,
14583,2025,4,21,月,しゅんぎく,32600,栃　木,9,633,916,,
14584,2025,4,21,月,にら,32800,,,82181,648,95.4,99.5
14585,2025,4,21,月,にら,32800,高　知,39,29011,656,,
14586,2025,4,21,月,にら,32800,栃　木,9,13154,698,,
14587,2025,4,21,月,にら,32800,大　分,44,9480,568,,
14588,2025,4,21,月,にら,32800,茨　城,8,8819,593,,
14589,2025,4,21,月,にら,32800,北海道,1,7961,800,,
14590,2025,4,21,月,セルリー,32900,,,49756,314,88.7,104.7
14591,2025,4,21,月,セルリー,32900,静　岡,22,22618,311,,
14592,2025,4,21,月,セルリー,32900,福　岡,40,18430,306,,
14593,2025,4,21,月,アスパラガス,33100,,,50465,1987,146.1,103.5
14594,2025,4,21,月,アスパラガス,33100,栃　木,9,12149,2060,,
14595,2025,4,21,月,アスパラガス,33100,熊　本,43,7954,2024,,
14596,2025,4,21,月,アスパラガス,33100,佐　賀,41,4872,2026,,
14597,2025,4,21,月,アスパラガス,33100,長　崎,42,4129,1817,,
14598,2025,4,21,月,アスパラガス,33100,北海道,1,3593,2005,,
14599,2025,4,21,月,　　うち輸入,33101,,,2097,1659,80.1,107.4
14600,2025,4,21,月,カリフラワー,33200,,,22174,294,161.1,99
14601,2025,4,21,月,カリフラワー,33200,茨　城,8,9304,272,,
14602,2025,4,21,月,カリフラワー,33200,徳　島,36,6451,359,,
14603,2025,4,21,月,カリフラワー,33200,熊　本,43,2313,244,,
14604,2025,4,21,月,ブロッコリー,33300,,,304265,480,125.9,94.7
14605,2025,4,21,月,ブロッコリー,33300,香　川,37,67583,567,,
14606,2025,4,21,月,ブロッコリー,33300,熊　本,43,65314,499,,
14607,2025,4,21,月,ブロッコリー,33300,埼　玉,11,53597,425,,
14608,2025,4,21,月,ブロッコリー,33300,長　崎,42,44561,453,,
14609,2025,4,21,月,ブロッコリー,33300,愛　知,23,23202,348,,
14610,2025,4,21,月,レタス,33400,,,727028,155,92.3,102
14611,2025,4,21,月,レタス,33400,茨　城,8,303697,166,,
14612,2025,4,21,月,レタス,33400,兵　庫,28,101318,155,,
14613,2025,4,21,月,レタス,33400,長　崎,42,82176,76,,
14614,2025,4,21,月,レタス,33400,福　岡,40,58950,177,,
14615,2025,4,21,月,レタス,33400,香　川,37,34656,144,,
14616,2025,4,21,月,パセリ,33600,,,3229,930,81.9,100.8
14617,2025,4,21,月,パセリ,33600,千　葉,12,1001,856,,
14618,2025,4,21,月,パセリ,33600,静　岡,22,503,949,,
14619,2025,4,21,月,パセリ,33600,茨　城,8,501,581,,
14620,2025,4,21,月,パセリ,33600,香　川,37,383,918,,
14621,2025,4,21,月,パセリ,33600,福　岡,40,253,1099,,
14622,2025,4,21,月,きゅうり,34100,,,914024,290,171.8,94.5
14623,2025,4,21,月,きゅうり,34100,宮　崎,45,210135,289,,
14624,2025,4,21,月,きゅうり,34100,群　馬,10,128709,334,,
14625,2025,4,21,月,きゅうり,34100,埼　玉,11,96445,309,,
14626,2025,4,21,月,きゅうり,34100,高　知,39,89127,260,,
14627,2025,4,21,月,きゅうり,34100,佐　賀,41,67126,249,,
14628,2025,4,21,月,かぼちゃ,34200,,,196613,250,83.4,86.8
14629,2025,4,21,月,かぼちゃ,34200,宮　崎,45,17930,522,,
14630,2025,4,21,月,かぼちゃ,34200,沖　縄,47,4208,464,,
14631,2025,4,21,月,かぼちゃ,34200,熊　本,43,3779,500,,
14632,2025,4,21,月,かぼちゃ,34200,茨　城,8,2603,423,,
14633,2025,4,21,月,かぼちゃ,34200,高　知,39,2120,483,,
14634,2025,4,21,月,　　うち輸入,34201,,,162951,198,91.9,106.5
14635,2025,4,21,月,なす,34300,,,516138,373,164.5,99.2
14636,2025,4,21,月,なす,34300,高　知,39,212324,355,,
14637,2025,4,21,月,なす,34300,熊　本,43,115881,344,,
14638,2025,4,21,月,なす,34300,福　岡,40,101713,394,,
14639,2025,4,21,月,トマト,34400,,,771205,369,138.1,96.6
14640,2025,4,21,月,トマト,34400,熊　本,43,400239,341,,
14641,2025,4,21,月,トマト,34400,栃　木,9,119396,335,,
14642,2025,4,21,月,トマト,34400,愛　知,23,66794,436,,
14643,2025,4,21,月,トマト,34400,福　岡,40,58402,345,,
14644,2025,4,21,月,ミニトマト,34450,,,379177,519,158.6,95.2
14645,2025,4,21,月,ミニトマト,34450,熊　本,43,237100,444,,
14646,2025,4,21,月,ミニトマト,34450,愛　知,23,44982,702,,
14647,2025,4,21,月,ミニトマト,34450,宮　崎,45,36113,530,,
14648,2025,4,21,月,ピーマン,34500,,,404639,568,147.5,96.8
14649,2025,4,21,月,ピーマン,34500,宮　崎,45,123343,538,,
14650,2025,4,21,月,ピーマン,34500,鹿児島,46,101423,529,,
14651,2025,4,21,月,ピーマン,34500,茨　城,8,86223,683,,
14652,2025,4,21,月,ピーマン,34500,高　知,39,57670,560,,
14653,2025,4,21,月,ししとうがらし,34600,,,9301,1690,115.7,98.1
14654,2025,4,21,月,ししとうがらし,34600,高　知,39,7802,1667,,
14655,2025,4,21,月,スイートコーン,34700,,,6318,553,95.4,102.4
14656,2025,4,21,月,スイートコーン,34700,沖　縄,47,4265,450,,
14657,2025,4,21,月,スイートコーン,34700,熊　本,43,1030,657,,
14658,2025,4,21,月,さやいんげん,35100,,,20976,989,142.8,92.4
14659,2025,4,21,月,さやいんげん,35100,沖　縄,47,14107,806,,
14660,2025,4,21,月,さやいんげん,35100,鹿児島,46,3494,1298,,
14661,2025,4,21,月,さやえんどう,35200,,,32521,1091,118.8,105.1
14662,2025,4,21,月,さやえんどう,35200,熊　本,43,9558,1065,,
14663,2025,4,21,月,さやえんどう,35200,愛　知,23,4959,1209,,
14664,2025,4,21,月,さやえんどう,35200,鹿児島,46,4432,921,,
14665,2025,4,21,月,さやえんどう,35200,和歌山,30,3225,902,,
14666,2025,4,21,月,さやえんどう,35200,大　分,44,2223,1060,,
14667,2025,4,21,月,実えんどう,35300,,,26645,906,138.4,94.1
14668,2025,4,21,月,実えんどう,35300,和歌山,30,20594,873,,
14669,2025,4,21,月,実えんどう,35300,鹿児島,46,5869,1021,,
14670,2025,4,21,月,そらまめ,35400,,,35796,564,117.8,103.7
14671,2025,4,21,月,そらまめ,35400,鹿児島,46,29106,527,,
14672,2025,4,21,月,えだまめ,35500,,,2123,1530,100,97.2
14673,2025,4,21,月,えだまめ,35500,沖　縄,47,612,2180,,
14674,2025,4,21,月,えだまめ,35500,静　岡,22,544,2133,,
14675,2025,4,21,月,かんしょ,36100,,,292825,282,94.5,99.6
14676,2025,4,21,月,かんしょ,36100,茨　城,8,140815,269,,
14677,2025,4,21,月,かんしょ,36100,千　葉,12,71614,291,,
14678,2025,4,21,月,かんしょ,36100,大　分,44,38325,236,,
14679,2025,4,21,月,ばれいしょ,36200,,,939899,355,116.9,110.6
14680,2025,4,21,月,ばれいしょ,36200,鹿児島,46,669904,411,,
14681,2025,4,21,月,ばれいしょ,36200,北海道,1,223264,169,,
14682,2025,4,21,月,さといも,36300,,,23785,384,121.8,96.5
14683,2025,4,21,月,さといも,36300,埼　玉,11,12645,353,,
14684,2025,4,21,月,さといも,36300,愛　媛,38,4010,471,,
14685,2025,4,21,月,さといも,36300,千　葉,12,1727,370,,
14686,2025,4,21,月,さといも,36300,鹿児島,46,1468,482,,
14687,2025,4,21,月,やまのいも,36500,,,180272,397,128.9,95.4
14688,2025,4,21,月,やまのいも,36500,北海道,1,119770,373,,
14689,2025,4,21,月,やまのいも,36500,青　森,2,51183,421,,
14690,2025,4,21,月,たまねぎ,36610,,,1523424,163,125.4,100
14691,2025,4,21,月,たまねぎ,36610,北海道,1,891641,139,,
14692,2025,4,21,月,たまねぎ,36610,佐　賀,41,200440,205,,
14693,2025,4,21,月,たまねぎ,36610,長　崎,42,145690,206,,
14694,2025,4,21,月,　　うち輸入,36620,,,48506,135,112.1,110.7
14695,2025,4,21,月,にんにく,36700,,,19668,1609,119.9,120.5
14696,2025,4,21,月,にんにく,36700,青　森,2,10675,2364,,
14697,2025,4,21,月,にんにく,36700,鹿児島,46,628,1062,,
14698,2025,4,21,月,にんにく,36700,香　川,37,504,1491,,
14699,2025,4,21,月,にんにく,36700,沖　縄,47,496,918,,
14700,2025,4,21,月,にんにく,36700,和歌山,30,290,1389,,
14701,2025,4,21,月,　　うち輸入,36701,,,7069,564,88.5,111
14702,2025,4,21,月,しょうが,37200,,,31209,1077,88.8,97.4
14703,2025,4,21,月,しょうが,37200,高　知,39,20403,1144,,
14704,2025,4,21,月,しょうが,37200,静　岡,22,1764,1226,,
14705,2025,4,21,月,しょうが,37200,熊　本,43,1692,1257,,
14706,2025,4,21,月,しょうが,37200,長　崎,42,981,1023,,
14707,2025,4,21,月,しょうが,37200,佐　賀,41,710,1139,,
14708,2025,4,21,月,　　うち輸入,37201,,,4409,570,85.1,103.4
14709,2025,4,21,月,生しいたけ,38100,,,59333,957,95.8,99.6
14710,2025,4,21,月,生しいたけ,38100,徳　島,36,10926,958,,
14711,2025,4,21,月,生しいたけ,38100,秋　田,5,9710,1124,,
14712,2025,4,21,月,生しいたけ,38100,長　崎,42,5436,829,,
14713,2025,4,21,月,生しいたけ,38100,千　葉,12,3728,710,,
14714,2025,4,21,月,生しいたけ,38100,大　分,44,3430,700,,
14715,2025,4,21,月,　　うち輸入,38101,,,1041,786,59,98.9
14716,2025,4,21,月,なめこ,38300,,,22564,458,90.1,99.8
14717,2025,4,21,月,なめこ,38300,長　野,20,6967,438,,
14718,2025,4,21,月,なめこ,38300,山　形,6,3361,506,,
14719,2025,4,21,月,なめこ,38300,三　重,24,2549,594,,
14720,2025,4,21,月,なめこ,38300,新　潟,15,1929,290,,
14721,2025,4,21,月,なめこ,38300,大　分,44,1744,475,,
14722,2025,4,21,月,えのきだけ,38400,,,132227,318,99.6,102.6
14723,2025,4,21,月,えのきだけ,38400,長　野,20,85307,323,,
14724,2025,4,21,月,えのきだけ,38400,新　潟,15,18105,313,,
14725,2025,4,21,月,えのきだけ,38400,宮　崎,45,8844,304,,
14726,2025,4,21,月,しめじ,38500,,,74933,460,83.6,96.2
14727,2025,4,21,月,しめじ,38500,長　野,20,48525,420,,
14728,2025,4,21,月,しめじ,38500,福　岡,40,12186,469,,
14729,2025,4,21,月,その他の野菜,39000,,,275669,984,108.7,97.8
14730,2025,4,21,月,輸入野菜計,39100,,,319492,253,101.7,103.7
14731,2025,4,21,月,他の輸入野菜,39200,,,93428,335,123.3,99.7
14732,2025,4,28,月,野菜総計,30000,,,16176092,280,127.5,102.2
14733,2025,4,28,月,野菜総計,30000,茨　城,8,2308338,187,,
14734,2025,4,28,月,野菜総計,30000,北海道,1,1311801,213,,
14735,2025,4,28,月,野菜総計,30000,愛　知,23,1240173,231,,
14736,2025,4,28,月,野菜総計,30000,鹿児島,46,1072502,346,,
14737,2025,4,28,月,野菜総計,30000,千　葉,12,1054266,196,,
14738,2025,4,28,月,野菜総計,30000,熊　本,43,988416,367,,
14739,2025,4,28,月,野菜総計,30000,徳　島,36,987616,274,,
14740,2025,4,28,月,だいこん,30100,,,1111517,104,120.1,97.2
14741,2025,4,28,月,だいこん,30100,千　葉,12,514765,114,,
14742,2025,4,28,月,だいこん,30100,茨　城,8,137551,114,,
14743,2025,4,28,月,だいこん,30100,長　崎,42,114309,94,,
14744,2025,4,28,月,だいこん,30100,香　川,37,93640,90,,
14745,2025,4,28,月,だいこん,30100,鹿児島,46,92034,72,,
14746,2025,4,28,月,かぶ,30200,,,72940,158,99.9,102.6
14747,2025,4,28,月,かぶ,30200,千　葉,12,46062,155,,
14748,2025,4,28,月,かぶ,30200,埼　玉,11,13485,135,,
14749,2025,4,28,月,にんじん,30300,,,1138407,233,163.3,95.5
14750,2025,4,28,月,にんじん,30300,徳　島,36,860982,246,,
14751,2025,4,28,月,にんじん,30300,長　崎,42,161830,196,,
14752,2025,4,28,月,ごぼう,30400,,,73259,539,82.2,104.7
14753,2025,4,28,月,ごぼう,30400,青　森,2,37457,507,,
14754,2025,4,28,月,ごぼう,30400,熊　本,43,16317,734,,
14755,2025,4,28,月,ごぼう,30400,北海道,1,8612,244,,
14756,2025,4,28,月,たけのこ,30500,,,76901,458,148.6,86.9
14757,2025,4,28,月,たけのこ,30500,福　岡,40,14937,282,,
14758,2025,4,28,月,たけのこ,30500,香　川,37,12539,181,,
14759,2025,4,28,月,たけのこ,30500,京　都,26,7719,832,,
14760,2025,4,28,月,たけのこ,30500,千　葉,12,6984,338,,
14761,2025,4,28,月,たけのこ,30500,石　川,17,6867,1091,,
14762,2025,4,28,月,れんこん,30600,,,52381,593,97.4,107.6
14763,2025,4,28,月,れんこん,30600,茨　城,8,23774,704,,
14764,2025,4,28,月,れんこん,30600,佐　賀,41,9237,382,,
14765,2025,4,28,月,れんこん,30600,徳　島,36,8569,522,,
14766,2025,4,28,月,れんこん,30600,愛　知,23,5603,454,,
14767,2025,4,28,月,はくさい,31100,,,1562196,72,122,79.1
14768,2025,4,28,月,はくさい,31100,茨　城,8,1159722,76,,
14769,2025,4,28,月,はくさい,31100,宮　崎,45,188700,48,,
14770,2025,4,28,月,みずな,31300,,,58743,296,116.2,104.2
14771,2025,4,28,月,みずな,31300,茨　城,8,41089,276,,
14772,2025,4,28,月,みずな,31300,福　岡,40,10481,250,,
14773,2025,4,28,月,こまつな,31500,,,190426,269,125,99.3
14774,2025,4,28,月,こまつな,31500,茨　城,8,89272,272,,
14775,2025,4,28,月,こまつな,31500,福　岡,40,51964,226,,
14776,2025,4,28,月,こまつな,31500,埼　玉,11,9078,288,,
14777,2025,4,28,月,こまつな,31500,広　島,34,6962,273,,
14778,2025,4,28,月,その他の菜類,31550,,,4000,390,152.1,90.5
14779,2025,4,28,月,ちんげんさい,31560,,,49365,340,106.6,102.4
14780,2025,4,28,月,ちんげんさい,31560,茨　城,8,17351,321,,
14781,2025,4,28,月,ちんげんさい,31560,静　岡,22,11093,376,,
14782,2025,4,28,月,ちんげんさい,31560,福　岡,40,5825,352,,
14783,2025,4,28,月,ちんげんさい,31560,愛　知,23,4194,281,,
14784,2025,4,28,月,ちんげんさい,31560,宮　城,4,1353,352,,
14785,2025,4,28,月,キャベツ,31700,,,2059921,106,113.6,99.1
14786,2025,4,28,月,キャベツ,31700,愛　知,23,788723,100,,
14787,2025,4,28,月,キャベツ,31700,神奈川,14,566848,108,,
14788,2025,4,28,月,キャベツ,31700,千　葉,12,198559,129,,
14789,2025,4,28,月,キャベツ,31700,鹿児島,46,119264,100,,
14790,2025,4,28,月,ほうれんそう,31800,,,205730,445,154.3,95.5
14791,2025,4,28,月,ほうれんそう,31800,茨　城,8,65678,400,,
14792,2025,4,28,月,ほうれんそう,31800,群　馬,10,50733,420,,
14793,2025,4,28,月,ほうれんそう,31800,岐　阜,21,31687,561,,
14794,2025,4,28,月,ほうれんそう,31800,福　岡,40,23498,393,,
14795,2025,4,28,月,ねぎ,31900,,,393951,459,126,99.1
14796,2025,4,28,月,ねぎ,31900,茨　城,8,87872,434,,
14797,2025,4,28,月,ねぎ,31900,千　葉,12,57648,439,,
14798,2025,4,28,月,ねぎ,31900,大　分,44,56045,454,,
14799,2025,4,28,月,ねぎ,31900,埼　玉,11,48512,460,,
14800,2025,4,28,月,ねぎ,31900,群　馬,10,23309,378,,
14801,2025,4,28,月,ふき,32300,,,17086,495,119.4,95.9
14802,2025,4,28,月,ふき,32300,愛　知,23,9165,404,,
14803,2025,4,28,月,ふき,32300,群　馬,10,2704,374,,
14804,2025,4,28,月,ふき,32300,福　岡,40,1032,485,,
14805,2025,4,28,月,ふき,32300,愛　媛,38,678,991,,
14806,2025,4,28,月,ふき,32300,徳　島,36,657,776,,
14807,2025,4,28,月,うど,32400,,,4062,745,129.3,92.9
14808,2025,4,28,月,うど,32400,栃　木,9,2125,820,,
14809,2025,4,28,月,うど,32400,群　馬,10,1391,604,,
14810,2025,4,28,月,みつば,32500,,,16177,524,98.9,108
14811,2025,4,28,月,みつば,32500,静　岡,22,3144,541,,
14812,2025,4,28,月,みつば,32500,千　葉,12,2411,336,,
14813,2025,4,28,月,みつば,32500,大　分,44,2172,579,,
14814,2025,4,28,月,みつば,32500,愛　知,23,2143,523,,
14815,2025,4,28,月,みつば,32500,茨　城,8,1597,495,,
14816,2025,4,28,月,しゅんぎく,32600,,,10165,687,113.8,100.9
14817,2025,4,28,月,しゅんぎく,32600,福　岡,40,3994,495,,
14818,2025,4,28,月,しゅんぎく,32600,茨　城,8,1302,746,,
14819,2025,4,28,月,しゅんぎく,32600,大　阪,27,1092,452,,
14820,2025,4,28,月,しゅんぎく,32600,宮　城,4,837,987,,
14821,2025,4,28,月,しゅんぎく,32600,千　葉,12,738,1004,,
14822,2025,4,28,月,にら,32800,,,107878,528,107.8,95.5
14823,2025,4,28,月,にら,32800,高　知,39,36628,513,,
14824,2025,4,28,月,にら,32800,栃　木,9,16597,650,,
14825,2025,4,28,月,にら,32800,大　分,44,13495,442,,
14826,2025,4,28,月,にら,32800,茨　城,8,12920,479,,
14827,2025,4,28,月,にら,32800,宮　崎,45,9480,402,,
14828,2025,4,28,月,セルリー,32900,,,56839,335,107.5,104.4
14829,2025,4,28,月,セルリー,32900,静　岡,22,25714,339,,
14830,2025,4,28,月,セルリー,32900,福　岡,40,20798,330,,
14831,2025,4,28,月,アスパラガス,33100,,,49999,1982,134,101.7
14832,2025,4,28,月,アスパラガス,33100,栃　木,9,12952,1846,,
14833,2025,4,28,月,アスパラガス,33100,長　野,20,5250,2020,,
14834,2025,4,28,月,アスパラガス,33100,熊　本,43,5182,2026,,
14835,2025,4,28,月,アスパラガス,33100,北海道,1,4700,2562,,
14836,2025,4,28,月,アスパラガス,33100,福　島,7,3644,1975,,
14837,2025,4,28,月,　　うち輸入,33101,,,2684,1653,156.1,111.6
14838,2025,4,28,月,カリフラワー,33200,,,22049,256,124.6,100.4
14839,2025,4,28,月,カリフラワー,33200,茨　城,8,11232,258,,
14840,2025,4,28,月,カリフラワー,33200,徳　島,36,4084,285,,
14841,2025,4,28,月,カリフラワー,33200,熊　本,43,3425,207,,
14842,2025,4,28,月,ブロッコリー,33300,,,369789,416,133.7,94.5
14843,2025,4,28,月,ブロッコリー,33300,香　川,37,100607,472,,
14844,2025,4,28,月,ブロッコリー,33300,熊　本,43,80178,417,,
14845,2025,4,28,月,ブロッコリー,33300,埼　玉,11,65233,356,,
14846,2025,4,28,月,ブロッコリー,33300,長　崎,42,47135,404,,
14847,2025,4,28,月,ブロッコリー,33300,徳　島,36,26346,457,,
14848,2025,4,28,月,レタス,33400,,,917332,142,108.8,102.9
14849,2025,4,28,月,レタス,33400,茨　城,8,284149,141,,
14850,2025,4,28,月,レタス,33400,長　野,20,116033,201,,
14851,2025,4,28,月,レタス,33400,兵　庫,28,98977,147,,
14852,2025,4,28,月,レタス,33400,群　馬,10,98374,105,,
14853,2025,4,28,月,レタス,33400,長　崎,42,88985,74,,
14854,2025,4,28,月,パセリ,33600,,,3913,1164,122.1,105.1
14855,2025,4,28,月,パセリ,33600,千　葉,12,1310,968,,
14856,2025,4,28,月,パセリ,33600,静　岡,22,568,1223,,
14857,2025,4,28,月,パセリ,33600,茨　城,8,431,811,,
14858,2025,4,28,月,パセリ,33600,香　川,37,425,1028,,
14859,2025,4,28,月,パセリ,33600,福　岡,40,387,1186,,
14860,2025,4,28,月,きゅうり,34100,,,850455,271,143.2,97.5
14861,2025,4,28,月,きゅうり,34100,宮　崎,45,173902,273,,
14862,2025,4,28,月,きゅうり,34100,群　馬,10,144994,300,,
14863,2025,4,28,月,きゅうり,34100,埼　玉,11,89213,281,,
14864,2025,4,28,月,きゅうり,34100,高　知,39,87897,238,,
14865,2025,4,28,月,きゅうり,34100,佐　賀,41,62888,235,,
14866,2025,4,28,月,かぼちゃ,34200,,,313169,253,115.9,111.5
14867,2025,4,28,月,かぼちゃ,34200,沖　縄,47,20256,602,,
14868,2025,4,28,月,かぼちゃ,34200,宮　崎,45,17710,499,,
14869,2025,4,28,月,かぼちゃ,34200,熊　本,43,4758,495,,
14870,2025,4,28,月,かぼちゃ,34200,茨　城,8,2750,389,,
14871,2025,4,28,月,かぼちゃ,34200,高　知,39,2702,465,,
14872,2025,4,28,月,　　うち輸入,34201,,,261147,197,110.5,104.8
14873,2025,4,28,月,なす,34300,,,526765,350,148.2,97.5
14874,2025,4,28,月,なす,34300,高　知,39,270530,317,,
14875,2025,4,28,月,なす,34300,福　岡,40,90852,378,,
14876,2025,4,28,月,なす,34300,熊　本,43,78947,351,,
14877,2025,4,28,月,トマト,34400,,,903582,364,144.7,97.6
14878,2025,4,28,月,トマト,34400,熊　本,43,435327,334,,
14879,2025,4,28,月,トマト,34400,栃　木,9,130689,327,,
14880,2025,4,28,月,トマト,34400,愛　知,23,93831,410,,
14881,2025,4,28,月,トマト,34400,福　岡,40,69706,344,,
14882,2025,4,28,月,ミニトマト,34450,,,335171,544,154.3,99.5
14883,2025,4,28,月,ミニトマト,34450,熊　本,43,178574,460,,
14884,2025,4,28,月,ミニトマト,34450,愛　知,23,52013,674,,
14885,2025,4,28,月,ミニトマト,34450,宮　崎,45,42178,523,,
14886,2025,4,28,月,ピーマン,34500,,,416406,553,148.4,100
14887,2025,4,28,月,ピーマン,34500,宮　崎,45,134846,518,,
14888,2025,4,28,月,ピーマン,34500,茨　城,8,105025,653,,
14889,2025,4,28,月,ピーマン,34500,鹿児島,46,73951,500,,
14890,2025,4,28,月,ピーマン,34500,高　知,39,63408,538,,
14891,2025,4,28,月,ししとうがらし,34600,,,10970,1709,113.2,100.8
14892,2025,4,28,月,ししとうがらし,34600,高　知,39,9176,1620,,
14893,2025,4,28,月,スイートコーン,34700,,,24178,616,222.3,99.5
14894,2025,4,28,月,スイートコーン,34700,沖　縄,47,8874,452,,
14895,2025,4,28,月,スイートコーン,34700,宮　崎,45,8221,747,,
14896,2025,4,28,月,スイートコーン,34700,長　崎,42,5250,638,,
14897,2025,4,28,月,さやいんげん,35100,,,19709,1042,121.6,100.8
14898,2025,4,28,月,さやいんげん,35100,沖　縄,47,9986,813,,
14899,2025,4,28,月,さやいんげん,35100,鹿児島,46,4745,1150,,
14900,2025,4,28,月,さやいんげん,35100,千　葉,12,2066,1530,,
14901,2025,4,28,月,さやえんどう,35200,,,32124,1106,116.3,102
14902,2025,4,28,月,さやえんどう,35200,熊　本,43,8920,1050,,
14903,2025,4,28,月,さやえんどう,35200,愛　知,23,4738,1192,,
14904,2025,4,28,月,さやえんどう,35200,鹿児島,46,2698,927,,
14905,2025,4,28,月,さやえんどう,35200,長　崎,42,2340,1127,,
14906,2025,4,28,月,さやえんどう,35200,徳　島,36,2046,1344,,
14907,2025,4,28,月,　　うち輸入,35201,,,1550,767,418.9,77.2
14908,2025,4,28,月,実えんどう,35300,,,24633,872,131.3,104.8
14909,2025,4,28,月,実えんどう,35300,和歌山,30,19419,823,,
14910,2025,4,28,月,実えんどう,35300,鹿児島,46,4629,1058,,
14911,2025,4,28,月,そらまめ,35400,,,42038,637,193,101.4
14912,2025,4,28,月,そらまめ,35400,鹿児島,46,23474,576,,
14913,2025,4,28,月,そらまめ,35400,長　崎,42,9156,710,,
14914,2025,4,28,月,そらまめ,35400,和歌山,30,2292,579,,
14915,2025,4,28,月,えだまめ,35500,,,3257,1958,88.5,112.3
14916,2025,4,28,月,えだまめ,35500,沖　縄,47,1782,1950,,
14917,2025,4,28,月,えだまめ,35500,静　岡,22,746,1996,,
14918,2025,4,28,月,えだまめ,35500,岐　阜,21,252,2899,,
14919,2025,4,28,月,かんしょ,36100,,,284187,293,124.8,98.3
14920,2025,4,28,月,かんしょ,36100,茨　城,8,121660,288,,
14921,2025,4,28,月,かんしょ,36100,千　葉,12,81807,299,,
14922,2025,4,28,月,かんしょ,36100,徳　島,36,32335,363,,
14923,2025,4,28,月,ばれいしょ,36200,,,899993,377,126.2,113.9
14924,2025,4,28,月,ばれいしょ,36200,鹿児島,46,592793,412,,
14925,2025,4,28,月,ばれいしょ,36200,北海道,1,175486,225,,
14926,2025,4,28,月,さといも,36300,,,24321,360,129.3,92.1
14927,2025,4,28,月,さといも,36300,埼　玉,11,15770,337,,
14928,2025,4,28,月,さといも,36300,愛　媛,38,2785,465,,
14929,2025,4,28,月,さといも,36300,千　葉,12,2333,403,,
14930,2025,4,28,月,やまのいも,36500,,,240275,428,185.2,100.7
14931,2025,4,28,月,やまのいも,36500,北海道,1,153015,410,,
14932,2025,4,28,月,やまのいも,36500,青　森,2,79843,437,,
14933,2025,4,28,月,たまねぎ,36610,,,1866752,175,130.6,99.4
14934,2025,4,28,月,たまねぎ,36610,北海道,1,859123,142,,
14935,2025,4,28,月,たまねぎ,36610,佐　賀,41,505774,211,,
14936,2025,4,28,月,たまねぎ,36610,長　崎,42,141334,210,,
14937,2025,4,28,月,　　うち輸入,36620,,,55886,137,111.7,109.6
14938,2025,4,28,月,にんにく,36700,,,22964,1230,113.2,89.7
14939,2025,4,28,月,にんにく,36700,青　森,2,7871,2296,,
14940,2025,4,28,月,にんにく,36700,和歌山,30,1330,1502,,
14941,2025,4,28,月,にんにく,36700,香　川,37,651,1461,,
14942,2025,4,28,月,にんにく,36700,鹿児島,46,620,934,,
14943,2025,4,28,月,にんにく,36700,沖　縄,47,285,696,,
14944,2025,4,28,月,　　うち輸入,36701,,,11890,509,117.9,100.8
14945,2025,4,28,月,しょうが,37200,,,52524,1047,142.2,95.8
14946,2025,4,28,月,しょうが,37200,高　知,39,35284,1114,,
14947,2025,4,28,月,しょうが,37200,長　崎,42,4046,942,,
14948,2025,4,28,月,しょうが,37200,静　岡,22,2382,1234,,
14949,2025,4,28,月,しょうが,37200,熊　本,43,1482,1262,,
14950,2025,4,28,月,　　うち輸入,37201,,,6767,558,148.7,98.4
14951,2025,4,28,月,生しいたけ,38100,,,76575,957,111.3,102.1
14952,2025,4,28,月,生しいたけ,38100,徳　島,36,14023,937,,
14953,2025,4,28,月,生しいたけ,38100,秋　田,5,12414,1082,,
14954,2025,4,28,月,生しいたけ,38100,長　崎,42,6256,952,,
14955,2025,4,28,月,生しいたけ,38100,岩　手,3,6058,943,,
14956,2025,4,28,月,生しいたけ,38100,兵　庫,28,4549,1020,,
14957,2025,4,28,月,　　うち輸入,38101,,,1702,708,107.8,87.2
14958,2025,4,28,月,なめこ,38300,,,27236,473,111.3,101.5
14959,2025,4,28,月,なめこ,38300,長　野,20,8700,453,,
14960,2025,4,28,月,なめこ,38300,山　形,6,3953,511,,
14961,2025,4,28,月,なめこ,38300,三　重,24,2795,588,,
14962,2025,4,28,月,なめこ,38300,大　分,44,2351,507,,
14963,2025,4,28,月,なめこ,38300,新　潟,15,1999,336,,
14964,2025,4,28,月,えのきだけ,38400,,,143158,329,115.4,101.9
14965,2025,4,28,月,えのきだけ,38400,長　野,20,91588,338,,
14966,2025,4,28,月,えのきだけ,38400,新　潟,15,19109,331,,
14967,2025,4,28,月,えのきだけ,38400,宮　崎,45,9729,311,,
14968,2025,4,28,月,しめじ,38500,,,89675,471,98.2,102.8
14969,2025,4,28,月,しめじ,38500,長　野,20,52802,434,,
14970,2025,4,28,月,しめじ,38500,福　岡,40,15412,476,,
14971,2025,4,28,月,しめじ,38500,茨　城,8,7175,345,,
14972,2025,4,28,月,その他の野菜,39000,,,321047,1055,107,110.7
14973,2025,4,28,月,輸入野菜計,39100,,,454839,247,112.4,107.9
14974,2025,4,28,月,他の輸入野菜,39200,,,113217,323,113.2,107.3