id,vegetable_id,price,market,date,created_at,updated_at
1,1,72,主要卸売市場計,2024-01-08,2025-05-11 10:55:24 +0900,2025-05-11 10:55:24 +0900
2,2,133,主要卸売市場計,2024-01-08,2025-05-11 10:55:24 +0900,2025-05-11 10:55:24 +0900
3,3,126,主要卸売市場計,2024-01-08,2025-05-11 10:55:24 +0900,2025-05-11 10:55:24 +0900
4,4,396,主要卸売市場計,2024-01-08,2025-05-11 10:55:24 +0900,2025-05-11 10:55:24 +0900
5,5,1774,主要卸売市場計,2024-01-08,2025-05-11 10:55:24 +0900,2025-05-11 10:55:24 +0900
6,6,370,主要卸売市場計,2024-01-08,2025-05-11 10:55:24 +0900,2025-05-11 10:55:24 +0900
7,7,61,主要卸売市場計,2024-01-08,2025-05-11 10:55:24 +0900,2025-05-11 10:55:24 +0900
8,8,402,主要卸売市場計,2024-01-08,2025-05-11 10:55:24 +0900,2025-05-11 10:55:24 +0900
9,9,313,主要卸売市場計,2024-01-08,2025-05-11 10:55:24 +0900,2025-05-11 10:55:24 +0900
10,10,294,主要卸売市場計,2024-01-08,2025-05-11 10:55:24 +0900,2025-05-11 10:55:24 +0900
11,11,76,主要卸売市場計,2024-01-08,2025-05-11 10:55:24 +0900,2025-05-11 10:55:24 +0900
12,12,442,主要卸売市場計,2024-01-08,2025-05-11 10:55:24 +0900,2025-05-11 10:55:24 +0900
13,13,435,主要卸売市場計,2024-01-08,2025-05-11 10:55:24 +0900,2025-05-11 10:55:24 +0900
14,14,379,主要卸売市場計,2024-01-08,2025-05-11 10:55:24 +0900,2025-05-11 10:55:24 +0900
15,15,681,主要卸売市場計,2024-01-08,2025-05-11 10:55:24 +0900,2025-05-11 10:55:24 +0900
16,16,949,主要卸売市場計,2024-01-08,2025-05-11 10:55:24 +0900,2025-05-11 10:55:24 +0900
17,17,649,主要卸売市場計,2024-01-08,2025-05-11 10:55:24 +0900,2025-05-11 10:55:24 +0900
18,18,846,主要卸売市場計,2024-01-08,2025-05-11 10:55:24 +0900,2025-05-11 10:55:24 +0900
19,19,236,主要卸売市場計,2024-01-08,2025-05-11 10:55:24 +0900,2025-05-11 10:55:24 +0900
20,20,2614,主要卸売市場計,2024-01-08,2025-05-11 10:55:24 +0900,2025-05-11 10:55:24 +0900
21,21,187,主要卸売市場計,2024-01-08,2025-05-11 10:55:24 +0900,2025-05-11 10:55:24 +0900
22,22,265,主要卸売市場計,2024-01-08,2025-05-11 10:55:24 +0900,2025-05-11 10:55:24 +0900
23,23,263,主要卸売市場計,2024-01-08,2025-05-11 10:55:24 +0900,2025-05-11 10:55:24 +0900
24,24,1414,主要卸売市場計,2024-01-08,2025-05-11 10:55:24 +0900,2025-05-11 10:55:24 +0900
25,25,392,主要卸売市場計,2024-01-08,2025-05-11 10:55:24 +0900,2025-05-11 10:55:24 +0900
26,26,207,主要卸売市場計,2024-01-08,2025-05-11 10:55:24 +0900,2025-05-11 10:55:24 +0900
27,27,376,主要卸売市場計,2024-01-08,2025-05-11 10:55:24 +0900,2025-05-11 10:55:24 +0900
28,28,250,主要卸売市場計,2024-01-08,2025-05-11 10:55:24 +0900,2025-05-11 10:55:24 +0900
29,29,395,主要卸売市場計,2024-01-08,2025-05-11 10:55:24 +0900,2025-05-11 10:55:24 +0900
30,30,482,主要卸売市場計,2024-01-08,2025-05-11 10:55:24 +0900,2025-05-11 10:55:24 +0900
31,33,946,主要卸売市場計,2024-01-08,2025-05-11 10:55:24 +0900,2025-05-11 10:55:24 +0900
32,34,871,主要卸売市場計,2024-01-08,2025-05-11 10:55:24 +0900,2025-05-11 10:55:24 +0900
33,35,717,主要卸売市場計,2024-01-08,2025-05-11 10:55:24 +0900,2025-05-11 10:55:24 +0900
34,36,581,主要卸売市場計,2024-01-08,2025-05-11 10:55:24 +0900,2025-05-11 10:55:24 +0900
35,37,1411,主要卸売市場計,2024-01-08,2025-05-11 10:55:24 +0900,2025-05-11 10:55:24 +0900
36,38,264,主要卸売市場計,2024-01-08,2025-05-11 10:55:24 +0900,2025-05-11 10:55:24 +0900
37,39,139,主要卸売市場計,2024-01-08,2025-05-11 10:55:24 +0900,2025-05-11 10:55:24 +0900
38,40,387,主要卸売市場計,2024-01-08,2025-05-11 10:55:24 +0900,2025-05-11 10:55:24 +0900
39,41,388,主要卸売市場計,2024-01-08,2025-05-11 10:55:24 +0900,2025-05-11 10:55:24 +0900
40,42,212,主要卸売市場計,2024-01-08,2025-05-11 10:55:24 +0900,2025-05-11 10:55:24 +0900
41,43,1080,主要卸売市場計,2024-01-08,2025-05-11 10:55:24 +0900,2025-05-11 10:55:24 +0900
42,44,595,主要卸売市場計,2024-01-08,2025-05-11 10:55:24 +0900,2025-05-11 10:55:24 +0900
43,45,1122,主要卸売市場計,2024-01-08,2025-05-11 10:55:24 +0900,2025-05-11 10:55:24 +0900
44,46,465,主要卸売市場計,2024-01-08,2025-05-11 10:55:24 +0900,2025-05-11 10:55:24 +0900
45,47,437,主要卸売市場計,2024-01-08,2025-05-11 10:55:24 +0900,2025-05-11 10:55:24 +0900
46,48,535,主要卸売市場計,2024-01-08,2025-05-11 10:55:24 +0900,2025-05-11 10:55:24 +0900
47,1,67,主要卸売市場計,2024-01-15,2025-05-11 10:55:24 +0900,2025-05-11 10:55:24 +0900
48,2,112,主要卸売市場計,2024-01-15,2025-05-11 10:55:24 +0900,2025-05-11 10:55:24 +0900
49,3,114,主要卸売市場計,2024-01-15,2025-05-11 10:55:24 +0900,2025-05-11 10:55:24 +0900
50,4,345,主要卸売市場計,2024-01-15,2025-05-11 10:55:24 +0900,2025-05-11 10:55:24 +0900
51,5,1757,主要卸売市場計,2024-01-15,2025-05-11 10:55:24 +0900,2025-05-11 10:55:24 +0900
52,6,346,主要卸売市場計,2024-01-15,2025-05-11 10:55:24 +0900,2025-05-11 10:55:24 +0900
53,7,56,主要卸売市場計,2024-01-15,2025-05-11 10:55:24 +0900,2025-05-11 10:55:24 +0900
54,8,335,主要卸売市場計,2024-01-15,2025-05-11 10:55:24 +0900,2025-05-11 10:55:24 +0900
55,9,294,主要卸売市場計,2024-01-15,2025-05-11 10:55:24 +0900,2025-05-11 10:55:24 +0900
56,10,300,主要卸売市場計,2024-01-15,2025-05-11 10:55:24 +0900,2025-05-11 10:55:24 +0900
57,11,75,主要卸売市場計,2024-01-15,2025-05-11 10:55:24 +0900,2025-05-11 10:55:24 +0900
58,12,438,主要卸売市場計,2024-01-15,2025-05-11 10:55:24 +0900,2025-05-11 10:55:24 +0900
59,13,360,主要卸売市場計,2024-01-15,2025-05-11 10:55:24 +0900,2025-05-11 10:55:24 +0900
60,14,405,主要卸売市場計,2024-01-15,2025-05-11 10:55:24 +0900,2025-05-11 10:55:24 +0900
61,15,770,主要卸売市場計,2024-01-15,2025-05-11 10:55:24 +0900,2025-05-11 10:55:24 +0900
62,16,1083,主要卸売市場計,2024-01-15,2025-05-11 10:55:24 +0900,2025-05-11 10:55:24 +0900
63,17,496,主要卸売市場計,2024-01-15,2025-05-11 10:55:24 +0900,2025-05-11 10:55:24 +0900
64,18,845,主要卸売市場計,2024-01-15,2025-05-11 10:55:24 +0900,2025-05-11 10:55:24 +0900
65,19,236,主要卸売市場計,2024-01-15,2025-05-11 10:55:24 +0900,2025-05-11 10:55:24 +0900
66,20,2742,主要卸売市場計,2024-01-15,2025-05-11 10:55:24 +0900,2025-05-11 10:55:24 +0900
67,21,193,主要卸売市場計,2024-01-15,2025-05-11 10:55:24 +0900,2025-05-11 10:55:24 +0900
68,22,332,主要卸売市場計,2024-01-15,2025-05-11 10:55:24 +0900,2025-05-11 10:55:24 +0900
69,23,213,主要卸売市場計,2024-01-15,2025-05-11 10:55:24 +0900,2025-05-11 10:55:24 +0900
70,24,1121,主要卸売市場計,2024-01-15,2025-05-11 10:55:24 +0900,2025-05-11 10:55:24 +0900
71,25,442,主要卸売市場計,2024-01-15,2025-05-11 10:55:24 +0900,2025-05-11 10:55:24 +0900
72,26,237,主要卸売市場計,2024-01-15,2025-05-11 10:55:24 +0900,2025-05-11 10:55:24 +0900
73,27,455,主要卸売市場計,2024-01-15,2025-05-11 10:55:24 +0900,2025-05-11 10:55:24 +0900
74,28,293,主要卸売市場計,2024-01-15,2025-05-11 10:55:24 +0900,2025-05-11 10:55:24 +0900
75,29,424,主要卸売市場計,2024-01-15,2025-05-11 10:55:24 +0900,2025-05-11 10:55:24 +0900
76,30,629,主要卸売市場計,2024-01-15,2025-05-11 10:55:24 +0900,2025-05-11 10:55:24 +0900
77,33,988,主要卸売市場計,2024-01-15,2025-05-11 10:55:24 +0900,2025-05-11 10:55:24 +0900
78,34,879,主要卸売市場計,2024-01-15,2025-05-11 10:55:24 +0900,2025-05-11 10:55:24 +0900
79,35,667,主要卸売市場計,2024-01-15,2025-05-11 10:55:24 +0900,2025-05-11 10:55:24 +0900
80,36,580,主要卸売市場計,2024-01-15,2025-05-11 10:55:24 +0900,2025-05-11 10:55:24 +0900
81,37,2234,主要卸売市場計,2024-01-15,2025-05-11 10:55:24 +0900,2025-05-11 10:55:24 +0900
82,38,254,主要卸売市場計,2024-01-15,2025-05-11 10:55:24 +0900,2025-05-11 10:55:24 +0900
83,39,133,主要卸売市場計,2024-01-15,2025-05-11 10:55:24 +0900,2025-05-11 10:55:24 +0900
84,40,375,主要卸売市場計,2024-01-15,2025-05-11 10:55:24 +0900,2025-05-11 10:55:24 +0900
85,41,363,主要卸売市場計,2024-01-15,2025-05-11 10:55:24 +0900,2025-05-11 10:55:24 +0900
86,42,197,主要卸売市場計,2024-01-15,2025-05-11 10:55:24 +0900,2025-05-11 10:55:24 +0900
87,43,1012,主要卸売市場計,2024-01-15,2025-05-11 10:55:24 +0900,2025-05-11 10:55:24 +0900
88,44,591,主要卸売市場計,2024-01-15,2025-05-11 10:55:24 +0900,2025-05-11 10:55:24 +0900
89,45,1078,主要卸売市場計,2024-01-15,2025-05-11 10:55:24 +0900,2025-05-11 10:55:24 +0900
90,46,450,主要卸売市場計,2024-01-15,2025-05-11 10:55:24 +0900,2025-05-11 10:55:24 +0900
91,47,394,主要卸売市場計,2024-01-15,2025-05-11 10:55:24 +0900,2025-05-11 10:55:24 +0900
92,48,521,主要卸売市場計,2024-01-15,2025-05-11 10:55:24 +0900,2025-05-11 10:55:24 +0900
93,1,83,主要卸売市場計,2024-01-22,2025-05-11 10:55:24 +0900,2025-05-11 10:55:24 +0900
94,2,124,主要卸売市場計,2024-01-22,2025-05-11 10:55:24 +0900,2025-05-11 10:55:24 +0900
95,3,108,主要卸売市場計,2024-01-22,2025-05-11 10:55:24 +0900,2025-05-11 10:55:24 +0900
96,4,323,主要卸売市場計,2024-01-22,2025-05-11 10:55:24 +0900,2025-05-11 10:55:24 +0900
97,5,1684,主要卸売市場計,2024-01-22,2025-05-11 10:55:24 +0900,2025-05-11 10:55:24 +0900
98,6,365,主要卸売市場計,2024-01-22,2025-05-11 10:55:24 +0900,2025-05-11 10:55:24 +0900
99,7,59,主要卸売市場計,2024-01-22,2025-05-11 10:55:24 +0900,2025-05-11 10:55:24 +0900
100,8,365,主要卸売市場計,2024-01-22,2025-05-11 10:55:24 +0900,2025-05-11 10:55:24 +0900
101,9,356,主要卸売市場計,2024-01-22,2025-05-11 10:55:24 +0900,2025-05-11 10:55:24 +0900
102,10,327,主要卸売市場計,2024-01-22,2025-05-11 10:55:24 +0900,2025-05-11 10:55:24 +0900
103,11,89,主要卸売市場計,2024-01-22,2025-05-11 10:55:24 +0900,2025-05-11 10:55:24 +0900
104,12,529,主要卸売市場計,2024-01-22,2025-05-11 10:55:24 +0900,2025-05-11 10:55:24 +0900
105,13,364,主要卸売市場計,2024-01-22,2025-05-11 10:55:24 +0900,2025-05-11 10:55:24 +0900
106,14,424,主要卸売市場計,2024-01-22,2025-05-11 10:55:24 +0900,2025-05-11 10:55:24 +0900
107,15,669,主要卸売市場計,2024-01-22,2025-05-11 10:55:24 +0900,2025-05-11 10:55:24 +0900
108,16,615,主要卸売市場計,2024-01-22,2025-05-11 10:55:24 +0900,2025-05-11 10:55:24 +0900
109,17,661,主要卸売市場計,2024-01-22,2025-05-11 10:55:24 +0900,2025-05-11 10:55:24 +0900
110,18,853,主要卸売市場計,2024-01-22,2025-05-11 10:55:24 +0900,2025-05-11 10:55:24 +0900
111,19,221,主要卸売市場計,2024-01-22,2025-05-11 10:55:24 +0900,2025-05-11 10:55:24 +0900
112,20,2792,主要卸売市場計,2024-01-22,2025-05-11 10:55:24 +0900,2025-05-11 10:55:24 +0900
113,21,209,主要卸売市場計,2024-01-22,2025-05-11 10:55:24 +0900,2025-05-11 10:55:24 +0900
114,22,347,主要卸売市場計,2024-01-22,2025-05-11 10:55:24 +0900,2025-05-11 10:55:24 +0900
115,23,212,主要卸売市場計,2024-01-22,2025-05-11 10:55:24 +0900,2025-05-11 10:55:24 +0900
116,24,1093,主要卸売市場計,2024-01-22,2025-05-11 10:55:24 +0900,2025-05-11 10:55:24 +0900
117,25,496,主要卸売市場計,2024-01-22,2025-05-11 10:55:24 +0900,2025-05-11 10:55:24 +0900
118,26,240,主要卸売市場計,2024-01-22,2025-05-11 10:55:24 +0900,2025-05-11 10:55:24 +0900
119,27,472,主要卸売市場計,2024-01-22,2025-05-11 10:55:24 +0900,2025-05-11 10:55:24 +0900
120,28,335,主要卸売市場計,2024-01-22,2025-05-11 10:55:24 +0900,2025-05-11 10:55:24 +0900
121,29,457,主要卸売市場計,2024-01-22,2025-05-11 10:55:24 +0900,2025-05-11 10:55:24 +0900
122,30,679,主要卸売市場計,2024-01-22,2025-05-11 10:55:24 +0900,2025-05-11 10:55:24 +0900
123,33,922,主要卸売市場計,2024-01-22,2025-05-11 10:55:24 +0900,2025-05-11 10:55:24 +0900
124,34,934,主要卸売市場計,2024-01-22,2025-05-11 10:55:24 +0900,2025-05-11 10:55:24 +0900
125,35,732,主要卸売市場計,2024-01-22,2025-05-11 10:55:24 +0900,2025-05-11 10:55:24 +0900
126,36,669,主要卸売市場計,2024-01-22,2025-05-11 10:55:24 +0900,2025-05-11 10:55:24 +0900
127,37,2287,主要卸売市場計,2024-01-22,2025-05-11 10:55:24 +0900,2025-05-11 10:55:24 +0900
128,38,245,主要卸売市場計,2024-01-22,2025-05-11 10:55:24 +0900,2025-05-11 10:55:24 +0900
129,39,125,主要卸売市場計,2024-01-22,2025-05-11 10:55:24 +0900,2025-05-11 10:55:24 +0900
130,40,368,主要卸売市場計,2024-01-22,2025-05-11 10:55:24 +0900,2025-05-11 10:55:24 +0900
131,41,348,主要卸売市場計,2024-01-22,2025-05-11 10:55:24 +0900,2025-05-11 10:55:24 +0900
132,42,194,主要卸売市場計,2024-01-22,2025-05-11 10:55:24 +0900,2025-05-11 10:55:24 +0900
133,43,1120,主要卸売市場計,2024-01-22,2025-05-11 10:55:24 +0900,2025-05-11 10:55:24 +0900
134,44,590,主要卸売市場計,2024-01-22,2025-05-11 10:55:24 +0900,2025-05-11 10:55:24 +0900
135,45,1078,主要卸売市場計,2024-01-22,2025-05-11 10:55:24 +0900,2025-05-11 10:55:24 +0900
136,46,468,主要卸売市場計,2024-01-22,2025-05-11 10:55:24 +0900,2025-05-11 10:55:24 +0900
137,47,368,主要卸売市場計,2024-01-22,2025-05-11 10:55:24 +0900,2025-05-11 10:55:24 +0900
138,48,502,主要卸売市場計,2024-01-22,2025-05-11 10:55:24 +0900,2025-05-11 10:55:24 +0900
139,1,84,主要卸売市場計,2024-01-29,2025-05-11 10:55:24 +0900,2025-05-11 10:55:24 +0900
140,2,123,主要卸売市場計,2024-01-29,2025-05-11 10:55:24 +0900,2025-05-11 10:55:24 +0900
141,3,109,主要卸売市場計,2024-01-29,2025-05-11 10:55:24 +0900,2025-05-11 10:55:24 +0900
142,4,271,主要卸売市場計,2024-01-29,2025-05-11 10:55:24 +0900,2025-05-11 10:55:24 +0900
143,5,1949,主要卸売市場計,2024-01-29,2025-05-11 10:55:24 +0900,2025-05-11 10:55:24 +0900
144,6,350,主要卸売市場計,2024-01-29,2025-05-11 10:55:24 +0900,2025-05-11 10:55:24 +0900
145,7,59,主要卸売市場計,2024-01-29,2025-05-11 10:55:24 +0900,2025-05-11 10:55:24 +0900
146,8,338,主要卸売市場計,2024-01-29,2025-05-11 10:55:24 +0900,2025-05-11 10:55:24 +0900
147,9,298,主要卸売市場計,2024-01-29,2025-05-11 10:55:24 +0900,2025-05-11 10:55:24 +0900
148,10,328,主要卸売市場計,2024-01-29,2025-05-11 10:55:24 +0900,2025-05-11 10:55:24 +0900
149,11,77,主要卸売市場計,2024-01-29,2025-05-11 10:55:24 +0900,2025-05-11 10:55:24 +0900
150,12,445,主要卸売市場計,2024-01-29,2025-05-11 10:55:24 +0900,2025-05-11 10:55:24 +0900
151,13,380,主要卸売市場計,2024-01-29,2025-05-11 10:55:24 +0900,2025-05-11 10:55:24 +0900
152,14,456,主要卸売市場計,2024-01-29,2025-05-11 10:55:24 +0900,2025-05-11 10:55:24 +0900
153,15,679,主要卸売市場計,2024-01-29,2025-05-11 10:55:24 +0900,2025-05-11 10:55:24 +0900
154,16,680,主要卸売市場計,2024-01-29,2025-05-11 10:55:24 +0900,2025-05-11 10:55:24 +0900
155,17,595,主要卸売市場計,2024-01-29,2025-05-11 10:55:24 +0900,2025-05-11 10:55:24 +0900
156,18,877,主要卸売市場計,2024-01-29,2025-05-11 10:55:24 +0900,2025-05-11 10:55:24 +0900
157,19,217,主要卸売市場計,2024-01-29,2025-05-11 10:55:24 +0900,2025-05-11 10:55:24 +0900
158,20,1811,主要卸売市場計,2024-01-29,2025-05-11 10:55:24 +0900,2025-05-11 10:55:24 +0900
159,21,189,主要卸売市場計,2024-01-29,2025-05-11 10:55:24 +0900,2025-05-11 10:55:24 +0900
160,22,343,主要卸売市場計,2024-01-29,2025-05-11 10:55:24 +0900,2025-05-11 10:55:24 +0900
161,23,200,主要卸売市場計,2024-01-29,2025-05-11 10:55:24 +0900,2025-05-11 10:55:24 +0900
162,24,1044,主要卸売市場計,2024-01-29,2025-05-11 10:55:24 +0900,2025-05-11 10:55:24 +0900
163,25,502,主要卸売市場計,2024-01-29,2025-05-11 10:55:24 +0900,2025-05-11 10:55:24 +0900
164,26,221,主要卸売市場計,2024-01-29,2025-05-11 10:55:24 +0900,2025-05-11 10:55:24 +0900
165,27,484,主要卸売市場計,2024-01-29,2025-05-11 10:55:24 +0900,2025-05-11 10:55:24 +0900
166,28,341,主要卸売市場計,2024-01-29,2025-05-11 10:55:24 +0900,2025-05-11 10:55:24 +0900
167,29,507,主要卸売市場計,2024-01-29,2025-05-11 10:55:24 +0900,2025-05-11 10:55:24 +0900
168,30,693,主要卸売市場計,2024-01-29,2025-05-11 10:55:24 +0900,2025-05-11 10:55:24 +0900
169,33,1017,主要卸売市場計,2024-01-29,2025-05-11 10:55:24 +0900,2025-05-11 10:55:24 +0900
170,34,897,主要卸売市場計,2024-01-29,2025-05-11 10:55:24 +0900,2025-05-11 10:55:24 +0900
171,35,745,主要卸売市場計,2024-01-29,2025-05-11 10:55:24 +0900,2025-05-11 10:55:24 +0900
172,36,687,主要卸売市場計,2024-01-29,2025-05-11 10:55:24 +0900,2025-05-11 10:55:24 +0900
173,37,2286,主要卸売市場計,2024-01-29,2025-05-11 10:55:24 +0900,2025-05-11 10:55:24 +0900
174,38,248,主要卸売市場計,2024-01-29,2025-05-11 10:55:24 +0900,2025-05-11 10:55:24 +0900
175,39,128,主要卸売市場計,2024-01-29,2025-05-11 10:55:24 +0900,2025-05-11 10:55:24 +0900
176,40,381,主要卸売市場計,2024-01-29,2025-05-11 10:55:24 +0900,2025-05-11 10:55:24 +0900
177,41,363,主要卸売市場計,2024-01-29,2025-05-11 10:55:24 +0900,2025-05-11 10:55:24 +0900
178,42,174,主要卸売市場計,2024-01-29,2025-05-11 10:55:24 +0900,2025-05-11 10:55:24 +0900
179,43,1133,主要卸売市場計,2024-01-29,2025-05-11 10:55:24 +0900,2025-05-11 10:55:24 +0900
180,44,592,主要卸売市場計,2024-01-29,2025-05-11 10:55:24 +0900,2025-05-11 10:55:24 +0900
181,45,1074,主要卸売市場計,2024-01-29,2025-05-11 10:55:24 +0900,2025-05-11 10:55:24 +0900
182,46,494,主要卸売市場計,2024-01-29,2025-05-11 10:55:24 +0900,2025-05-11 10:55:24 +0900
183,47,348,主要卸売市場計,2024-01-29,2025-05-11 10:55:24 +0900,2025-05-11 10:55:24 +0900
184,48,497,主要卸売市場計,2024-01-29,2025-05-11 10:55:24 +0900,2025-05-11 10:55:24 +0900
185,1,88,主要卸売市場計,2024-02-05,2025-05-11 10:55:24 +0900,2025-05-11 10:55:24 +0900
186,2,134,主要卸売市場計,2024-02-05,2025-05-11 10:55:24 +0900,2025-05-11 10:55:24 +0900
187,3,119,主要卸売市場計,2024-02-05,2025-05-11 10:55:24 +0900,2025-05-11 10:55:24 +0900
188,4,338,主要卸売市場計,2024-02-05,2025-05-11 10:55:24 +0900,2025-05-11 10:55:24 +0900
189,5,2006,主要卸売市場計,2024-02-05,2025-05-11 10:55:24 +0900,2025-05-11 10:55:24 +0900
190,6,394,主要卸売市場計,2024-02-05,2025-05-11 10:55:24 +0900,2025-05-11 10:55:24 +0900
191,7,63,主要卸売市場計,2024-02-05,2025-05-11 10:55:24 +0900,2025-05-11 10:55:24 +0900
192,8,333,主要卸売市場計,2024-02-05,2025-05-11 10:55:24 +0900,2025-05-11 10:55:24 +0900
193,9,320,主要卸売市場計,2024-02-05,2025-05-11 10:55:24 +0900,2025-05-11 10:55:24 +0900
194,10,330,主要卸売市場計,2024-02-05,2025-05-11 10:55:24 +0900,2025-05-11 10:55:24 +0900
195,11,81,主要卸売市場計,2024-02-05,2025-05-11 10:55:24 +0900,2025-05-11 10:55:24 +0900
196,12,448,主要卸売市場計,2024-02-05,2025-05-11 10:55:24 +0900,2025-05-11 10:55:24 +0900
197,13,399,主要卸売市場計,2024-02-05,2025-05-11 10:55:24 +0900,2025-05-11 10:55:24 +0900
198,14,402,主要卸売市場計,2024-02-05,2025-05-11 10:55:24 +0900,2025-05-11 10:55:24 +0900
199,15,698,主要卸売市場計,2024-02-05,2025-05-11 10:55:24 +0900,2025-05-11 10:55:24 +0900
200,16,611,主要卸売市場計,2024-02-05,2025-05-11 10:55:24 +0900,2025-05-11 10:55:24 +0900
201,17,633,主要卸売市場計,2024-02-05,2025-05-11 10:55:24 +0900,2025-05-11 10:55:24 +0900
202,18,879,主要卸売市場計,2024-02-05,2025-05-11 10:55:24 +0900,2025-05-11 10:55:24 +0900
203,19,220,主要卸売市場計,2024-02-05,2025-05-11 10:55:24 +0900,2025-05-11 10:55:24 +0900
204,20,1673,主要卸売市場計,2024-02-05,2025-05-11 10:55:24 +0900,2025-05-11 10:55:24 +0900
205,21,208,主要卸売市場計,2024-02-05,2025-05-11 10:55:24 +0900,2025-05-11 10:55:24 +0900
206,22,380,主要卸売市場計,2024-02-05,2025-05-11 10:55:24 +0900,2025-05-11 10:55:24 +0900
207,23,208,主要卸売市場計,2024-02-05,2025-05-11 10:55:24 +0900,2025-05-11 10:55:24 +0900
208,24,994,主要卸売市場計,2024-02-05,2025-05-11 10:55:24 +0900,2025-05-11 10:55:24 +0900
209,25,514,主要卸売市場計,2024-02-05,2025-05-11 10:55:24 +0900,2025-05-11 10:55:24 +0900
210,26,255,主要卸売市場計,2024-02-05,2025-05-11 10:55:24 +0900,2025-05-11 10:55:24 +0900
211,27,485,主要卸売市場計,2024-02-05,2025-05-11 10:55:24 +0900,2025-05-11 10:55:24 +0900
212,28,350,主要卸売市場計,2024-02-05,2025-05-11 10:55:24 +0900,2025-05-11 10:55:24 +0900
213,29,581,主要卸売市場計,2024-02-05,2025-05-11 10:55:24 +0900,2025-05-11 10:55:24 +0900
214,30,762,主要卸売市場計,2024-02-05,2025-05-11 10:55:24 +0900,2025-05-11 10:55:24 +0900
215,33,968,主要卸売市場計,2024-02-05,2025-05-11 10:55:24 +0900,2025-05-11 10:55:24 +0900
216,34,958,主要卸売市場計,2024-02-05,2025-05-11 10:55:24 +0900,2025-05-11 10:55:24 +0900
217,35,824,主要卸売市場計,2024-02-05,2025-05-11 10:55:24 +0900,2025-05-11 10:55:24 +0900
218,36,734,主要卸売市場計,2024-02-05,2025-05-11 10:55:24 +0900,2025-05-11 10:55:24 +0900
219,37,2372,主要卸売市場計,2024-02-05,2025-05-11 10:55:24 +0900,2025-05-11 10:55:24 +0900
220,38,245,主要卸売市場計,2024-02-05,2025-05-11 10:55:24 +0900,2025-05-11 10:55:24 +0900
221,39,133,主要卸売市場計,2024-02-05,2025-05-11 10:55:24 +0900,2025-05-11 10:55:24 +0900
222,40,399,主要卸売市場計,2024-02-05,2025-05-11 10:55:24 +0900,2025-05-11 10:55:24 +0900
223,41,319,主要卸売市場計,2024-02-05,2025-05-11 10:55:24 +0900,2025-05-11 10:55:24 +0900
224,42,182,主要卸売市場計,2024-02-05,2025-05-11 10:55:24 +0900,2025-05-11 10:55:24 +0900
225,43,1077,主要卸売市場計,2024-02-05,2025-05-11 10:55:24 +0900,2025-05-11 10:55:24 +0900
226,44,593,主要卸売市場計,2024-02-05,2025-05-11 10:55:24 +0900,2025-05-11 10:55:24 +0900
227,45,1077,主要卸売市場計,2024-02-05,2025-05-11 10:55:24 +0900,2025-05-11 10:55:24 +0900
228,46,485,主要卸売市場計,2024-02-05,2025-05-11 10:55:24 +0900,2025-05-11 10:55:24 +0900
229,47,335,主要卸売市場計,2024-02-05,2025-05-11 10:55:24 +0900,2025-05-11 10:55:24 +0900
230,48,485,主要卸売市場計,2024-02-05,2025-05-11 10:55:24 +0900,2025-05-11 10:55:24 +0900
231,1,85,主要卸売市場計,2024-02-12,2025-05-11 10:55:24 +0900,2025-05-11 10:55:24 +0900
232,2,161,主要卸売市場計,2024-02-12,2025-05-11 10:55:24 +0900,2025-05-11 10:55:24 +0900
233,3,113,主要卸売市場計,2024-02-12,2025-05-11 10:55:24 +0900,2025-05-11 10:55:24 +0900
234,4,183,主要卸売市場計,2024-02-12,2025-05-11 10:55:24 +0900,2025-05-11 10:55:24 +0900
235,7,65,主要卸売市場計,2024-02-12,2025-05-11 10:55:24 +0900,2025-05-11 10:55:24 +0900
236,8,450,主要卸売市場計,2024-02-12,2025-05-11 10:55:24 +0900,2025-05-11 10:55:24 +0900
237,9,394,主要卸売市場計,2024-02-12,2025-05-11 10:55:24 +0900,2025-05-11 10:55:24 +0900
238,10,372,主要卸売市場計,2024-02-12,2025-05-11 10:55:24 +0900,2025-05-11 10:55:24 +0900
239,11,103,主要卸売市場計,2024-02-12,2025-05-11 10:55:24 +0900,2025-05-11 10:55:24 +0900
240,12,305,主要卸売市場計,2024-02-12,2025-05-11 10:55:25 +0900,2025-05-11 10:55:25 +0900
241,13,445,主要卸売市場計,2024-02-12,2025-05-11 10:55:25 +0900,2025-05-11 10:55:25 +0900
242,16,1076,主要卸売市場計,2024-02-12,2025-05-11 10:55:25 +0900,2025-05-11 10:55:25 +0900
243,17,595,主要卸売市場計,2024-02-12,2025-05-11 10:55:25 +0900,2025-05-11 10:55:25 +0900
244,18,1137,主要卸売市場計,2024-02-12,2025-05-11 10:55:25 +0900,2025-05-11 10:55:25 +0900
245,19,180,主要卸売市場計,2024-02-12,2025-05-11 10:55:25 +0900,2025-05-11 10:55:25 +0900
246,21,152,主要卸売市場計,2024-02-12,2025-05-11 10:55:25 +0900,2025-05-11 10:55:25 +0900
247,22,263,主要卸売市場計,2024-02-12,2025-05-11 10:55:25 +0900,2025-05-11 10:55:25 +0900
248,23,118,主要卸売市場計,2024-02-12,2025-05-11 10:55:25 +0900,2025-05-11 10:55:25 +0900
249,24,1319,主要卸売市場計,2024-02-12,2025-05-11 10:55:25 +0900,2025-05-11 10:55:25 +0900
250,25,549,主要卸売市場計,2024-02-12,2025-05-11 10:55:25 +0900,2025-05-11 10:55:25 +0900
251,26,360,主要卸売市場計,2024-02-12,2025-05-11 10:55:25 +0900,2025-05-11 10:55:25 +0900
252,27,358,主要卸売市場計,2024-02-12,2025-05-11 10:55:25 +0900,2025-05-11 10:55:25 +0900
253,28,260,主要卸売市場計,2024-02-12,2025-05-11 10:55:25 +0900,2025-05-11 10:55:25 +0900
254,29,564,主要卸売市場計,2024-02-12,2025-05-11 10:55:25 +0900,2025-05-11 10:55:25 +0900
255,30,406,主要卸売市場計,2024-02-12,2025-05-11 10:55:25 +0900,2025-05-11 10:55:25 +0900
256,33,619,主要卸売市場計,2024-02-12,2025-05-11 10:55:25 +0900,2025-05-11 10:55:25 +0900
257,34,1022,主要卸売市場計,2024-02-12,2025-05-11 10:55:25 +0900,2025-05-11 10:55:25 +0900
258,38,190,主要卸売市場計,2024-02-12,2025-05-11 10:55:25 +0900,2025-05-11 10:55:25 +0900
259,39,212,主要卸売市場計,2024-02-12,2025-05-11 10:55:25 +0900,2025-05-11 10:55:25 +0900
260,41,365,主要卸売市場計,2024-02-12,2025-05-11 10:55:25 +0900,2025-05-11 10:55:25 +0900
261,42,232,主要卸売市場計,2024-02-12,2025-05-11 10:55:25 +0900,2025-05-11 10:55:25 +0900
262,43,581,主要卸売市場計,2024-02-12,2025-05-11 10:55:25 +0900,2025-05-11 10:55:25 +0900
263,44,479,主要卸売市場計,2024-02-12,2025-05-11 10:55:25 +0900,2025-05-11 10:55:25 +0900
264,45,1716,主要卸売市場計,2024-02-12,2025-05-11 10:55:25 +0900,2025-05-11 10:55:25 +0900
265,46,689,主要卸売市場計,2024-02-12,2025-05-11 10:55:25 +0900,2025-05-11 10:55:25 +0900
266,47,450,主要卸売市場計,2024-02-12,2025-05-11 10:55:25 +0900,2025-05-11 10:55:25 +0900
267,48,551,主要卸売市場計,2024-02-12,2025-05-11 10:55:25 +0900,2025-05-11 10:55:25 +0900
268,1,78,主要卸売市場計,2024-02-19,2025-05-11 10:55:25 +0900,2025-05-11 10:55:25 +0900
269,2,138,主要卸売市場計,2024-02-19,2025-05-11 10:55:25 +0900,2025-05-11 10:55:25 +0900
270,3,129,主要卸売市場計,2024-02-19,2025-05-11 10:55:25 +0900,2025-05-11 10:55:25 +0900
271,4,365,主要卸売市場計,2024-02-19,2025-05-11 10:55:25 +0900,2025-05-11 10:55:25 +0900
272,5,1977,主要卸売市場計,2024-02-19,2025-05-11 10:55:25 +0900,2025-05-11 10:55:25 +0900
273,6,387,主要卸売市場計,2024-02-19,2025-05-11 10:55:25 +0900,2025-05-11 10:55:25 +0900
274,7,61,主要卸売市場計,2024-02-19,2025-05-11 10:55:25 +0900,2025-05-11 10:55:25 +0900
275,8,314,主要卸売市場計,2024-02-19,2025-05-11 10:55:25 +0900,2025-05-11 10:55:25 +0900
276,9,291,主要卸売市場計,2024-02-19,2025-05-11 10:55:25 +0900,2025-05-11 10:55:25 +0900
277,10,312,主要卸売市場計,2024-02-19,2025-05-11 10:55:25 +0900,2025-05-11 10:55:25 +0900
278,11,91,主要卸売市場計,2024-02-19,2025-05-11 10:55:25 +0900,2025-05-11 10:55:25 +0900
279,12,415,主要卸売市場計,2024-02-19,2025-05-11 10:55:25 +0900,2025-05-11 10:55:25 +0900
280,13,377,主要卸売市場計,2024-02-19,2025-05-11 10:55:25 +0900,2025-05-11 10:55:25 +0900
281,14,562,主要卸売市場計,2024-02-19,2025-05-11 10:55:25 +0900,2025-05-11 10:55:25 +0900
282,15,690,主要卸売市場計,2024-02-19,2025-05-11 10:55:25 +0900,2025-05-11 10:55:25 +0900
283,16,522,主要卸売市場計,2024-02-19,2025-05-11 10:55:25 +0900,2025-05-11 10:55:25 +0900
284,17,533,主要卸売市場計,2024-02-19,2025-05-11 10:55:25 +0900,2025-05-11 10:55:25 +0900
285,18,869,主要卸売市場計,2024-02-19,2025-05-11 10:55:25 +0900,2025-05-11 10:55:25 +0900
286,19,220,主要卸売市場計,2024-02-19,2025-05-11 10:55:25 +0900,2025-05-11 10:55:25 +0900
287,20,1435,主要卸売市場計,2024-02-19,2025-05-11 10:55:25 +0900,2025-05-11 10:55:25 +0900
288,21,188,主要卸売市場計,2024-02-19,2025-05-11 10:55:25 +0900,2025-05-11 10:55:25 +0900
289,22,326,主要卸売市場計,2024-02-19,2025-05-11 10:55:25 +0900,2025-05-11 10:55:25 +0900
290,23,195,主要卸売市場計,2024-02-19,2025-05-11 10:55:25 +0900,2025-05-11 10:55:25 +0900
291,24,921,主要卸売市場計,2024-02-19,2025-05-11 10:55:25 +0900,2025-05-11 10:55:25 +0900
292,25,460,主要卸売市場計,2024-02-19,2025-05-11 10:55:25 +0900,2025-05-11 10:55:25 +0900
293,26,247,主要卸売市場計,2024-02-19,2025-05-11 10:55:25 +0900,2025-05-11 10:55:25 +0900
294,27,460,主要卸売市場計,2024-02-19,2025-05-11 10:55:25 +0900,2025-05-11 10:55:25 +0900
295,28,359,主要卸売市場計,2024-02-19,2025-05-11 10:55:25 +0900,2025-05-11 10:55:25 +0900
296,29,694,主要卸売市場計,2024-02-19,2025-05-11 10:55:25 +0900,2025-05-11 10:55:25 +0900
297,30,818,主要卸売市場計,2024-02-19,2025-05-11 10:55:25 +0900,2025-05-11 10:55:25 +0900
298,33,904,主要卸売市場計,2024-02-19,2025-05-11 10:55:25 +0900,2025-05-11 10:55:25 +0900
299,34,983,主要卸売市場計,2024-02-19,2025-05-11 10:55:25 +0900,2025-05-11 10:55:25 +0900
300,35,840,主要卸売市場計,2024-02-19,2025-05-11 10:55:25 +0900,2025-05-11 10:55:25 +0900
301,36,662,主要卸売市場計,2024-02-19,2025-05-11 10:55:25 +0900,2025-05-11 10:55:25 +0900
302,37,2495,主要卸売市場計,2024-02-19,2025-05-11 10:55:25 +0900,2025-05-11 10:55:25 +0900
303,38,251,主要卸売市場計,2024-02-19,2025-05-11 10:55:25 +0900,2025-05-11 10:55:25 +0900
304,39,152,主要卸売市場計,2024-02-19,2025-05-11 10:55:25 +0900,2025-05-11 10:55:25 +0900
305,40,405,主要卸売市場計,2024-02-19,2025-05-11 10:55:25 +0900,2025-05-11 10:55:25 +0900
306,41,331,主要卸売市場計,2024-02-19,2025-05-11 10:55:25 +0900,2025-05-11 10:55:25 +0900
307,42,179,主要卸売市場計,2024-02-19,2025-05-11 10:55:25 +0900,2025-05-11 10:55:25 +0900
308,43,1147,主要卸売市場計,2024-02-19,2025-05-11 10:55:25 +0900,2025-05-11 10:55:25 +0900
309,44,583,主要卸売市場計,2024-02-19,2025-05-11 10:55:25 +0900,2025-05-11 10:55:25 +0900
310,45,1042,主要卸売市場計,2024-02-19,2025-05-11 10:55:25 +0900,2025-05-11 10:55:25 +0900
311,46,472,主要卸売市場計,2024-02-19,2025-05-11 10:55:25 +0900,2025-05-11 10:55:25 +0900
312,47,306,主要卸売市場計,2024-02-19,2025-05-11 10:55:25 +0900,2025-05-11 10:55:25 +0900
313,48,459,主要卸売市場計,2024-02-19,2025-05-11 10:55:25 +0900,2025-05-11 10:55:25 +0900
314,1,83,主要卸売市場計,2024-02-26,2025-05-11 10:55:25 +0900,2025-05-11 10:55:25 +0900
315,2,133,主要卸売市場計,2024-02-26,2025-05-11 10:55:25 +0900,2025-05-11 10:55:25 +0900
316,3,144,主要卸売市場計,2024-02-26,2025-05-11 10:55:25 +0900,2025-05-11 10:55:25 +0900
317,4,342,主要卸売市場計,2024-02-26,2025-05-11 10:55:25 +0900,2025-05-11 10:55:25 +0900
318,5,1585,主要卸売市場計,2024-02-26,2025-05-11 10:55:25 +0900,2025-05-11 10:55:25 +0900
319,6,387,主要卸売市場計,2024-02-26,2025-05-11 10:55:25 +0900,2025-05-11 10:55:25 +0900
320,7,77,主要卸売市場計,2024-02-26,2025-05-11 10:55:25 +0900,2025-05-11 10:55:25 +0900
321,8,259,主要卸売市場計,2024-02-26,2025-05-11 10:55:25 +0900,2025-05-11 10:55:25 +0900
322,9,226,主要卸売市場計,2024-02-26,2025-05-11 10:55:25 +0900,2025-05-11 10:55:25 +0900
323,10,278,主要卸売市場計,2024-02-26,2025-05-11 10:55:25 +0900,2025-05-11 10:55:25 +0900
324,11,79,主要卸売市場計,2024-02-26,2025-05-11 10:55:25 +0900,2025-05-11 10:55:25 +0900
325,12,389,主要卸売市場計,2024-02-26,2025-05-11 10:55:25 +0900,2025-05-11 10:55:25 +0900
326,13,445,主要卸売市場計,2024-02-26,2025-05-11 10:55:25 +0900,2025-05-11 10:55:25 +0900
327,14,560,主要卸売市場計,2024-02-26,2025-05-11 10:55:25 +0900,2025-05-11 10:55:25 +0900
328,15,663,主要卸売市場計,2024-02-26,2025-05-11 10:55:25 +0900,2025-05-11 10:55:25 +0900
329,16,496,主要卸売市場計,2024-02-26,2025-05-11 10:55:25 +0900,2025-05-11 10:55:25 +0900
330,17,492,主要卸売市場計,2024-02-26,2025-05-11 10:55:25 +0900,2025-05-11 10:55:25 +0900
331,18,772,主要卸売市場計,2024-02-26,2025-05-11 10:55:25 +0900,2025-05-11 10:55:25 +0900
332,19,234,主要卸売市場計,2024-02-26,2025-05-11 10:55:25 +0900,2025-05-11 10:55:25 +0900
333,20,1388,主要卸売市場計,2024-02-26,2025-05-11 10:55:25 +0900,2025-05-11 10:55:25 +0900
334,21,166,主要卸売市場計,2024-02-26,2025-05-11 10:55:25 +0900,2025-05-11 10:55:25 +0900
335,22,292,主要卸売市場計,2024-02-26,2025-05-11 10:55:25 +0900,2025-05-11 10:55:25 +0900
336,23,168,主要卸売市場計,2024-02-26,2025-05-11 10:55:25 +0900,2025-05-11 10:55:25 +0900
337,24,878,主要卸売市場計,2024-02-26,2025-05-11 10:55:25 +0900,2025-05-11 10:55:25 +0900
338,25,444,主要卸売市場計,2024-02-26,2025-05-11 10:55:25 +0900,2025-05-11 10:55:25 +0900
339,26,230,主要卸売市場計,2024-02-26,2025-05-11 10:55:25 +0900,2025-05-11 10:55:25 +0900
340,27,451,主要卸売市場計,2024-02-26,2025-05-11 10:55:25 +0900,2025-05-11 10:55:25 +0900
341,28,369,主要卸売市場計,2024-02-26,2025-05-11 10:55:25 +0900,2025-05-11 10:55:25 +0900
342,29,718,主要卸売市場計,2024-02-26,2025-05-11 10:55:25 +0900,2025-05-11 10:55:25 +0900
343,30,792,主要卸売市場計,2024-02-26,2025-05-11 10:55:25 +0900,2025-05-11 10:55:25 +0900
344,33,853,主要卸売市場計,2024-02-26,2025-05-11 10:55:25 +0900,2025-05-11 10:55:25 +0900
345,34,976,主要卸売市場計,2024-02-26,2025-05-11 10:55:25 +0900,2025-05-11 10:55:25 +0900
346,35,780,主要卸売市場計,2024-02-26,2025-05-11 10:55:25 +0900,2025-05-11 10:55:25 +0900
347,36,581,主要卸売市場計,2024-02-26,2025-05-11 10:55:25 +0900,2025-05-11 10:55:25 +0900
348,37,2373,主要卸売市場計,2024-02-26,2025-05-11 10:55:25 +0900,2025-05-11 10:55:25 +0900
349,38,245,主要卸売市場計,2024-02-26,2025-05-11 10:55:25 +0900,2025-05-11 10:55:25 +0900
350,39,146,主要卸売市場計,2024-02-26,2025-05-11 10:55:25 +0900,2025-05-11 10:55:25 +0900
351,40,417,主要卸売市場計,2024-02-26,2025-05-11 10:55:25 +0900,2025-05-11 10:55:25 +0900
352,41,323,主要卸売市場計,2024-02-26,2025-05-11 10:55:25 +0900,2025-05-11 10:55:25 +0900
353,42,160,主要卸売市場計,2024-02-26,2025-05-11 10:55:25 +0900,2025-05-11 10:55:25 +0900
354,43,1151,主要卸売市場計,2024-02-26,2025-05-11 10:55:25 +0900,2025-05-11 10:55:25 +0900
355,44,616,主要卸売市場計,2024-02-26,2025-05-11 10:55:25 +0900,2025-05-11 10:55:25 +0900
356,45,1029,主要卸売市場計,2024-02-26,2025-05-11 10:55:25 +0900,2025-05-11 10:55:25 +0900
357,46,482,主要卸売市場計,2024-02-26,2025-05-11 10:55:25 +0900,2025-05-11 10:55:25 +0900
358,47,285,主要卸売市場計,2024-02-26,2025-05-11 10:55:25 +0900,2025-05-11 10:55:25 +0900
359,48,448,主要卸売市場計,2024-02-26,2025-05-11 10:55:25 +0900,2025-05-11 10:55:25 +0900
360,1,80,主要卸売市場計,2024-03-04,2025-05-11 10:55:25 +0900,2025-05-11 10:55:25 +0900
361,2,131,主要卸売市場計,2024-03-04,2025-05-11 10:55:25 +0900,2025-05-11 10:55:25 +0900
362,3,164,主要卸売市場計,2024-03-04,2025-05-11 10:55:25 +0900,2025-05-11 10:55:25 +0900
363,4,344,主要卸売市場計,2024-03-04,2025-05-11 10:55:25 +0900,2025-05-11 10:55:25 +0900
364,5,1243,主要卸売市場計,2024-03-04,2025-05-11 10:55:25 +0900,2025-05-11 10:55:25 +0900
365,6,404,主要卸売市場計,2024-03-04,2025-05-11 10:55:25 +0900,2025-05-11 10:55:25 +0900
366,7,90,主要卸売市場計,2024-03-04,2025-05-11 10:55:25 +0900,2025-05-11 10:55:25 +0900
367,8,283,主要卸売市場計,2024-03-04,2025-05-11 10:55:25 +0900,2025-05-11 10:55:25 +0900
368,9,253,主要卸売市場計,2024-03-04,2025-05-11 10:55:25 +0900,2025-05-11 10:55:25 +0900
369,10,288,主要卸売市場計,2024-03-04,2025-05-11 10:55:25 +0900,2025-05-11 10:55:25 +0900
370,11,82,主要卸売市場計,2024-03-04,2025-05-11 10:55:25 +0900,2025-05-11 10:55:25 +0900
371,12,463,主要卸売市場計,2024-03-04,2025-05-11 10:55:25 +0900,2025-05-11 10:55:25 +0900
372,13,410,主要卸売市場計,2024-03-04,2025-05-11 10:55:25 +0900,2025-05-11 10:55:25 +0900
373,14,541,主要卸売市場計,2024-03-04,2025-05-11 10:55:25 +0900,2025-05-11 10:55:25 +0900
374,15,734,主要卸売市場計,2024-03-04,2025-05-11 10:55:25 +0900,2025-05-11 10:55:25 +0900
375,16,593,主要卸売市場計,2024-03-04,2025-05-11 10:55:25 +0900,2025-05-11 10:55:25 +0900
376,17,535,主要卸売市場計,2024-03-04,2025-05-11 10:55:25 +0900,2025-05-11 10:55:25 +0900
377,18,684,主要卸売市場計,2024-03-04,2025-05-11 10:55:25 +0900,2025-05-11 10:55:25 +0900
378,19,244,主要卸売市場計,2024-03-04,2025-05-11 10:55:25 +0900,2025-05-11 10:55:25 +0900
379,20,1465,主要卸売市場計,2024-03-04,2025-05-11 10:55:25 +0900,2025-05-11 10:55:25 +0900
380,21,238,主要卸売市場計,2024-03-04,2025-05-11 10:55:25 +0900,2025-05-11 10:55:25 +0900
381,22,399,主要卸売市場計,2024-03-04,2025-05-11 10:55:25 +0900,2025-05-11 10:55:25 +0900
382,23,161,主要卸売市場計,2024-03-04,2025-05-11 10:55:25 +0900,2025-05-11 10:55:25 +0900
383,24,914,主要卸売市場計,2024-03-04,2025-05-11 10:55:25 +0900,2025-05-11 10:55:25 +0900
384,25,589,主要卸売市場計,2024-03-04,2025-05-11 10:55:25 +0900,2025-05-11 10:55:25 +0900
385,26,176,主要卸売市場計,2024-03-04,2025-05-11 10:55:25 +0900,2025-05-11 10:55:25 +0900
386,27,436,主要卸売市場計,2024-03-04,2025-05-11 10:55:25 +0900,2025-05-11 10:55:25 +0900
387,28,407,主要卸売市場計,2024-03-04,2025-05-11 10:55:25 +0900,2025-05-11 10:55:25 +0900
388,29,793,主要卸売市場計,2024-03-04,2025-05-11 10:55:25 +0900,2025-05-11 10:55:25 +0900
389,30,806,主要卸売市場計,2024-03-04,2025-05-11 10:55:25 +0900,2025-05-11 10:55:25 +0900
390,33,1104,主要卸売市場計,2024-03-04,2025-05-11 10:55:25 +0900,2025-05-11 10:55:25 +0900
391,34,998,主要卸売市場計,2024-03-04,2025-05-11 10:55:25 +0900,2025-05-11 10:55:25 +0900
392,35,884,主要卸売市場計,2024-03-04,2025-05-11 10:55:25 +0900,2025-05-11 10:55:25 +0900
393,36,533,主要卸売市場計,2024-03-04,2025-05-11 10:55:25 +0900,2025-05-11 10:55:25 +0900
394,37,2430,主要卸売市場計,2024-03-04,2025-05-11 10:55:25 +0900,2025-05-11 10:55:25 +0900
395,38,251,主要卸売市場計,2024-03-04,2025-05-11 10:55:25 +0900,2025-05-11 10:55:25 +0900
396,39,113,主要卸売市場計,2024-03-04,2025-05-11 10:55:25 +0900,2025-05-11 10:55:25 +0900
397,40,407,主要卸売市場計,2024-03-04,2025-05-11 10:55:25 +0900,2025-05-11 10:55:25 +0900
398,41,331,主要卸売市場計,2024-03-04,2025-05-11 10:55:25 +0900,2025-05-11 10:55:25 +0900
399,42,155,主要卸売市場計,2024-03-04,2025-05-11 10:55:25 +0900,2025-05-11 10:55:25 +0900
400,43,1202,主要卸売市場計,2024-03-04,2025-05-11 10:55:25 +0900,2025-05-11 10:55:25 +0900
401,44,758,主要卸売市場計,2024-03-04,2025-05-11 10:55:25 +0900,2025-05-11 10:55:25 +0900
402,45,1020,主要卸売市場計,2024-03-04,2025-05-11 10:55:25 +0900,2025-05-11 10:55:25 +0900
403,46,472,主要卸売市場計,2024-03-04,2025-05-11 10:55:25 +0900,2025-05-11 10:55:25 +0900
404,47,260,主要卸売市場計,2024-03-04,2025-05-11 10:55:25 +0900,2025-05-11 10:55:25 +0900
405,48,446,主要卸売市場計,2024-03-04,2025-05-11 10:55:25 +0900,2025-05-11 10:55:25 +0900
406,1,87,主要卸売市場計,2024-03-11,2025-05-11 10:55:25 +0900,2025-05-11 10:55:25 +0900
407,2,146,主要卸売市場計,2024-03-11,2025-05-11 10:55:25 +0900,2025-05-11 10:55:25 +0900
408,3,203,主要卸売市場計,2024-03-11,2025-05-11 10:55:25 +0900,2025-05-11 10:55:25 +0900
409,4,380,主要卸売市場計,2024-03-11,2025-05-11 10:55:25 +0900,2025-05-11 10:55:25 +0900
410,5,1237,主要卸売市場計,2024-03-11,2025-05-11 10:55:25 +0900,2025-05-11 10:55:25 +0900
411,6,434,主要卸売市場計,2024-03-11,2025-05-11 10:55:25 +0900,2025-05-11 10:55:25 +0900
412,7,111,主要卸売市場計,2024-03-11,2025-05-11 10:55:25 +0900,2025-05-11 10:55:25 +0900
413,8,400,主要卸売市場計,2024-03-11,2025-05-11 10:55:25 +0900,2025-05-11 10:55:25 +0900
414,9,358,主要卸売市場計,2024-03-11,2025-05-11 10:55:25 +0900,2025-05-11 10:55:25 +0900
415,10,314,主要卸売市場計,2024-03-11,2025-05-11 10:55:25 +0900,2025-05-11 10:55:25 +0900
416,11,89,主要卸売市場計,2024-03-11,2025-05-11 10:55:25 +0900,2025-05-11 10:55:25 +0900
417,12,638,主要卸売市場計,2024-03-11,2025-05-11 10:55:25 +0900,2025-05-11 10:55:25 +0900
418,13,394,主要卸売市場計,2024-03-11,2025-05-11 10:55:25 +0900,2025-05-11 10:55:25 +0900
419,14,489,主要卸売市場計,2024-03-11,2025-05-11 10:55:25 +0900,2025-05-11 10:55:25 +0900
420,15,844,主要卸売市場計,2024-03-11,2025-05-11 10:55:25 +0900,2025-05-11 10:55:25 +0900
421,16,536,主要卸売市場計,2024-03-11,2025-05-11 10:55:25 +0900,2025-05-11 10:55:25 +0900
422,17,640,主要卸売市場計,2024-03-11,2025-05-11 10:55:25 +0900,2025-05-11 10:55:25 +0900
423,18,651,主要卸売市場計,2024-03-11,2025-05-11 10:55:25 +0900,2025-05-11 10:55:25 +0900
424,19,266,主要卸売市場計,2024-03-11,2025-05-11 10:55:25 +0900,2025-05-11 10:55:25 +0900
425,20,1510,主要卸売市場計,2024-03-11,2025-05-11 10:55:25 +0900,2025-05-11 10:55:25 +0900
426,21,297,主要卸売市場計,2024-03-11,2025-05-11 10:55:25 +0900,2025-05-11 10:55:25 +0900
427,22,457,主要卸売市場計,2024-03-11,2025-05-11 10:55:25 +0900,2025-05-11 10:55:25 +0900
428,23,201,主要卸売市場計,2024-03-11,2025-05-11 10:55:25 +0900,2025-05-11 10:55:25 +0900
429,24,879,主要卸売市場計,2024-03-11,2025-05-11 10:55:25 +0900,2025-05-11 10:55:25 +0900
430,25,525,主要卸売市場計,2024-03-11,2025-05-11 10:55:25 +0900,2025-05-11 10:55:25 +0900
431,26,199,主要卸売市場計,2024-03-11,2025-05-11 10:55:25 +0900,2025-05-11 10:55:25 +0900
432,27,429,主要卸売市場計,2024-03-11,2025-05-11 10:55:25 +0900,2025-05-11 10:55:25 +0900
433,28,413,主要卸売市場計,2024-03-11,2025-05-11 10:55:25 +0900,2025-05-11 10:55:25 +0900
434,29,811,主要卸売市場計,2024-03-11,2025-05-11 10:55:25 +0900,2025-05-11 10:55:25 +0900
435,30,797,主要卸売市場計,2024-03-11,2025-05-11 10:55:25 +0900,2025-05-11 10:55:25 +0900
436,33,1101,主要卸売市場計,2024-03-11,2025-05-11 10:55:25 +0900,2025-05-11 10:55:25 +0900
437,34,1219,主要卸売市場計,2024-03-11,2025-05-11 10:55:25 +0900,2025-05-11 10:55:25 +0900
438,35,967,主要卸売市場計,2024-03-11,2025-05-11 10:55:25 +0900,2025-05-11 10:55:25 +0900
439,36,513,主要卸売市場計,2024-03-11,2025-05-11 10:55:25 +0900,2025-05-11 10:55:25 +0900
440,37,2428,主要卸売市場計,2024-03-11,2025-05-11 10:55:25 +0900,2025-05-11 10:55:25 +0900
441,38,253,主要卸売市場計,2024-03-11,2025-05-11 10:55:25 +0900,2025-05-11 10:55:25 +0900
442,39,133,主要卸売市場計,2024-03-11,2025-05-11 10:55:25 +0900,2025-05-11 10:55:25 +0900
443,40,398,主要卸売市場計,2024-03-11,2025-05-11 10:55:25 +0900,2025-05-11 10:55:25 +0900
444,41,331,主要卸売市場計,2024-03-11,2025-05-11 10:55:25 +0900,2025-05-11 10:55:25 +0900
445,42,143,主要卸売市場計,2024-03-11,2025-05-11 10:55:25 +0900,2025-05-11 10:55:25 +0900
446,43,1143,主要卸売市場計,2024-03-11,2025-05-11 10:55:25 +0900,2025-05-11 10:55:25 +0900
447,44,754,主要卸売市場計,2024-03-11,2025-05-11 10:55:25 +0900,2025-05-11 10:55:25 +0900
448,45,1012,主要卸売市場計,2024-03-11,2025-05-11 10:55:25 +0900,2025-05-11 10:55:25 +0900
449,46,485,主要卸売市場計,2024-03-11,2025-05-11 10:55:25 +0900,2025-05-11 10:55:25 +0900
450,47,260,主要卸売市場計,2024-03-11,2025-05-11 10:55:25 +0900,2025-05-11 10:55:25 +0900
451,48,387,主要卸売市場計,2024-03-11,2025-05-11 10:55:25 +0900,2025-05-11 10:55:25 +0900
452,1,100,主要卸売市場計,2024-03-18,2025-05-11 10:55:25 +0900,2025-05-11 10:55:25 +0900
453,2,157,主要卸売市場計,2024-03-18,2025-05-11 10:55:25 +0900,2025-05-11 10:55:25 +0900
454,3,205,主要卸売市場計,2024-03-18,2025-05-11 10:55:25 +0900,2025-05-11 10:55:25 +0900
455,4,346,主要卸売市場計,2024-03-18,2025-05-11 10:55:25 +0900,2025-05-11 10:55:25 +0900
456,5,1188,主要卸売市場計,2024-03-18,2025-05-11 10:55:25 +0900,2025-05-11 10:55:25 +0900
457,6,433,主要卸売市場計,2024-03-18,2025-05-11 10:55:25 +0900,2025-05-11 10:55:25 +0900
458,7,128,主要卸売市場計,2024-03-18,2025-05-11 10:55:25 +0900,2025-05-11 10:55:25 +0900
459,8,402,主要卸売市場計,2024-03-18,2025-05-11 10:55:25 +0900,2025-05-11 10:55:25 +0900
460,9,352,主要卸売市場計,2024-03-18,2025-05-11 10:55:25 +0900,2025-05-11 10:55:25 +0900
461,10,312,主要卸売市場計,2024-03-18,2025-05-11 10:55:25 +0900,2025-05-11 10:55:25 +0900
462,11,102,主要卸売市場計,2024-03-18,2025-05-11 10:55:25 +0900,2025-05-11 10:55:25 +0900
463,12,553,主要卸売市場計,2024-03-18,2025-05-11 10:55:25 +0900,2025-05-11 10:55:25 +0900
464,13,380,主要卸売市場計,2024-03-18,2025-05-11 10:55:25 +0900,2025-05-11 10:55:25 +0900
465,14,469,主要卸売市場計,2024-03-18,2025-05-11 10:55:25 +0900,2025-05-11 10:55:25 +0900
466,15,911,主要卸売市場計,2024-03-18,2025-05-11 10:55:25 +0900,2025-05-11 10:55:25 +0900
467,16,504,主要卸売市場計,2024-03-18,2025-05-11 10:55:25 +0900,2025-05-11 10:55:25 +0900
468,17,648,主要卸売市場計,2024-03-18,2025-05-11 10:55:25 +0900,2025-05-11 10:55:25 +0900
469,18,703,主要卸売市場計,2024-03-18,2025-05-11 10:55:25 +0900,2025-05-11 10:55:25 +0900
470,19,290,主要卸売市場計,2024-03-18,2025-05-11 10:55:25 +0900,2025-05-11 10:55:25 +0900
471,20,1494,主要卸売市場計,2024-03-18,2025-05-11 10:55:25 +0900,2025-05-11 10:55:25 +0900
472,21,316,主要卸売市場計,2024-03-18,2025-05-11 10:55:25 +0900,2025-05-11 10:55:25 +0900
473,22,485,主要卸売市場計,2024-03-18,2025-05-11 10:55:25 +0900,2025-05-11 10:55:25 +0900
474,23,245,主要卸売市場計,2024-03-18,2025-05-11 10:55:25 +0900,2025-05-11 10:55:25 +0900
475,24,810,主要卸売市場計,2024-03-18,2025-05-11 10:55:25 +0900,2025-05-11 10:55:25 +0900
476,25,384,主要卸売市場計,2024-03-18,2025-05-11 10:55:25 +0900,2025-05-11 10:55:25 +0900
477,26,222,主要卸売市場計,2024-03-18,2025-05-11 10:55:25 +0900,2025-05-11 10:55:25 +0900
478,27,423,主要卸売市場計,2024-03-18,2025-05-11 10:55:25 +0900,2025-05-11 10:55:25 +0900
479,28,426,主要卸売市場計,2024-03-18,2025-05-11 10:55:25 +0900,2025-05-11 10:55:25 +0900
480,29,766,主要卸売市場計,2024-03-18,2025-05-11 10:55:25 +0900,2025-05-11 10:55:25 +0900
481,30,773,主要卸売市場計,2024-03-18,2025-05-11 10:55:25 +0900,2025-05-11 10:55:25 +0900
482,33,1218,主要卸売市場計,2024-03-18,2025-05-11 10:55:25 +0900,2025-05-11 10:55:25 +0900
483,34,1476,主要卸売市場計,2024-03-18,2025-05-11 10:55:25 +0900,2025-05-11 10:55:25 +0900
484,35,1024,主要卸売市場計,2024-03-18,2025-05-11 10:55:25 +0900,2025-05-11 10:55:25 +0900
485,36,570,主要卸売市場計,2024-03-18,2025-05-11 10:55:25 +0900,2025-05-11 10:55:25 +0900
486,37,2394,主要卸売市場計,2024-03-18,2025-05-11 10:55:25 +0900,2025-05-11 10:55:25 +0900
487,38,258,主要卸売市場計,2024-03-18,2025-05-11 10:55:25 +0900,2025-05-11 10:55:25 +0900
488,39,158,主要卸売市場計,2024-03-18,2025-05-11 10:55:25 +0900,2025-05-11 10:55:25 +0900
489,40,392,主要卸売市場計,2024-03-18,2025-05-11 10:55:25 +0900,2025-05-11 10:55:25 +0900
490,41,346,主要卸売市場計,2024-03-18,2025-05-11 10:55:25 +0900,2025-05-11 10:55:25 +0900
491,42,140,主要卸売市場計,2024-03-18,2025-05-11 10:55:25 +0900,2025-05-11 10:55:25 +0900
492,43,1210,主要卸売市場計,2024-03-18,2025-05-11 10:55:25 +0900,2025-05-11 10:55:25 +0900
493,44,779,主要卸売市場計,2024-03-18,2025-05-11 10:55:25 +0900,2025-05-11 10:55:25 +0900
494,45,1008,主要卸売市場計,2024-03-18,2025-05-11 10:55:25 +0900,2025-05-11 10:55:25 +0900
495,46,485,主要卸売市場計,2024-03-18,2025-05-11 10:55:25 +0900,2025-05-11 10:55:25 +0900
496,47,270,主要卸売市場計,2024-03-18,2025-05-11 10:55:25 +0900,2025-05-11 10:55:25 +0900
497,48,431,主要卸売市場計,2024-03-18,2025-05-11 10:55:25 +0900,2025-05-11 10:55:25 +0900
498,1,115,主要卸売市場計,2024-03-25,2025-05-11 10:55:25 +0900,2025-05-11 10:55:25 +0900
499,2,164,主要卸売市場計,2024-03-25,2025-05-11 10:55:25 +0900,2025-05-11 10:55:25 +0900
500,3,218,主要卸売市場計,2024-03-25,2025-05-11 10:55:25 +0900,2025-05-11 10:55:25 +0900
501,4,331,主要卸売市場計,2024-03-25,2025-05-11 10:55:25 +0900,2025-05-11 10:55:25 +0900
502,5,1090,主要卸売市場計,2024-03-25,2025-05-11 10:55:25 +0900,2025-05-11 10:55:25 +0900
503,6,476,主要卸売市場計,2024-03-25,2025-05-11 10:55:25 +0900,2025-05-11 10:55:25 +0900
504,7,224,主要卸売市場計,2024-03-25,2025-05-11 10:55:25 +0900,2025-05-11 10:55:25 +0900
505,8,379,主要卸売市場計,2024-03-25,2025-05-11 10:55:25 +0900,2025-05-11 10:55:25 +0900
506,9,358,主要卸売市場計,2024-03-25,2025-05-11 10:55:25 +0900,2025-05-11 10:55:25 +0900
507,10,322,主要卸売市場計,2024-03-25,2025-05-11 10:55:25 +0900,2025-05-11 10:55:25 +0900
508,11,144,主要卸売市場計,2024-03-25,2025-05-11 10:55:25 +0900,2025-05-11 10:55:25 +0900
509,12,556,主要卸売市場計,2024-03-25,2025-05-11 10:55:25 +0900,2025-05-11 10:55:25 +0900
510,13,398,主要卸売市場計,2024-03-25,2025-05-11 10:55:25 +0900,2025-05-11 10:55:25 +0900
511,14,501,主要卸売市場計,2024-03-25,2025-05-11 10:55:25 +0900,2025-05-11 10:55:25 +0900
512,15,924,主要卸売市場計,2024-03-25,2025-05-11 10:55:25 +0900,2025-05-11 10:55:25 +0900
513,16,497,主要卸売市場計,2024-03-25,2025-05-11 10:55:25 +0900,2025-05-11 10:55:25 +0900
514,17,738,主要卸売市場計,2024-03-25,2025-05-11 10:55:25 +0900,2025-05-11 10:55:25 +0900
515,18,754,主要卸売市場計,2024-03-25,2025-05-11 10:55:25 +0900,2025-05-11 10:55:25 +0900
516,19,306,主要卸売市場計,2024-03-25,2025-05-11 10:55:25 +0900,2025-05-11 10:55:25 +0900
517,20,1552,主要卸売市場計,2024-03-25,2025-05-11 10:55:25 +0900,2025-05-11 10:55:25 +0900
518,21,361,主要卸売市場計,2024-03-25,2025-05-11 10:55:25 +0900,2025-05-11 10:55:25 +0900
519,22,593,主要卸売市場計,2024-03-25,2025-05-11 10:55:25 +0900,2025-05-11 10:55:25 +0900
520,23,315,主要卸売市場計,2024-03-25,2025-05-11 10:55:25 +0900,2025-05-11 10:55:25 +0900
521,24,857,主要卸売市場計,2024-03-25,2025-05-11 10:55:25 +0900,2025-05-11 10:55:25 +0900
522,25,369,主要卸売市場計,2024-03-25,2025-05-11 10:55:25 +0900,2025-05-11 10:55:25 +0900
523,26,229,主要卸売市場計,2024-03-25,2025-05-11 10:55:25 +0900,2025-05-11 10:55:25 +0900
524,27,438,主要卸売市場計,2024-03-25,2025-05-11 10:55:25 +0900,2025-05-11 10:55:25 +0900
525,28,499,主要卸売市場計,2024-03-25,2025-05-11 10:55:25 +0900,2025-05-11 10:55:25 +0900
526,29,778,主要卸売市場計,2024-03-25,2025-05-11 10:55:25 +0900,2025-05-11 10:55:25 +0900
527,30,783,主要卸売市場計,2024-03-25,2025-05-11 10:55:25 +0900,2025-05-11 10:55:25 +0900
528,33,1038,主要卸売市場計,2024-03-25,2025-05-11 10:55:25 +0900,2025-05-11 10:55:25 +0900
529,34,1448,主要卸売市場計,2024-03-25,2025-05-11 10:55:25 +0900,2025-05-11 10:55:25 +0900
530,35,1059,主要卸売市場計,2024-03-25,2025-05-11 10:55:25 +0900,2025-05-11 10:55:25 +0900
531,36,693,主要卸売市場計,2024-03-25,2025-05-11 10:55:25 +0900,2025-05-11 10:55:25 +0900
532,37,2330,主要卸売市場計,2024-03-25,2025-05-11 10:55:25 +0900,2025-05-11 10:55:25 +0900
533,38,263,主要卸売市場計,2024-03-25,2025-05-11 10:55:25 +0900,2025-05-11 10:55:25 +0900
534,39,172,主要卸売市場計,2024-03-25,2025-05-11 10:55:25 +0900,2025-05-11 10:55:25 +0900
535,40,399,主要卸売市場計,2024-03-25,2025-05-11 10:55:25 +0900,2025-05-11 10:55:25 +0900
536,41,347,主要卸売市場計,2024-03-25,2025-05-11 10:55:25 +0900,2025-05-11 10:55:25 +0900
537,42,146,主要卸売市場計,2024-03-25,2025-05-11 10:55:25 +0900,2025-05-11 10:55:25 +0900
538,43,1150,主要卸売市場計,2024-03-25,2025-05-11 10:55:25 +0900,2025-05-11 10:55:25 +0900
539,44,814,主要卸売市場計,2024-03-25,2025-05-11 10:55:25 +0900,2025-05-11 10:55:25 +0900
540,45,1007,主要卸売市場計,2024-03-25,2025-05-11 10:55:25 +0900,2025-05-11 10:55:25 +0900
541,46,485,主要卸売市場計,2024-03-25,2025-05-11 10:55:25 +0900,2025-05-11 10:55:25 +0900
542,47,275,主要卸売市場計,2024-03-25,2025-05-11 10:55:25 +0900,2025-05-11 10:55:25 +0900
543,48,435,主要卸売市場計,2024-03-25,2025-05-11 10:55:25 +0900,2025-05-11 10:55:25 +0900
544,1,126,主要卸売市場計,2024-04-01,2025-05-11 10:55:25 +0900,2025-05-11 10:55:25 +0900
545,2,161,主要卸売市場計,2024-04-01,2025-05-11 10:55:25 +0900,2025-05-11 10:55:25 +0900
546,3,242,主要卸売市場計,2024-04-01,2025-05-11 10:55:25 +0900,2025-05-11 10:55:25 +0900
547,4,346,主要卸売市場計,2024-04-01,2025-05-11 10:55:25 +0900,2025-05-11 10:55:25 +0900
548,5,700,主要卸売市場計,2024-04-01,2025-05-11 10:55:25 +0900,2025-05-11 10:55:25 +0900
549,6,510,主要卸売市場計,2024-04-01,2025-05-11 10:55:25 +0900,2025-05-11 10:55:25 +0900
550,7,138,主要卸売市場計,2024-04-01,2025-05-11 10:55:25 +0900,2025-05-11 10:55:25 +0900
551,8,346,主要卸売市場計,2024-04-01,2025-05-11 10:55:25 +0900,2025-05-11 10:55:25 +0900
552,9,382,主要卸売市場計,2024-04-01,2025-05-11 10:55:25 +0900,2025-05-11 10:55:25 +0900
553,10,337,主要卸売市場計,2024-04-01,2025-05-11 10:55:25 +0900,2025-05-11 10:55:25 +0900
554,11,120,主要卸売市場計,2024-04-01,2025-05-11 10:55:25 +0900,2025-05-11 10:55:25 +0900
555,12,530,主要卸売市場計,2024-04-01,2025-05-11 10:55:25 +0900,2025-05-11 10:55:25 +0900
556,13,424,主要卸売市場計,2024-04-01,2025-05-11 10:55:25 +0900,2025-05-11 10:55:25 +0900
557,14,515,主要卸売市場計,2024-04-01,2025-05-11 10:55:25 +0900,2025-05-11 10:55:25 +0900
558,15,885,主要卸売市場計,2024-04-01,2025-05-11 10:55:26 +0900,2025-05-11 10:55:26 +0900
559,16,472,主要卸売市場計,2024-04-01,2025-05-11 10:55:26 +0900,2025-05-11 10:55:26 +0900
560,17,656,主要卸売市場計,2024-04-01,2025-05-11 10:55:26 +0900,2025-05-11 10:55:26 +0900
561,18,744,主要卸売市場計,2024-04-01,2025-05-11 10:55:26 +0900,2025-05-11 10:55:26 +0900
562,19,317,主要卸売市場計,2024-04-01,2025-05-11 10:55:26 +0900,2025-05-11 10:55:26 +0900
563,20,1728,主要卸売市場計,2024-04-01,2025-05-11 10:55:26 +0900,2025-05-11 10:55:26 +0900
564,21,338,主要卸売市場計,2024-04-01,2025-05-11 10:55:26 +0900,2025-05-11 10:55:26 +0900
565,22,550,主要卸売市場計,2024-04-01,2025-05-11 10:55:26 +0900,2025-05-11 10:55:26 +0900
566,23,286,主要卸売市場計,2024-04-01,2025-05-11 10:55:26 +0900,2025-05-11 10:55:26 +0900
567,24,862,主要卸売市場計,2024-04-01,2025-05-11 10:55:26 +0900,2025-05-11 10:55:26 +0900
568,25,366,主要卸売市場計,2024-04-01,2025-05-11 10:55:26 +0900,2025-05-11 10:55:26 +0900
569,26,213,主要卸売市場計,2024-04-01,2025-05-11 10:55:26 +0900,2025-05-11 10:55:26 +0900
570,27,442,主要卸売市場計,2024-04-01,2025-05-11 10:55:26 +0900,2025-05-11 10:55:26 +0900
571,28,511,主要卸売市場計,2024-04-01,2025-05-11 10:55:26 +0900,2025-05-11 10:55:26 +0900
572,29,785,主要卸売市場計,2024-04-01,2025-05-11 10:55:26 +0900,2025-05-11 10:55:26 +0900
573,30,756,主要卸売市場計,2024-04-01,2025-05-11 10:55:26 +0900,2025-05-11 10:55:26 +0900
574,33,927,主要卸売市場計,2024-04-01,2025-05-11 10:55:26 +0900,2025-05-11 10:55:26 +0900
575,34,1446,主要卸売市場計,2024-04-01,2025-05-11 10:55:26 +0900,2025-05-11 10:55:26 +0900
576,35,1104,主要卸売市場計,2024-04-01,2025-05-11 10:55:26 +0900,2025-05-11 10:55:26 +0900
577,36,617,主要卸売市場計,2024-04-01,2025-05-11 10:55:26 +0900,2025-05-11 10:55:26 +0900
578,37,2023,主要卸売市場計,2024-04-01,2025-05-11 10:55:26 +0900,2025-05-11 10:55:26 +0900
579,38,254,主要卸売市場計,2024-04-01,2025-05-11 10:55:26 +0900,2025-05-11 10:55:26 +0900
580,39,164,主要卸売市場計,2024-04-01,2025-05-11 10:55:26 +0900,2025-05-11 10:55:26 +0900
581,40,387,主要卸売市場計,2024-04-01,2025-05-11 10:55:26 +0900,2025-05-11 10:55:26 +0900
582,41,372,主要卸売市場計,2024-04-01,2025-05-11 10:55:26 +0900,2025-05-11 10:55:26 +0900
583,42,135,主要卸売市場計,2024-04-01,2025-05-11 10:55:26 +0900,2025-05-11 10:55:26 +0900
584,43,1296,主要卸売市場計,2024-04-01,2025-05-11 10:55:26 +0900,2025-05-11 10:55:26 +0900
585,44,796,主要卸売市場計,2024-04-01,2025-05-11 10:55:26 +0900,2025-05-11 10:55:26 +0900
586,45,997,主要卸売市場計,2024-04-01,2025-05-11 10:55:26 +0900,2025-05-11 10:55:26 +0900
587,46,483,主要卸売市場計,2024-04-01,2025-05-11 10:55:26 +0900,2025-05-11 10:55:26 +0900
588,47,297,主要卸売市場計,2024-04-01,2025-05-11 10:55:26 +0900,2025-05-11 10:55:26 +0900
589,48,447,主要卸売市場計,2024-04-01,2025-05-11 10:55:26 +0900,2025-05-11 10:55:26 +0900
590,1,119,主要卸売市場計,2024-04-08,2025-05-11 10:55:26 +0900,2025-05-11 10:55:26 +0900
591,2,156,主要卸売市場計,2024-04-08,2025-05-11 10:55:26 +0900,2025-05-11 10:55:26 +0900
592,3,268,主要卸売市場計,2024-04-08,2025-05-11 10:55:26 +0900,2025-05-11 10:55:26 +0900
593,4,427,主要卸売市場計,2024-04-08,2025-05-11 10:55:26 +0900,2025-05-11 10:55:26 +0900
594,5,428,主要卸売市場計,2024-04-08,2025-05-11 10:55:26 +0900,2025-05-11 10:55:26 +0900
595,6,551,主要卸売市場計,2024-04-08,2025-05-11 10:55:26 +0900,2025-05-11 10:55:26 +0900
596,7,111,主要卸売市場計,2024-04-08,2025-05-11 10:55:26 +0900,2025-05-11 10:55:26 +0900
597,8,345,主要卸売市場計,2024-04-08,2025-05-11 10:55:26 +0900,2025-05-11 10:55:26 +0900
598,9,389,主要卸売市場計,2024-04-08,2025-05-11 10:55:26 +0900,2025-05-11 10:55:26 +0900
599,10,366,主要卸売市場計,2024-04-08,2025-05-11 10:55:26 +0900,2025-05-11 10:55:26 +0900
600,11,140,主要卸売市場計,2024-04-08,2025-05-11 10:55:26 +0900,2025-05-11 10:55:26 +0900
601,12,494,主要卸売市場計,2024-04-08,2025-05-11 10:55:26 +0900,2025-05-11 10:55:26 +0900
602,13,427,主要卸売市場計,2024-04-08,2025-05-11 10:55:26 +0900,2025-05-11 10:55:26 +0900
603,14,558,主要卸売市場計,2024-04-08,2025-05-11 10:55:26 +0900,2025-05-11 10:55:26 +0900
604,15,848,主要卸売市場計,2024-04-08,2025-05-11 10:55:26 +0900,2025-05-11 10:55:26 +0900
605,16,490,主要卸売市場計,2024-04-08,2025-05-11 10:55:26 +0900,2025-05-11 10:55:26 +0900
606,17,661,主要卸売市場計,2024-04-08,2025-05-11 10:55:26 +0900,2025-05-11 10:55:26 +0900
607,18,732,主要卸売市場計,2024-04-08,2025-05-11 10:55:26 +0900,2025-05-11 10:55:26 +0900
608,19,328,主要卸売市場計,2024-04-08,2025-05-11 10:55:26 +0900,2025-05-11 10:55:26 +0900
609,20,1663,主要卸売市場計,2024-04-08,2025-05-11 10:55:26 +0900,2025-05-11 10:55:26 +0900
610,21,251,主要卸売市場計,2024-04-08,2025-05-11 10:55:26 +0900,2025-05-11 10:55:26 +0900
611,22,493,主要卸売市場計,2024-04-08,2025-05-11 10:55:26 +0900,2025-05-11 10:55:26 +0900
612,23,263,主要卸売市場計,2024-04-08,2025-05-11 10:55:26 +0900,2025-05-11 10:55:26 +0900
613,24,791,主要卸売市場計,2024-04-08,2025-05-11 10:55:26 +0900,2025-05-11 10:55:26 +0900
614,25,403,主要卸売市場計,2024-04-08,2025-05-11 10:55:26 +0900,2025-05-11 10:55:26 +0900
615,26,193,主要卸売市場計,2024-04-08,2025-05-11 10:55:26 +0900,2025-05-11 10:55:26 +0900
616,27,441,主要卸売市場計,2024-04-08,2025-05-11 10:55:26 +0900,2025-05-11 10:55:26 +0900
617,28,455,主要卸売市場計,2024-04-08,2025-05-11 10:55:26 +0900,2025-05-11 10:55:26 +0900
618,29,770,主要卸売市場計,2024-04-08,2025-05-11 10:55:26 +0900,2025-05-11 10:55:26 +0900
619,30,715,主要卸売市場計,2024-04-08,2025-05-11 10:55:26 +0900,2025-05-11 10:55:26 +0900
620,33,1164,主要卸売市場計,2024-04-08,2025-05-11 10:55:26 +0900,2025-05-11 10:55:26 +0900
621,34,1472,主要卸売市場計,2024-04-08,2025-05-11 10:55:26 +0900,2025-05-11 10:55:26 +0900
622,35,976,主要卸売市場計,2024-04-08,2025-05-11 10:55:26 +0900,2025-05-11 10:55:26 +0900
623,36,667,主要卸売市場計,2024-04-08,2025-05-11 10:55:26 +0900,2025-05-11 10:55:26 +0900
624,37,1505,主要卸売市場計,2024-04-08,2025-05-11 10:55:26 +0900,2025-05-11 10:55:26 +0900
625,38,256,主要卸売市場計,2024-04-08,2025-05-11 10:55:26 +0900,2025-05-11 10:55:26 +0900
626,39,183,主要卸売市場計,2024-04-08,2025-05-11 10:55:26 +0900,2025-05-11 10:55:26 +0900
627,40,385,主要卸売市場計,2024-04-08,2025-05-11 10:55:26 +0900,2025-05-11 10:55:26 +0900
628,41,370,主要卸売市場計,2024-04-08,2025-05-11 10:55:26 +0900,2025-05-11 10:55:26 +0900
629,42,141,主要卸売市場計,2024-04-08,2025-05-11 10:55:26 +0900,2025-05-11 10:55:26 +0900
630,43,1300,主要卸売市場計,2024-04-08,2025-05-11 10:55:26 +0900,2025-05-11 10:55:26 +0900
631,44,838,主要卸売市場計,2024-04-08,2025-05-11 10:55:26 +0900,2025-05-11 10:55:26 +0900
632,45,983,主要卸売市場計,2024-04-08,2025-05-11 10:55:26 +0900,2025-05-11 10:55:26 +0900
633,46,485,主要卸売市場計,2024-04-08,2025-05-11 10:55:26 +0900,2025-05-11 10:55:26 +0900
634,47,310,主要卸売市場計,2024-04-08,2025-05-11 10:55:26 +0900,2025-05-11 10:55:26 +0900
635,48,468,主要卸売市場計,2024-04-08,2025-05-11 10:55:26 +0900,2025-05-11 10:55:26 +0900
636,1,120,主要卸売市場計,2024-04-15,2025-05-11 10:55:26 +0900,2025-05-11 10:55:26 +0900
637,2,148,主要卸売市場計,2024-04-15,2025-05-11 10:55:26 +0900,2025-05-11 10:55:26 +0900
638,3,284,主要卸売市場計,2024-04-15,2025-05-11 10:55:26 +0900,2025-05-11 10:55:26 +0900
639,4,408,主要卸売市場計,2024-04-15,2025-05-11 10:55:26 +0900,2025-05-11 10:55:26 +0900
640,5,410,主要卸売市場計,2024-04-15,2025-05-11 10:55:26 +0900,2025-05-11 10:55:26 +0900
641,6,623,主要卸売市場計,2024-04-15,2025-05-11 10:55:26 +0900,2025-05-11 10:55:26 +0900
642,7,98,主要卸売市場計,2024-04-15,2025-05-11 10:55:26 +0900,2025-05-11 10:55:26 +0900
643,8,354,主要卸売市場計,2024-04-15,2025-05-11 10:55:26 +0900,2025-05-11 10:55:26 +0900
644,9,386,主要卸売市場計,2024-04-15,2025-05-11 10:55:26 +0900,2025-05-11 10:55:26 +0900
645,10,404,主要卸売市場計,2024-04-15,2025-05-11 10:55:26 +0900,2025-05-11 10:55:26 +0900
646,11,145,主要卸売市場計,2024-04-15,2025-05-11 10:55:26 +0900,2025-05-11 10:55:26 +0900
647,12,558,主要卸売市場計,2024-04-15,2025-05-11 10:55:26 +0900,2025-05-11 10:55:26 +0900
648,13,413,主要卸売市場計,2024-04-15,2025-05-11 10:55:26 +0900,2025-05-11 10:55:26 +0900
649,14,541,主要卸売市場計,2024-04-15,2025-05-11 10:55:26 +0900,2025-05-11 10:55:26 +0900
650,15,823,主要卸売市場計,2024-04-15,2025-05-11 10:55:26 +0900,2025-05-11 10:55:26 +0900
651,16,507,主要卸売市場計,2024-04-15,2025-05-11 10:55:26 +0900,2025-05-11 10:55:26 +0900
652,17,660,主要卸売市場計,2024-04-15,2025-05-11 10:55:26 +0900,2025-05-11 10:55:26 +0900
653,18,680,主要卸売市場計,2024-04-15,2025-05-11 10:55:26 +0900,2025-05-11 10:55:26 +0900
654,19,317,主要卸売市場計,2024-04-15,2025-05-11 10:55:26 +0900,2025-05-11 10:55:26 +0900
655,20,1763,主要卸売市場計,2024-04-15,2025-05-11 10:55:26 +0900,2025-05-11 10:55:26 +0900
656,21,287,主要卸売市場計,2024-04-15,2025-05-11 10:55:26 +0900,2025-05-11 10:55:26 +0900
657,22,510,主要卸売市場計,2024-04-15,2025-05-11 10:55:26 +0900,2025-05-11 10:55:26 +0900
658,23,262,主要卸売市場計,2024-04-15,2025-05-11 10:55:26 +0900,2025-05-11 10:55:26 +0900
659,24,889,主要卸売市場計,2024-04-15,2025-05-11 10:55:26 +0900,2025-05-11 10:55:26 +0900
660,25,393,主要卸売市場計,2024-04-15,2025-05-11 10:55:26 +0900,2025-05-11 10:55:26 +0900
661,26,212,主要卸売市場計,2024-04-15,2025-05-11 10:55:26 +0900,2025-05-11 10:55:26 +0900
662,27,486,主要卸売市場計,2024-04-15,2025-05-11 10:55:26 +0900,2025-05-11 10:55:26 +0900
663,28,381,主要卸売市場計,2024-04-15,2025-05-11 10:55:26 +0900,2025-05-11 10:55:26 +0900
664,29,672,主要卸売市場計,2024-04-15,2025-05-11 10:55:26 +0900,2025-05-11 10:55:26 +0900
665,30,685,主要卸売市場計,2024-04-15,2025-05-11 10:55:26 +0900,2025-05-11 10:55:26 +0900
666,33,1614,主要卸売市場計,2024-04-15,2025-05-11 10:55:26 +0900,2025-05-11 10:55:26 +0900
667,34,1501,主要卸売市場計,2024-04-15,2025-05-11 10:55:26 +0900,2025-05-11 10:55:26 +0900
668,35,973,主要卸売市場計,2024-04-15,2025-05-11 10:55:26 +0900,2025-05-11 10:55:26 +0900
669,36,752,主要卸売市場計,2024-04-15,2025-05-11 10:55:26 +0900,2025-05-11 10:55:26 +0900
670,37,1687,主要卸売市場計,2024-04-15,2025-05-11 10:55:26 +0900,2025-05-11 10:55:26 +0900
671,38,252,主要卸売市場計,2024-04-15,2025-05-11 10:55:26 +0900,2025-05-11 10:55:26 +0900
672,39,181,主要卸売市場計,2024-04-15,2025-05-11 10:55:26 +0900,2025-05-11 10:55:26 +0900
673,40,382,主要卸売市場計,2024-04-15,2025-05-11 10:55:26 +0900,2025-05-11 10:55:26 +0900
674,41,379,主要卸売市場計,2024-04-15,2025-05-11 10:55:26 +0900,2025-05-11 10:55:26 +0900
675,42,137,主要卸売市場計,2024-04-15,2025-05-11 10:55:26 +0900,2025-05-11 10:55:26 +0900
676,43,1264,主要卸売市場計,2024-04-15,2025-05-11 10:55:26 +0900,2025-05-11 10:55:26 +0900
677,44,881,主要卸売市場計,2024-04-15,2025-05-11 10:55:26 +0900,2025-05-11 10:55:26 +0900
678,45,989,主要卸売市場計,2024-04-15,2025-05-11 10:55:26 +0900,2025-05-11 10:55:26 +0900
679,46,489,主要卸売市場計,2024-04-15,2025-05-11 10:55:26 +0900,2025-05-11 10:55:26 +0900
680,47,326,主要卸売市場計,2024-04-15,2025-05-11 10:55:26 +0900,2025-05-11 10:55:26 +0900
681,48,476,主要卸売市場計,2024-04-15,2025-05-11 10:55:26 +0900,2025-05-11 10:55:26 +0900
682,1,136,主要卸売市場計,2024-04-22,2025-05-11 10:55:26 +0900,2025-05-11 10:55:26 +0900
683,2,157,主要卸売市場計,2024-04-22,2025-05-11 10:55:26 +0900,2025-05-11 10:55:26 +0900
684,3,267,主要卸売市場計,2024-04-22,2025-05-11 10:55:26 +0900,2025-05-11 10:55:26 +0900
685,4,356,主要卸売市場計,2024-04-22,2025-05-11 10:55:26 +0900,2025-05-11 10:55:26 +0900
686,5,396,主要卸売市場計,2024-04-22,2025-05-11 10:55:26 +0900,2025-05-11 10:55:26 +0900
687,6,639,主要卸売市場計,2024-04-22,2025-05-11 10:55:26 +0900,2025-05-11 10:55:26 +0900
688,7,102,主要卸売市場計,2024-04-22,2025-05-11 10:55:26 +0900,2025-05-11 10:55:26 +0900
689,8,362,主要卸売市場計,2024-04-22,2025-05-11 10:55:26 +0900,2025-05-11 10:55:26 +0900
690,9,384,主要卸売市場計,2024-04-22,2025-05-11 10:55:26 +0900,2025-05-11 10:55:26 +0900
691,10,374,主要卸売市場計,2024-04-22,2025-05-11 10:55:26 +0900,2025-05-11 10:55:26 +0900
692,11,161,主要卸売市場計,2024-04-22,2025-05-11 10:55:26 +0900,2025-05-11 10:55:26 +0900
693,12,586,主要卸売市場計,2024-04-22,2025-05-11 10:55:26 +0900,2025-05-11 10:55:26 +0900
694,13,416,主要卸売市場計,2024-04-22,2025-05-11 10:55:26 +0900,2025-05-11 10:55:26 +0900
695,14,514,主要卸売市場計,2024-04-22,2025-05-11 10:55:26 +0900,2025-05-11 10:55:26 +0900
696,15,878,主要卸売市場計,2024-04-22,2025-05-11 10:55:26 +0900,2025-05-11 10:55:26 +0900
697,16,486,主要卸売市場計,2024-04-22,2025-05-11 10:55:26 +0900,2025-05-11 10:55:26 +0900
698,17,742,主要卸売市場計,2024-04-22,2025-05-11 10:55:26 +0900,2025-05-11 10:55:26 +0900
699,18,612,主要卸売市場計,2024-04-22,2025-05-11 10:55:26 +0900,2025-05-11 10:55:26 +0900
700,19,333,主要卸売市場計,2024-04-22,2025-05-11 10:55:26 +0900,2025-05-11 10:55:26 +0900
701,20,1874,主要卸売市場計,2024-04-22,2025-05-11 10:55:26 +0900,2025-05-11 10:55:26 +0900
702,21,272,主要卸売市場計,2024-04-22,2025-05-11 10:55:26 +0900,2025-05-11 10:55:26 +0900
703,22,519,主要卸売市場計,2024-04-22,2025-05-11 10:55:26 +0900,2025-05-11 10:55:26 +0900
704,23,289,主要卸売市場計,2024-04-22,2025-05-11 10:55:26 +0900,2025-05-11 10:55:26 +0900
705,24,946,主要卸売市場計,2024-04-22,2025-05-11 10:55:26 +0900,2025-05-11 10:55:26 +0900
706,25,383,主要卸売市場計,2024-04-22,2025-05-11 10:55:26 +0900,2025-05-11 10:55:26 +0900
707,26,216,主要卸売市場計,2024-04-22,2025-05-11 10:55:26 +0900,2025-05-11 10:55:26 +0900
708,27,442,主要卸売市場計,2024-04-22,2025-05-11 10:55:26 +0900,2025-05-11 10:55:26 +0900
709,28,390,主要卸売市場計,2024-04-22,2025-05-11 10:55:26 +0900,2025-05-11 10:55:26 +0900
710,29,643,主要卸売市場計,2024-04-22,2025-05-11 10:55:26 +0900,2025-05-11 10:55:26 +0900
711,30,719,主要卸売市場計,2024-04-22,2025-05-11 10:55:26 +0900,2025-05-11 10:55:26 +0900
712,33,1461,主要卸売市場計,2024-04-22,2025-05-11 10:55:26 +0900,2025-05-11 10:55:26 +0900
713,34,1585,主要卸売市場計,2024-04-22,2025-05-11 10:55:26 +0900,2025-05-11 10:55:26 +0900
714,35,1014,主要卸売市場計,2024-04-22,2025-05-11 10:55:26 +0900,2025-05-11 10:55:26 +0900
715,36,804,主要卸売市場計,2024-04-22,2025-05-11 10:55:26 +0900,2025-05-11 10:55:26 +0900
716,37,1849,主要卸売市場計,2024-04-22,2025-05-11 10:55:26 +0900,2025-05-11 10:55:26 +0900
717,38,262,主要卸売市場計,2024-04-22,2025-05-11 10:55:26 +0900,2025-05-11 10:55:26 +0900
718,39,182,主要卸売市場計,2024-04-22,2025-05-11 10:55:26 +0900,2025-05-11 10:55:26 +0900
719,40,402,主要卸売市場計,2024-04-22,2025-05-11 10:55:26 +0900,2025-05-11 10:55:26 +0900
720,41,377,主要卸売市場計,2024-04-22,2025-05-11 10:55:26 +0900,2025-05-11 10:55:26 +0900
721,42,130,主要卸売市場計,2024-04-22,2025-05-11 10:55:26 +0900,2025-05-11 10:55:26 +0900
722,43,1321,主要卸売市場計,2024-04-22,2025-05-11 10:55:26 +0900,2025-05-11 10:55:26 +0900
723,44,842,主要卸売市場計,2024-04-22,2025-05-11 10:55:26 +0900,2025-05-11 10:55:26 +0900
724,45,992,主要卸売市場計,2024-04-22,2025-05-11 10:55:26 +0900,2025-05-11 10:55:26 +0900
725,46,490,主要卸売市場計,2024-04-22,2025-05-11 10:55:26 +0900,2025-05-11 10:55:26 +0900
726,47,337,主要卸売市場計,2024-04-22,2025-05-11 10:55:26 +0900,2025-05-11 10:55:26 +0900
727,48,481,主要卸売市場計,2024-04-22,2025-05-11 10:55:26 +0900,2025-05-11 10:55:26 +0900
728,1,174,主要卸売市場計,2024-04-29,2025-05-11 10:55:26 +0900,2025-05-11 10:55:26 +0900
729,3,250,主要卸売市場計,2024-04-29,2025-05-11 10:55:26 +0900,2025-05-11 10:55:26 +0900
730,4,218,主要卸売市場計,2024-04-29,2025-05-11 10:55:26 +0900,2025-05-11 10:55:26 +0900
731,7,119,主要卸売市場計,2024-04-29,2025-05-11 10:55:26 +0900,2025-05-11 10:55:26 +0900
732,8,492,主要卸売市場計,2024-04-29,2025-05-11 10:55:26 +0900,2025-05-11 10:55:26 +0900
733,9,390,主要卸売市場計,2024-04-29,2025-05-11 10:55:26 +0900,2025-05-11 10:55:26 +0900
734,10,367,主要卸売市場計,2024-04-29,2025-05-11 10:55:26 +0900,2025-05-11 10:55:26 +0900
735,11,150,主要卸売市場計,2024-04-29,2025-05-11 10:55:26 +0900,2025-05-11 10:55:26 +0900
736,12,697,主要卸売市場計,2024-04-29,2025-05-11 10:55:26 +0900,2025-05-11 10:55:26 +0900
737,13,429,主要卸売市場計,2024-04-29,2025-05-11 10:55:26 +0900,2025-05-11 10:55:26 +0900
738,16,1060,主要卸売市場計,2024-04-29,2025-05-11 10:55:26 +0900,2025-05-11 10:55:26 +0900
739,17,639,主要卸売市場計,2024-04-29,2025-05-11 10:55:26 +0900,2025-05-11 10:55:26 +0900
740,18,649,主要卸売市場計,2024-04-29,2025-05-11 10:55:26 +0900,2025-05-11 10:55:26 +0900
741,19,233,主要卸売市場計,2024-04-29,2025-05-11 10:55:26 +0900,2025-05-11 10:55:26 +0900
742,20,1885,主要卸売市場計,2024-04-29,2025-05-11 10:55:26 +0900,2025-05-11 10:55:26 +0900
743,21,297,主要卸売市場計,2024-04-29,2025-05-11 10:55:26 +0900,2025-05-11 10:55:26 +0900
744,22,295,主要卸売市場計,2024-04-29,2025-05-11 10:55:26 +0900,2025-05-11 10:55:26 +0900
745,23,222,主要卸売市場計,2024-04-29,2025-05-11 10:55:26 +0900,2025-05-11 10:55:26 +0900
746,24,1441,主要卸売市場計,2024-04-29,2025-05-11 10:55:26 +0900,2025-05-11 10:55:26 +0900
747,25,272,主要卸売市場計,2024-04-29,2025-05-11 10:55:26 +0900,2025-05-11 10:55:26 +0900
748,26,262,主要卸売市場計,2024-04-29,2025-05-11 10:55:26 +0900,2025-05-11 10:55:26 +0900
749,27,265,主要卸売市場計,2024-04-29,2025-05-11 10:55:26 +0900,2025-05-11 10:55:26 +0900
750,28,281,主要卸売市場計,2024-04-29,2025-05-11 10:55:26 +0900,2025-05-11 10:55:26 +0900
751,29,564,主要卸売市場計,2024-04-29,2025-05-11 10:55:26 +0900,2025-05-11 10:55:26 +0900
752,30,452,主要卸売市場計,2024-04-29,2025-05-11 10:55:26 +0900,2025-05-11 10:55:26 +0900
753,33,708,主要卸売市場計,2024-04-29,2025-05-11 10:55:26 +0900,2025-05-11 10:55:26 +0900
754,34,3618,主要卸売市場計,2024-04-29,2025-05-11 10:55:26 +0900,2025-05-11 10:55:26 +0900
755,38,346,主要卸売市場計,2024-04-29,2025-05-11 10:55:26 +0900,2025-05-11 10:55:26 +0900
756,39,178,主要卸売市場計,2024-04-29,2025-05-11 10:55:26 +0900,2025-05-11 10:55:26 +0900
757,41,518,主要卸売市場計,2024-04-29,2025-05-11 10:55:26 +0900,2025-05-11 10:55:26 +0900
758,42,181,主要卸売市場計,2024-04-29,2025-05-11 10:55:26 +0900,2025-05-11 10:55:26 +0900
759,43,565,主要卸売市場計,2024-04-29,2025-05-11 10:55:26 +0900,2025-05-11 10:55:26 +0900
760,44,525,主要卸売市場計,2024-04-29,2025-05-11 10:55:26 +0900,2025-05-11 10:55:26 +0900
761,45,1211,主要卸売市場計,2024-04-29,2025-05-11 10:55:26 +0900,2025-05-11 10:55:26 +0900
762,46,666,主要卸売市場計,2024-04-29,2025-05-11 10:55:26 +0900,2025-05-11 10:55:26 +0900
763,47,411,主要卸売市場計,2024-04-29,2025-05-11 10:55:26 +0900,2025-05-11 10:55:26 +0900
764,48,560,主要卸売市場計,2024-04-29,2025-05-11 10:55:26 +0900,2025-05-11 10:55:26 +0900
765,1,139,主要卸売市場計,2024-05-06,2025-05-11 10:55:26 +0900,2025-05-11 10:55:26 +0900
766,2,152,主要卸売市場計,2024-05-06,2025-05-11 10:55:26 +0900,2025-05-11 10:55:26 +0900
767,3,248,主要卸売市場計,2024-05-06,2025-05-11 10:55:26 +0900,2025-05-11 10:55:26 +0900
768,4,426,主要卸売市場計,2024-05-06,2025-05-11 10:55:26 +0900,2025-05-11 10:55:26 +0900
769,5,568,主要卸売市場計,2024-05-06,2025-05-11 10:55:26 +0900,2025-05-11 10:55:26 +0900
770,6,609,主要卸売市場計,2024-05-06,2025-05-11 10:55:26 +0900,2025-05-11 10:55:26 +0900
771,7,100,主要卸売市場計,2024-05-06,2025-05-11 10:55:26 +0900,2025-05-11 10:55:26 +0900
772,8,298,主要卸売市場計,2024-05-06,2025-05-11 10:55:26 +0900,2025-05-11 10:55:26 +0900
773,9,295,主要卸売市場計,2024-05-06,2025-05-11 10:55:26 +0900,2025-05-11 10:55:26 +0900
774,10,318,主要卸売市場計,2024-05-06,2025-05-11 10:55:26 +0900,2025-05-11 10:55:26 +0900
775,11,152,主要卸売市場計,2024-05-06,2025-05-11 10:55:26 +0900,2025-05-11 10:55:26 +0900
776,12,462,主要卸売市場計,2024-05-06,2025-05-11 10:55:26 +0900,2025-05-11 10:55:26 +0900
777,13,507,主要卸売市場計,2024-05-06,2025-05-11 10:55:26 +0900,2025-05-11 10:55:26 +0900
778,14,370,主要卸売市場計,2024-05-06,2025-05-11 10:55:26 +0900,2025-05-11 10:55:26 +0900
779,15,723,主要卸売市場計,2024-05-06,2025-05-11 10:55:26 +0900,2025-05-11 10:55:26 +0900
780,16,483,主要卸売市場計,2024-05-06,2025-05-11 10:55:26 +0900,2025-05-11 10:55:26 +0900
781,17,821,主要卸売市場計,2024-05-06,2025-05-11 10:55:26 +0900,2025-05-11 10:55:26 +0900
782,18,473,主要卸売市場計,2024-05-06,2025-05-11 10:55:26 +0900,2025-05-11 10:55:26 +0900
783,19,392,主要卸売市場計,2024-05-06,2025-05-11 10:55:26 +0900,2025-05-11 10:55:26 +0900
784,20,1827,主要卸売市場計,2024-05-06,2025-05-11 10:55:26 +0900,2025-05-11 10:55:26 +0900
785,21,243,主要卸売市場計,2024-05-06,2025-05-11 10:55:26 +0900,2025-05-11 10:55:26 +0900
786,22,594,主要卸売市場計,2024-05-06,2025-05-11 10:55:26 +0900,2025-05-11 10:55:26 +0900
787,23,186,主要卸売市場計,2024-05-06,2025-05-11 10:55:26 +0900,2025-05-11 10:55:26 +0900
788,24,1333,主要卸売市場計,2024-05-06,2025-05-11 10:55:26 +0900,2025-05-11 10:55:26 +0900
789,25,322,主要卸売市場計,2024-05-06,2025-05-11 10:55:26 +0900,2025-05-11 10:55:26 +0900
790,26,249,主要卸売市場計,2024-05-06,2025-05-11 10:55:26 +0900,2025-05-11 10:55:26 +0900
791,27,408,主要卸売市場計,2024-05-06,2025-05-11 10:55:26 +0900,2025-05-11 10:55:26 +0900
792,28,344,主要卸売市場計,2024-05-06,2025-05-11 10:55:26 +0900,2025-05-11 10:55:26 +0900
793,29,528,主要卸売市場計,2024-05-06,2025-05-11 10:55:26 +0900,2025-05-11 10:55:26 +0900
794,30,658,主要卸売市場計,2024-05-06,2025-05-11 10:55:26 +0900,2025-05-11 10:55:26 +0900
795,33,1223,主要卸売市場計,2024-05-06,2025-05-11 10:55:26 +0900,2025-05-11 10:55:26 +0900
796,34,1545,主要卸売市場計,2024-05-06,2025-05-11 10:55:26 +0900,2025-05-11 10:55:26 +0900
797,35,1053,主要卸売市場計,2024-05-06,2025-05-11 10:55:26 +0900,2025-05-11 10:55:26 +0900
798,36,684,主要卸売市場計,2024-05-06,2025-05-11 10:55:26 +0900,2025-05-11 10:55:26 +0900
799,37,1884,主要卸売市場計,2024-05-06,2025-05-11 10:55:26 +0900,2025-05-11 10:55:26 +0900
800,38,288,主要卸売市場計,2024-05-06,2025-05-11 10:55:26 +0900,2025-05-11 10:55:26 +0900
801,39,194,主要卸売市場計,2024-05-06,2025-05-11 10:55:26 +0900,2025-05-11 10:55:26 +0900
802,40,492,主要卸売市場計,2024-05-06,2025-05-11 10:55:26 +0900,2025-05-11 10:55:26 +0900
803,41,392,主要卸売市場計,2024-05-06,2025-05-11 10:55:26 +0900,2025-05-11 10:55:26 +0900
804,42,120,主要卸売市場計,2024-05-06,2025-05-11 10:55:26 +0900,2025-05-11 10:55:26 +0900
805,43,1064,主要卸売市場計,2024-05-06,2025-05-11 10:55:26 +0900,2025-05-11 10:55:26 +0900
806,44,858,主要卸売市場計,2024-05-06,2025-05-11 10:55:26 +0900,2025-05-11 10:55:26 +0900
807,45,994,主要卸売市場計,2024-05-06,2025-05-11 10:55:26 +0900,2025-05-11 10:55:26 +0900
808,46,496,主要卸売市場計,2024-05-06,2025-05-11 10:55:26 +0900,2025-05-11 10:55:26 +0900
809,47,329,主要卸売市場計,2024-05-06,2025-05-11 10:55:26 +0900,2025-05-11 10:55:26 +0900
810,48,480,主要卸売市場計,2024-05-06,2025-05-11 10:55:26 +0900,2025-05-11 10:55:26 +0900
811,1,133,主要卸売市場計,2024-05-13,2025-05-11 10:55:26 +0900,2025-05-11 10:55:26 +0900
812,2,144,主要卸売市場計,2024-05-13,2025-05-11 10:55:26 +0900,2025-05-11 10:55:26 +0900
813,3,200,主要卸売市場計,2024-05-13,2025-05-11 10:55:26 +0900,2025-05-11 10:55:26 +0900
814,4,350,主要卸売市場計,2024-05-13,2025-05-11 10:55:26 +0900,2025-05-11 10:55:26 +0900
815,5,664,主要卸売市場計,2024-05-13,2025-05-11 10:55:26 +0900,2025-05-11 10:55:26 +0900
816,6,648,主要卸売市場計,2024-05-13,2025-05-11 10:55:26 +0900,2025-05-11 10:55:26 +0900
817,7,128,主要卸売市場計,2024-05-13,2025-05-11 10:55:26 +0900,2025-05-11 10:55:26 +0900
818,8,311,主要卸売市場計,2024-05-13,2025-05-11 10:55:26 +0900,2025-05-11 10:55:26 +0900
819,9,320,主要卸売市場計,2024-05-13,2025-05-11 10:55:26 +0900,2025-05-11 10:55:26 +0900
820,10,327,主要卸売市場計,2024-05-13,2025-05-11 10:55:26 +0900,2025-05-11 10:55:26 +0900
821,11,243,主要卸売市場計,2024-05-13,2025-05-11 10:55:26 +0900,2025-05-11 10:55:26 +0900
822,12,568,主要卸売市場計,2024-05-13,2025-05-11 10:55:26 +0900,2025-05-11 10:55:26 +0900
823,13,491,主要卸売市場計,2024-05-13,2025-05-11 10:55:26 +0900,2025-05-11 10:55:26 +0900
824,14,395,主要卸売市場計,2024-05-13,2025-05-11 10:55:26 +0900,2025-05-11 10:55:26 +0900
825,15,767,主要卸売市場計,2024-05-13,2025-05-11 10:55:26 +0900,2025-05-11 10:55:26 +0900
826,16,506,主要卸売市場計,2024-05-13,2025-05-11 10:55:26 +0900,2025-05-11 10:55:26 +0900
827,17,738,主要卸売市場計,2024-05-13,2025-05-11 10:55:26 +0900,2025-05-11 10:55:26 +0900
828,18,461,主要卸売市場計,2024-05-13,2025-05-11 10:55:26 +0900,2025-05-11 10:55:26 +0900
829,19,433,主要卸売市場計,2024-05-13,2025-05-11 10:55:26 +0900,2025-05-11 10:55:26 +0900
830,20,1830,主要卸売市場計,2024-05-13,2025-05-11 10:55:26 +0900,2025-05-11 10:55:26 +0900
831,21,288,主要卸売市場計,2024-05-13,2025-05-11 10:55:26 +0900,2025-05-11 10:55:26 +0900
832,22,858,主要卸売市場計,2024-05-13,2025-05-11 10:55:26 +0900,2025-05-11 10:55:26 +0900
833,23,186,主要卸売市場計,2024-05-13,2025-05-11 10:55:26 +0900,2025-05-11 10:55:26 +0900
834,24,1427,主要卸売市場計,2024-05-13,2025-05-11 10:55:26 +0900,2025-05-11 10:55:26 +0900
835,25,331,主要卸売市場計,2024-05-13,2025-05-11 10:55:26 +0900,2025-05-11 10:55:26 +0900
836,26,240,主要卸売市場計,2024-05-13,2025-05-11 10:55:26 +0900,2025-05-11 10:55:26 +0900
837,27,410,主要卸売市場計,2024-05-13,2025-05-11 10:55:26 +0900,2025-05-11 10:55:26 +0900
838,28,357,主要卸売市場計,2024-05-13,2025-05-11 10:55:26 +0900,2025-05-11 10:55:26 +0900
839,29,529,主要卸売市場計,2024-05-13,2025-05-11 10:55:26 +0900,2025-05-11 10:55:26 +0900
840,30,581,主要卸売市場計,2024-05-13,2025-05-11 10:55:26 +0900,2025-05-11 10:55:26 +0900
841,33,1128,主要卸売市場計,2024-05-13,2025-05-11 10:55:26 +0900,2025-05-11 10:55:26 +0900
842,34,1470,主要卸売市場計,2024-05-13,2025-05-11 10:55:26 +0900,2025-05-11 10:55:26 +0900
843,35,1233,主要卸売市場計,2024-05-13,2025-05-11 10:55:26 +0900,2025-05-11 10:55:26 +0900
844,36,619,主要卸売市場計,2024-05-13,2025-05-11 10:55:26 +0900,2025-05-11 10:55:26 +0900
845,37,1725,主要卸売市場計,2024-05-13,2025-05-11 10:55:26 +0900,2025-05-11 10:55:26 +0900
846,38,299,主要卸売市場計,2024-05-13,2025-05-11 10:55:26 +0900,2025-05-11 10:55:26 +0900
847,39,197,主要卸売市場計,2024-05-13,2025-05-11 10:55:26 +0900,2025-05-11 10:55:26 +0900
848,40,581,主要卸売市場計,2024-05-13,2025-05-11 10:55:26 +0900,2025-05-11 10:55:26 +0900
849,41,408,主要卸売市場計,2024-05-13,2025-05-11 10:55:26 +0900,2025-05-11 10:55:26 +0900
850,42,120,主要卸売市場計,2024-05-13,2025-05-11 10:55:26 +0900,2025-05-11 10:55:26 +0900
851,43,1212,主要卸売市場計,2024-05-13,2025-05-11 10:55:26 +0900,2025-05-11 10:55:26 +0900
852,44,887,主要卸売市場計,2024-05-13,2025-05-11 10:55:26 +0900,2025-05-11 10:55:26 +0900
853,45,1005,主要卸売市場計,2024-05-13,2025-05-11 10:55:26 +0900,2025-05-11 10:55:26 +0900
854,46,484,主要卸売市場計,2024-05-13,2025-05-11 10:55:26 +0900,2025-05-11 10:55:26 +0900
855,47,320,主要卸売市場計,2024-05-13,2025-05-11 10:55:26 +0900,2025-05-11 10:55:26 +0900
856,48,486,主要卸売市場計,2024-05-13,2025-05-11 10:55:26 +0900,2025-05-11 10:55:26 +0900
857,1,172,主要卸売市場計,2024-05-20,2025-05-11 10:55:26 +0900,2025-05-11 10:55:26 +0900
858,2,149,主要卸売市場計,2024-05-20,2025-05-11 10:55:26 +0900,2025-05-11 10:55:26 +0900
859,3,194,主要卸売市場計,2024-05-20,2025-05-11 10:55:26 +0900,2025-05-11 10:55:26 +0900
860,4,345,主要卸売市場計,2024-05-20,2025-05-11 10:55:26 +0900,2025-05-11 10:55:26 +0900
861,5,741,主要卸売市場計,2024-05-20,2025-05-11 10:55:26 +0900,2025-05-11 10:55:26 +0900
862,6,692,主要卸売市場計,2024-05-20,2025-05-11 10:55:26 +0900,2025-05-11 10:55:26 +0900
863,7,116,主要卸売市場計,2024-05-20,2025-05-11 10:55:26 +0900,2025-05-11 10:55:26 +0900
864,8,356,主要卸売市場計,2024-05-20,2025-05-11 10:55:26 +0900,2025-05-11 10:55:26 +0900
865,9,377,主要卸売市場計,2024-05-20,2025-05-11 10:55:26 +0900,2025-05-11 10:55:26 +0900
866,10,312,主要卸売市場計,2024-05-20,2025-05-11 10:55:26 +0900,2025-05-11 10:55:26 +0900
867,11,182,主要卸売市場計,2024-05-20,2025-05-11 10:55:26 +0900,2025-05-11 10:55:26 +0900
868,12,625,主要卸売市場計,2024-05-20,2025-05-11 10:55:26 +0900,2025-05-11 10:55:26 +0900
869,13,484,主要卸売市場計,2024-05-20,2025-05-11 10:55:26 +0900,2025-05-11 10:55:26 +0900
870,14,427,主要卸売市場計,2024-05-20,2025-05-11 10:55:26 +0900,2025-05-11 10:55:26 +0900
871,15,820,主要卸売市場計,2024-05-20,2025-05-11 10:55:26 +0900,2025-05-11 10:55:26 +0900
872,16,520,主要卸売市場計,2024-05-20,2025-05-11 10:55:26 +0900,2025-05-11 10:55:26 +0900
873,17,686,主要卸売市場計,2024-05-20,2025-05-11 10:55:26 +0900,2025-05-11 10:55:26 +0900
874,18,467,主要卸売市場計,2024-05-20,2025-05-11 10:55:26 +0900,2025-05-11 10:55:26 +0900
875,19,459,主要卸売市場計,2024-05-20,2025-05-11 10:55:26 +0900,2025-05-11 10:55:26 +0900
876,20,1860,主要卸売市場計,2024-05-20,2025-05-11 10:55:26 +0900,2025-05-11 10:55:26 +0900
877,21,325,主要卸売市場計,2024-05-20,2025-05-11 10:55:26 +0900,2025-05-11 10:55:26 +0900
878,22,659,主要卸売市場計,2024-05-20,2025-05-11 10:55:26 +0900,2025-05-11 10:55:26 +0900
879,23,210,主要卸売市場計,2024-05-20,2025-05-11 10:55:26 +0900,2025-05-11 10:55:26 +0900
880,24,1447,主要卸売市場計,2024-05-20,2025-05-11 10:55:26 +0900,2025-05-11 10:55:26 +0900
881,25,314,主要卸売市場計,2024-05-20,2025-05-11 10:55:27 +0900,2025-05-11 10:55:27 +0900
882,26,271,主要卸売市場計,2024-05-20,2025-05-11 10:55:27 +0900,2025-05-11 10:55:27 +0900
883,27,423,主要卸売市場計,2024-05-20,2025-05-11 10:55:27 +0900,2025-05-11 10:55:27 +0900
884,28,393,主要卸売市場計,2024-05-20,2025-05-11 10:55:27 +0900,2025-05-11 10:55:27 +0900
885,29,564,主要卸売市場計,2024-05-20,2025-05-11 10:55:27 +0900,2025-05-11 10:55:27 +0900
886,30,577,主要卸売市場計,2024-05-20,2025-05-11 10:55:27 +0900,2025-05-11 10:55:27 +0900
887,33,1019,主要卸売市場計,2024-05-20,2025-05-11 10:55:27 +0900,2025-05-11 10:55:27 +0900
888,34,1292,主要卸売市場計,2024-05-20,2025-05-11 10:55:27 +0900,2025-05-11 10:55:27 +0900
889,35,1133,主要卸売市場計,2024-05-20,2025-05-11 10:55:27 +0900,2025-05-11 10:55:27 +0900
890,36,562,主要卸売市場計,2024-05-20,2025-05-11 10:55:27 +0900,2025-05-11 10:55:27 +0900
891,37,1607,主要卸売市場計,2024-05-20,2025-05-11 10:55:27 +0900,2025-05-11 10:55:27 +0900
892,38,313,主要卸売市場計,2024-05-20,2025-05-11 10:55:27 +0900,2025-05-11 10:55:27 +0900
893,39,239,主要卸売市場計,2024-05-20,2025-05-11 10:55:27 +0900,2025-05-11 10:55:27 +0900
894,40,603,主要卸売市場計,2024-05-20,2025-05-11 10:55:27 +0900,2025-05-11 10:55:27 +0900
895,41,390,主要卸売市場計,2024-05-20,2025-05-11 10:55:27 +0900,2025-05-11 10:55:27 +0900
896,42,122,主要卸売市場計,2024-05-20,2025-05-11 10:55:27 +0900,2025-05-11 10:55:27 +0900
897,43,1341,主要卸売市場計,2024-05-20,2025-05-11 10:55:27 +0900,2025-05-11 10:55:27 +0900
898,44,874,主要卸売市場計,2024-05-20,2025-05-11 10:55:27 +0900,2025-05-11 10:55:27 +0900
899,45,979,主要卸売市場計,2024-05-20,2025-05-11 10:55:27 +0900,2025-05-11 10:55:27 +0900
900,46,487,主要卸売市場計,2024-05-20,2025-05-11 10:55:27 +0900,2025-05-11 10:55:27 +0900
901,47,321,主要卸売市場計,2024-05-20,2025-05-11 10:55:27 +0900,2025-05-11 10:55:27 +0900
902,48,445,主要卸売市場計,2024-05-20,2025-05-11 10:55:27 +0900,2025-05-11 10:55:27 +0900
903,1,125,主要卸売市場計,2024-05-27,2025-05-11 10:55:27 +0900,2025-05-11 10:55:27 +0900
904,2,148,主要卸売市場計,2024-05-27,2025-05-11 10:55:27 +0900,2025-05-11 10:55:27 +0900
905,3,200,主要卸売市場計,2024-05-27,2025-05-11 10:55:27 +0900,2025-05-11 10:55:27 +0900
906,4,394,主要卸売市場計,2024-05-27,2025-05-11 10:55:27 +0900,2025-05-11 10:55:27 +0900
907,5,199,主要卸売市場計,2024-05-27,2025-05-11 10:55:27 +0900,2025-05-11 10:55:27 +0900
908,6,869,主要卸売市場計,2024-05-27,2025-05-11 10:55:27 +0900,2025-05-11 10:55:27 +0900
909,7,81,主要卸売市場計,2024-05-27,2025-05-11 10:55:27 +0900,2025-05-11 10:55:27 +0900
910,8,309,主要卸売市場計,2024-05-27,2025-05-11 10:55:27 +0900,2025-05-11 10:55:27 +0900
911,9,364,主要卸売市場計,2024-05-27,2025-05-11 10:55:27 +0900,2025-05-11 10:55:27 +0900
912,10,338,主要卸売市場計,2024-05-27,2025-05-11 10:55:27 +0900,2025-05-11 10:55:27 +0900
913,11,137,主要卸売市場計,2024-05-27,2025-05-11 10:55:27 +0900,2025-05-11 10:55:27 +0900
914,12,554,主要卸売市場計,2024-05-27,2025-05-11 10:55:27 +0900,2025-05-11 10:55:27 +0900
915,13,480,主要卸売市場計,2024-05-27,2025-05-11 10:55:27 +0900,2025-05-11 10:55:27 +0900
916,14,360,主要卸売市場計,2024-05-27,2025-05-11 10:55:27 +0900,2025-05-11 10:55:27 +0900
917,15,804,主要卸売市場計,2024-05-27,2025-05-11 10:55:27 +0900,2025-05-11 10:55:27 +0900
918,16,507,主要卸売市場計,2024-05-27,2025-05-11 10:55:27 +0900,2025-05-11 10:55:27 +0900
919,17,644,主要卸売市場計,2024-05-27,2025-05-11 10:55:27 +0900,2025-05-11 10:55:27 +0900
920,18,474,主要卸売市場計,2024-05-27,2025-05-11 10:55:27 +0900,2025-05-11 10:55:27 +0900
921,19,399,主要卸売市場計,2024-05-27,2025-05-11 10:55:27 +0900,2025-05-11 10:55:27 +0900
922,20,1911,主要卸売市場計,2024-05-27,2025-05-11 10:55:27 +0900,2025-05-11 10:55:27 +0900
923,21,283,主要卸売市場計,2024-05-27,2025-05-11 10:55:27 +0900,2025-05-11 10:55:27 +0900
924,22,460,主要卸売市場計,2024-05-27,2025-05-11 10:55:27 +0900,2025-05-11 10:55:27 +0900
925,23,168,主要卸売市場計,2024-05-27,2025-05-11 10:55:27 +0900,2025-05-11 10:55:27 +0900
926,24,1353,主要卸売市場計,2024-05-27,2025-05-11 10:55:27 +0900,2025-05-11 10:55:27 +0900
927,25,266,主要卸売市場計,2024-05-27,2025-05-11 10:55:27 +0900,2025-05-11 10:55:27 +0900
928,26,277,主要卸売市場計,2024-05-27,2025-05-11 10:55:27 +0900,2025-05-11 10:55:27 +0900
929,27,411,主要卸売市場計,2024-05-27,2025-05-11 10:55:27 +0900,2025-05-11 10:55:27 +0900
930,28,397,主要卸売市場計,2024-05-27,2025-05-11 10:55:27 +0900,2025-05-11 10:55:27 +0900
931,29,645,主要卸売市場計,2024-05-27,2025-05-11 10:55:27 +0900,2025-05-11 10:55:27 +0900
932,30,582,主要卸売市場計,2024-05-27,2025-05-11 10:55:27 +0900,2025-05-11 10:55:27 +0900
933,33,914,主要卸売市場計,2024-05-27,2025-05-11 10:55:27 +0900,2025-05-11 10:55:27 +0900
934,34,1347,主要卸売市場計,2024-05-27,2025-05-11 10:55:27 +0900,2025-05-11 10:55:27 +0900
935,35,927,主要卸売市場計,2024-05-27,2025-05-11 10:55:27 +0900,2025-05-11 10:55:27 +0900
936,36,547,主要卸売市場計,2024-05-27,2025-05-11 10:55:27 +0900,2025-05-11 10:55:27 +0900
937,37,1321,主要卸売市場計,2024-05-27,2025-05-11 10:55:27 +0900,2025-05-11 10:55:27 +0900
938,38,308,主要卸売市場計,2024-05-27,2025-05-11 10:55:27 +0900,2025-05-11 10:55:27 +0900
939,39,281,主要卸売市場計,2024-05-27,2025-05-11 10:55:27 +0900,2025-05-11 10:55:27 +0900
940,40,610,主要卸売市場計,2024-05-27,2025-05-11 10:55:27 +0900,2025-05-11 10:55:27 +0900
941,41,384,主要卸売市場計,2024-05-27,2025-05-11 10:55:27 +0900,2025-05-11 10:55:27 +0900
942,42,127,主要卸売市場計,2024-05-27,2025-05-11 10:55:27 +0900,2025-05-11 10:55:27 +0900
943,43,1321,主要卸売市場計,2024-05-27,2025-05-11 10:55:27 +0900,2025-05-11 10:55:27 +0900
944,44,845,主要卸売市場計,2024-05-27,2025-05-11 10:55:27 +0900,2025-05-11 10:55:27 +0900
945,45,959,主要卸売市場計,2024-05-27,2025-05-11 10:55:27 +0900,2025-05-11 10:55:27 +0900
946,46,486,主要卸売市場計,2024-05-27,2025-05-11 10:55:27 +0900,2025-05-11 10:55:27 +0900
947,47,320,主要卸売市場計,2024-05-27,2025-05-11 10:55:27 +0900,2025-05-11 10:55:27 +0900
948,48,441,主要卸売市場計,2024-05-27,2025-05-11 10:55:27 +0900,2025-05-11 10:55:27 +0900
949,1,103,主要卸売市場計,2024-06-03,2025-05-11 10:55:27 +0900,2025-05-11 10:55:27 +0900
950,2,153,主要卸売市場計,2024-06-03,2025-05-11 10:55:27 +0900,2025-05-11 10:55:27 +0900
951,3,233,主要卸売市場計,2024-06-03,2025-05-11 10:55:27 +0900,2025-05-11 10:55:27 +0900
952,4,416,主要卸売市場計,2024-06-03,2025-05-11 10:55:27 +0900,2025-05-11 10:55:27 +0900
953,5,590,主要卸売市場計,2024-06-03,2025-05-11 10:55:27 +0900,2025-05-11 10:55:27 +0900
954,6,1114,主要卸売市場計,2024-06-03,2025-05-11 10:55:27 +0900,2025-05-11 10:55:27 +0900
955,7,78,主要卸売市場計,2024-06-03,2025-05-11 10:55:27 +0900,2025-05-11 10:55:27 +0900
956,8,284,主要卸売市場計,2024-06-03,2025-05-11 10:55:27 +0900,2025-05-11 10:55:27 +0900
957,9,314,主要卸売市場計,2024-06-03,2025-05-11 10:55:27 +0900,2025-05-11 10:55:27 +0900
958,10,330,主要卸売市場計,2024-06-03,2025-05-11 10:55:27 +0900,2025-05-11 10:55:27 +0900
959,11,111,主要卸売市場計,2024-06-03,2025-05-11 10:55:27 +0900,2025-05-11 10:55:27 +0900
960,12,526,主要卸売市場計,2024-06-03,2025-05-11 10:55:27 +0900,2025-05-11 10:55:27 +0900
961,13,478,主要卸売市場計,2024-06-03,2025-05-11 10:55:27 +0900,2025-05-11 10:55:27 +0900
962,14,320,主要卸売市場計,2024-06-03,2025-05-11 10:55:27 +0900,2025-05-11 10:55:27 +0900
963,15,840,主要卸売市場計,2024-06-03,2025-05-11 10:55:27 +0900,2025-05-11 10:55:27 +0900
964,16,494,主要卸売市場計,2024-06-03,2025-05-11 10:55:27 +0900,2025-05-11 10:55:27 +0900
965,17,681,主要卸売市場計,2024-06-03,2025-05-11 10:55:27 +0900,2025-05-11 10:55:27 +0900
966,18,444,主要卸売市場計,2024-06-03,2025-05-11 10:55:27 +0900,2025-05-11 10:55:27 +0900
967,19,350,主要卸売市場計,2024-06-03,2025-05-11 10:55:27 +0900,2025-05-11 10:55:27 +0900
968,20,1875,主要卸売市場計,2024-06-03,2025-05-11 10:55:27 +0900,2025-05-11 10:55:27 +0900
969,21,258,主要卸売市場計,2024-06-03,2025-05-11 10:55:27 +0900,2025-05-11 10:55:27 +0900
970,22,449,主要卸売市場計,2024-06-03,2025-05-11 10:55:27 +0900,2025-05-11 10:55:27 +0900
971,23,135,主要卸売市場計,2024-06-03,2025-05-11 10:55:27 +0900,2025-05-11 10:55:27 +0900
972,24,1362,主要卸売市場計,2024-06-03,2025-05-11 10:55:27 +0900,2025-05-11 10:55:27 +0900
973,25,233,主要卸売市場計,2024-06-03,2025-05-11 10:55:27 +0900,2025-05-11 10:55:27 +0900
974,26,256,主要卸売市場計,2024-06-03,2025-05-11 10:55:27 +0900,2025-05-11 10:55:27 +0900
975,27,425,主要卸売市場計,2024-06-03,2025-05-11 10:55:27 +0900,2025-05-11 10:55:27 +0900
976,28,331,主要卸売市場計,2024-06-03,2025-05-11 10:55:27 +0900,2025-05-11 10:55:27 +0900
977,29,626,主要卸売市場計,2024-06-03,2025-05-11 10:55:27 +0900,2025-05-11 10:55:27 +0900
978,30,537,主要卸売市場計,2024-06-03,2025-05-11 10:55:27 +0900,2025-05-11 10:55:27 +0900
979,33,855,主要卸売市場計,2024-06-03,2025-05-11 10:55:27 +0900,2025-05-11 10:55:27 +0900
980,34,1573,主要卸売市場計,2024-06-03,2025-05-11 10:55:27 +0900,2025-05-11 10:55:27 +0900
981,35,931,主要卸売市場計,2024-06-03,2025-05-11 10:55:27 +0900,2025-05-11 10:55:27 +0900
982,36,525,主要卸売市場計,2024-06-03,2025-05-11 10:55:27 +0900,2025-05-11 10:55:27 +0900
983,37,1149,主要卸売市場計,2024-06-03,2025-05-11 10:55:27 +0900,2025-05-11 10:55:27 +0900
984,38,321,主要卸売市場計,2024-06-03,2025-05-11 10:55:27 +0900,2025-05-11 10:55:27 +0900
985,39,274,主要卸売市場計,2024-06-03,2025-05-11 10:55:27 +0900,2025-05-11 10:55:27 +0900
986,40,577,主要卸売市場計,2024-06-03,2025-05-11 10:55:27 +0900,2025-05-11 10:55:27 +0900
987,41,402,主要卸売市場計,2024-06-03,2025-05-11 10:55:27 +0900,2025-05-11 10:55:27 +0900
988,42,126,主要卸売市場計,2024-06-03,2025-05-11 10:55:27 +0900,2025-05-11 10:55:27 +0900
989,43,1455,主要卸売市場計,2024-06-03,2025-05-11 10:55:27 +0900,2025-05-11 10:55:27 +0900
990,44,809,主要卸売市場計,2024-06-03,2025-05-11 10:55:27 +0900,2025-05-11 10:55:27 +0900
991,45,939,主要卸売市場計,2024-06-03,2025-05-11 10:55:27 +0900,2025-05-11 10:55:27 +0900
992,46,488,主要卸売市場計,2024-06-03,2025-05-11 10:55:27 +0900,2025-05-11 10:55:27 +0900
993,47,318,主要卸売市場計,2024-06-03,2025-05-11 10:55:27 +0900,2025-05-11 10:55:27 +0900
994,48,430,主要卸売市場計,2024-06-03,2025-05-11 10:55:27 +0900,2025-05-11 10:55:27 +0900
995,1,99,主要卸売市場計,2024-06-10,2025-05-11 10:55:27 +0900,2025-05-11 10:55:27 +0900
996,2,147,主要卸売市場計,2024-06-10,2025-05-11 10:55:27 +0900,2025-05-11 10:55:27 +0900
997,3,242,主要卸売市場計,2024-06-10,2025-05-11 10:55:27 +0900,2025-05-11 10:55:27 +0900
998,4,408,主要卸売市場計,2024-06-10,2025-05-11 10:55:27 +0900,2025-05-11 10:55:27 +0900
999,5,677,主要卸売市場計,2024-06-10,2025-05-11 10:55:27 +0900,2025-05-11 10:55:27 +0900
1000,6,1311,主要卸売市場計,2024-06-10,2025-05-11 10:55:27 +0900,2025-05-11 10:55:27 +0900
1001,7,79,主要卸売市場計,2024-06-10,2025-05-11 10:55:27 +0900,2025-05-11 10:55:27 +0900
1002,8,285,主要卸売市場計,2024-06-10,2025-05-11 10:55:27 +0900,2025-05-11 10:55:27 +0900
1003,9,308,主要卸売市場計,2024-06-10,2025-05-11 10:55:27 +0900,2025-05-11 10:55:27 +0900
1004,10,337,主要卸売市場計,2024-06-10,2025-05-11 10:55:27 +0900,2025-05-11 10:55:27 +0900
1005,11,89,主要卸売市場計,2024-06-10,2025-05-11 10:55:27 +0900,2025-05-11 10:55:27 +0900
1006,12,523,主要卸売市場計,2024-06-10,2025-05-11 10:55:27 +0900,2025-05-11 10:55:27 +0900
1007,13,455,主要卸売市場計,2024-06-10,2025-05-11 10:55:27 +0900,2025-05-11 10:55:27 +0900
1008,14,329,主要卸売市場計,2024-06-10,2025-05-11 10:55:27 +0900,2025-05-11 10:55:27 +0900
1009,15,904,主要卸売市場計,2024-06-10,2025-05-11 10:55:27 +0900,2025-05-11 10:55:27 +0900
1010,16,478,主要卸売市場計,2024-06-10,2025-05-11 10:55:27 +0900,2025-05-11 10:55:27 +0900
1011,17,593,主要卸売市場計,2024-06-10,2025-05-11 10:55:27 +0900,2025-05-11 10:55:27 +0900
1012,18,448,主要卸売市場計,2024-06-10,2025-05-11 10:55:27 +0900,2025-05-11 10:55:27 +0900
1013,19,278,主要卸売市場計,2024-06-10,2025-05-11 10:55:27 +0900,2025-05-11 10:55:27 +0900
1014,20,1703,主要卸売市場計,2024-06-10,2025-05-11 10:55:27 +0900,2025-05-11 10:55:27 +0900
1015,21,252,主要卸売市場計,2024-06-10,2025-05-11 10:55:27 +0900,2025-05-11 10:55:27 +0900
1016,22,483,主要卸売市場計,2024-06-10,2025-05-11 10:55:27 +0900,2025-05-11 10:55:27 +0900
1017,23,137,主要卸売市場計,2024-06-10,2025-05-11 10:55:27 +0900,2025-05-11 10:55:27 +0900
1018,24,1268,主要卸売市場計,2024-06-10,2025-05-11 10:55:27 +0900,2025-05-11 10:55:27 +0900
1019,25,245,主要卸売市場計,2024-06-10,2025-05-11 10:55:27 +0900,2025-05-11 10:55:27 +0900
1020,26,289,主要卸売市場計,2024-06-10,2025-05-11 10:55:27 +0900,2025-05-11 10:55:27 +0900
1021,27,425,主要卸売市場計,2024-06-10,2025-05-11 10:55:27 +0900,2025-05-11 10:55:27 +0900
1022,28,363,主要卸売市場計,2024-06-10,2025-05-11 10:55:27 +0900,2025-05-11 10:55:27 +0900
1023,29,629,主要卸売市場計,2024-06-10,2025-05-11 10:55:27 +0900,2025-05-11 10:55:27 +0900
1024,30,447,主要卸売市場計,2024-06-10,2025-05-11 10:55:27 +0900,2025-05-11 10:55:27 +0900
1025,33,824,主要卸売市場計,2024-06-10,2025-05-11 10:55:27 +0900,2025-05-11 10:55:27 +0900
1026,34,1665,主要卸売市場計,2024-06-10,2025-05-11 10:55:27 +0900,2025-05-11 10:55:27 +0900
1027,35,1040,主要卸売市場計,2024-06-10,2025-05-11 10:55:27 +0900,2025-05-11 10:55:27 +0900
1028,36,536,主要卸売市場計,2024-06-10,2025-05-11 10:55:27 +0900,2025-05-11 10:55:27 +0900
1029,37,1064,主要卸売市場計,2024-06-10,2025-05-11 10:55:27 +0900,2025-05-11 10:55:27 +0900
1030,38,315,主要卸売市場計,2024-06-10,2025-05-11 10:55:27 +0900,2025-05-11 10:55:27 +0900
1031,39,325,主要卸売市場計,2024-06-10,2025-05-11 10:55:27 +0900,2025-05-11 10:55:27 +0900
1032,40,587,主要卸売市場計,2024-06-10,2025-05-11 10:55:27 +0900,2025-05-11 10:55:27 +0900
1033,41,390,主要卸売市場計,2024-06-10,2025-05-11 10:55:27 +0900,2025-05-11 10:55:27 +0900
1034,42,149,主要卸売市場計,2024-06-10,2025-05-11 10:55:27 +0900,2025-05-11 10:55:27 +0900
1035,43,1141,主要卸売市場計,2024-06-10,2025-05-11 10:55:27 +0900,2025-05-11 10:55:27 +0900
1036,44,770,主要卸売市場計,2024-06-10,2025-05-11 10:55:27 +0900,2025-05-11 10:55:27 +0900
1037,45,926,主要卸売市場計,2024-06-10,2025-05-11 10:55:27 +0900,2025-05-11 10:55:27 +0900
1038,46,488,主要卸売市場計,2024-06-10,2025-05-11 10:55:27 +0900,2025-05-11 10:55:27 +0900
1039,47,312,主要卸売市場計,2024-06-10,2025-05-11 10:55:27 +0900,2025-05-11 10:55:27 +0900
1040,48,434,主要卸売市場計,2024-06-10,2025-05-11 10:55:27 +0900,2025-05-11 10:55:27 +0900
1041,1,92,主要卸売市場計,2024-06-17,2025-05-11 10:55:27 +0900,2025-05-11 10:55:27 +0900
1042,2,154,主要卸売市場計,2024-06-17,2025-05-11 10:55:27 +0900,2025-05-11 10:55:27 +0900
1043,3,223,主要卸売市場計,2024-06-17,2025-05-11 10:55:27 +0900,2025-05-11 10:55:27 +0900
1044,4,371,主要卸売市場計,2024-06-17,2025-05-11 10:55:27 +0900,2025-05-11 10:55:27 +0900
1045,5,1292,主要卸売市場計,2024-06-17,2025-05-11 10:55:27 +0900,2025-05-11 10:55:27 +0900
1046,6,1028,主要卸売市場計,2024-06-17,2025-05-11 10:55:27 +0900,2025-05-11 10:55:27 +0900
1047,7,77,主要卸売市場計,2024-06-17,2025-05-11 10:55:27 +0900,2025-05-11 10:55:27 +0900
1048,8,246,主要卸売市場計,2024-06-17,2025-05-11 10:55:27 +0900,2025-05-11 10:55:27 +0900
1049,9,242,主要卸売市場計,2024-06-17,2025-05-11 10:55:27 +0900,2025-05-11 10:55:27 +0900
1050,10,294,主要卸売市場計,2024-06-17,2025-05-11 10:55:27 +0900,2025-05-11 10:55:27 +0900
1051,11,81,主要卸売市場計,2024-06-17,2025-05-11 10:55:27 +0900,2025-05-11 10:55:27 +0900
1052,12,483,主要卸売市場計,2024-06-17,2025-05-11 10:55:27 +0900,2025-05-11 10:55:27 +0900
1053,13,414,主要卸売市場計,2024-06-17,2025-05-11 10:55:27 +0900,2025-05-11 10:55:27 +0900
1054,14,433,主要卸売市場計,2024-06-17,2025-05-11 10:55:27 +0900,2025-05-11 10:55:27 +0900
1055,15,1462,主要卸売市場計,2024-06-17,2025-05-11 10:55:27 +0900,2025-05-11 10:55:27 +0900
1056,16,452,主要卸売市場計,2024-06-17,2025-05-11 10:55:27 +0900,2025-05-11 10:55:27 +0900
1057,17,530,主要卸売市場計,2024-06-17,2025-05-11 10:55:27 +0900,2025-05-11 10:55:27 +0900
1058,18,435,主要卸売市場計,2024-06-17,2025-05-11 10:55:27 +0900,2025-05-11 10:55:27 +0900
1059,19,265,主要卸売市場計,2024-06-17,2025-05-11 10:55:27 +0900,2025-05-11 10:55:27 +0900
1060,20,1448,主要卸売市場計,2024-06-17,2025-05-11 10:55:27 +0900,2025-05-11 10:55:27 +0900
1061,21,259,主要卸売市場計,2024-06-17,2025-05-11 10:55:27 +0900,2025-05-11 10:55:27 +0900
1062,22,436,主要卸売市場計,2024-06-17,2025-05-11 10:55:27 +0900,2025-05-11 10:55:27 +0900
1063,23,128,主要卸売市場計,2024-06-17,2025-05-11 10:55:27 +0900,2025-05-11 10:55:27 +0900
1064,24,1215,主要卸売市場計,2024-06-17,2025-05-11 10:55:27 +0900,2025-05-11 10:55:27 +0900
1065,25,200,主要卸売市場計,2024-06-17,2025-05-11 10:55:27 +0900,2025-05-11 10:55:27 +0900
1066,26,250,主要卸売市場計,2024-06-17,2025-05-11 10:55:27 +0900,2025-05-11 10:55:27 +0900
1067,27,381,主要卸売市場計,2024-06-17,2025-05-11 10:55:27 +0900,2025-05-11 10:55:27 +0900
1068,28,338,主要卸売市場計,2024-06-17,2025-05-11 10:55:27 +0900,2025-05-11 10:55:27 +0900
1069,29,580,主要卸売市場計,2024-06-17,2025-05-11 10:55:27 +0900,2025-05-11 10:55:27 +0900
1070,30,404,主要卸売市場計,2024-06-17,2025-05-11 10:55:27 +0900,2025-05-11 10:55:27 +0900
1071,33,701,主要卸売市場計,2024-06-17,2025-05-11 10:55:27 +0900,2025-05-11 10:55:27 +0900
1072,34,1491,主要卸売市場計,2024-06-17,2025-05-11 10:55:27 +0900,2025-05-11 10:55:27 +0900
1073,35,1109,主要卸売市場計,2024-06-17,2025-05-11 10:55:27 +0900,2025-05-11 10:55:27 +0900
1074,36,715,主要卸売市場計,2024-06-17,2025-05-11 10:55:27 +0900,2025-05-11 10:55:27 +0900
1075,37,946,主要卸売市場計,2024-06-17,2025-05-11 10:55:27 +0900,2025-05-11 10:55:27 +0900
1076,38,308,主要卸売市場計,2024-06-17,2025-05-11 10:55:27 +0900,2025-05-11 10:55:27 +0900
1077,39,299,主要卸売市場計,2024-06-17,2025-05-11 10:55:27 +0900,2025-05-11 10:55:27 +0900
1078,40,593,主要卸売市場計,2024-06-17,2025-05-11 10:55:27 +0900,2025-05-11 10:55:27 +0900
1079,41,394,主要卸売市場計,2024-06-17,2025-05-11 10:55:27 +0900,2025-05-11 10:55:27 +0900
1080,42,171,主要卸売市場計,2024-06-17,2025-05-11 10:55:27 +0900,2025-05-11 10:55:27 +0900
1081,43,969,主要卸売市場計,2024-06-17,2025-05-11 10:55:27 +0900,2025-05-11 10:55:27 +0900
1082,44,720,主要卸売市場計,2024-06-17,2025-05-11 10:55:27 +0900,2025-05-11 10:55:27 +0900
1083,45,895,主要卸売市場計,2024-06-17,2025-05-11 10:55:27 +0900,2025-05-11 10:55:27 +0900
1084,46,481,主要卸売市場計,2024-06-17,2025-05-11 10:55:27 +0900,2025-05-11 10:55:27 +0900
1085,47,306,主要卸売市場計,2024-06-17,2025-05-11 10:55:27 +0900,2025-05-11 10:55:27 +0900
1086,48,416,主要卸売市場計,2024-06-17,2025-05-11 10:55:27 +0900,2025-05-11 10:55:27 +0900
1087,1,86,主要卸売市場計,2024-06-24,2025-05-11 10:55:27 +0900,2025-05-11 10:55:27 +0900
1088,2,147,主要卸売市場計,2024-06-24,2025-05-11 10:55:27 +0900,2025-05-11 10:55:27 +0900
1089,3,213,主要卸売市場計,2024-06-24,2025-05-11 10:55:27 +0900,2025-05-11 10:55:27 +0900
1090,4,344,主要卸売市場計,2024-06-24,2025-05-11 10:55:27 +0900,2025-05-11 10:55:27 +0900
1091,5,495,主要卸売市場計,2024-06-24,2025-05-11 10:55:27 +0900,2025-05-11 10:55:27 +0900
1092,6,845,主要卸売市場計,2024-06-24,2025-05-11 10:55:27 +0900,2025-05-11 10:55:27 +0900
1093,7,76,主要卸売市場計,2024-06-24,2025-05-11 10:55:27 +0900,2025-05-11 10:55:27 +0900
1094,8,250,主要卸売市場計,2024-06-24,2025-05-11 10:55:27 +0900,2025-05-11 10:55:27 +0900
1095,9,215,主要卸売市場計,2024-06-24,2025-05-11 10:55:27 +0900,2025-05-11 10:55:27 +0900
1096,10,269,主要卸売市場計,2024-06-24,2025-05-11 10:55:27 +0900,2025-05-11 10:55:27 +0900
1097,11,79,主要卸売市場計,2024-06-24,2025-05-11 10:55:27 +0900,2025-05-11 10:55:27 +0900
1098,12,491,主要卸売市場計,2024-06-24,2025-05-11 10:55:27 +0900,2025-05-11 10:55:27 +0900
1099,13,419,主要卸売市場計,2024-06-24,2025-05-11 10:55:27 +0900,2025-05-11 10:55:27 +0900
1100,14,234,主要卸売市場計,2024-06-24,2025-05-11 10:55:27 +0900,2025-05-11 10:55:27 +0900
1101,15,1250,主要卸売市場計,2024-06-24,2025-05-11 10:55:27 +0900,2025-05-11 10:55:27 +0900
1102,16,456,主要卸売市場計,2024-06-24,2025-05-11 10:55:27 +0900,2025-05-11 10:55:27 +0900
1103,17,574,主要卸売市場計,2024-06-24,2025-05-11 10:55:27 +0900,2025-05-11 10:55:27 +0900
1104,18,431,主要卸売市場計,2024-06-24,2025-05-11 10:55:27 +0900,2025-05-11 10:55:27 +0900
1105,19,252,主要卸売市場計,2024-06-24,2025-05-11 10:55:27 +0900,2025-05-11 10:55:27 +0900
1106,20,1267,主要卸売市場計,2024-06-24,2025-05-11 10:55:27 +0900,2025-05-11 10:55:27 +0900
1107,21,250,主要卸売市場計,2024-06-24,2025-05-11 10:55:27 +0900,2025-05-11 10:55:27 +0900
1108,22,378,主要卸売市場計,2024-06-24,2025-05-11 10:55:27 +0900,2025-05-11 10:55:27 +0900
1109,23,130,主要卸売市場計,2024-06-24,2025-05-11 10:55:27 +0900,2025-05-11 10:55:27 +0900
1110,24,1223,主要卸売市場計,2024-06-24,2025-05-11 10:55:27 +0900,2025-05-11 10:55:27 +0900
1111,25,202,主要卸売市場計,2024-06-24,2025-05-11 10:55:27 +0900,2025-05-11 10:55:27 +0900
1112,26,243,主要卸売市場計,2024-06-24,2025-05-11 10:55:27 +0900,2025-05-11 10:55:27 +0900
1113,27,300,主要卸売市場計,2024-06-24,2025-05-11 10:55:27 +0900,2025-05-11 10:55:27 +0900
1114,28,293,主要卸売市場計,2024-06-24,2025-05-11 10:55:27 +0900,2025-05-11 10:55:27 +0900
1115,29,512,主要卸売市場計,2024-06-24,2025-05-11 10:55:27 +0900,2025-05-11 10:55:27 +0900
1116,30,385,主要卸売市場計,2024-06-24,2025-05-11 10:55:27 +0900,2025-05-11 10:55:27 +0900
1117,33,635,主要卸売市場計,2024-06-24,2025-05-11 10:55:27 +0900,2025-05-11 10:55:27 +0900
1118,34,1236,主要卸売市場計,2024-06-24,2025-05-11 10:55:27 +0900,2025-05-11 10:55:27 +0900
1119,35,1005,主要卸売市場計,2024-06-24,2025-05-11 10:55:27 +0900,2025-05-11 10:55:27 +0900
1120,36,461,主要卸売市場計,2024-06-24,2025-05-11 10:55:27 +0900,2025-05-11 10:55:27 +0900
1121,37,791,主要卸売市場計,2024-06-24,2025-05-11 10:55:27 +0900,2025-05-11 10:55:27 +0900
1122,38,301,主要卸売市場計,2024-06-24,2025-05-11 10:55:27 +0900,2025-05-11 10:55:27 +0900
1123,39,282,主要卸売市場計,2024-06-24,2025-05-11 10:55:27 +0900,2025-05-11 10:55:27 +0900
1124,40,573,主要卸売市場計,2024-06-24,2025-05-11 10:55:27 +0900,2025-05-11 10:55:27 +0900
1125,41,388,主要卸売市場計,2024-06-24,2025-05-11 10:55:27 +0900,2025-05-11 10:55:27 +0900
1126,42,161,主要卸売市場計,2024-06-24,2025-05-11 10:55:27 +0900,2025-05-11 10:55:27 +0900
1127,43,1203,主要卸売市場計,2024-06-24,2025-05-11 10:55:27 +0900,2025-05-11 10:55:27 +0900
1128,44,657,主要卸売市場計,2024-06-24,2025-05-11 10:55:27 +0900,2025-05-11 10:55:27 +0900
1129,45,850,主要卸売市場計,2024-06-24,2025-05-11 10:55:27 +0900,2025-05-11 10:55:27 +0900
1130,46,468,主要卸売市場計,2024-06-24,2025-05-11 10:55:27 +0900,2025-05-11 10:55:27 +0900
1131,47,290,主要卸売市場計,2024-06-24,2025-05-11 10:55:27 +0900,2025-05-11 10:55:27 +0900
1132,48,417,主要卸売市場計,2024-06-24,2025-05-11 10:55:27 +0900,2025-05-11 10:55:27 +0900
1133,1,97,主要卸売市場計,2024-07-01,2025-05-11 10:55:27 +0900,2025-05-11 10:55:27 +0900
1134,2,166,主要卸売市場計,2024-07-01,2025-05-11 10:55:27 +0900,2025-05-11 10:55:27 +0900
1135,3,209,主要卸売市場計,2024-07-01,2025-05-11 10:55:27 +0900,2025-05-11 10:55:27 +0900
1136,4,320,主要卸売市場計,2024-07-01,2025-05-11 10:55:27 +0900,2025-05-11 10:55:27 +0900
1137,5,1160,主要卸売市場計,2024-07-01,2025-05-11 10:55:27 +0900,2025-05-11 10:55:27 +0900
1138,6,811,主要卸売市場計,2024-07-01,2025-05-11 10:55:27 +0900,2025-05-11 10:55:27 +0900
1139,7,81,主要卸売市場計,2024-07-01,2025-05-11 10:55:27 +0900,2025-05-11 10:55:27 +0900
1140,8,274,主要卸売市場計,2024-07-01,2025-05-11 10:55:27 +0900,2025-05-11 10:55:27 +0900
1141,9,213,主要卸売市場計,2024-07-01,2025-05-11 10:55:27 +0900,2025-05-11 10:55:27 +0900
1142,10,284,主要卸売市場計,2024-07-01,2025-05-11 10:55:27 +0900,2025-05-11 10:55:27 +0900
1143,11,75,主要卸売市場計,2024-07-01,2025-05-11 10:55:27 +0900,2025-05-11 10:55:27 +0900
1144,12,554,主要卸売市場計,2024-07-01,2025-05-11 10:55:27 +0900,2025-05-11 10:55:27 +0900
1145,13,414,主要卸売市場計,2024-07-01,2025-05-11 10:55:27 +0900,2025-05-11 10:55:27 +0900
1146,14,247,主要卸売市場計,2024-07-01,2025-05-11 10:55:27 +0900,2025-05-11 10:55:27 +0900
1147,15,1020,主要卸売市場計,2024-07-01,2025-05-11 10:55:27 +0900,2025-05-11 10:55:27 +0900
1148,16,511,主要卸売市場計,2024-07-01,2025-05-11 10:55:27 +0900,2025-05-11 10:55:27 +0900
1149,17,647,主要卸売市場計,2024-07-01,2025-05-11 10:55:27 +0900,2025-05-11 10:55:27 +0900
1150,18,440,主要卸売市場計,2024-07-01,2025-05-11 10:55:27 +0900,2025-05-11 10:55:27 +0900
1151,19,235,主要卸売市場計,2024-07-01,2025-05-11 10:55:27 +0900,2025-05-11 10:55:27 +0900
1152,20,1130,主要卸売市場計,2024-07-01,2025-05-11 10:55:27 +0900,2025-05-11 10:55:27 +0900
1153,21,271,主要卸売市場計,2024-07-01,2025-05-11 10:55:27 +0900,2025-05-11 10:55:27 +0900
1154,22,409,主要卸売市場計,2024-07-01,2025-05-11 10:55:27 +0900,2025-05-11 10:55:27 +0900
1155,23,125,主要卸売市場計,2024-07-01,2025-05-11 10:55:27 +0900,2025-05-11 10:55:27 +0900
1156,24,1319,主要卸売市場計,2024-07-01,2025-05-11 10:55:27 +0900,2025-05-11 10:55:27 +0900
1157,25,281,主要卸売市場計,2024-07-01,2025-05-11 10:55:27 +0900,2025-05-11 10:55:27 +0900
1158,26,246,主要卸売市場計,2024-07-01,2025-05-11 10:55:27 +0900,2025-05-11 10:55:27 +0900
1159,27,299,主要卸売市場計,2024-07-01,2025-05-11 10:55:27 +0900,2025-05-11 10:55:27 +0900
1160,28,290,主要卸売市場計,2024-07-01,2025-05-11 10:55:27 +0900,2025-05-11 10:55:27 +0900
1161,29,516,主要卸売市場計,2024-07-01,2025-05-11 10:55:27 +0900,2025-05-11 10:55:27 +0900
1162,30,378,主要卸売市場計,2024-07-01,2025-05-11 10:55:27 +0900,2025-05-11 10:55:27 +0900
1163,33,682,主要卸売市場計,2024-07-01,2025-05-11 10:55:27 +0900,2025-05-11 10:55:27 +0900
1164,34,1293,主要卸売市場計,2024-07-01,2025-05-11 10:55:27 +0900,2025-05-11 10:55:27 +0900
1165,35,1255,主要卸売市場計,2024-07-01,2025-05-11 10:55:27 +0900,2025-05-11 10:55:27 +0900
1166,36,497,主要卸売市場計,2024-07-01,2025-05-11 10:55:27 +0900,2025-05-11 10:55:27 +0900
1167,37,771,主要卸売市場計,2024-07-01,2025-05-11 10:55:27 +0900,2025-05-11 10:55:27 +0900
1168,38,285,主要卸売市場計,2024-07-01,2025-05-11 10:55:27 +0900,2025-05-11 10:55:27 +0900
1169,39,269,主要卸売市場計,2024-07-01,2025-05-11 10:55:27 +0900,2025-05-11 10:55:27 +0900
1170,40,597,主要卸売市場計,2024-07-01,2025-05-11 10:55:27 +0900,2025-05-11 10:55:27 +0900
1171,41,396,主要卸売市場計,2024-07-01,2025-05-11 10:55:27 +0900,2025-05-11 10:55:27 +0900
1172,42,174,主要卸売市場計,2024-07-01,2025-05-11 10:55:27 +0900,2025-05-11 10:55:27 +0900
1173,43,1132,主要卸売市場計,2024-07-01,2025-05-11 10:55:27 +0900,2025-05-11 10:55:27 +0900
1174,44,603,主要卸売市場計,2024-07-01,2025-05-11 10:55:27 +0900,2025-05-11 10:55:27 +0900
1175,45,858,主要卸売市場計,2024-07-01,2025-05-11 10:55:27 +0900,2025-05-11 10:55:27 +0900
1176,46,466,主要卸売市場計,2024-07-01,2025-05-11 10:55:27 +0900,2025-05-11 10:55:27 +0900
1177,47,266,主要卸売市場計,2024-07-01,2025-05-11 10:55:27 +0900,2025-05-11 10:55:27 +0900
1178,48,389,主要卸売市場計,2024-07-01,2025-05-11 10:55:27 +0900,2025-05-11 10:55:27 +0900
1179,1,99,主要卸売市場計,2024-07-08,2025-05-11 10:55:27 +0900,2025-05-11 10:55:27 +0900
1180,2,165,主要卸売市場計,2024-07-08,2025-05-11 10:55:27 +0900,2025-05-11 10:55:27 +0900
1181,3,192,主要卸売市場計,2024-07-08,2025-05-11 10:55:27 +0900,2025-05-11 10:55:27 +0900
1182,4,359,主要卸売市場計,2024-07-08,2025-05-11 10:55:27 +0900,2025-05-11 10:55:27 +0900
1183,6,653,主要卸売市場計,2024-07-08,2025-05-11 10:55:27 +0900,2025-05-11 10:55:27 +0900
1184,7,76,主要卸売市場計,2024-07-08,2025-05-11 10:55:27 +0900,2025-05-11 10:55:27 +0900
1185,8,382,主要卸売市場計,2024-07-08,2025-05-11 10:55:27 +0900,2025-05-11 10:55:27 +0900
1186,9,257,主要卸売市場計,2024-07-08,2025-05-11 10:55:27 +0900,2025-05-11 10:55:27 +0900
1187,10,326,主要卸売市場計,2024-07-08,2025-05-11 10:55:27 +0900,2025-05-11 10:55:27 +0900
1188,11,77,主要卸売市場計,2024-07-08,2025-05-11 10:55:27 +0900,2025-05-11 10:55:27 +0900
1189,12,670,主要卸売市場計,2024-07-08,2025-05-11 10:55:27 +0900,2025-05-11 10:55:27 +0900
1190,13,401,主要卸売市場計,2024-07-08,2025-05-11 10:55:27 +0900,2025-05-11 10:55:27 +0900
1191,15,1188,主要卸売市場計,2024-07-08,2025-05-11 10:55:27 +0900,2025-05-11 10:55:27 +0900
1192,16,533,主要卸売市場計,2024-07-08,2025-05-11 10:55:27 +0900,2025-05-11 10:55:27 +0900
1193,17,760,主要卸売市場計,2024-07-08,2025-05-11 10:55:27 +0900,2025-05-11 10:55:27 +0900
1194,18,490,主要卸売市場計,2024-07-08,2025-05-11 10:55:27 +0900,2025-05-11 10:55:27 +0900
1195,19,225,主要卸売市場計,2024-07-08,2025-05-11 10:55:27 +0900,2025-05-11 10:55:27 +0900
1196,20,1110,主要卸売市場計,2024-07-08,2025-05-11 10:55:27 +0900,2025-05-11 10:55:27 +0900
1197,21,266,主要卸売市場計,2024-07-08,2025-05-11 10:55:27 +0900,2025-05-11 10:55:27 +0900
1198,22,383,主要卸売市場計,2024-07-08,2025-05-11 10:55:27 +0900,2025-05-11 10:55:27 +0900
1199,23,133,主要卸売市場計,2024-07-08,2025-05-11 10:55:27 +0900,2025-05-11 10:55:27 +0900
1200,24,1243,主要卸売市場計,2024-07-08,2025-05-11 10:55:27 +0900,2025-05-11 10:55:27 +0900
1201,25,338,主要卸売市場計,2024-07-08,2025-05-11 10:55:27 +0900,2025-05-11 10:55:27 +0900
1202,26,245,主要卸売市場計,2024-07-08,2025-05-11 10:55:27 +0900,2025-05-11 10:55:27 +0900
1203,27,347,主要卸売市場計,2024-07-08,2025-05-11 10:55:28 +0900,2025-05-11 10:55:28 +0900
1204,28,346,主要卸売市場計,2024-07-08,2025-05-11 10:55:28 +0900,2025-05-11 10:55:28 +0900
1205,29,544,主要卸売市場計,2024-07-08,2025-05-11 10:55:28 +0900,2025-05-11 10:55:28 +0900
1206,30,405,主要卸売市場計,2024-07-08,2025-05-11 10:55:28 +0900,2025-05-11 10:55:28 +0900
1207,33,926,主要卸売市場計,2024-07-08,2025-05-11 10:55:28 +0900,2025-05-11 10:55:28 +0900
1208,34,1922,主要卸売市場計,2024-07-08,2025-05-11 10:55:28 +0900,2025-05-11 10:55:28 +0900
1209,36,597,主要卸売市場計,2024-07-08,2025-05-11 10:55:28 +0900,2025-05-11 10:55:28 +0900
1210,37,856,主要卸売市場計,2024-07-08,2025-05-11 10:55:28 +0900,2025-05-11 10:55:28 +0900
1211,38,292,主要卸売市場計,2024-07-08,2025-05-11 10:55:28 +0900,2025-05-11 10:55:28 +0900
1212,39,268,主要卸売市場計,2024-07-08,2025-05-11 10:55:28 +0900,2025-05-11 10:55:28 +0900
1213,40,504,主要卸売市場計,2024-07-08,2025-05-11 10:55:28 +0900,2025-05-11 10:55:28 +0900
1214,41,389,主要卸売市場計,2024-07-08,2025-05-11 10:55:28 +0900,2025-05-11 10:55:28 +0900
1215,42,174,主要卸売市場計,2024-07-08,2025-05-11 10:55:28 +0900,2025-05-11 10:55:28 +0900
1216,43,1268,主要卸売市場計,2024-07-08,2025-05-11 10:55:28 +0900,2025-05-11 10:55:28 +0900
1217,44,553,主要卸売市場計,2024-07-08,2025-05-11 10:55:28 +0900,2025-05-11 10:55:28 +0900
1218,45,860,主要卸売市場計,2024-07-08,2025-05-11 10:55:28 +0900,2025-05-11 10:55:28 +0900
1219,46,470,主要卸売市場計,2024-07-08,2025-05-11 10:55:28 +0900,2025-05-11 10:55:28 +0900
1220,47,259,主要卸売市場計,2024-07-08,2025-05-11 10:55:28 +0900,2025-05-11 10:55:28 +0900
1221,48,384,主要卸売市場計,2024-07-08,2025-05-11 10:55:28 +0900,2025-05-11 10:55:28 +0900
1222,1,161,主要卸売市場計,2024-07-15,2025-05-11 10:55:28 +0900,2025-05-11 10:55:28 +0900
1223,3,285,主要卸売市場計,2024-07-15,2025-05-11 10:55:28 +0900,2025-05-11 10:55:28 +0900
1224,4,262,主要卸売市場計,2024-07-15,2025-05-11 10:55:28 +0900,2025-05-11 10:55:28 +0900
1225,6,920,主要卸売市場計,2024-07-15,2025-05-11 10:55:28 +0900,2025-05-11 10:55:28 +0900
1226,7,115,主要卸売市場計,2024-07-15,2025-05-11 10:55:28 +0900,2025-05-11 10:55:28 +0900
1227,8,1073,主要卸売市場計,2024-07-15,2025-05-11 10:55:28 +0900,2025-05-11 10:55:28 +0900
1228,9,504,主要卸売市場計,2024-07-15,2025-05-11 10:55:28 +0900,2025-05-11 10:55:28 +0900
1229,10,752,主要卸売市場計,2024-07-15,2025-05-11 10:55:28 +0900,2025-05-11 10:55:28 +0900
1230,11,125,主要卸売市場計,2024-07-15,2025-05-11 10:55:28 +0900,2025-05-11 10:55:28 +0900
1231,12,1065,主要卸売市場計,2024-07-15,2025-05-11 10:55:28 +0900,2025-05-11 10:55:28 +0900
1232,13,494,主要卸売市場計,2024-07-15,2025-05-11 10:55:28 +0900,2025-05-11 10:55:28 +0900
1233,16,836,主要卸売市場計,2024-07-15,2025-05-11 10:55:28 +0900,2025-05-11 10:55:28 +0900
1234,18,1183,主要卸売市場計,2024-07-15,2025-05-11 10:55:28 +0900,2025-05-11 10:55:28 +0900
1235,19,317,主要卸売市場計,2024-07-15,2025-05-11 10:55:28 +0900,2025-05-11 10:55:28 +0900
1236,20,1162,主要卸売市場計,2024-07-15,2025-05-11 10:55:28 +0900,2025-05-11 10:55:28 +0900
1237,21,57,主要卸売市場計,2024-07-15,2025-05-11 10:55:28 +0900,2025-05-11 10:55:28 +0900
1238,22,279,主要卸売市場計,2024-07-15,2025-05-11 10:55:28 +0900,2025-05-11 10:55:28 +0900
1239,23,256,主要卸売市場計,2024-07-15,2025-05-11 10:55:28 +0900,2025-05-11 10:55:28 +0900
1240,24,3391,主要卸売市場計,2024-07-15,2025-05-11 10:55:28 +0900,2025-05-11 10:55:28 +0900
1241,25,431,主要卸売市場計,2024-07-15,2025-05-11 10:55:28 +0900,2025-05-11 10:55:28 +0900
1242,26,848,主要卸売市場計,2024-07-15,2025-05-11 10:55:28 +0900,2025-05-11 10:55:28 +0900
1243,27,541,主要卸売市場計,2024-07-15,2025-05-11 10:55:28 +0900,2025-05-11 10:55:28 +0900
1244,28,354,主要卸売市場計,2024-07-15,2025-05-11 10:55:28 +0900,2025-05-11 10:55:28 +0900
1245,29,739,主要卸売市場計,2024-07-15,2025-05-11 10:55:28 +0900,2025-05-11 10:55:28 +0900
1246,30,410,主要卸売市場計,2024-07-15,2025-05-11 10:55:28 +0900,2025-05-11 10:55:28 +0900
1247,33,2528,主要卸売市場計,2024-07-15,2025-05-11 10:55:28 +0900,2025-05-11 10:55:28 +0900
1248,34,3397,主要卸売市場計,2024-07-15,2025-05-11 10:55:28 +0900,2025-05-11 10:55:28 +0900
1249,38,253,主要卸売市場計,2024-07-15,2025-05-11 10:55:28 +0900,2025-05-11 10:55:28 +0900
1250,39,265,主要卸売市場計,2024-07-15,2025-05-11 10:55:28 +0900,2025-05-11 10:55:28 +0900
1251,41,427,主要卸売市場計,2024-07-15,2025-05-11 10:55:28 +0900,2025-05-11 10:55:28 +0900
1252,42,215,主要卸売市場計,2024-07-15,2025-05-11 10:55:28 +0900,2025-05-11 10:55:28 +0900
1253,43,691,主要卸売市場計,2024-07-15,2025-05-11 10:55:28 +0900,2025-05-11 10:55:28 +0900
1254,44,581,主要卸売市場計,2024-07-15,2025-05-11 10:55:28 +0900,2025-05-11 10:55:28 +0900
1255,45,1193,主要卸売市場計,2024-07-15,2025-05-11 10:55:28 +0900,2025-05-11 10:55:28 +0900
1256,46,656,主要卸売市場計,2024-07-15,2025-05-11 10:55:28 +0900,2025-05-11 10:55:28 +0900
1257,47,347,主要卸売市場計,2024-07-15,2025-05-11 10:55:28 +0900,2025-05-11 10:55:28 +0900
1258,48,464,主要卸売市場計,2024-07-15,2025-05-11 10:55:28 +0900,2025-05-11 10:55:28 +0900
1259,1,83,主要卸売市場計,2024-07-22,2025-05-11 10:55:28 +0900,2025-05-11 10:55:28 +0900
1260,2,183,主要卸売市場計,2024-07-22,2025-05-11 10:55:28 +0900,2025-05-11 10:55:28 +0900
1261,3,192,主要卸売市場計,2024-07-22,2025-05-11 10:55:28 +0900,2025-05-11 10:55:28 +0900
1262,4,350,主要卸売市場計,2024-07-22,2025-05-11 10:55:28 +0900,2025-05-11 10:55:28 +0900
1263,6,585,主要卸売市場計,2024-07-22,2025-05-11 10:55:28 +0900,2025-05-11 10:55:28 +0900
1264,7,100,主要卸売市場計,2024-07-22,2025-05-11 10:55:28 +0900,2025-05-11 10:55:28 +0900
1265,8,438,主要卸売市場計,2024-07-22,2025-05-11 10:55:28 +0900,2025-05-11 10:55:28 +0900
1266,9,298,主要卸売市場計,2024-07-22,2025-05-11 10:55:28 +0900,2025-05-11 10:55:28 +0900
1267,10,351,主要卸売市場計,2024-07-22,2025-05-11 10:55:28 +0900,2025-05-11 10:55:28 +0900
1268,11,84,主要卸売市場計,2024-07-22,2025-05-11 10:55:28 +0900,2025-05-11 10:55:28 +0900
1269,12,865,主要卸売市場計,2024-07-22,2025-05-11 10:55:28 +0900,2025-05-11 10:55:28 +0900
1270,13,455,主要卸売市場計,2024-07-22,2025-05-11 10:55:28 +0900,2025-05-11 10:55:28 +0900
1271,14,26,主要卸売市場計,2024-07-22,2025-05-11 10:55:28 +0900,2025-05-11 10:55:28 +0900
1272,15,627,主要卸売市場計,2024-07-22,2025-05-11 10:55:28 +0900,2025-05-11 10:55:28 +0900
1273,16,891,主要卸売市場計,2024-07-22,2025-05-11 10:55:28 +0900,2025-05-11 10:55:28 +0900
1274,17,1318,主要卸売市場計,2024-07-22,2025-05-11 10:55:28 +0900,2025-05-11 10:55:28 +0900
1275,18,710,主要卸売市場計,2024-07-22,2025-05-11 10:55:28 +0900,2025-05-11 10:55:28 +0900
1276,19,271,主要卸売市場計,2024-07-22,2025-05-11 10:55:28 +0900,2025-05-11 10:55:28 +0900
1277,20,1124,主要卸売市場計,2024-07-22,2025-05-11 10:55:28 +0900,2025-05-11 10:55:28 +0900
1278,21,319,主要卸売市場計,2024-07-22,2025-05-11 10:55:28 +0900,2025-05-11 10:55:28 +0900
1279,22,435,主要卸売市場計,2024-07-22,2025-05-11 10:55:28 +0900,2025-05-11 10:55:28 +0900
1280,23,159,主要卸売市場計,2024-07-22,2025-05-11 10:55:28 +0900,2025-05-11 10:55:28 +0900
1281,24,1399,主要卸売市場計,2024-07-22,2025-05-11 10:55:28 +0900,2025-05-11 10:55:28 +0900
1282,25,429,主要卸売市場計,2024-07-22,2025-05-11 10:55:28 +0900,2025-05-11 10:55:28 +0900
1283,26,310,主要卸売市場計,2024-07-22,2025-05-11 10:55:28 +0900,2025-05-11 10:55:28 +0900
1284,27,439,主要卸売市場計,2024-07-22,2025-05-11 10:55:28 +0900,2025-05-11 10:55:28 +0900
1285,28,368,主要卸売市場計,2024-07-22,2025-05-11 10:55:28 +0900,2025-05-11 10:55:28 +0900
1286,29,674,主要卸売市場計,2024-07-22,2025-05-11 10:55:28 +0900,2025-05-11 10:55:28 +0900
1287,30,503,主要卸売市場計,2024-07-22,2025-05-11 10:55:28 +0900,2025-05-11 10:55:28 +0900
1288,33,1107,主要卸売市場計,2024-07-22,2025-05-11 10:55:28 +0900,2025-05-11 10:55:28 +0900
1289,34,2128,主要卸売市場計,2024-07-22,2025-05-11 10:55:28 +0900,2025-05-11 10:55:28 +0900
1290,35,0,主要卸売市場計,2024-07-22,2025-05-11 10:55:28 +0900,2025-05-11 10:55:28 +0900
1291,36,1182,主要卸売市場計,2024-07-22,2025-05-11 10:55:28 +0900,2025-05-11 10:55:28 +0900
1292,37,1008,主要卸売市場計,2024-07-22,2025-05-11 10:55:28 +0900,2025-05-11 10:55:28 +0900
1293,38,302,主要卸売市場計,2024-07-22,2025-05-11 10:55:28 +0900,2025-05-11 10:55:28 +0900
1294,39,277,主要卸売市場計,2024-07-22,2025-05-11 10:55:28 +0900,2025-05-11 10:55:28 +0900
1295,40,531,主要卸売市場計,2024-07-22,2025-05-11 10:55:28 +0900,2025-05-11 10:55:28 +0900
1296,41,389,主要卸売市場計,2024-07-22,2025-05-11 10:55:28 +0900,2025-05-11 10:55:28 +0900
1297,42,176,主要卸売市場計,2024-07-22,2025-05-11 10:55:28 +0900,2025-05-11 10:55:28 +0900
1298,43,1249,主要卸売市場計,2024-07-22,2025-05-11 10:55:28 +0900,2025-05-11 10:55:28 +0900
1299,44,591,主要卸売市場計,2024-07-22,2025-05-11 10:55:28 +0900,2025-05-11 10:55:28 +0900
1300,45,886,主要卸売市場計,2024-07-22,2025-05-11 10:55:28 +0900,2025-05-11 10:55:28 +0900
1301,46,456,主要卸売市場計,2024-07-22,2025-05-11 10:55:28 +0900,2025-05-11 10:55:28 +0900
1302,47,242,主要卸売市場計,2024-07-22,2025-05-11 10:55:28 +0900,2025-05-11 10:55:28 +0900
1303,48,365,主要卸売市場計,2024-07-22,2025-05-11 10:55:28 +0900,2025-05-11 10:55:28 +0900
1304,1,85,主要卸売市場計,2024-07-29,2025-05-11 10:55:28 +0900,2025-05-11 10:55:28 +0900
1305,2,189,主要卸売市場計,2024-07-29,2025-05-11 10:55:28 +0900,2025-05-11 10:55:28 +0900
1306,3,159,主要卸売市場計,2024-07-29,2025-05-11 10:55:28 +0900,2025-05-11 10:55:28 +0900
1307,4,345,主要卸売市場計,2024-07-29,2025-05-11 10:55:28 +0900,2025-05-11 10:55:28 +0900
1308,5,810,主要卸売市場計,2024-07-29,2025-05-11 10:55:28 +0900,2025-05-11 10:55:28 +0900
1309,6,545,主要卸売市場計,2024-07-29,2025-05-11 10:55:28 +0900,2025-05-11 10:55:28 +0900
1310,7,96,主要卸売市場計,2024-07-29,2025-05-11 10:55:28 +0900,2025-05-11 10:55:28 +0900
1311,8,434,主要卸売市場計,2024-07-29,2025-05-11 10:55:28 +0900,2025-05-11 10:55:28 +0900
1312,9,329,主要卸売市場計,2024-07-29,2025-05-11 10:55:28 +0900,2025-05-11 10:55:28 +0900
1313,10,373,主要卸売市場計,2024-07-29,2025-05-11 10:55:28 +0900,2025-05-11 10:55:28 +0900
1314,11,87,主要卸売市場計,2024-07-29,2025-05-11 10:55:28 +0900,2025-05-11 10:55:28 +0900
1315,12,890,主要卸売市場計,2024-07-29,2025-05-11 10:55:28 +0900,2025-05-11 10:55:28 +0900
1316,13,428,主要卸売市場計,2024-07-29,2025-05-11 10:55:28 +0900,2025-05-11 10:55:28 +0900
1317,15,895,主要卸売市場計,2024-07-29,2025-05-11 10:55:28 +0900,2025-05-11 10:55:28 +0900
1318,16,752,主要卸売市場計,2024-07-29,2025-05-11 10:55:28 +0900,2025-05-11 10:55:28 +0900
1319,17,1449,主要卸売市場計,2024-07-29,2025-05-11 10:55:28 +0900,2025-05-11 10:55:28 +0900
1320,18,695,主要卸売市場計,2024-07-29,2025-05-11 10:55:28 +0900,2025-05-11 10:55:28 +0900
1321,19,312,主要卸売市場計,2024-07-29,2025-05-11 10:55:28 +0900,2025-05-11 10:55:28 +0900
1322,20,1092,主要卸売市場計,2024-07-29,2025-05-11 10:55:28 +0900,2025-05-11 10:55:28 +0900
1323,21,324,主要卸売市場計,2024-07-29,2025-05-11 10:55:28 +0900,2025-05-11 10:55:28 +0900
1324,22,459,主要卸売市場計,2024-07-29,2025-05-11 10:55:28 +0900,2025-05-11 10:55:28 +0900
1325,23,178,主要卸売市場計,2024-07-29,2025-05-11 10:55:28 +0900,2025-05-11 10:55:28 +0900
1326,24,1450,主要卸売市場計,2024-07-29,2025-05-11 10:55:28 +0900,2025-05-11 10:55:28 +0900
1327,25,402,主要卸売市場計,2024-07-29,2025-05-11 10:55:28 +0900,2025-05-11 10:55:28 +0900
1328,26,344,主要卸売市場計,2024-07-29,2025-05-11 10:55:28 +0900,2025-05-11 10:55:28 +0900
1329,27,429,主要卸売市場計,2024-07-29,2025-05-11 10:55:28 +0900,2025-05-11 10:55:28 +0900
1330,28,371,主要卸売市場計,2024-07-29,2025-05-11 10:55:28 +0900,2025-05-11 10:55:28 +0900
1331,29,700,主要卸売市場計,2024-07-29,2025-05-11 10:55:28 +0900,2025-05-11 10:55:28 +0900
1332,30,523,主要卸売市場計,2024-07-29,2025-05-11 10:55:28 +0900,2025-05-11 10:55:28 +0900
1333,33,1069,主要卸売市場計,2024-07-29,2025-05-11 10:55:28 +0900,2025-05-11 10:55:28 +0900
1334,34,2176,主要卸売市場計,2024-07-29,2025-05-11 10:55:28 +0900,2025-05-11 10:55:28 +0900
1335,37,1013,主要卸売市場計,2024-07-29,2025-05-11 10:55:28 +0900,2025-05-11 10:55:28 +0900
1336,38,309,主要卸売市場計,2024-07-29,2025-05-11 10:55:28 +0900,2025-05-11 10:55:28 +0900
1337,39,280,主要卸売市場計,2024-07-29,2025-05-11 10:55:28 +0900,2025-05-11 10:55:28 +0900
1338,40,478,主要卸売市場計,2024-07-29,2025-05-11 10:55:28 +0900,2025-05-11 10:55:28 +0900
1339,41,406,主要卸売市場計,2024-07-29,2025-05-11 10:55:28 +0900,2025-05-11 10:55:28 +0900
1340,42,170,主要卸売市場計,2024-07-29,2025-05-11 10:55:28 +0900,2025-05-11 10:55:28 +0900
1341,43,1660,主要卸売市場計,2024-07-29,2025-05-11 10:55:28 +0900,2025-05-11 10:55:28 +0900
1342,44,598,主要卸売市場計,2024-07-29,2025-05-11 10:55:28 +0900,2025-05-11 10:55:28 +0900
1343,45,875,主要卸売市場計,2024-07-29,2025-05-11 10:55:28 +0900,2025-05-11 10:55:28 +0900
1344,46,450,主要卸売市場計,2024-07-29,2025-05-11 10:55:28 +0900,2025-05-11 10:55:28 +0900
1345,47,234,主要卸売市場計,2024-07-29,2025-05-11 10:55:28 +0900,2025-05-11 10:55:28 +0900
1346,48,367,主要卸売市場計,2024-07-29,2025-05-11 10:55:28 +0900,2025-05-11 10:55:28 +0900
1347,1,87,主要卸売市場計,2024-08-05,2025-05-11 10:55:28 +0900,2025-05-11 10:55:28 +0900
1348,2,194,主要卸売市場計,2024-08-05,2025-05-11 10:55:28 +0900,2025-05-11 10:55:28 +0900
1349,3,123,主要卸売市場計,2024-08-05,2025-05-11 10:55:28 +0900,2025-05-11 10:55:28 +0900
1350,4,347,主要卸売市場計,2024-08-05,2025-05-11 10:55:28 +0900,2025-05-11 10:55:28 +0900
1351,5,864,主要卸売市場計,2024-08-05,2025-05-11 10:55:28 +0900,2025-05-11 10:55:28 +0900
1352,6,518,主要卸売市場計,2024-08-05,2025-05-11 10:55:28 +0900,2025-05-11 10:55:28 +0900
1353,7,91,主要卸売市場計,2024-08-05,2025-05-11 10:55:28 +0900,2025-05-11 10:55:28 +0900
1354,8,525,主要卸売市場計,2024-08-05,2025-05-11 10:55:28 +0900,2025-05-11 10:55:28 +0900
1355,9,361,主要卸売市場計,2024-08-05,2025-05-11 10:55:28 +0900,2025-05-11 10:55:28 +0900
1356,10,376,主要卸売市場計,2024-08-05,2025-05-11 10:55:28 +0900,2025-05-11 10:55:28 +0900
1357,11,98,主要卸売市場計,2024-08-05,2025-05-11 10:55:28 +0900,2025-05-11 10:55:28 +0900
1358,12,899,主要卸売市場計,2024-08-05,2025-05-11 10:55:28 +0900,2025-05-11 10:55:28 +0900
1359,13,442,主要卸売市場計,2024-08-05,2025-05-11 10:55:28 +0900,2025-05-11 10:55:28 +0900
1360,15,857,主要卸売市場計,2024-08-05,2025-05-11 10:55:28 +0900,2025-05-11 10:55:28 +0900
1361,16,835,主要卸売市場計,2024-08-05,2025-05-11 10:55:28 +0900,2025-05-11 10:55:28 +0900
1362,17,1675,主要卸売市場計,2024-08-05,2025-05-11 10:55:28 +0900,2025-05-11 10:55:28 +0900
1363,18,703,主要卸売市場計,2024-08-05,2025-05-11 10:55:28 +0900,2025-05-11 10:55:28 +0900
1364,19,337,主要卸売市場計,2024-08-05,2025-05-11 10:55:28 +0900,2025-05-11 10:55:28 +0900
1365,20,1086,主要卸売市場計,2024-08-05,2025-05-11 10:55:28 +0900,2025-05-11 10:55:28 +0900
1366,21,324,主要卸売市場計,2024-08-05,2025-05-11 10:55:28 +0900,2025-05-11 10:55:28 +0900
1367,22,470,主要卸売市場計,2024-08-05,2025-05-11 10:55:28 +0900,2025-05-11 10:55:28 +0900
1368,23,227,主要卸売市場計,2024-08-05,2025-05-11 10:55:28 +0900,2025-05-11 10:55:28 +0900
1369,24,1672,主要卸売市場計,2024-08-05,2025-05-11 10:55:28 +0900,2025-05-11 10:55:28 +0900
1370,25,397,主要卸売市場計,2024-08-05,2025-05-11 10:55:28 +0900,2025-05-11 10:55:28 +0900
1371,26,361,主要卸売市場計,2024-08-05,2025-05-11 10:55:28 +0900,2025-05-11 10:55:28 +0900
1372,27,417,主要卸売市場計,2024-08-05,2025-05-11 10:55:28 +0900,2025-05-11 10:55:28 +0900
1373,28,376,主要卸売市場計,2024-08-05,2025-05-11 10:55:28 +0900,2025-05-11 10:55:28 +0900
1374,29,732,主要卸売市場計,2024-08-05,2025-05-11 10:55:28 +0900,2025-05-11 10:55:28 +0900
1375,30,543,主要卸売市場計,2024-08-05,2025-05-11 10:55:28 +0900,2025-05-11 10:55:28 +0900
1376,33,1144,主要卸売市場計,2024-08-05,2025-05-11 10:55:28 +0900,2025-05-11 10:55:28 +0900
1377,34,2462,主要卸売市場計,2024-08-05,2025-05-11 10:55:28 +0900,2025-05-11 10:55:28 +0900
1378,37,1053,主要卸売市場計,2024-08-05,2025-05-11 10:55:28 +0900,2025-05-11 10:55:28 +0900
1379,38,319,主要卸売市場計,2024-08-05,2025-05-11 10:55:28 +0900,2025-05-11 10:55:28 +0900
1380,39,275,主要卸売市場計,2024-08-05,2025-05-11 10:55:28 +0900,2025-05-11 10:55:28 +0900
1381,40,524,主要卸売市場計,2024-08-05,2025-05-11 10:55:28 +0900,2025-05-11 10:55:28 +0900
1382,41,407,主要卸売市場計,2024-08-05,2025-05-11 10:55:28 +0900,2025-05-11 10:55:28 +0900
1383,42,162,主要卸売市場計,2024-08-05,2025-05-11 10:55:28 +0900,2025-05-11 10:55:28 +0900
1384,43,1267,主要卸売市場計,2024-08-05,2025-05-11 10:55:28 +0900,2025-05-11 10:55:28 +0900
1385,44,624,主要卸売市場計,2024-08-05,2025-05-11 10:55:28 +0900,2025-05-11 10:55:28 +0900
1386,45,894,主要卸売市場計,2024-08-05,2025-05-11 10:55:28 +0900,2025-05-11 10:55:28 +0900
1387,46,444,主要卸売市場計,2024-08-05,2025-05-11 10:55:28 +0900,2025-05-11 10:55:28 +0900
1388,47,231,主要卸売市場計,2024-08-05,2025-05-11 10:55:28 +0900,2025-05-11 10:55:28 +0900
1389,48,372,主要卸売市場計,2024-08-05,2025-05-11 10:55:28 +0900,2025-05-11 10:55:28 +0900
1390,1,103,主要卸売市場計,2024-08-12,2025-05-11 10:55:28 +0900,2025-05-11 10:55:28 +0900
1391,2,202,主要卸売市場計,2024-08-12,2025-05-11 10:55:28 +0900,2025-05-11 10:55:28 +0900
1392,3,118,主要卸売市場計,2024-08-12,2025-05-11 10:55:28 +0900,2025-05-11 10:55:28 +0900
1393,4,355,主要卸売市場計,2024-08-12,2025-05-11 10:55:28 +0900,2025-05-11 10:55:28 +0900
1394,5,861,主要卸売市場計,2024-08-12,2025-05-11 10:55:28 +0900,2025-05-11 10:55:28 +0900
1395,6,478,主要卸売市場計,2024-08-12,2025-05-11 10:55:28 +0900,2025-05-11 10:55:28 +0900
1396,7,105,主要卸売市場計,2024-08-12,2025-05-11 10:55:28 +0900,2025-05-11 10:55:28 +0900
1397,8,532,主要卸売市場計,2024-08-12,2025-05-11 10:55:28 +0900,2025-05-11 10:55:28 +0900
1398,9,339,主要卸売市場計,2024-08-12,2025-05-11 10:55:28 +0900,2025-05-11 10:55:28 +0900
1399,10,406,主要卸売市場計,2024-08-12,2025-05-11 10:55:28 +0900,2025-05-11 10:55:28 +0900
1400,11,106,主要卸売市場計,2024-08-12,2025-05-11 10:55:28 +0900,2025-05-11 10:55:28 +0900
1401,12,993,主要卸売市場計,2024-08-12,2025-05-11 10:55:28 +0900,2025-05-11 10:55:28 +0900
1402,13,480,主要卸売市場計,2024-08-12,2025-05-11 10:55:28 +0900,2025-05-11 10:55:28 +0900
1403,15,847,主要卸売市場計,2024-08-12,2025-05-11 10:55:28 +0900,2025-05-11 10:55:28 +0900
1404,16,1044,主要卸売市場計,2024-08-12,2025-05-11 10:55:28 +0900,2025-05-11 10:55:28 +0900
1405,17,1818,主要卸売市場計,2024-08-12,2025-05-11 10:55:28 +0900,2025-05-11 10:55:28 +0900
1406,18,732,主要卸売市場計,2024-08-12,2025-05-11 10:55:28 +0900,2025-05-11 10:55:28 +0900
1407,19,341,主要卸売市場計,2024-08-12,2025-05-11 10:55:28 +0900,2025-05-11 10:55:28 +0900
1408,20,1057,主要卸売市場計,2024-08-12,2025-05-11 10:55:28 +0900,2025-05-11 10:55:28 +0900
1409,21,345,主要卸売市場計,2024-08-12,2025-05-11 10:55:28 +0900,2025-05-11 10:55:28 +0900
1410,22,473,主要卸売市場計,2024-08-12,2025-05-11 10:55:28 +0900,2025-05-11 10:55:28 +0900
1411,23,167,主要卸売市場計,2024-08-12,2025-05-11 10:55:28 +0900,2025-05-11 10:55:28 +0900
1412,24,2815,主要卸売市場計,2024-08-12,2025-05-11 10:55:28 +0900,2025-05-11 10:55:28 +0900
1413,25,421,主要卸売市場計,2024-08-12,2025-05-11 10:55:28 +0900,2025-05-11 10:55:28 +0900
1414,26,287,主要卸売市場計,2024-08-12,2025-05-11 10:55:28 +0900,2025-05-11 10:55:28 +0900
1415,27,448,主要卸売市場計,2024-08-12,2025-05-11 10:55:28 +0900,2025-05-11 10:55:28 +0900
1416,28,372,主要卸売市場計,2024-08-12,2025-05-11 10:55:28 +0900,2025-05-11 10:55:28 +0900
1417,29,745,主要卸売市場計,2024-08-12,2025-05-11 10:55:28 +0900,2025-05-11 10:55:28 +0900
1418,30,519,主要卸売市場計,2024-08-12,2025-05-11 10:55:28 +0900,2025-05-11 10:55:28 +0900
1419,33,1422,主要卸売市場計,2024-08-12,2025-05-11 10:55:28 +0900,2025-05-11 10:55:28 +0900
1420,34,3145,主要卸売市場計,2024-08-12,2025-05-11 10:55:28 +0900,2025-05-11 10:55:28 +0900
1421,37,1130,主要卸売市場計,2024-08-12,2025-05-11 10:55:28 +0900,2025-05-11 10:55:28 +0900
1422,38,323,主要卸売市場計,2024-08-12,2025-05-11 10:55:28 +0900,2025-05-11 10:55:28 +0900
1423,39,264,主要卸売市場計,2024-08-12,2025-05-11 10:55:28 +0900,2025-05-11 10:55:28 +0900
1424,40,482,主要卸売市場計,2024-08-12,2025-05-11 10:55:28 +0900,2025-05-11 10:55:28 +0900
1425,41,418,主要卸売市場計,2024-08-12,2025-05-11 10:55:28 +0900,2025-05-11 10:55:28 +0900
1426,42,150,主要卸売市場計,2024-08-12,2025-05-11 10:55:28 +0900,2025-05-11 10:55:28 +0900
1427,43,973,主要卸売市場計,2024-08-12,2025-05-11 10:55:28 +0900,2025-05-11 10:55:28 +0900
1428,44,640,主要卸売市場計,2024-08-12,2025-05-11 10:55:28 +0900,2025-05-11 10:55:28 +0900
1429,45,953,主要卸売市場計,2024-08-12,2025-05-11 10:55:28 +0900,2025-05-11 10:55:28 +0900
1430,46,443,主要卸売市場計,2024-08-12,2025-05-11 10:55:28 +0900,2025-05-11 10:55:28 +0900
1431,47,231,主要卸売市場計,2024-08-12,2025-05-11 10:55:28 +0900,2025-05-11 10:55:28 +0900
1432,48,369,主要卸売市場計,2024-08-12,2025-05-11 10:55:28 +0900,2025-05-11 10:55:28 +0900
1433,1,127,主要卸売市場計,2024-08-19,2025-05-11 10:55:28 +0900,2025-05-11 10:55:28 +0900
1434,2,182,主要卸売市場計,2024-08-19,2025-05-11 10:55:28 +0900,2025-05-11 10:55:28 +0900
1435,3,113,主要卸売市場計,2024-08-19,2025-05-11 10:55:28 +0900,2025-05-11 10:55:28 +0900
1436,4,380,主要卸売市場計,2024-08-19,2025-05-11 10:55:28 +0900,2025-05-11 10:55:28 +0900
1437,5,781,主要卸売市場計,2024-08-19,2025-05-11 10:55:28 +0900,2025-05-11 10:55:28 +0900
1438,6,427,主要卸売市場計,2024-08-19,2025-05-11 10:55:28 +0900,2025-05-11 10:55:28 +0900
1439,7,107,主要卸売市場計,2024-08-19,2025-05-11 10:55:28 +0900,2025-05-11 10:55:28 +0900
1440,8,525,主要卸売市場計,2024-08-19,2025-05-11 10:55:28 +0900,2025-05-11 10:55:28 +0900
1441,9,365,主要卸売市場計,2024-08-19,2025-05-11 10:55:28 +0900,2025-05-11 10:55:28 +0900
1442,10,443,主要卸売市場計,2024-08-19,2025-05-11 10:55:28 +0900,2025-05-11 10:55:28 +0900
1443,11,99,主要卸売市場計,2024-08-19,2025-05-11 10:55:28 +0900,2025-05-11 10:55:28 +0900
1444,12,1017,主要卸売市場計,2024-08-19,2025-05-11 10:55:28 +0900,2025-05-11 10:55:28 +0900
1445,13,553,主要卸売市場計,2024-08-19,2025-05-11 10:55:28 +0900,2025-05-11 10:55:28 +0900
1446,15,864,主要卸売市場計,2024-08-19,2025-05-11 10:55:28 +0900,2025-05-11 10:55:28 +0900
1447,16,1148,主要卸売市場計,2024-08-19,2025-05-11 10:55:28 +0900,2025-05-11 10:55:28 +0900
1448,17,1757,主要卸売市場計,2024-08-19,2025-05-11 10:55:28 +0900,2025-05-11 10:55:28 +0900
1449,18,885,主要卸売市場計,2024-08-19,2025-05-11 10:55:28 +0900,2025-05-11 10:55:28 +0900
1450,19,332,主要卸売市場計,2024-08-19,2025-05-11 10:55:28 +0900,2025-05-11 10:55:28 +0900
1451,20,1023,主要卸売市場計,2024-08-19,2025-05-11 10:55:28 +0900,2025-05-11 10:55:28 +0900
1452,21,332,主要卸売市場計,2024-08-19,2025-05-11 10:55:28 +0900,2025-05-11 10:55:28 +0900
1453,22,464,主要卸売市場計,2024-08-19,2025-05-11 10:55:28 +0900,2025-05-11 10:55:28 +0900
1454,23,158,主要卸売市場計,2024-08-19,2025-05-11 10:55:28 +0900,2025-05-11 10:55:28 +0900
1455,24,2825,主要卸売市場計,2024-08-19,2025-05-11 10:55:28 +0900,2025-05-11 10:55:28 +0900
1456,25,397,主要卸売市場計,2024-08-19,2025-05-11 10:55:28 +0900,2025-05-11 10:55:28 +0900
1457,26,275,主要卸売市場計,2024-08-19,2025-05-11 10:55:28 +0900,2025-05-11 10:55:28 +0900
1458,27,390,主要卸売市場計,2024-08-19,2025-05-11 10:55:28 +0900,2025-05-11 10:55:28 +0900
1459,28,404,主要卸売市場計,2024-08-19,2025-05-11 10:55:28 +0900,2025-05-11 10:55:28 +0900
1460,29,762,主要卸売市場計,2024-08-19,2025-05-11 10:55:28 +0900,2025-05-11 10:55:28 +0900
1461,30,518,主要卸売市場計,2024-08-19,2025-05-11 10:55:28 +0900,2025-05-11 10:55:28 +0900
1462,33,1547,主要卸売市場計,2024-08-19,2025-05-11 10:55:28 +0900,2025-05-11 10:55:28 +0900
1463,34,2601,主要卸売市場計,2024-08-19,2025-05-11 10:55:28 +0900,2025-05-11 10:55:28 +0900
1464,37,1174,主要卸売市場計,2024-08-19,2025-05-11 10:55:28 +0900,2025-05-11 10:55:28 +0900
1465,38,317,主要卸売市場計,2024-08-19,2025-05-11 10:55:28 +0900,2025-05-11 10:55:28 +0900
1466,39,237,主要卸売市場計,2024-08-19,2025-05-11 10:55:28 +0900,2025-05-11 10:55:28 +0900
1467,40,513,主要卸売市場計,2024-08-19,2025-05-11 10:55:28 +0900,2025-05-11 10:55:28 +0900
1468,41,408,主要卸売市場計,2024-08-19,2025-05-11 10:55:28 +0900,2025-05-11 10:55:28 +0900
1469,42,139,主要卸売市場計,2024-08-19,2025-05-11 10:55:28 +0900,2025-05-11 10:55:28 +0900
1470,43,1314,主要卸売市場計,2024-08-19,2025-05-11 10:55:28 +0900,2025-05-11 10:55:28 +0900
1471,44,632,主要卸売市場計,2024-08-19,2025-05-11 10:55:28 +0900,2025-05-11 10:55:28 +0900
1472,45,935,主要卸売市場計,2024-08-19,2025-05-11 10:55:28 +0900,2025-05-11 10:55:28 +0900
1473,46,422,主要卸売市場計,2024-08-19,2025-05-11 10:55:28 +0900,2025-05-11 10:55:28 +0900
1474,47,236,主要卸売市場計,2024-08-19,2025-05-11 10:55:28 +0900,2025-05-11 10:55:28 +0900
1475,48,385,主要卸売市場計,2024-08-19,2025-05-11 10:55:28 +0900,2025-05-11 10:55:28 +0900
1476,1,145,主要卸売市場計,2024-08-26,2025-05-11 10:55:28 +0900,2025-05-11 10:55:28 +0900
1477,2,221,主要卸売市場計,2024-08-26,2025-05-11 10:55:28 +0900,2025-05-11 10:55:28 +0900
1478,3,119,主要卸売市場計,2024-08-26,2025-05-11 10:55:28 +0900,2025-05-11 10:55:28 +0900
1479,4,367,主要卸売市場計,2024-08-26,2025-05-11 10:55:28 +0900,2025-05-11 10:55:28 +0900
1480,5,668,主要卸売市場計,2024-08-26,2025-05-11 10:55:28 +0900,2025-05-11 10:55:28 +0900
1481,6,367,主要卸売市場計,2024-08-26,2025-05-11 10:55:28 +0900,2025-05-11 10:55:28 +0900
1482,7,92,主要卸売市場計,2024-08-26,2025-05-11 10:55:28 +0900,2025-05-11 10:55:28 +0900
1483,8,464,主要卸売市場計,2024-08-26,2025-05-11 10:55:28 +0900,2025-05-11 10:55:28 +0900
1484,9,402,主要卸売市場計,2024-08-26,2025-05-11 10:55:28 +0900,2025-05-11 10:55:28 +0900
1485,10,509,主要卸売市場計,2024-08-26,2025-05-11 10:55:28 +0900,2025-05-11 10:55:28 +0900
1486,11,90,主要卸売市場計,2024-08-26,2025-05-11 10:55:28 +0900,2025-05-11 10:55:28 +0900
1487,12,1042,主要卸売市場計,2024-08-26,2025-05-11 10:55:28 +0900,2025-05-11 10:55:28 +0900
1488,13,480,主要卸売市場計,2024-08-26,2025-05-11 10:55:28 +0900,2025-05-11 10:55:28 +0900
1489,15,724,主要卸売市場計,2024-08-26,2025-05-11 10:55:28 +0900,2025-05-11 10:55:28 +0900
1490,16,1182,主要卸売市場計,2024-08-26,2025-05-11 10:55:28 +0900,2025-05-11 10:55:28 +0900
1491,17,1908,主要卸売市場計,2024-08-26,2025-05-11 10:55:28 +0900,2025-05-11 10:55:28 +0900
1492,18,809,主要卸売市場計,2024-08-26,2025-05-11 10:55:28 +0900,2025-05-11 10:55:28 +0900
1493,19,309,主要卸売市場計,2024-08-26,2025-05-11 10:55:28 +0900,2025-05-11 10:55:28 +0900
1494,20,1036,主要卸売市場計,2024-08-26,2025-05-11 10:55:28 +0900,2025-05-11 10:55:28 +0900
1495,21,326,主要卸売市場計,2024-08-26,2025-05-11 10:55:28 +0900,2025-05-11 10:55:28 +0900
1496,22,501,主要卸売市場計,2024-08-26,2025-05-11 10:55:28 +0900,2025-05-11 10:55:28 +0900
1497,23,200,主要卸売市場計,2024-08-26,2025-05-11 10:55:28 +0900,2025-05-11 10:55:28 +0900
1498,24,2536,主要卸売市場計,2024-08-26,2025-05-11 10:55:28 +0900,2025-05-11 10:55:28 +0900
1499,25,401,主要卸売市場計,2024-08-26,2025-05-11 10:55:28 +0900,2025-05-11 10:55:28 +0900
1500,26,244,主要卸売市場計,2024-08-26,2025-05-11 10:55:28 +0900,2025-05-11 10:55:28 +0900
1501,27,388,主要卸売市場計,2024-08-26,2025-05-11 10:55:28 +0900,2025-05-11 10:55:28 +0900
1502,28,483,主要卸売市場計,2024-08-26,2025-05-11 10:55:28 +0900,2025-05-11 10:55:28 +0900
1503,29,805,主要卸売市場計,2024-08-26,2025-05-11 10:55:28 +0900,2025-05-11 10:55:28 +0900
1504,30,513,主要卸売市場計,2024-08-26,2025-05-11 10:55:28 +0900,2025-05-11 10:55:28 +0900
1505,33,1643,主要卸売市場計,2024-08-26,2025-05-11 10:55:28 +0900,2025-05-11 10:55:28 +0900
1506,34,2581,主要卸売市場計,2024-08-26,2025-05-11 10:55:28 +0900,2025-05-11 10:55:28 +0900
1507,37,1126,主要卸売市場計,2024-08-26,2025-05-11 10:55:28 +0900,2025-05-11 10:55:28 +0900
1508,38,298,主要卸売市場計,2024-08-26,2025-05-11 10:55:28 +0900,2025-05-11 10:55:28 +0900
1509,39,221,主要卸売市場計,2024-08-26,2025-05-11 10:55:28 +0900,2025-05-11 10:55:28 +0900
1510,40,438,主要卸売市場計,2024-08-26,2025-05-11 10:55:28 +0900,2025-05-11 10:55:28 +0900
1511,41,426,主要卸売市場計,2024-08-26,2025-05-11 10:55:28 +0900,2025-05-11 10:55:28 +0900
1512,42,136,主要卸売市場計,2024-08-26,2025-05-11 10:55:28 +0900,2025-05-11 10:55:28 +0900
1513,43,1389,主要卸売市場計,2024-08-26,2025-05-11 10:55:28 +0900,2025-05-11 10:55:28 +0900
1514,44,638,主要卸売市場計,2024-08-26,2025-05-11 10:55:28 +0900,2025-05-11 10:55:28 +0900
1515,45,965,主要卸売市場計,2024-08-26,2025-05-11 10:55:28 +0900,2025-05-11 10:55:28 +0900
1516,46,472,主要卸売市場計,2024-08-26,2025-05-11 10:55:28 +0900,2025-05-11 10:55:28 +0900
1517,47,258,主要卸売市場計,2024-08-26,2025-05-11 10:55:28 +0900,2025-05-11 10:55:28 +0900
1518,48,400,主要卸売市場計,2024-08-26,2025-05-11 10:55:28 +0900,2025-05-11 10:55:28 +0900
1519,1,152,主要卸売市場計,2024-09-02,2025-05-11 10:55:28 +0900,2025-05-11 10:55:28 +0900
1520,2,218,主要卸売市場計,2024-09-02,2025-05-11 10:55:29 +0900,2025-05-11 10:55:29 +0900
1521,3,134,主要卸売市場計,2024-09-02,2025-05-11 10:55:29 +0900,2025-05-11 10:55:29 +0900
1522,4,345,主要卸売市場計,2024-09-02,2025-05-11 10:55:29 +0900,2025-05-11 10:55:29 +0900
1523,6,353,主要卸売市場計,2024-09-02,2025-05-11 10:55:29 +0900,2025-05-11 10:55:29 +0900
1524,7,97,主要卸売市場計,2024-09-02,2025-05-11 10:55:29 +0900,2025-05-11 10:55:29 +0900
1525,8,489,主要卸売市場計,2024-09-02,2025-05-11 10:55:29 +0900,2025-05-11 10:55:29 +0900
1526,9,466,主要卸売市場計,2024-09-02,2025-05-11 10:55:29 +0900,2025-05-11 10:55:29 +0900
1527,10,569,主要卸売市場計,2024-09-02,2025-05-11 10:55:29 +0900,2025-05-11 10:55:29 +0900
1528,11,92,主要卸売市場計,2024-09-02,2025-05-11 10:55:29 +0900,2025-05-11 10:55:29 +0900
1529,12,1006,主要卸売市場計,2024-09-02,2025-05-11 10:55:29 +0900,2025-05-11 10:55:29 +0900
1530,13,506,主要卸売市場計,2024-09-02,2025-05-11 10:55:29 +0900,2025-05-11 10:55:29 +0900
1531,15,667,主要卸売市場計,2024-09-02,2025-05-11 10:55:29 +0900,2025-05-11 10:55:29 +0900
1532,16,1157,主要卸売市場計,2024-09-02,2025-05-11 10:55:29 +0900,2025-05-11 10:55:29 +0900
1533,17,1983,主要卸売市場計,2024-09-02,2025-05-11 10:55:29 +0900,2025-05-11 10:55:29 +0900
1534,18,864,主要卸売市場計,2024-09-02,2025-05-11 10:55:29 +0900,2025-05-11 10:55:29 +0900
1535,19,309,主要卸売市場計,2024-09-02,2025-05-11 10:55:29 +0900,2025-05-11 10:55:29 +0900
1536,20,1079,主要卸売市場計,2024-09-02,2025-05-11 10:55:29 +0900,2025-05-11 10:55:29 +0900
1537,21,376,主要卸売市場計,2024-09-02,2025-05-11 10:55:29 +0900,2025-05-11 10:55:29 +0900
1538,22,607,主要卸売市場計,2024-09-02,2025-05-11 10:55:29 +0900,2025-05-11 10:55:29 +0900
1539,23,233,主要卸売市場計,2024-09-02,2025-05-11 10:55:29 +0900,2025-05-11 10:55:29 +0900
1540,24,2828,主要卸売市場計,2024-09-02,2025-05-11 10:55:29 +0900,2025-05-11 10:55:29 +0900
1541,25,433,主要卸売市場計,2024-09-02,2025-05-11 10:55:29 +0900,2025-05-11 10:55:29 +0900
1542,26,238,主要卸売市場計,2024-09-02,2025-05-11 10:55:29 +0900,2025-05-11 10:55:29 +0900
1543,27,389,主要卸売市場計,2024-09-02,2025-05-11 10:55:29 +0900,2025-05-11 10:55:29 +0900
1544,28,560,主要卸売市場計,2024-09-02,2025-05-11 10:55:29 +0900,2025-05-11 10:55:29 +0900
1545,29,908,主要卸売市場計,2024-09-02,2025-05-11 10:55:29 +0900,2025-05-11 10:55:29 +0900
1546,30,562,主要卸売市場計,2024-09-02,2025-05-11 10:55:29 +0900,2025-05-11 10:55:29 +0900
1547,33,1833,主要卸売市場計,2024-09-02,2025-05-11 10:55:29 +0900,2025-05-11 10:55:29 +0900
1548,34,2803,主要卸売市場計,2024-09-02,2025-05-11 10:55:29 +0900,2025-05-11 10:55:29 +0900
1549,37,940,主要卸売市場計,2024-09-02,2025-05-11 10:55:29 +0900,2025-05-11 10:55:29 +0900
1550,38,281,主要卸売市場計,2024-09-02,2025-05-11 10:55:29 +0900,2025-05-11 10:55:29 +0900
1551,39,206,主要卸売市場計,2024-09-02,2025-05-11 10:55:29 +0900,2025-05-11 10:55:29 +0900
1552,40,475,主要卸売市場計,2024-09-02,2025-05-11 10:55:29 +0900,2025-05-11 10:55:29 +0900
1553,41,423,主要卸売市場計,2024-09-02,2025-05-11 10:55:29 +0900,2025-05-11 10:55:29 +0900
1554,42,127,主要卸売市場計,2024-09-02,2025-05-11 10:55:29 +0900,2025-05-11 10:55:29 +0900
1555,43,1563,主要卸売市場計,2024-09-02,2025-05-11 10:55:29 +0900,2025-05-11 10:55:29 +0900
1556,44,635,主要卸売市場計,2024-09-02,2025-05-11 10:55:29 +0900,2025-05-11 10:55:29 +0900
1557,45,960,主要卸売市場計,2024-09-02,2025-05-11 10:55:29 +0900,2025-05-11 10:55:29 +0900
1558,46,473,主要卸売市場計,2024-09-02,2025-05-11 10:55:29 +0900,2025-05-11 10:55:29 +0900
1559,47,305,主要卸売市場計,2024-09-02,2025-05-11 10:55:29 +0900,2025-05-11 10:55:29 +0900
1560,48,435,主要卸売市場計,2024-09-02,2025-05-11 10:55:29 +0900,2025-05-11 10:55:29 +0900
1561,1,148,主要卸売市場計,2024-09-09,2025-05-11 10:55:29 +0900,2025-05-11 10:55:29 +0900
1562,2,207,主要卸売市場計,2024-09-09,2025-05-11 10:55:29 +0900,2025-05-11 10:55:29 +0900
1563,3,153,主要卸売市場計,2024-09-09,2025-05-11 10:55:29 +0900,2025-05-11 10:55:29 +0900
1564,4,348,主要卸売市場計,2024-09-09,2025-05-11 10:55:29 +0900,2025-05-11 10:55:29 +0900
1565,6,381,主要卸売市場計,2024-09-09,2025-05-11 10:55:29 +0900,2025-05-11 10:55:29 +0900
1566,7,112,主要卸売市場計,2024-09-09,2025-05-11 10:55:29 +0900,2025-05-11 10:55:29 +0900
1567,8,558,主要卸売市場計,2024-09-09,2025-05-11 10:55:29 +0900,2025-05-11 10:55:29 +0900
1568,9,526,主要卸売市場計,2024-09-09,2025-05-11 10:55:29 +0900,2025-05-11 10:55:29 +0900
1569,10,635,主要卸売市場計,2024-09-09,2025-05-11 10:55:29 +0900,2025-05-11 10:55:29 +0900
1570,11,90,主要卸売市場計,2024-09-09,2025-05-11 10:55:29 +0900,2025-05-11 10:55:29 +0900
1571,12,1137,主要卸売市場計,2024-09-09,2025-05-11 10:55:29 +0900,2025-05-11 10:55:29 +0900
1572,13,490,主要卸売市場計,2024-09-09,2025-05-11 10:55:29 +0900,2025-05-11 10:55:29 +0900
1573,15,540,主要卸売市場計,2024-09-09,2025-05-11 10:55:29 +0900,2025-05-11 10:55:29 +0900
1574,16,1157,主要卸売市場計,2024-09-09,2025-05-11 10:55:29 +0900,2025-05-11 10:55:29 +0900
1575,17,1988,主要卸売市場計,2024-09-09,2025-05-11 10:55:29 +0900,2025-05-11 10:55:29 +0900
1576,18,835,主要卸売市場計,2024-09-09,2025-05-11 10:55:29 +0900,2025-05-11 10:55:29 +0900
1577,19,301,主要卸売市場計,2024-09-09,2025-05-11 10:55:29 +0900,2025-05-11 10:55:29 +0900
1578,20,1121,主要卸売市場計,2024-09-09,2025-05-11 10:55:29 +0900,2025-05-11 10:55:29 +0900
1579,21,441,主要卸売市場計,2024-09-09,2025-05-11 10:55:29 +0900,2025-05-11 10:55:29 +0900
1580,22,666,主要卸売市場計,2024-09-09,2025-05-11 10:55:29 +0900,2025-05-11 10:55:29 +0900
1581,23,312,主要卸売市場計,2024-09-09,2025-05-11 10:55:29 +0900,2025-05-11 10:55:29 +0900
1582,24,3301,主要卸売市場計,2024-09-09,2025-05-11 10:55:29 +0900,2025-05-11 10:55:29 +0900
1583,25,512,主要卸売市場計,2024-09-09,2025-05-11 10:55:29 +0900,2025-05-11 10:55:29 +0900
1584,26,223,主要卸売市場計,2024-09-09,2025-05-11 10:55:29 +0900,2025-05-11 10:55:29 +0900
1585,27,435,主要卸売市場計,2024-09-09,2025-05-11 10:55:29 +0900,2025-05-11 10:55:29 +0900
1586,28,623,主要卸売市場計,2024-09-09,2025-05-11 10:55:29 +0900,2025-05-11 10:55:29 +0900
1587,29,1045,主要卸売市場計,2024-09-09,2025-05-11 10:55:29 +0900,2025-05-11 10:55:29 +0900
1588,30,605,主要卸売市場計,2024-09-09,2025-05-11 10:55:29 +0900,2025-05-11 10:55:29 +0900
1589,33,1751,主要卸売市場計,2024-09-09,2025-05-11 10:55:29 +0900,2025-05-11 10:55:29 +0900
1590,34,2734,主要卸売市場計,2024-09-09,2025-05-11 10:55:29 +0900,2025-05-11 10:55:29 +0900
1591,37,862,主要卸売市場計,2024-09-09,2025-05-11 10:55:29 +0900,2025-05-11 10:55:29 +0900
1592,38,281,主要卸売市場計,2024-09-09,2025-05-11 10:55:29 +0900,2025-05-11 10:55:29 +0900
1593,39,155,主要卸売市場計,2024-09-09,2025-05-11 10:55:29 +0900,2025-05-11 10:55:29 +0900
1594,40,427,主要卸売市場計,2024-09-09,2025-05-11 10:55:29 +0900,2025-05-11 10:55:29 +0900
1595,41,442,主要卸売市場計,2024-09-09,2025-05-11 10:55:29 +0900,2025-05-11 10:55:29 +0900
1596,42,129,主要卸売市場計,2024-09-09,2025-05-11 10:55:29 +0900,2025-05-11 10:55:29 +0900
1597,43,1396,主要卸売市場計,2024-09-09,2025-05-11 10:55:29 +0900,2025-05-11 10:55:29 +0900
1598,44,642,主要卸売市場計,2024-09-09,2025-05-11 10:55:29 +0900,2025-05-11 10:55:29 +0900
1599,45,996,主要卸売市場計,2024-09-09,2025-05-11 10:55:29 +0900,2025-05-11 10:55:29 +0900
1600,46,492,主要卸売市場計,2024-09-09,2025-05-11 10:55:29 +0900,2025-05-11 10:55:29 +0900
1601,47,351,主要卸売市場計,2024-09-09,2025-05-11 10:55:29 +0900,2025-05-11 10:55:29 +0900
1602,48,473,主要卸売市場計,2024-09-09,2025-05-11 10:55:29 +0900,2025-05-11 10:55:29 +0900
1603,1,228,主要卸売市場計,2024-09-16,2025-05-11 10:55:29 +0900,2025-05-11 10:55:29 +0900
1604,3,243,主要卸売市場計,2024-09-16,2025-05-11 10:55:29 +0900,2025-05-11 10:55:29 +0900
1605,4,227,主要卸売市場計,2024-09-16,2025-05-11 10:55:29 +0900,2025-05-11 10:55:29 +0900
1606,7,209,主要卸売市場計,2024-09-16,2025-05-11 10:55:29 +0900,2025-05-11 10:55:29 +0900
1607,9,858,主要卸売市場計,2024-09-16,2025-05-11 10:55:29 +0900,2025-05-11 10:55:29 +0900
1608,10,834,主要卸売市場計,2024-09-16,2025-05-11 10:55:29 +0900,2025-05-11 10:55:29 +0900
1609,11,154,主要卸売市場計,2024-09-16,2025-05-11 10:55:29 +0900,2025-05-11 10:55:29 +0900
1610,12,1781,主要卸売市場計,2024-09-16,2025-05-11 10:55:29 +0900,2025-05-11 10:55:29 +0900
1611,13,1143,主要卸売市場計,2024-09-16,2025-05-11 10:55:29 +0900,2025-05-11 10:55:29 +0900
1612,16,810,主要卸売市場計,2024-09-16,2025-05-11 10:55:29 +0900,2025-05-11 10:55:29 +0900
1613,18,693,主要卸売市場計,2024-09-16,2025-05-11 10:55:29 +0900,2025-05-11 10:55:29 +0900
1614,19,329,主要卸売市場計,2024-09-16,2025-05-11 10:55:29 +0900,2025-05-11 10:55:29 +0900
1615,20,886,主要卸売市場計,2024-09-16,2025-05-11 10:55:29 +0900,2025-05-11 10:55:29 +0900
1616,21,824,主要卸売市場計,2024-09-16,2025-05-11 10:55:29 +0900,2025-05-11 10:55:29 +0900
1617,23,630,主要卸売市場計,2024-09-16,2025-05-11 10:55:29 +0900,2025-05-11 10:55:29 +0900
1618,24,6224,主要卸売市場計,2024-09-16,2025-05-11 10:55:29 +0900,2025-05-11 10:55:29 +0900
1619,25,638,主要卸売市場計,2024-09-16,2025-05-11 10:55:29 +0900,2025-05-11 10:55:29 +0900
1620,26,1100,主要卸売市場計,2024-09-16,2025-05-11 10:55:29 +0900,2025-05-11 10:55:29 +0900
1621,27,583,主要卸売市場計,2024-09-16,2025-05-11 10:55:29 +0900,2025-05-11 10:55:29 +0900
1622,29,1760,主要卸売市場計,2024-09-16,2025-05-11 10:55:29 +0900,2025-05-11 10:55:29 +0900
1623,30,1113,主要卸売市場計,2024-09-16,2025-05-11 10:55:29 +0900,2025-05-11 10:55:29 +0900
1624,33,2002,主要卸売市場計,2024-09-16,2025-05-11 10:55:29 +0900,2025-05-11 10:55:29 +0900
1625,38,262,主要卸売市場計,2024-09-16,2025-05-11 10:55:29 +0900,2025-05-11 10:55:29 +0900
1626,39,279,主要卸売市場計,2024-09-16,2025-05-11 10:55:29 +0900,2025-05-11 10:55:29 +0900
1627,41,500,主要卸売市場計,2024-09-16,2025-05-11 10:55:29 +0900,2025-05-11 10:55:29 +0900
1628,42,167,主要卸売市場計,2024-09-16,2025-05-11 10:55:29 +0900,2025-05-11 10:55:29 +0900
1629,43,716,主要卸売市場計,2024-09-16,2025-05-11 10:55:29 +0900,2025-05-11 10:55:29 +0900
1630,47,742,主要卸売市場計,2024-09-16,2025-05-11 10:55:29 +0900,2025-05-11 10:55:29 +0900
1631,48,707,主要卸売市場計,2024-09-16,2025-05-11 10:55:29 +0900,2025-05-11 10:55:29 +0900
1632,1,137,主要卸売市場計,2024-09-23,2025-05-11 10:55:29 +0900,2025-05-11 10:55:29 +0900
1633,2,984,主要卸売市場計,2024-09-23,2025-05-11 10:55:29 +0900,2025-05-11 10:55:29 +0900
1634,3,163,主要卸売市場計,2024-09-23,2025-05-11 10:55:29 +0900,2025-05-11 10:55:29 +0900
1635,4,259,主要卸売市場計,2024-09-23,2025-05-11 10:55:29 +0900,2025-05-11 10:55:29 +0900
1636,6,373,主要卸売市場計,2024-09-23,2025-05-11 10:55:29 +0900,2025-05-11 10:55:29 +0900
1637,7,83,主要卸売市場計,2024-09-23,2025-05-11 10:55:29 +0900,2025-05-11 10:55:29 +0900
1638,8,563,主要卸売市場計,2024-09-23,2025-05-11 10:55:29 +0900,2025-05-11 10:55:29 +0900
1639,9,469,主要卸売市場計,2024-09-23,2025-05-11 10:55:29 +0900,2025-05-11 10:55:29 +0900
1640,10,608,主要卸売市場計,2024-09-23,2025-05-11 10:55:29 +0900,2025-05-11 10:55:29 +0900
1641,11,119,主要卸売市場計,2024-09-23,2025-05-11 10:55:29 +0900,2025-05-11 10:55:29 +0900
1642,12,1283,主要卸売市場計,2024-09-23,2025-05-11 10:55:29 +0900,2025-05-11 10:55:29 +0900
1643,13,668,主要卸売市場計,2024-09-23,2025-05-11 10:55:29 +0900,2025-05-11 10:55:29 +0900
1644,16,1648,主要卸売市場計,2024-09-23,2025-05-11 10:55:29 +0900,2025-05-11 10:55:29 +0900
1645,17,1474,主要卸売市場計,2024-09-23,2025-05-11 10:55:29 +0900,2025-05-11 10:55:29 +0900
1646,18,872,主要卸売市場計,2024-09-23,2025-05-11 10:55:29 +0900,2025-05-11 10:55:29 +0900
1647,19,316,主要卸売市場計,2024-09-23,2025-05-11 10:55:29 +0900,2025-05-11 10:55:29 +0900
1648,20,980,主要卸売市場計,2024-09-23,2025-05-11 10:55:29 +0900,2025-05-11 10:55:29 +0900
1649,21,424,主要卸売市場計,2024-09-23,2025-05-11 10:55:29 +0900,2025-05-11 10:55:29 +0900
1650,22,486,主要卸売市場計,2024-09-23,2025-05-11 10:55:29 +0900,2025-05-11 10:55:29 +0900
1651,23,275,主要卸売市場計,2024-09-23,2025-05-11 10:55:29 +0900,2025-05-11 10:55:29 +0900
1652,24,4087,主要卸売市場計,2024-09-23,2025-05-11 10:55:29 +0900,2025-05-11 10:55:29 +0900
1653,25,353,主要卸売市場計,2024-09-23,2025-05-11 10:55:29 +0900,2025-05-11 10:55:29 +0900
1654,26,221,主要卸売市場計,2024-09-23,2025-05-11 10:55:29 +0900,2025-05-11 10:55:29 +0900
1655,27,523,主要卸売市場計,2024-09-23,2025-05-11 10:55:29 +0900,2025-05-11 10:55:29 +0900
1656,28,544,主要卸売市場計,2024-09-23,2025-05-11 10:55:29 +0900,2025-05-11 10:55:29 +0900
1657,29,1423,主要卸売市場計,2024-09-23,2025-05-11 10:55:29 +0900,2025-05-11 10:55:29 +0900
1658,30,823,主要卸売市場計,2024-09-23,2025-05-11 10:55:29 +0900,2025-05-11 10:55:29 +0900
1659,33,1572,主要卸売市場計,2024-09-23,2025-05-11 10:55:29 +0900,2025-05-11 10:55:29 +0900
1660,34,2428,主要卸売市場計,2024-09-23,2025-05-11 10:55:29 +0900,2025-05-11 10:55:29 +0900
1661,37,964,主要卸売市場計,2024-09-23,2025-05-11 10:55:29 +0900,2025-05-11 10:55:29 +0900
1662,38,301,主要卸売市場計,2024-09-23,2025-05-11 10:55:29 +0900,2025-05-11 10:55:29 +0900
1663,39,132,主要卸売市場計,2024-09-23,2025-05-11 10:55:29 +0900,2025-05-11 10:55:29 +0900
1664,40,437,主要卸売市場計,2024-09-23,2025-05-11 10:55:29 +0900,2025-05-11 10:55:29 +0900
1665,41,453,主要卸売市場計,2024-09-23,2025-05-11 10:55:29 +0900,2025-05-11 10:55:29 +0900
1666,42,114,主要卸売市場計,2024-09-23,2025-05-11 10:55:29 +0900,2025-05-11 10:55:29 +0900
1667,43,716,主要卸売市場計,2024-09-23,2025-05-11 10:55:29 +0900,2025-05-11 10:55:29 +0900
1668,44,596,主要卸売市場計,2024-09-23,2025-05-11 10:55:29 +0900,2025-05-11 10:55:29 +0900
1669,45,938,主要卸売市場計,2024-09-23,2025-05-11 10:55:29 +0900,2025-05-11 10:55:29 +0900
1670,46,501,主要卸売市場計,2024-09-23,2025-05-11 10:55:29 +0900,2025-05-11 10:55:29 +0900
1671,47,350,主要卸売市場計,2024-09-23,2025-05-11 10:55:29 +0900,2025-05-11 10:55:29 +0900
1672,48,500,主要卸売市場計,2024-09-23,2025-05-11 10:55:29 +0900,2025-05-11 10:55:29 +0900
1673,1,132,主要卸売市場計,2024-09-30,2025-05-11 10:55:29 +0900,2025-05-11 10:55:29 +0900
1674,2,207,主要卸売市場計,2024-09-30,2025-05-11 10:55:29 +0900,2025-05-11 10:55:29 +0900
1675,3,114,主要卸売市場計,2024-09-30,2025-05-11 10:55:29 +0900,2025-05-11 10:55:29 +0900
1676,4,316,主要卸売市場計,2024-09-30,2025-05-11 10:55:29 +0900,2025-05-11 10:55:29 +0900
1677,6,386,主要卸売市場計,2024-09-30,2025-05-11 10:55:29 +0900,2025-05-11 10:55:29 +0900
1678,7,113,主要卸売市場計,2024-09-30,2025-05-11 10:55:29 +0900,2025-05-11 10:55:29 +0900
1679,8,512,主要卸売市場計,2024-09-30,2025-05-11 10:55:29 +0900,2025-05-11 10:55:29 +0900
1680,9,429,主要卸売市場計,2024-09-30,2025-05-11 10:55:29 +0900,2025-05-11 10:55:29 +0900
1681,10,444,主要卸売市場計,2024-09-30,2025-05-11 10:55:29 +0900,2025-05-11 10:55:29 +0900
1682,11,121,主要卸売市場計,2024-09-30,2025-05-11 10:55:29 +0900,2025-05-11 10:55:29 +0900
1683,12,1104,主要卸売市場計,2024-09-30,2025-05-11 10:55:29 +0900,2025-05-11 10:55:29 +0900
1684,13,545,主要卸売市場計,2024-09-30,2025-05-11 10:55:29 +0900,2025-05-11 10:55:29 +0900
1685,14,540,主要卸売市場計,2024-09-30,2025-05-11 10:55:29 +0900,2025-05-11 10:55:29 +0900
1686,15,468,主要卸売市場計,2024-09-30,2025-05-11 10:55:29 +0900,2025-05-11 10:55:29 +0900
1687,16,1138,主要卸売市場計,2024-09-30,2025-05-11 10:55:29 +0900,2025-05-11 10:55:29 +0900
1688,17,1804,主要卸売市場計,2024-09-30,2025-05-11 10:55:29 +0900,2025-05-11 10:55:29 +0900
1689,18,987,主要卸売市場計,2024-09-30,2025-05-11 10:55:29 +0900,2025-05-11 10:55:29 +0900
1690,19,266,主要卸売市場計,2024-09-30,2025-05-11 10:55:29 +0900,2025-05-11 10:55:29 +0900
1691,20,1207,主要卸売市場計,2024-09-30,2025-05-11 10:55:29 +0900,2025-05-11 10:55:29 +0900
1692,21,310,主要卸売市場計,2024-09-30,2025-05-11 10:55:29 +0900,2025-05-11 10:55:29 +0900
1693,22,609,主要卸売市場計,2024-09-30,2025-05-11 10:55:29 +0900,2025-05-11 10:55:29 +0900
1694,23,250,主要卸売市場計,2024-09-30,2025-05-11 10:55:29 +0900,2025-05-11 10:55:29 +0900
1695,24,5016,主要卸売市場計,2024-09-30,2025-05-11 10:55:29 +0900,2025-05-11 10:55:29 +0900
1696,25,512,主要卸売市場計,2024-09-30,2025-05-11 10:55:29 +0900,2025-05-11 10:55:29 +0900
1697,26,198,主要卸売市場計,2024-09-30,2025-05-11 10:55:29 +0900,2025-05-11 10:55:29 +0900
1698,27,485,主要卸売市場計,2024-09-30,2025-05-11 10:55:29 +0900,2025-05-11 10:55:29 +0900
1699,28,675,主要卸売市場計,2024-09-30,2025-05-11 10:55:29 +0900,2025-05-11 10:55:29 +0900
1700,29,1361,主要卸売市場計,2024-09-30,2025-05-11 10:55:29 +0900,2025-05-11 10:55:29 +0900
1701,30,622,主要卸売市場計,2024-09-30,2025-05-11 10:55:29 +0900,2025-05-11 10:55:29 +0900
1702,33,1360,主要卸売市場計,2024-09-30,2025-05-11 10:55:29 +0900,2025-05-11 10:55:29 +0900
1703,34,2895,主要卸売市場計,2024-09-30,2025-05-11 10:55:29 +0900,2025-05-11 10:55:29 +0900
1704,37,1056,主要卸売市場計,2024-09-30,2025-05-11 10:55:29 +0900,2025-05-11 10:55:29 +0900
1705,38,270,主要卸売市場計,2024-09-30,2025-05-11 10:55:29 +0900,2025-05-11 10:55:29 +0900
1706,39,108,主要卸売市場計,2024-09-30,2025-05-11 10:55:29 +0900,2025-05-11 10:55:29 +0900
1707,40,397,主要卸売市場計,2024-09-30,2025-05-11 10:55:29 +0900,2025-05-11 10:55:29 +0900
1708,41,438,主要卸売市場計,2024-09-30,2025-05-11 10:55:29 +0900,2025-05-11 10:55:29 +0900
1709,42,108,主要卸売市場計,2024-09-30,2025-05-11 10:55:29 +0900,2025-05-11 10:55:29 +0900
1710,43,1347,主要卸売市場計,2024-09-30,2025-05-11 10:55:29 +0900,2025-05-11 10:55:29 +0900
1711,44,631,主要卸売市場計,2024-09-30,2025-05-11 10:55:29 +0900,2025-05-11 10:55:29 +0900
1712,45,943,主要卸売市場計,2024-09-30,2025-05-11 10:55:29 +0900,2025-05-11 10:55:29 +0900
1713,46,470,主要卸売市場計,2024-09-30,2025-05-11 10:55:29 +0900,2025-05-11 10:55:29 +0900
1714,47,316,主要卸売市場計,2024-09-30,2025-05-11 10:55:29 +0900,2025-05-11 10:55:29 +0900
1715,48,479,主要卸売市場計,2024-09-30,2025-05-11 10:55:29 +0900,2025-05-11 10:55:29 +0900
1716,1,130,主要卸売市場計,2024-10-07,2025-05-11 10:55:29 +0900,2025-05-11 10:55:29 +0900
1717,2,195,主要卸売市場計,2024-10-07,2025-05-11 10:55:29 +0900,2025-05-11 10:55:29 +0900
1718,3,114,主要卸売市場計,2024-10-07,2025-05-11 10:55:29 +0900,2025-05-11 10:55:29 +0900
1719,4,346,主要卸売市場計,2024-10-07,2025-05-11 10:55:29 +0900,2025-05-11 10:55:29 +0900
1720,6,405,主要卸売市場計,2024-10-07,2025-05-11 10:55:29 +0900,2025-05-11 10:55:29 +0900
1721,7,129,主要卸売市場計,2024-10-07,2025-05-11 10:55:29 +0900,2025-05-11 10:55:29 +0900
1722,8,484,主要卸売市場計,2024-10-07,2025-05-11 10:55:29 +0900,2025-05-11 10:55:29 +0900
1723,9,480,主要卸売市場計,2024-10-07,2025-05-11 10:55:29 +0900,2025-05-11 10:55:29 +0900
1724,10,428,主要卸売市場計,2024-10-07,2025-05-11 10:55:29 +0900,2025-05-11 10:55:29 +0900
1725,11,123,主要卸売市場計,2024-10-07,2025-05-11 10:55:29 +0900,2025-05-11 10:55:29 +0900
1726,12,938,主要卸売市場計,2024-10-07,2025-05-11 10:55:29 +0900,2025-05-11 10:55:29 +0900
1727,13,555,主要卸売市場計,2024-10-07,2025-05-11 10:55:29 +0900,2025-05-11 10:55:29 +0900
1728,16,1052,主要卸売市場計,2024-10-07,2025-05-11 10:55:29 +0900,2025-05-11 10:55:29 +0900
1729,17,1457,主要卸売市場計,2024-10-07,2025-05-11 10:55:29 +0900,2025-05-11 10:55:29 +0900
1730,18,1002,主要卸売市場計,2024-10-07,2025-05-11 10:55:29 +0900,2025-05-11 10:55:29 +0900
1731,19,297,主要卸売市場計,2024-10-07,2025-05-11 10:55:29 +0900,2025-05-11 10:55:29 +0900
1732,20,1154,主要卸売市場計,2024-10-07,2025-05-11 10:55:29 +0900,2025-05-11 10:55:29 +0900
1733,21,282,主要卸売市場計,2024-10-07,2025-05-11 10:55:29 +0900,2025-05-11 10:55:29 +0900
1734,22,608,主要卸売市場計,2024-10-07,2025-05-11 10:55:29 +0900,2025-05-11 10:55:29 +0900
1735,23,240,主要卸売市場計,2024-10-07,2025-05-11 10:55:29 +0900,2025-05-11 10:55:29 +0900
1736,24,5671,主要卸売市場計,2024-10-07,2025-05-11 10:55:29 +0900,2025-05-11 10:55:29 +0900
1737,25,469,主要卸売市場計,2024-10-07,2025-05-11 10:55:29 +0900,2025-05-11 10:55:29 +0900
1738,26,227,主要卸売市場計,2024-10-07,2025-05-11 10:55:29 +0900,2025-05-11 10:55:29 +0900
1739,27,459,主要卸売市場計,2024-10-07,2025-05-11 10:55:29 +0900,2025-05-11 10:55:29 +0900
1740,28,739,主要卸売市場計,2024-10-07,2025-05-11 10:55:29 +0900,2025-05-11 10:55:29 +0900
1741,29,1308,主要卸売市場計,2024-10-07,2025-05-11 10:55:29 +0900,2025-05-11 10:55:29 +0900
1742,30,584,主要卸売市場計,2024-10-07,2025-05-11 10:55:29 +0900,2025-05-11 10:55:29 +0900
1743,33,1503,主要卸売市場計,2024-10-07,2025-05-11 10:55:29 +0900,2025-05-11 10:55:29 +0900
1744,34,3099,主要卸売市場計,2024-10-07,2025-05-11 10:55:29 +0900,2025-05-11 10:55:29 +0900
1745,37,936,主要卸売市場計,2024-10-07,2025-05-11 10:55:29 +0900,2025-05-11 10:55:29 +0900
1746,38,285,主要卸売市場計,2024-10-07,2025-05-11 10:55:29 +0900,2025-05-11 10:55:29 +0900
1747,39,108,主要卸売市場計,2024-10-07,2025-05-11 10:55:29 +0900,2025-05-11 10:55:29 +0900
1748,40,417,主要卸売市場計,2024-10-07,2025-05-11 10:55:29 +0900,2025-05-11 10:55:29 +0900
1749,41,447,主要卸売市場計,2024-10-07,2025-05-11 10:55:29 +0900,2025-05-11 10:55:29 +0900
1750,42,108,主要卸売市場計,2024-10-07,2025-05-11 10:55:29 +0900,2025-05-11 10:55:29 +0900
1751,43,1301,主要卸売市場計,2024-10-07,2025-05-11 10:55:29 +0900,2025-05-11 10:55:29 +0900
1752,44,655,主要卸売市場計,2024-10-07,2025-05-11 10:55:29 +0900,2025-05-11 10:55:29 +0900
1753,45,1053,主要卸売市場計,2024-10-07,2025-05-11 10:55:29 +0900,2025-05-11 10:55:29 +0900
1754,46,495,主要卸売市場計,2024-10-07,2025-05-11 10:55:29 +0900,2025-05-11 10:55:29 +0900
1755,47,329,主要卸売市場計,2024-10-07,2025-05-11 10:55:29 +0900,2025-05-11 10:55:29 +0900
1756,48,488,主要卸売市場計,2024-10-07,2025-05-11 10:55:29 +0900,2025-05-11 10:55:29 +0900
1757,1,151,主要卸売市場計,2024-10-14,2025-05-11 10:55:29 +0900,2025-05-11 10:55:29 +0900
1758,2,580,主要卸売市場計,2024-10-14,2025-05-11 10:55:29 +0900,2025-05-11 10:55:29 +0900
1759,3,172,主要卸売市場計,2024-10-14,2025-05-11 10:55:29 +0900,2025-05-11 10:55:29 +0900
1760,4,257,主要卸売市場計,2024-10-14,2025-05-11 10:55:29 +0900,2025-05-11 10:55:29 +0900
1761,6,434,主要卸売市場計,2024-10-14,2025-05-11 10:55:29 +0900,2025-05-11 10:55:29 +0900
1762,7,194,主要卸売市場計,2024-10-14,2025-05-11 10:55:29 +0900,2025-05-11 10:55:29 +0900
1763,8,797,主要卸売市場計,2024-10-14,2025-05-11 10:55:29 +0900,2025-05-11 10:55:29 +0900
1764,9,712,主要卸売市場計,2024-10-14,2025-05-11 10:55:29 +0900,2025-05-11 10:55:29 +0900
1765,10,815,主要卸売市場計,2024-10-14,2025-05-11 10:55:29 +0900,2025-05-11 10:55:29 +0900
1766,11,187,主要卸売市場計,2024-10-14,2025-05-11 10:55:29 +0900,2025-05-11 10:55:29 +0900
1767,12,1521,主要卸売市場計,2024-10-14,2025-05-11 10:55:29 +0900,2025-05-11 10:55:29 +0900
1768,13,873,主要卸売市場計,2024-10-14,2025-05-11 10:55:29 +0900,2025-05-11 10:55:29 +0900
1769,16,1337,主要卸売市場計,2024-10-14,2025-05-11 10:55:29 +0900,2025-05-11 10:55:29 +0900
1770,18,1231,主要卸売市場計,2024-10-14,2025-05-11 10:55:29 +0900,2025-05-11 10:55:29 +0900
1771,19,216,主要卸売市場計,2024-10-14,2025-05-11 10:55:29 +0900,2025-05-11 10:55:29 +0900
1772,20,816,主要卸売市場計,2024-10-14,2025-05-11 10:55:29 +0900,2025-05-11 10:55:29 +0900
1773,22,449,主要卸売市場計,2024-10-14,2025-05-11 10:55:29 +0900,2025-05-11 10:55:29 +0900
1774,23,384,主要卸売市場計,2024-10-14,2025-05-11 10:55:29 +0900,2025-05-11 10:55:29 +0900
1775,24,11751,主要卸売市場計,2024-10-14,2025-05-11 10:55:29 +0900,2025-05-11 10:55:29 +0900
1776,25,620,主要卸売市場計,2024-10-14,2025-05-11 10:55:29 +0900,2025-05-11 10:55:29 +0900
1777,26,290,主要卸売市場計,2024-10-14,2025-05-11 10:55:29 +0900,2025-05-11 10:55:29 +0900
1778,27,430,主要卸売市場計,2024-10-14,2025-05-11 10:55:29 +0900,2025-05-11 10:55:29 +0900
1779,28,1147,主要卸売市場計,2024-10-14,2025-05-11 10:55:29 +0900,2025-05-11 10:55:29 +0900
1780,29,1164,主要卸売市場計,2024-10-14,2025-05-11 10:55:29 +0900,2025-05-11 10:55:29 +0900
1781,30,696,主要卸売市場計,2024-10-14,2025-05-11 10:55:29 +0900,2025-05-11 10:55:29 +0900
1782,33,1620,主要卸売市場計,2024-10-14,2025-05-11 10:55:29 +0900,2025-05-11 10:55:29 +0900
1783,38,385,主要卸売市場計,2024-10-14,2025-05-11 10:55:29 +0900,2025-05-11 10:55:29 +0900
1784,39,132,主要卸売市場計,2024-10-14,2025-05-11 10:55:29 +0900,2025-05-11 10:55:29 +0900
1785,41,564,主要卸売市場計,2024-10-14,2025-05-11 10:55:29 +0900,2025-05-11 10:55:29 +0900
1786,42,126,主要卸売市場計,2024-10-14,2025-05-11 10:55:29 +0900,2025-05-11 10:55:29 +0900
1787,43,489,主要卸売市場計,2024-10-14,2025-05-11 10:55:29 +0900,2025-05-11 10:55:29 +0900
1788,44,780,主要卸売市場計,2024-10-14,2025-05-11 10:55:29 +0900,2025-05-11 10:55:29 +0900
1789,45,1374,主要卸売市場計,2024-10-14,2025-05-11 10:55:29 +0900,2025-05-11 10:55:29 +0900
1790,46,702,主要卸売市場計,2024-10-14,2025-05-11 10:55:29 +0900,2025-05-11 10:55:29 +0900
1791,47,454,主要卸売市場計,2024-10-14,2025-05-11 10:55:29 +0900,2025-05-11 10:55:29 +0900
1792,48,579,主要卸売市場計,2024-10-14,2025-05-11 10:55:29 +0900,2025-05-11 10:55:29 +0900
1793,1,121,主要卸売市場計,2024-10-21,2025-05-11 10:55:29 +0900,2025-05-11 10:55:29 +0900
1794,2,185,主要卸売市場計,2024-10-21,2025-05-11 10:55:29 +0900,2025-05-11 10:55:29 +0900
1795,3,114,主要卸売市場計,2024-10-21,2025-05-11 10:55:29 +0900,2025-05-11 10:55:29 +0900
1796,4,294,主要卸売市場計,2024-10-21,2025-05-11 10:55:29 +0900,2025-05-11 10:55:29 +0900
1797,5,1276,主要卸売市場計,2024-10-21,2025-05-11 10:55:29 +0900,2025-05-11 10:55:29 +0900
1798,6,383,主要卸売市場計,2024-10-21,2025-05-11 10:55:29 +0900,2025-05-11 10:55:29 +0900
1799,7,102,主要卸売市場計,2024-10-21,2025-05-11 10:55:29 +0900,2025-05-11 10:55:29 +0900
1800,8,452,主要卸売市場計,2024-10-21,2025-05-11 10:55:29 +0900,2025-05-11 10:55:29 +0900
1801,9,419,主要卸売市場計,2024-10-21,2025-05-11 10:55:29 +0900,2025-05-11 10:55:29 +0900
1802,10,400,主要卸売市場計,2024-10-21,2025-05-11 10:55:29 +0900,2025-05-11 10:55:29 +0900
1803,11,125,主要卸売市場計,2024-10-21,2025-05-11 10:55:29 +0900,2025-05-11 10:55:29 +0900
1804,12,759,主要卸売市場計,2024-10-21,2025-05-11 10:55:29 +0900,2025-05-11 10:55:29 +0900
1805,13,517,主要卸売市場計,2024-10-21,2025-05-11 10:55:29 +0900,2025-05-11 10:55:29 +0900
1806,14,1141,主要卸売市場計,2024-10-21,2025-05-11 10:55:29 +0900,2025-05-11 10:55:29 +0900
1807,16,747,主要卸売市場計,2024-10-21,2025-05-11 10:55:29 +0900,2025-05-11 10:55:29 +0900
1808,17,1084,主要卸売市場計,2024-10-21,2025-05-11 10:55:29 +0900,2025-05-11 10:55:29 +0900
1809,18,857,主要卸売市場計,2024-10-21,2025-05-11 10:55:29 +0900,2025-05-11 10:55:29 +0900
1810,19,323,主要卸売市場計,2024-10-21,2025-05-11 10:55:29 +0900,2025-05-11 10:55:29 +0900
1811,20,1174,主要卸売市場計,2024-10-21,2025-05-11 10:55:29 +0900,2025-05-11 10:55:29 +0900
1812,21,275,主要卸売市場計,2024-10-21,2025-05-11 10:55:29 +0900,2025-05-11 10:55:29 +0900
1813,22,506,主要卸売市場計,2024-10-21,2025-05-11 10:55:29 +0900,2025-05-11 10:55:29 +0900
1814,23,310,主要卸売市場計,2024-10-21,2025-05-11 10:55:29 +0900,2025-05-11 10:55:29 +0900
1815,24,5880,主要卸売市場計,2024-10-21,2025-05-11 10:55:29 +0900,2025-05-11 10:55:29 +0900
1816,25,518,主要卸売市場計,2024-10-21,2025-05-11 10:55:29 +0900,2025-05-11 10:55:29 +0900
1817,26,228,主要卸売市場計,2024-10-21,2025-05-11 10:55:29 +0900,2025-05-11 10:55:29 +0900
1818,27,378,主要卸売市場計,2024-10-21,2025-05-11 10:55:29 +0900,2025-05-11 10:55:29 +0900
1819,28,776,主要卸売市場計,2024-10-21,2025-05-11 10:55:29 +0900,2025-05-11 10:55:29 +0900
1820,29,1097,主要卸売市場計,2024-10-21,2025-05-11 10:55:29 +0900,2025-05-11 10:55:29 +0900
1821,30,678,主要卸売市場計,2024-10-21,2025-05-11 10:55:29 +0900,2025-05-11 10:55:29 +0900
1822,33,1408,主要卸売市場計,2024-10-21,2025-05-11 10:55:29 +0900,2025-05-11 10:55:29 +0900
1823,34,2708,主要卸売市場計,2024-10-21,2025-05-11 10:55:29 +0900,2025-05-11 10:55:29 +0900
1824,37,1090,主要卸売市場計,2024-10-21,2025-05-11 10:55:29 +0900,2025-05-11 10:55:29 +0900
1825,38,291,主要卸売市場計,2024-10-21,2025-05-11 10:55:29 +0900,2025-05-11 10:55:29 +0900
1826,39,116,主要卸売市場計,2024-10-21,2025-05-11 10:55:29 +0900,2025-05-11 10:55:29 +0900
1827,40,403,主要卸売市場計,2024-10-21,2025-05-11 10:55:29 +0900,2025-05-11 10:55:29 +0900
1828,41,400,主要卸売市場計,2024-10-21,2025-05-11 10:55:29 +0900,2025-05-11 10:55:29 +0900
1829,42,109,主要卸売市場計,2024-10-21,2025-05-11 10:55:29 +0900,2025-05-11 10:55:29 +0900
1830,43,1488,主要卸売市場計,2024-10-21,2025-05-11 10:55:29 +0900,2025-05-11 10:55:29 +0900
1831,44,663,主要卸売市場計,2024-10-21,2025-05-11 10:55:29 +0900,2025-05-11 10:55:29 +0900
1832,45,1021,主要卸売市場計,2024-10-21,2025-05-11 10:55:29 +0900,2025-05-11 10:55:29 +0900
1833,46,551,主要卸売市場計,2024-10-21,2025-05-11 10:55:29 +0900,2025-05-11 10:55:29 +0900
1834,47,359,主要卸売市場計,2024-10-21,2025-05-11 10:55:29 +0900,2025-05-11 10:55:29 +0900
1835,48,511,主要卸売市場計,2024-10-21,2025-05-11 10:55:29 +0900,2025-05-11 10:55:29 +0900
1836,1,104,主要卸売市場計,2024-10-28,2025-05-11 10:55:29 +0900,2025-05-11 10:55:29 +0900
1837,2,165,主要卸売市場計,2024-10-28,2025-05-11 10:55:29 +0900,2025-05-11 10:55:29 +0900
1838,3,101,主要卸売市場計,2024-10-28,2025-05-11 10:55:29 +0900,2025-05-11 10:55:29 +0900
1839,4,297,主要卸売市場計,2024-10-28,2025-05-11 10:55:29 +0900,2025-05-11 10:55:29 +0900
1840,5,1332,主要卸売市場計,2024-10-28,2025-05-11 10:55:29 +0900,2025-05-11 10:55:29 +0900
1841,6,366,主要卸売市場計,2024-10-28,2025-05-11 10:55:30 +0900,2025-05-11 10:55:30 +0900
1842,7,97,主要卸売市場計,2024-10-28,2025-05-11 10:55:30 +0900,2025-05-11 10:55:30 +0900
1843,8,437,主要卸売市場計,2024-10-28,2025-05-11 10:55:30 +0900,2025-05-11 10:55:30 +0900
1844,9,398,主要卸売市場計,2024-10-28,2025-05-11 10:55:30 +0900,2025-05-11 10:55:30 +0900
1845,10,380,主要卸売市場計,2024-10-28,2025-05-11 10:55:30 +0900,2025-05-11 10:55:30 +0900
1846,11,148,主要卸売市場計,2024-10-28,2025-05-11 10:55:30 +0900,2025-05-11 10:55:30 +0900
1847,12,589,主要卸売市場計,2024-10-28,2025-05-11 10:55:30 +0900,2025-05-11 10:55:30 +0900
1848,13,470,主要卸売市場計,2024-10-28,2025-05-11 10:55:30 +0900,2025-05-11 10:55:30 +0900
1849,14,491,主要卸売市場計,2024-10-28,2025-05-11 10:55:30 +0900,2025-05-11 10:55:30 +0900
1850,16,693,主要卸売市場計,2024-10-28,2025-05-11 10:55:30 +0900,2025-05-11 10:55:30 +0900
1851,17,916,主要卸売市場計,2024-10-28,2025-05-11 10:55:30 +0900,2025-05-11 10:55:30 +0900
1852,18,843,主要卸売市場計,2024-10-28,2025-05-11 10:55:30 +0900,2025-05-11 10:55:30 +0900
1853,19,347,主要卸売市場計,2024-10-28,2025-05-11 10:55:30 +0900,2025-05-11 10:55:30 +0900
1854,20,1228,主要卸売市場計,2024-10-28,2025-05-11 10:55:30 +0900,2025-05-11 10:55:30 +0900
1855,21,269,主要卸売市場計,2024-10-28,2025-05-11 10:55:30 +0900,2025-05-11 10:55:30 +0900
1856,22,480,主要卸売市場計,2024-10-28,2025-05-11 10:55:30 +0900,2025-05-11 10:55:30 +0900
1857,23,229,主要卸売市場計,2024-10-28,2025-05-11 10:55:30 +0900,2025-05-11 10:55:30 +0900
1858,24,4622,主要卸売市場計,2024-10-28,2025-05-11 10:55:30 +0900,2025-05-11 10:55:30 +0900
1859,25,562,主要卸売市場計,2024-10-28,2025-05-11 10:55:30 +0900,2025-05-11 10:55:30 +0900
1860,26,206,主要卸売市場計,2024-10-28,2025-05-11 10:55:30 +0900,2025-05-11 10:55:30 +0900
1861,27,377,主要卸売市場計,2024-10-28,2025-05-11 10:55:30 +0900,2025-05-11 10:55:30 +0900
1862,28,587,主要卸売市場計,2024-10-28,2025-05-11 10:55:30 +0900,2025-05-11 10:55:30 +0900
1863,29,928,主要卸売市場計,2024-10-28,2025-05-11 10:55:30 +0900,2025-05-11 10:55:30 +0900
1864,30,672,主要卸売市場計,2024-10-28,2025-05-11 10:55:30 +0900,2025-05-11 10:55:30 +0900
1865,33,1176,主要卸売市場計,2024-10-28,2025-05-11 10:55:30 +0900,2025-05-11 10:55:30 +0900
1866,34,2557,主要卸売市場計,2024-10-28,2025-05-11 10:55:30 +0900,2025-05-11 10:55:30 +0900
1867,35,1225,主要卸売市場計,2024-10-28,2025-05-11 10:55:30 +0900,2025-05-11 10:55:30 +0900
1868,37,1049,主要卸売市場計,2024-10-28,2025-05-11 10:55:30 +0900,2025-05-11 10:55:30 +0900
1869,38,288,主要卸売市場計,2024-10-28,2025-05-11 10:55:30 +0900,2025-05-11 10:55:30 +0900
1870,39,115,主要卸売市場計,2024-10-28,2025-05-11 10:55:30 +0900,2025-05-11 10:55:30 +0900
1871,40,383,主要卸売市場計,2024-10-28,2025-05-11 10:55:30 +0900,2025-05-11 10:55:30 +0900
1872,41,409,主要卸売市場計,2024-10-28,2025-05-11 10:55:30 +0900,2025-05-11 10:55:30 +0900
1873,42,111,主要卸売市場計,2024-10-28,2025-05-11 10:55:30 +0900,2025-05-11 10:55:30 +0900
1874,43,1385,主要卸売市場計,2024-10-28,2025-05-11 10:55:30 +0900,2025-05-11 10:55:30 +0900
1875,44,670,主要卸売市場計,2024-10-28,2025-05-11 10:55:30 +0900,2025-05-11 10:55:30 +0900
1876,45,1021,主要卸売市場計,2024-10-28,2025-05-11 10:55:30 +0900,2025-05-11 10:55:30 +0900
1877,46,540,主要卸売市場計,2024-10-28,2025-05-11 10:55:30 +0900,2025-05-11 10:55:30 +0900
1878,47,372,主要卸売市場計,2024-10-28,2025-05-11 10:55:30 +0900,2025-05-11 10:55:30 +0900
1879,48,530,主要卸売市場計,2024-10-28,2025-05-11 10:55:30 +0900,2025-05-11 10:55:30 +0900
1880,1,97,主要卸売市場計,2024-11-04,2025-05-11 10:55:30 +0900,2025-05-11 10:55:30 +0900
1881,2,103,主要卸売市場計,2024-11-04,2025-05-11 10:55:30 +0900,2025-05-11 10:55:30 +0900
1882,3,121,主要卸売市場計,2024-11-04,2025-05-11 10:55:30 +0900,2025-05-11 10:55:30 +0900
1883,4,281,主要卸売市場計,2024-11-04,2025-05-11 10:55:30 +0900,2025-05-11 10:55:30 +0900
1884,5,1215,主要卸売市場計,2024-11-04,2025-05-11 10:55:30 +0900,2025-05-11 10:55:30 +0900
1885,6,254,主要卸売市場計,2024-11-04,2025-05-11 10:55:30 +0900,2025-05-11 10:55:30 +0900
1886,7,90,主要卸売市場計,2024-11-04,2025-05-11 10:55:30 +0900,2025-05-11 10:55:30 +0900
1887,8,568,主要卸売市場計,2024-11-04,2025-05-11 10:55:30 +0900,2025-05-11 10:55:30 +0900
1888,9,418,主要卸売市場計,2024-11-04,2025-05-11 10:55:30 +0900,2025-05-11 10:55:30 +0900
1889,10,419,主要卸売市場計,2024-11-04,2025-05-11 10:55:30 +0900,2025-05-11 10:55:30 +0900
1890,11,258,主要卸売市場計,2024-11-04,2025-05-11 10:55:30 +0900,2025-05-11 10:55:30 +0900
1891,12,663,主要卸売市場計,2024-11-04,2025-05-11 10:55:30 +0900,2025-05-11 10:55:30 +0900
1892,13,662,主要卸売市場計,2024-11-04,2025-05-11 10:55:30 +0900,2025-05-11 10:55:30 +0900
1893,14,1242,主要卸売市場計,2024-11-04,2025-05-11 10:55:30 +0900,2025-05-11 10:55:30 +0900
1894,16,503,主要卸売市場計,2024-11-04,2025-05-11 10:55:30 +0900,2025-05-11 10:55:30 +0900
1895,17,840,主要卸売市場計,2024-11-04,2025-05-11 10:55:30 +0900,2025-05-11 10:55:30 +0900
1896,18,679,主要卸売市場計,2024-11-04,2025-05-11 10:55:30 +0900,2025-05-11 10:55:30 +0900
1897,19,359,主要卸売市場計,2024-11-04,2025-05-11 10:55:30 +0900,2025-05-11 10:55:30 +0900
1898,20,1174,主要卸売市場計,2024-11-04,2025-05-11 10:55:30 +0900,2025-05-11 10:55:30 +0900
1899,21,143,主要卸売市場計,2024-11-04,2025-05-11 10:55:30 +0900,2025-05-11 10:55:30 +0900
1900,22,496,主要卸売市場計,2024-11-04,2025-05-11 10:55:30 +0900,2025-05-11 10:55:30 +0900
1901,23,205,主要卸売市場計,2024-11-04,2025-05-11 10:55:30 +0900,2025-05-11 10:55:30 +0900
1902,24,3457,主要卸売市場計,2024-11-04,2025-05-11 10:55:30 +0900,2025-05-11 10:55:30 +0900
1903,25,778,主要卸売市場計,2024-11-04,2025-05-11 10:55:30 +0900,2025-05-11 10:55:30 +0900
1904,26,191,主要卸売市場計,2024-11-04,2025-05-11 10:55:30 +0900,2025-05-11 10:55:30 +0900
1905,27,399,主要卸売市場計,2024-11-04,2025-05-11 10:55:30 +0900,2025-05-11 10:55:30 +0900
1906,28,460,主要卸売市場計,2024-11-04,2025-05-11 10:55:30 +0900,2025-05-11 10:55:30 +0900
1907,29,682,主要卸売市場計,2024-11-04,2025-05-11 10:55:30 +0900,2025-05-11 10:55:30 +0900
1908,30,553,主要卸売市場計,2024-11-04,2025-05-11 10:55:30 +0900,2025-05-11 10:55:30 +0900
1909,33,655,主要卸売市場計,2024-11-04,2025-05-11 10:55:30 +0900,2025-05-11 10:55:30 +0900
1910,34,2094,主要卸売市場計,2024-11-04,2025-05-11 10:55:30 +0900,2025-05-11 10:55:30 +0900
1911,38,285,主要卸売市場計,2024-11-04,2025-05-11 10:55:30 +0900,2025-05-11 10:55:30 +0900
1912,39,135,主要卸売市場計,2024-11-04,2025-05-11 10:55:30 +0900,2025-05-11 10:55:30 +0900
1913,40,427,主要卸売市場計,2024-11-04,2025-05-11 10:55:30 +0900,2025-05-11 10:55:30 +0900
1914,41,287,主要卸売市場計,2024-11-04,2025-05-11 10:55:30 +0900,2025-05-11 10:55:30 +0900
1915,42,112,主要卸売市場計,2024-11-04,2025-05-11 10:55:30 +0900,2025-05-11 10:55:30 +0900
1916,43,991,主要卸売市場計,2024-11-04,2025-05-11 10:55:30 +0900,2025-05-11 10:55:30 +0900
1917,44,661,主要卸売市場計,2024-11-04,2025-05-11 10:55:30 +0900,2025-05-11 10:55:30 +0900
1918,45,1020,主要卸売市場計,2024-11-04,2025-05-11 10:55:30 +0900,2025-05-11 10:55:30 +0900
1919,46,474,主要卸売市場計,2024-11-04,2025-05-11 10:55:30 +0900,2025-05-11 10:55:30 +0900
1920,47,403,主要卸売市場計,2024-11-04,2025-05-11 10:55:30 +0900,2025-05-11 10:55:30 +0900
1921,48,493,主要卸売市場計,2024-11-04,2025-05-11 10:55:30 +0900,2025-05-11 10:55:30 +0900
1922,1,121,主要卸売市場計,2024-11-11,2025-05-11 10:55:30 +0900,2025-05-11 10:55:30 +0900
1923,2,173,主要卸売市場計,2024-11-11,2025-05-11 10:55:30 +0900,2025-05-11 10:55:30 +0900
1924,3,149,主要卸売市場計,2024-11-11,2025-05-11 10:55:30 +0900,2025-05-11 10:55:30 +0900
1925,4,291,主要卸売市場計,2024-11-11,2025-05-11 10:55:30 +0900,2025-05-11 10:55:30 +0900
1926,5,1491,主要卸売市場計,2024-11-11,2025-05-11 10:55:30 +0900,2025-05-11 10:55:30 +0900
1927,6,358,主要卸売市場計,2024-11-11,2025-05-11 10:55:30 +0900,2025-05-11 10:55:30 +0900
1928,7,104,主要卸売市場計,2024-11-11,2025-05-11 10:55:30 +0900,2025-05-11 10:55:30 +0900
1929,8,700,主要卸売市場計,2024-11-11,2025-05-11 10:55:30 +0900,2025-05-11 10:55:30 +0900
1930,9,520,主要卸売市場計,2024-11-11,2025-05-11 10:55:30 +0900,2025-05-11 10:55:30 +0900
1931,10,427,主要卸売市場計,2024-11-11,2025-05-11 10:55:30 +0900,2025-05-11 10:55:30 +0900
1932,11,243,主要卸売市場計,2024-11-11,2025-05-11 10:55:30 +0900,2025-05-11 10:55:30 +0900
1933,12,679,主要卸売市場計,2024-11-11,2025-05-11 10:55:30 +0900,2025-05-11 10:55:30 +0900
1934,13,519,主要卸売市場計,2024-11-11,2025-05-11 10:55:30 +0900,2025-05-11 10:55:30 +0900
1935,14,416,主要卸売市場計,2024-11-11,2025-05-11 10:55:30 +0900,2025-05-11 10:55:30 +0900
1936,16,668,主要卸売市場計,2024-11-11,2025-05-11 10:55:30 +0900,2025-05-11 10:55:30 +0900
1937,17,940,主要卸売市場計,2024-11-11,2025-05-11 10:55:30 +0900,2025-05-11 10:55:30 +0900
1938,18,913,主要卸売市場計,2024-11-11,2025-05-11 10:55:30 +0900,2025-05-11 10:55:30 +0900
1939,19,378,主要卸売市場計,2024-11-11,2025-05-11 10:55:30 +0900,2025-05-11 10:55:30 +0900
1940,20,1329,主要卸売市場計,2024-11-11,2025-05-11 10:55:30 +0900,2025-05-11 10:55:30 +0900
1941,21,245,主要卸売市場計,2024-11-11,2025-05-11 10:55:30 +0900,2025-05-11 10:55:30 +0900
1942,22,714,主要卸売市場計,2024-11-11,2025-05-11 10:55:30 +0900,2025-05-11 10:55:30 +0900
1943,23,236,主要卸売市場計,2024-11-11,2025-05-11 10:55:30 +0900,2025-05-11 10:55:30 +0900
1944,24,3419,主要卸売市場計,2024-11-11,2025-05-11 10:55:30 +0900,2025-05-11 10:55:30 +0900
1945,25,824,主要卸売市場計,2024-11-11,2025-05-11 10:55:30 +0900,2025-05-11 10:55:30 +0900
1946,26,222,主要卸売市場計,2024-11-11,2025-05-11 10:55:30 +0900,2025-05-11 10:55:30 +0900
1947,27,482,主要卸売市場計,2024-11-11,2025-05-11 10:55:30 +0900,2025-05-11 10:55:30 +0900
1948,28,531,主要卸売市場計,2024-11-11,2025-05-11 10:55:30 +0900,2025-05-11 10:55:30 +0900
1949,29,753,主要卸売市場計,2024-11-11,2025-05-11 10:55:30 +0900,2025-05-11 10:55:30 +0900
1950,30,700,主要卸売市場計,2024-11-11,2025-05-11 10:55:30 +0900,2025-05-11 10:55:30 +0900
1951,33,985,主要卸売市場計,2024-11-11,2025-05-11 10:55:30 +0900,2025-05-11 10:55:30 +0900
1952,34,1920,主要卸売市場計,2024-11-11,2025-05-11 10:55:30 +0900,2025-05-11 10:55:30 +0900
1953,35,1339,主要卸売市場計,2024-11-11,2025-05-11 10:55:30 +0900,2025-05-11 10:55:30 +0900
1954,37,1300,主要卸売市場計,2024-11-11,2025-05-11 10:55:30 +0900,2025-05-11 10:55:30 +0900
1955,38,277,主要卸売市場計,2024-11-11,2025-05-11 10:55:30 +0900,2025-05-11 10:55:30 +0900
1956,39,122,主要卸売市場計,2024-11-11,2025-05-11 10:55:30 +0900,2025-05-11 10:55:30 +0900
1957,40,373,主要卸売市場計,2024-11-11,2025-05-11 10:55:30 +0900,2025-05-11 10:55:30 +0900
1958,41,405,主要卸売市場計,2024-11-11,2025-05-11 10:55:30 +0900,2025-05-11 10:55:30 +0900
1959,42,120,主要卸売市場計,2024-11-11,2025-05-11 10:55:30 +0900,2025-05-11 10:55:30 +0900
1960,43,1518,主要卸売市場計,2024-11-11,2025-05-11 10:55:30 +0900,2025-05-11 10:55:30 +0900
1961,44,682,主要卸売市場計,2024-11-11,2025-05-11 10:55:30 +0900,2025-05-11 10:55:30 +0900
1962,45,1068,主要卸売市場計,2024-11-11,2025-05-11 10:55:30 +0900,2025-05-11 10:55:30 +0900
1963,46,535,主要卸売市場計,2024-11-11,2025-05-11 10:55:30 +0900,2025-05-11 10:55:30 +0900
1964,47,397,主要卸売市場計,2024-11-11,2025-05-11 10:55:30 +0900,2025-05-11 10:55:30 +0900
1965,48,571,主要卸売市場計,2024-11-11,2025-05-11 10:55:30 +0900,2025-05-11 10:55:30 +0900
1966,1,142,主要卸売市場計,2024-11-18,2025-05-11 10:55:30 +0900,2025-05-11 10:55:30 +0900
1967,2,171,主要卸売市場計,2024-11-18,2025-05-11 10:55:30 +0900,2025-05-11 10:55:30 +0900
1968,3,198,主要卸売市場計,2024-11-18,2025-05-11 10:55:30 +0900,2025-05-11 10:55:30 +0900
1969,4,299,主要卸売市場計,2024-11-18,2025-05-11 10:55:30 +0900,2025-05-11 10:55:30 +0900
1970,5,1580,主要卸売市場計,2024-11-18,2025-05-11 10:55:30 +0900,2025-05-11 10:55:30 +0900
1971,6,394,主要卸売市場計,2024-11-18,2025-05-11 10:55:30 +0900,2025-05-11 10:55:30 +0900
1972,7,91,主要卸売市場計,2024-11-18,2025-05-11 10:55:30 +0900,2025-05-11 10:55:30 +0900
1973,8,648,主要卸売市場計,2024-11-18,2025-05-11 10:55:30 +0900,2025-05-11 10:55:30 +0900
1974,9,499,主要卸売市場計,2024-11-18,2025-05-11 10:55:30 +0900,2025-05-11 10:55:30 +0900
1975,10,428,主要卸売市場計,2024-11-18,2025-05-11 10:55:30 +0900,2025-05-11 10:55:30 +0900
1976,11,239,主要卸売市場計,2024-11-18,2025-05-11 10:55:30 +0900,2025-05-11 10:55:30 +0900
1977,12,663,主要卸売市場計,2024-11-18,2025-05-11 10:55:30 +0900,2025-05-11 10:55:30 +0900
1978,13,535,主要卸売市場計,2024-11-18,2025-05-11 10:55:30 +0900,2025-05-11 10:55:30 +0900
1979,14,425,主要卸売市場計,2024-11-18,2025-05-11 10:55:30 +0900,2025-05-11 10:55:30 +0900
1980,16,647,主要卸売市場計,2024-11-18,2025-05-11 10:55:30 +0900,2025-05-11 10:55:30 +0900
1981,17,806,主要卸売市場計,2024-11-18,2025-05-11 10:55:30 +0900,2025-05-11 10:55:30 +0900
1982,18,1151,主要卸売市場計,2024-11-18,2025-05-11 10:55:30 +0900,2025-05-11 10:55:30 +0900
1983,19,415,主要卸売市場計,2024-11-18,2025-05-11 10:55:30 +0900,2025-05-11 10:55:30 +0900
1984,20,1397,主要卸売市場計,2024-11-18,2025-05-11 10:55:30 +0900,2025-05-11 10:55:30 +0900
1985,21,231,主要卸売市場計,2024-11-18,2025-05-11 10:55:30 +0900,2025-05-11 10:55:30 +0900
1986,22,501,主要卸売市場計,2024-11-18,2025-05-11 10:55:30 +0900,2025-05-11 10:55:30 +0900
1987,23,271,主要卸売市場計,2024-11-18,2025-05-11 10:55:30 +0900,2025-05-11 10:55:30 +0900
1988,24,3726,主要卸売市場計,2024-11-18,2025-05-11 10:55:30 +0900,2025-05-11 10:55:30 +0900
1989,25,589,主要卸売市場計,2024-11-18,2025-05-11 10:55:30 +0900,2025-05-11 10:55:30 +0900
1990,26,249,主要卸売市場計,2024-11-18,2025-05-11 10:55:30 +0900,2025-05-11 10:55:30 +0900
1991,27,499,主要卸売市場計,2024-11-18,2025-05-11 10:55:30 +0900,2025-05-11 10:55:30 +0900
1992,28,737,主要卸売市場計,2024-11-18,2025-05-11 10:55:30 +0900,2025-05-11 10:55:30 +0900
1993,29,1050,主要卸売市場計,2024-11-18,2025-05-11 10:55:30 +0900,2025-05-11 10:55:30 +0900
1994,30,741,主要卸売市場計,2024-11-18,2025-05-11 10:55:30 +0900,2025-05-11 10:55:30 +0900
1995,33,1008,主要卸売市場計,2024-11-18,2025-05-11 10:55:30 +0900,2025-05-11 10:55:30 +0900
1996,34,1718,主要卸売市場計,2024-11-18,2025-05-11 10:55:30 +0900,2025-05-11 10:55:30 +0900
1997,35,1200,主要卸売市場計,2024-11-18,2025-05-11 10:55:30 +0900,2025-05-11 10:55:30 +0900
1998,37,1482,主要卸売市場計,2024-11-18,2025-05-11 10:55:30 +0900,2025-05-11 10:55:30 +0900
1999,38,292,主要卸売市場計,2024-11-18,2025-05-11 10:55:30 +0900,2025-05-11 10:55:30 +0900
2000,39,132,主要卸売市場計,2024-11-18,2025-05-11 10:55:30 +0900,2025-05-11 10:55:30 +0900
2001,40,369,主要卸売市場計,2024-11-18,2025-05-11 10:55:30 +0900,2025-05-11 10:55:30 +0900
2002,41,409,主要卸売市場計,2024-11-18,2025-05-11 10:55:30 +0900,2025-05-11 10:55:30 +0900
2003,42,125,主要卸売市場計,2024-11-18,2025-05-11 10:55:30 +0900,2025-05-11 10:55:30 +0900
2004,43,1425,主要卸売市場計,2024-11-18,2025-05-11 10:55:30 +0900,2025-05-11 10:55:30 +0900
2005,44,645,主要卸売市場計,2024-11-18,2025-05-11 10:55:30 +0900,2025-05-11 10:55:30 +0900
2006,45,1047,主要卸売市場計,2024-11-18,2025-05-11 10:55:30 +0900,2025-05-11 10:55:30 +0900
2007,46,542,主要卸売市場計,2024-11-18,2025-05-11 10:55:30 +0900,2025-05-11 10:55:30 +0900
2008,47,428,主要卸売市場計,2024-11-18,2025-05-11 10:55:30 +0900,2025-05-11 10:55:30 +0900
2009,48,609,主要卸売市場計,2024-11-18,2025-05-11 10:55:30 +0900,2025-05-11 10:55:30 +0900
2010,1,126,主要卸売市場計,2024-11-25,2025-05-11 10:55:30 +0900,2025-05-11 10:55:30 +0900
2011,2,169,主要卸売市場計,2024-11-25,2025-05-11 10:55:30 +0900,2025-05-11 10:55:30 +0900
2012,3,207,主要卸売市場計,2024-11-25,2025-05-11 10:55:30 +0900,2025-05-11 10:55:30 +0900
2013,4,297,主要卸売市場計,2024-11-25,2025-05-11 10:55:30 +0900,2025-05-11 10:55:30 +0900
2014,5,2526,主要卸売市場計,2024-11-25,2025-05-11 10:55:30 +0900,2025-05-11 10:55:30 +0900
2015,6,429,主要卸売市場計,2024-11-25,2025-05-11 10:55:30 +0900,2025-05-11 10:55:30 +0900
2016,7,86,主要卸売市場計,2024-11-25,2025-05-11 10:55:30 +0900,2025-05-11 10:55:30 +0900
2017,8,561,主要卸売市場計,2024-11-25,2025-05-11 10:55:30 +0900,2025-05-11 10:55:30 +0900
2018,9,437,主要卸売市場計,2024-11-25,2025-05-11 10:55:30 +0900,2025-05-11 10:55:30 +0900
2019,10,416,主要卸売市場計,2024-11-25,2025-05-11 10:55:30 +0900,2025-05-11 10:55:30 +0900
2020,11,199,主要卸売市場計,2024-11-25,2025-05-11 10:55:30 +0900,2025-05-11 10:55:30 +0900
2021,12,597,主要卸売市場計,2024-11-25,2025-05-11 10:55:30 +0900,2025-05-11 10:55:30 +0900
2022,13,540,主要卸売市場計,2024-11-25,2025-05-11 10:55:30 +0900,2025-05-11 10:55:30 +0900
2023,14,419,主要卸売市場計,2024-11-25,2025-05-11 10:55:30 +0900,2025-05-11 10:55:30 +0900
2024,16,672,主要卸売市場計,2024-11-25,2025-05-11 10:55:30 +0900,2025-05-11 10:55:30 +0900
2025,17,743,主要卸売市場計,2024-11-25,2025-05-11 10:55:30 +0900,2025-05-11 10:55:30 +0900
2026,18,1179,主要卸売市場計,2024-11-25,2025-05-11 10:55:30 +0900,2025-05-11 10:55:30 +0900
2027,19,405,主要卸売市場計,2024-11-25,2025-05-11 10:55:30 +0900,2025-05-11 10:55:30 +0900
2028,20,1482,主要卸売市場計,2024-11-25,2025-05-11 10:55:30 +0900,2025-05-11 10:55:30 +0900
2029,21,242,主要卸売市場計,2024-11-25,2025-05-11 10:55:30 +0900,2025-05-11 10:55:30 +0900
2030,22,485,主要卸売市場計,2024-11-25,2025-05-11 10:55:30 +0900,2025-05-11 10:55:30 +0900
2031,23,313,主要卸売市場計,2024-11-25,2025-05-11 10:55:30 +0900,2025-05-11 10:55:30 +0900
2032,24,3321,主要卸売市場計,2024-11-25,2025-05-11 10:55:30 +0900,2025-05-11 10:55:30 +0900
2033,25,537,主要卸売市場計,2024-11-25,2025-05-11 10:55:30 +0900,2025-05-11 10:55:30 +0900
2034,26,266,主要卸売市場計,2024-11-25,2025-05-11 10:55:30 +0900,2025-05-11 10:55:30 +0900
2035,27,539,主要卸売市場計,2024-11-25,2025-05-11 10:55:30 +0900,2025-05-11 10:55:30 +0900
2036,28,862,主要卸売市場計,2024-11-25,2025-05-11 10:55:30 +0900,2025-05-11 10:55:30 +0900
2037,29,1121,主要卸売市場計,2024-11-25,2025-05-11 10:55:30 +0900,2025-05-11 10:55:30 +0900
2038,30,784,主要卸売市場計,2024-11-25,2025-05-11 10:55:30 +0900,2025-05-11 10:55:30 +0900
2039,33,1051,主要卸売市場計,2024-11-25,2025-05-11 10:55:30 +0900,2025-05-11 10:55:30 +0900
2040,34,1669,主要卸売市場計,2024-11-25,2025-05-11 10:55:30 +0900,2025-05-11 10:55:30 +0900
2041,35,1105,主要卸売市場計,2024-11-25,2025-05-11 10:55:30 +0900,2025-05-11 10:55:30 +0900
2042,37,1846,主要卸売市場計,2024-11-25,2025-05-11 10:55:30 +0900,2025-05-11 10:55:30 +0900
2043,38,289,主要卸売市場計,2024-11-25,2025-05-11 10:55:30 +0900,2025-05-11 10:55:30 +0900
2044,39,135,主要卸売市場計,2024-11-25,2025-05-11 10:55:30 +0900,2025-05-11 10:55:30 +0900
2045,40,365,主要卸売市場計,2024-11-25,2025-05-11 10:55:30 +0900,2025-05-11 10:55:30 +0900
2046,41,451,主要卸売市場計,2024-11-25,2025-05-11 10:55:30 +0900,2025-05-11 10:55:30 +0900
2047,42,135,主要卸売市場計,2024-11-25,2025-05-11 10:55:30 +0900,2025-05-11 10:55:30 +0900
2048,43,1441,主要卸売市場計,2024-11-25,2025-05-11 10:55:30 +0900,2025-05-11 10:55:30 +0900
2049,44,692,主要卸売市場計,2024-11-25,2025-05-11 10:55:30 +0900,2025-05-11 10:55:30 +0900
2050,45,1056,主要卸売市場計,2024-11-25,2025-05-11 10:55:30 +0900,2025-05-11 10:55:30 +0900
2051,46,529,主要卸売市場計,2024-11-25,2025-05-11 10:55:30 +0900,2025-05-11 10:55:30 +0900
2052,47,453,主要卸売市場計,2024-11-25,2025-05-11 10:55:30 +0900,2025-05-11 10:55:30 +0900
2053,48,620,主要卸売市場計,2024-11-25,2025-05-11 10:55:30 +0900,2025-05-11 10:55:30 +0900
2054,1,118,主要卸売市場計,2024-12-02,2025-05-11 10:55:30 +0900,2025-05-11 10:55:30 +0900
2055,2,172,主要卸売市場計,2024-12-02,2025-05-11 10:55:30 +0900,2025-05-11 10:55:30 +0900
2056,3,190,主要卸売市場計,2024-12-02,2025-05-11 10:55:30 +0900,2025-05-11 10:55:30 +0900
2057,4,333,主要卸売市場計,2024-12-02,2025-05-11 10:55:30 +0900,2025-05-11 10:55:30 +0900
2058,5,2276,主要卸売市場計,2024-12-02,2025-05-11 10:55:30 +0900,2025-05-11 10:55:30 +0900
2059,6,421,主要卸売市場計,2024-12-02,2025-05-11 10:55:30 +0900,2025-05-11 10:55:30 +0900
2060,7,80,主要卸売市場計,2024-12-02,2025-05-11 10:55:30 +0900,2025-05-11 10:55:30 +0900
2061,8,515,主要卸売市場計,2024-12-02,2025-05-11 10:55:30 +0900,2025-05-11 10:55:30 +0900
2062,9,439,主要卸売市場計,2024-12-02,2025-05-11 10:55:30 +0900,2025-05-11 10:55:30 +0900
2063,10,428,主要卸売市場計,2024-12-02,2025-05-11 10:55:30 +0900,2025-05-11 10:55:30 +0900
2064,11,189,主要卸売市場計,2024-12-02,2025-05-11 10:55:30 +0900,2025-05-11 10:55:30 +0900
2065,12,652,主要卸売市場計,2024-12-02,2025-05-11 10:55:30 +0900,2025-05-11 10:55:30 +0900
2066,13,520,主要卸売市場計,2024-12-02,2025-05-11 10:55:30 +0900,2025-05-11 10:55:30 +0900
2067,14,416,主要卸売市場計,2024-12-02,2025-05-11 10:55:30 +0900,2025-05-11 10:55:30 +0900
2068,16,719,主要卸売市場計,2024-12-02,2025-05-11 10:55:30 +0900,2025-05-11 10:55:30 +0900
2069,17,732,主要卸売市場計,2024-12-02,2025-05-11 10:55:30 +0900,2025-05-11 10:55:30 +0900
2070,18,1036,主要卸売市場計,2024-12-02,2025-05-11 10:55:30 +0900,2025-05-11 10:55:30 +0900
2071,19,391,主要卸売市場計,2024-12-02,2025-05-11 10:55:30 +0900,2025-05-11 10:55:30 +0900
2072,20,1639,主要卸売市場計,2024-12-02,2025-05-11 10:55:30 +0900,2025-05-11 10:55:30 +0900
2073,21,276,主要卸売市場計,2024-12-02,2025-05-11 10:55:30 +0900,2025-05-11 10:55:30 +0900
2074,22,502,主要卸売市場計,2024-12-02,2025-05-11 10:55:30 +0900,2025-05-11 10:55:30 +0900
2075,23,368,主要卸売市場計,2024-12-02,2025-05-11 10:55:30 +0900,2025-05-11 10:55:30 +0900
2076,24,2086,主要卸売市場計,2024-12-02,2025-05-11 10:55:30 +0900,2025-05-11 10:55:30 +0900
2077,25,543,主要卸売市場計,2024-12-02,2025-05-11 10:55:30 +0900,2025-05-11 10:55:30 +0900
2078,26,286,主要卸売市場計,2024-12-02,2025-05-11 10:55:30 +0900,2025-05-11 10:55:30 +0900
2079,27,551,主要卸売市場計,2024-12-02,2025-05-11 10:55:30 +0900,2025-05-11 10:55:30 +0900
2080,28,807,主要卸売市場計,2024-12-02,2025-05-11 10:55:30 +0900,2025-05-11 10:55:30 +0900
2081,29,1014,主要卸売市場計,2024-12-02,2025-05-11 10:55:30 +0900,2025-05-11 10:55:30 +0900
2082,30,794,主要卸売市場計,2024-12-02,2025-05-11 10:55:30 +0900,2025-05-11 10:55:30 +0900
2083,33,1273,主要卸売市場計,2024-12-02,2025-05-11 10:55:30 +0900,2025-05-11 10:55:30 +0900
2084,34,1662,主要卸売市場計,2024-12-02,2025-05-11 10:55:30 +0900,2025-05-11 10:55:30 +0900
2085,35,1061,主要卸売市場計,2024-12-02,2025-05-11 10:55:30 +0900,2025-05-11 10:55:30 +0900
2086,37,1009,主要卸売市場計,2024-12-02,2025-05-11 10:55:30 +0900,2025-05-11 10:55:30 +0900
2087,38,287,主要卸売市場計,2024-12-02,2025-05-11 10:55:30 +0900,2025-05-11 10:55:30 +0900
2088,39,145,主要卸売市場計,2024-12-02,2025-05-11 10:55:30 +0900,2025-05-11 10:55:30 +0900
2089,40,401,主要卸売市場計,2024-12-02,2025-05-11 10:55:30 +0900,2025-05-11 10:55:30 +0900
2090,41,450,主要卸売市場計,2024-12-02,2025-05-11 10:55:30 +0900,2025-05-11 10:55:30 +0900
2091,42,144,主要卸売市場計,2024-12-02,2025-05-11 10:55:30 +0900,2025-05-11 10:55:30 +0900
2092,43,1542,主要卸売市場計,2024-12-02,2025-05-11 10:55:30 +0900,2025-05-11 10:55:30 +0900
2093,44,723,主要卸売市場計,2024-12-02,2025-05-11 10:55:30 +0900,2025-05-11 10:55:30 +0900
2094,45,1042,主要卸売市場計,2024-12-02,2025-05-11 10:55:30 +0900,2025-05-11 10:55:30 +0900
2095,46,538,主要卸売市場計,2024-12-02,2025-05-11 10:55:30 +0900,2025-05-11 10:55:30 +0900
2096,47,485,主要卸売市場計,2024-12-02,2025-05-11 10:55:30 +0900,2025-05-11 10:55:30 +0900
2097,48,650,主要卸売市場計,2024-12-02,2025-05-11 10:55:30 +0900,2025-05-11 10:55:30 +0900
2098,1,119,主要卸売市場計,2024-12-09,2025-05-11 10:55:30 +0900,2025-05-11 10:55:30 +0900
2099,2,179,主要卸売市場計,2024-12-09,2025-05-11 10:55:30 +0900,2025-05-11 10:55:30 +0900
2100,3,187,主要卸売市場計,2024-12-09,2025-05-11 10:55:30 +0900,2025-05-11 10:55:30 +0900
2101,4,330,主要卸売市場計,2024-12-09,2025-05-11 10:55:30 +0900,2025-05-11 10:55:30 +0900
2102,5,3311,主要卸売市場計,2024-12-09,2025-05-11 10:55:30 +0900,2025-05-11 10:55:30 +0900
2103,6,410,主要卸売市場計,2024-12-09,2025-05-11 10:55:30 +0900,2025-05-11 10:55:30 +0900
2104,7,84,主要卸売市場計,2024-12-09,2025-05-11 10:55:30 +0900,2025-05-11 10:55:30 +0900
2105,8,500,主要卸売市場計,2024-12-09,2025-05-11 10:55:30 +0900,2025-05-11 10:55:30 +0900
2106,9,443,主要卸売市場計,2024-12-09,2025-05-11 10:55:30 +0900,2025-05-11 10:55:30 +0900
2107,10,426,主要卸売市場計,2024-12-09,2025-05-11 10:55:30 +0900,2025-05-11 10:55:30 +0900
2108,11,197,主要卸売市場計,2024-12-09,2025-05-11 10:55:30 +0900,2025-05-11 10:55:30 +0900
2109,12,648,主要卸売市場計,2024-12-09,2025-05-11 10:55:30 +0900,2025-05-11 10:55:30 +0900
2110,13,533,主要卸売市場計,2024-12-09,2025-05-11 10:55:30 +0900,2025-05-11 10:55:30 +0900
2111,14,358,主要卸売市場計,2024-12-09,2025-05-11 10:55:30 +0900,2025-05-11 10:55:30 +0900
2112,16,765,主要卸売市場計,2024-12-09,2025-05-11 10:55:30 +0900,2025-05-11 10:55:30 +0900
2113,17,758,主要卸売市場計,2024-12-09,2025-05-11 10:55:30 +0900,2025-05-11 10:55:30 +0900
2114,18,1039,主要卸売市場計,2024-12-09,2025-05-11 10:55:30 +0900,2025-05-11 10:55:30 +0900
2115,19,367,主要卸売市場計,2024-12-09,2025-05-11 10:55:30 +0900,2025-05-11 10:55:30 +0900
2116,20,1607,主要卸売市場計,2024-12-09,2025-05-11 10:55:30 +0900,2025-05-11 10:55:30 +0900
2117,21,317,主要卸売市場計,2024-12-09,2025-05-11 10:55:30 +0900,2025-05-11 10:55:30 +0900
2118,22,517,主要卸売市場計,2024-12-09,2025-05-11 10:55:30 +0900,2025-05-11 10:55:30 +0900
2119,23,378,主要卸売市場計,2024-12-09,2025-05-11 10:55:30 +0900,2025-05-11 10:55:30 +0900
2120,24,2691,主要卸売市場計,2024-12-09,2025-05-11 10:55:30 +0900,2025-05-11 10:55:30 +0900
2121,25,517,主要卸売市場計,2024-12-09,2025-05-11 10:55:30 +0900,2025-05-11 10:55:30 +0900
2122,26,309,主要卸売市場計,2024-12-09,2025-05-11 10:55:30 +0900,2025-05-11 10:55:30 +0900
2123,27,588,主要卸売市場計,2024-12-09,2025-05-11 10:55:30 +0900,2025-05-11 10:55:30 +0900
2124,28,620,主要卸売市場計,2024-12-09,2025-05-11 10:55:30 +0900,2025-05-11 10:55:30 +0900
2125,29,889,主要卸売市場計,2024-12-09,2025-05-11 10:55:30 +0900,2025-05-11 10:55:30 +0900
2126,30,780,主要卸売市場計,2024-12-09,2025-05-11 10:55:30 +0900,2025-05-11 10:55:30 +0900
2127,33,1437,主要卸売市場計,2024-12-09,2025-05-11 10:55:30 +0900,2025-05-11 10:55:30 +0900
2128,34,1617,主要卸売市場計,2024-12-09,2025-05-11 10:55:30 +0900,2025-05-11 10:55:30 +0900
2129,35,1029,主要卸売市場計,2024-12-09,2025-05-11 10:55:30 +0900,2025-05-11 10:55:30 +0900
2130,36,1319,主要卸売市場計,2024-12-09,2025-05-11 10:55:30 +0900,2025-05-11 10:55:30 +0900
2131,37,2029,主要卸売市場計,2024-12-09,2025-05-11 10:55:30 +0900,2025-05-11 10:55:30 +0900
2132,38,289,主要卸売市場計,2024-12-09,2025-05-11 10:55:30 +0900,2025-05-11 10:55:30 +0900
2133,39,164,主要卸売市場計,2024-12-09,2025-05-11 10:55:30 +0900,2025-05-11 10:55:30 +0900
2134,40,411,主要卸売市場計,2024-12-09,2025-05-11 10:55:30 +0900,2025-05-11 10:55:30 +0900
2135,41,445,主要卸売市場計,2024-12-09,2025-05-11 10:55:30 +0900,2025-05-11 10:55:30 +0900
2136,42,143,主要卸売市場計,2024-12-09,2025-05-11 10:55:30 +0900,2025-05-11 10:55:30 +0900
2137,43,1388,主要卸売市場計,2024-12-09,2025-05-11 10:55:30 +0900,2025-05-11 10:55:30 +0900
2138,44,726,主要卸売市場計,2024-12-09,2025-05-11 10:55:30 +0900,2025-05-11 10:55:30 +0900
2139,45,1115,主要卸売市場計,2024-12-09,2025-05-11 10:55:30 +0900,2025-05-11 10:55:30 +0900
2140,46,533,主要卸売市場計,2024-12-09,2025-05-11 10:55:30 +0900,2025-05-11 10:55:30 +0900
2141,47,510,主要卸売市場計,2024-12-09,2025-05-11 10:55:30 +0900,2025-05-11 10:55:30 +0900
2142,48,696,主要卸売市場計,2024-12-09,2025-05-11 10:55:30 +0900,2025-05-11 10:55:30 +0900
2143,1,118,主要卸売市場計,2024-12-16,2025-05-11 10:55:30 +0900,2025-05-11 10:55:30 +0900
2144,2,182,主要卸売市場計,2024-12-16,2025-05-11 10:55:30 +0900,2025-05-11 10:55:30 +0900
2145,3,197,主要卸売市場計,2024-12-16,2025-05-11 10:55:30 +0900,2025-05-11 10:55:30 +0900
2146,4,420,主要卸売市場計,2024-12-16,2025-05-11 10:55:30 +0900,2025-05-11 10:55:30 +0900
2147,5,2051,主要卸売市場計,2024-12-16,2025-05-11 10:55:30 +0900,2025-05-11 10:55:30 +0900
2148,6,415,主要卸売市場計,2024-12-16,2025-05-11 10:55:30 +0900,2025-05-11 10:55:30 +0900
2149,7,89,主要卸売市場計,2024-12-16,2025-05-11 10:55:30 +0900,2025-05-11 10:55:30 +0900
2150,8,515,主要卸売市場計,2024-12-16,2025-05-11 10:55:30 +0900,2025-05-11 10:55:30 +0900
2151,9,463,主要卸売市場計,2024-12-16,2025-05-11 10:55:30 +0900,2025-05-11 10:55:30 +0900
2152,10,429,主要卸売市場計,2024-12-16,2025-05-11 10:55:30 +0900,2025-05-11 10:55:30 +0900
2153,11,228,主要卸売市場計,2024-12-16,2025-05-11 10:55:30 +0900,2025-05-11 10:55:30 +0900
2154,12,647,主要卸売市場計,2024-12-16,2025-05-11 10:55:30 +0900,2025-05-11 10:55:30 +0900
2155,13,523,主要卸売市場計,2024-12-16,2025-05-11 10:55:30 +0900,2025-05-11 10:55:30 +0900
2156,14,370,主要卸売市場計,2024-12-16,2025-05-11 10:55:30 +0900,2025-05-11 10:55:30 +0900
2157,15,810,主要卸売市場計,2024-12-16,2025-05-11 10:55:30 +0900,2025-05-11 10:55:30 +0900
2158,16,882,主要卸売市場計,2024-12-16,2025-05-11 10:55:30 +0900,2025-05-11 10:55:30 +0900
2159,17,868,主要卸売市場計,2024-12-16,2025-05-11 10:55:30 +0900,2025-05-11 10:55:30 +0900
2160,18,1149,主要卸売市場計,2024-12-16,2025-05-11 10:55:30 +0900,2025-05-11 10:55:30 +0900
2161,19,346,主要卸売市場計,2024-12-16,2025-05-11 10:55:30 +0900,2025-05-11 10:55:30 +0900
2162,20,1844,主要卸売市場計,2024-12-16,2025-05-11 10:55:30 +0900,2025-05-11 10:55:30 +0900
2163,21,430,主要卸売市場計,2024-12-16,2025-05-11 10:55:30 +0900,2025-05-11 10:55:30 +0900
2164,22,593,主要卸売市場計,2024-12-16,2025-05-11 10:55:30 +0900,2025-05-11 10:55:30 +0900
2165,23,377,主要卸売市場計,2024-12-16,2025-05-11 10:55:31 +0900,2025-05-11 10:55:31 +0900
2166,24,2946,主要卸売市場計,2024-12-16,2025-05-11 10:55:31 +0900,2025-05-11 10:55:31 +0900
2167,25,517,主要卸売市場計,2024-12-16,2025-05-11 10:55:31 +0900,2025-05-11 10:55:31 +0900
2168,26,313,主要卸売市場計,2024-12-16,2025-05-11 10:55:31 +0900,2025-05-11 10:55:31 +0900
2169,27,643,主要卸売市場計,2024-12-16,2025-05-11 10:55:31 +0900,2025-05-11 10:55:31 +0900
2170,28,570,主要卸売市場計,2024-12-16,2025-05-11 10:55:31 +0900,2025-05-11 10:55:31 +0900
2171,29,827,主要卸売市場計,2024-12-16,2025-05-11 10:55:31 +0900,2025-05-11 10:55:31 +0900
2172,30,773,主要卸売市場計,2024-12-16,2025-05-11 10:55:31 +0900,2025-05-11 10:55:31 +0900
2173,33,1396,主要卸売市場計,2024-12-16,2025-05-11 10:55:31 +0900,2025-05-11 10:55:31 +0900
2174,34,1789,主要卸売市場計,2024-12-16,2025-05-11 10:55:31 +0900,2025-05-11 10:55:31 +0900
2175,35,1067,主要卸売市場計,2024-12-16,2025-05-11 10:55:31 +0900,2025-05-11 10:55:31 +0900
2176,36,1257,主要卸売市場計,2024-12-16,2025-05-11 10:55:31 +0900,2025-05-11 10:55:31 +0900
2177,37,1556,主要卸売市場計,2024-12-16,2025-05-11 10:55:31 +0900,2025-05-11 10:55:31 +0900
2178,38,291,主要卸売市場計,2024-12-16,2025-05-11 10:55:31 +0900,2025-05-11 10:55:31 +0900
2179,39,171,主要卸売市場計,2024-12-16,2025-05-11 10:55:31 +0900,2025-05-11 10:55:31 +0900
2180,40,436,主要卸売市場計,2024-12-16,2025-05-11 10:55:31 +0900,2025-05-11 10:55:31 +0900
2181,41,445,主要卸売市場計,2024-12-16,2025-05-11 10:55:31 +0900,2025-05-11 10:55:31 +0900
2182,42,144,主要卸売市場計,2024-12-16,2025-05-11 10:55:31 +0900,2025-05-11 10:55:31 +0900
2183,43,1511,主要卸売市場計,2024-12-16,2025-05-11 10:55:31 +0900,2025-05-11 10:55:31 +0900
2184,44,837,主要卸売市場計,2024-12-16,2025-05-11 10:55:31 +0900,2025-05-11 10:55:31 +0900
2185,45,1135,主要卸売市場計,2024-12-16,2025-05-11 10:55:31 +0900,2025-05-11 10:55:31 +0900
2186,46,534,主要卸売市場計,2024-12-16,2025-05-11 10:55:31 +0900,2025-05-11 10:55:31 +0900
2187,47,566,主要卸売市場計,2024-12-16,2025-05-11 10:55:31 +0900,2025-05-11 10:55:31 +0900
2188,48,732,主要卸売市場計,2024-12-16,2025-05-11 10:55:31 +0900,2025-05-11 10:55:31 +0900
2189,1,137,主要卸売市場計,2024-12-23,2025-05-11 10:55:31 +0900,2025-05-11 10:55:31 +0900
2190,2,181,主要卸売市場計,2024-12-23,2025-05-11 10:55:31 +0900,2025-05-11 10:55:31 +0900
2191,3,210,主要卸売市場計,2024-12-23,2025-05-11 10:55:31 +0900,2025-05-11 10:55:31 +0900
2192,4,476,主要卸売市場計,2024-12-23,2025-05-11 10:55:31 +0900,2025-05-11 10:55:31 +0900
2193,5,2943,主要卸売市場計,2024-12-23,2025-05-11 10:55:31 +0900,2025-05-11 10:55:31 +0900
2194,6,535,主要卸売市場計,2024-12-23,2025-05-11 10:55:31 +0900,2025-05-11 10:55:31 +0900
2195,7,106,主要卸売市場計,2024-12-23,2025-05-11 10:55:31 +0900,2025-05-11 10:55:31 +0900
2196,8,572,主要卸売市場計,2024-12-23,2025-05-11 10:55:31 +0900,2025-05-11 10:55:31 +0900
2197,9,557,主要卸売市場計,2024-12-23,2025-05-11 10:55:31 +0900,2025-05-11 10:55:31 +0900
2198,10,436,主要卸売市場計,2024-12-23,2025-05-11 10:55:31 +0900,2025-05-11 10:55:31 +0900
2199,11,297,主要卸売市場計,2024-12-23,2025-05-11 10:55:31 +0900,2025-05-11 10:55:31 +0900
2200,12,718,主要卸売市場計,2024-12-23,2025-05-11 10:55:31 +0900,2025-05-11 10:55:31 +0900
2201,13,559,主要卸売市場計,2024-12-23,2025-05-11 10:55:31 +0900,2025-05-11 10:55:31 +0900
2202,14,526,主要卸売市場計,2024-12-23,2025-05-11 10:55:31 +0900,2025-05-11 10:55:31 +0900
2203,15,915,主要卸売市場計,2024-12-23,2025-05-11 10:55:31 +0900,2025-05-11 10:55:31 +0900
2204,16,1491,主要卸売市場計,2024-12-23,2025-05-11 10:55:31 +0900,2025-05-11 10:55:31 +0900
2205,17,1227,主要卸売市場計,2024-12-23,2025-05-11 10:55:31 +0900,2025-05-11 10:55:31 +0900
2206,18,1357,主要卸売市場計,2024-12-23,2025-05-11 10:55:31 +0900,2025-05-11 10:55:31 +0900
2207,19,304,主要卸売市場計,2024-12-23,2025-05-11 10:55:31 +0900,2025-05-11 10:55:31 +0900
2208,20,2320,主要卸売市場計,2024-12-23,2025-05-11 10:55:31 +0900,2025-05-11 10:55:31 +0900
2209,21,478,主要卸売市場計,2024-12-23,2025-05-11 10:55:31 +0900,2025-05-11 10:55:31 +0900
2210,22,803,主要卸売市場計,2024-12-23,2025-05-11 10:55:31 +0900,2025-05-11 10:55:31 +0900
2211,23,451,主要卸売市場計,2024-12-23,2025-05-11 10:55:31 +0900,2025-05-11 10:55:31 +0900
2212,24,4051,主要卸売市場計,2024-12-23,2025-05-11 10:55:31 +0900,2025-05-11 10:55:31 +0900
2213,25,551,主要卸売市場計,2024-12-23,2025-05-11 10:55:31 +0900,2025-05-11 10:55:31 +0900
2214,26,316,主要卸売市場計,2024-12-23,2025-05-11 10:55:31 +0900,2025-05-11 10:55:31 +0900
2215,27,683,主要卸売市場計,2024-12-23,2025-05-11 10:55:31 +0900,2025-05-11 10:55:31 +0900
2216,28,561,主要卸売市場計,2024-12-23,2025-05-11 10:55:31 +0900,2025-05-11 10:55:31 +0900
2217,29,883,主要卸売市場計,2024-12-23,2025-05-11 10:55:31 +0900,2025-05-11 10:55:31 +0900
2218,30,763,主要卸売市場計,2024-12-23,2025-05-11 10:55:31 +0900,2025-05-11 10:55:31 +0900
2219,33,1613,主要卸売市場計,2024-12-23,2025-05-11 10:55:31 +0900,2025-05-11 10:55:31 +0900
2220,34,2453,主要卸売市場計,2024-12-23,2025-05-11 10:55:31 +0900,2025-05-11 10:55:31 +0900
2221,35,1051,主要卸売市場計,2024-12-23,2025-05-11 10:55:31 +0900,2025-05-11 10:55:31 +0900
2222,36,1468,主要卸売市場計,2024-12-23,2025-05-11 10:55:31 +0900,2025-05-11 10:55:31 +0900
2223,37,2243,主要卸売市場計,2024-12-23,2025-05-11 10:55:31 +0900,2025-05-11 10:55:31 +0900
2224,38,302,主要卸売市場計,2024-12-23,2025-05-11 10:55:31 +0900,2025-05-11 10:55:31 +0900
2225,39,191,主要卸売市場計,2024-12-23,2025-05-11 10:55:31 +0900,2025-05-11 10:55:31 +0900
2226,40,485,主要卸売市場計,2024-12-23,2025-05-11 10:55:31 +0900,2025-05-11 10:55:31 +0900
2227,41,441,主要卸売市場計,2024-12-23,2025-05-11 10:55:31 +0900,2025-05-11 10:55:31 +0900
2228,42,138,主要卸売市場計,2024-12-23,2025-05-11 10:55:31 +0900,2025-05-11 10:55:31 +0900
2229,43,1580,主要卸売市場計,2024-12-23,2025-05-11 10:55:31 +0900,2025-05-11 10:55:31 +0900
2230,44,796,主要卸売市場計,2024-12-23,2025-05-11 10:55:31 +0900,2025-05-11 10:55:31 +0900
2231,45,1330,主要卸売市場計,2024-12-23,2025-05-11 10:55:31 +0900,2025-05-11 10:55:31 +0900
2232,46,538,主要卸売市場計,2024-12-23,2025-05-11 10:55:31 +0900,2025-05-11 10:55:31 +0900
2233,47,574,主要卸売市場計,2024-12-23,2025-05-11 10:55:31 +0900,2025-05-11 10:55:31 +0900
2234,48,739,主要卸売市場計,2024-12-23,2025-05-11 10:55:31 +0900,2025-05-11 10:55:31 +0900
2235,1,143,主要卸売市場計,2024-12-30,2025-05-11 10:55:31 +0900,2025-05-11 10:55:31 +0900
2236,2,296,主要卸売市場計,2024-12-30,2025-05-11 10:55:31 +0900,2025-05-11 10:55:31 +0900
2237,3,215,主要卸売市場計,2024-12-30,2025-05-11 10:55:31 +0900,2025-05-11 10:55:31 +0900
2238,4,679,主要卸売市場計,2024-12-30,2025-05-11 10:55:31 +0900,2025-05-11 10:55:31 +0900
2239,6,165,主要卸売市場計,2024-12-30,2025-05-11 10:55:31 +0900,2025-05-11 10:55:31 +0900
2240,7,127,主要卸売市場計,2024-12-30,2025-05-11 10:55:31 +0900,2025-05-11 10:55:31 +0900
2241,8,538,主要卸売市場計,2024-12-30,2025-05-11 10:55:31 +0900,2025-05-11 10:55:31 +0900
2242,9,575,主要卸売市場計,2024-12-30,2025-05-11 10:55:31 +0900,2025-05-11 10:55:31 +0900
2243,10,408,主要卸売市場計,2024-12-30,2025-05-11 10:55:31 +0900,2025-05-11 10:55:31 +0900
2244,11,382,主要卸売市場計,2024-12-30,2025-05-11 10:55:31 +0900,2025-05-11 10:55:31 +0900
2245,12,888,主要卸売市場計,2024-12-30,2025-05-11 10:55:31 +0900,2025-05-11 10:55:31 +0900
2246,13,812,主要卸売市場計,2024-12-30,2025-05-11 10:55:31 +0900,2025-05-11 10:55:31 +0900
2247,14,540,主要卸売市場計,2024-12-30,2025-05-11 10:55:31 +0900,2025-05-11 10:55:31 +0900
2248,16,1315,主要卸売市場計,2024-12-30,2025-05-11 10:55:31 +0900,2025-05-11 10:55:31 +0900
2249,17,1021,主要卸売市場計,2024-12-30,2025-05-11 10:55:31 +0900,2025-05-11 10:55:31 +0900
2250,18,1507,主要卸売市場計,2024-12-30,2025-05-11 10:55:31 +0900,2025-05-11 10:55:31 +0900
2251,19,271,主要卸売市場計,2024-12-30,2025-05-11 10:55:31 +0900,2025-05-11 10:55:31 +0900
2252,20,2915,主要卸売市場計,2024-12-30,2025-05-11 10:55:31 +0900,2025-05-11 10:55:31 +0900
2253,21,456,主要卸売市場計,2024-12-30,2025-05-11 10:55:31 +0900,2025-05-11 10:55:31 +0900
2254,22,698,主要卸売市場計,2024-12-30,2025-05-11 10:55:31 +0900,2025-05-11 10:55:31 +0900
2255,23,479,主要卸売市場計,2024-12-30,2025-05-11 10:55:31 +0900,2025-05-11 10:55:31 +0900
2256,24,5333,主要卸売市場計,2024-12-30,2025-05-11 10:55:31 +0900,2025-05-11 10:55:31 +0900
2257,25,447,主要卸売市場計,2024-12-30,2025-05-11 10:55:31 +0900,2025-05-11 10:55:31 +0900
2258,26,639,主要卸売市場計,2024-12-30,2025-05-11 10:55:31 +0900,2025-05-11 10:55:31 +0900
2259,27,519,主要卸売市場計,2024-12-30,2025-05-11 10:55:31 +0900,2025-05-11 10:55:31 +0900
2260,28,574,主要卸売市場計,2024-12-30,2025-05-11 10:55:31 +0900,2025-05-11 10:55:31 +0900
2261,29,812,主要卸売市場計,2024-12-30,2025-05-11 10:55:31 +0900,2025-05-11 10:55:31 +0900
2262,30,519,主要卸売市場計,2024-12-30,2025-05-11 10:55:31 +0900,2025-05-11 10:55:31 +0900
2263,33,881,主要卸売市場計,2024-12-30,2025-05-11 10:55:31 +0900,2025-05-11 10:55:31 +0900
2264,34,1719,主要卸売市場計,2024-12-30,2025-05-11 10:55:31 +0900,2025-05-11 10:55:31 +0900
2265,35,787,主要卸売市場計,2024-12-30,2025-05-11 10:55:31 +0900,2025-05-11 10:55:31 +0900
2266,38,324,主要卸売市場計,2024-12-30,2025-05-11 10:55:31 +0900,2025-05-11 10:55:31 +0900
2267,39,309,主要卸売市場計,2024-12-30,2025-05-11 10:55:31 +0900,2025-05-11 10:55:31 +0900
2268,40,455,主要卸売市場計,2024-12-30,2025-05-11 10:55:31 +0900,2025-05-11 10:55:31 +0900
2269,41,427,主要卸売市場計,2024-12-30,2025-05-11 10:55:31 +0900,2025-05-11 10:55:31 +0900
2270,42,183,主要卸売市場計,2024-12-30,2025-05-11 10:55:31 +0900,2025-05-11 10:55:31 +0900
2271,43,821,主要卸売市場計,2024-12-30,2025-05-11 10:55:31 +0900,2025-05-11 10:55:31 +0900
2272,44,766,主要卸売市場計,2024-12-30,2025-05-11 10:55:31 +0900,2025-05-11 10:55:31 +0900
2273,45,1460,主要卸売市場計,2024-12-30,2025-05-11 10:55:31 +0900,2025-05-11 10:55:31 +0900
2274,46,582,主要卸売市場計,2024-12-30,2025-05-11 10:55:31 +0900,2025-05-11 10:55:31 +0900
2275,47,570,主要卸売市場計,2024-12-30,2025-05-11 10:55:31 +0900,2025-05-11 10:55:31 +0900
2276,48,730,主要卸売市場計,2024-12-30,2025-05-11 10:55:31 +0900,2025-05-11 10:55:31 +0900
2277,1,151,主要卸売市場計,2025-01-06,2025-05-11 10:55:31 +0900,2025-05-11 10:55:31 +0900
2278,2,196,主要卸売市場計,2025-01-06,2025-05-11 10:55:31 +0900,2025-05-11 10:55:31 +0900
2279,3,195,主要卸売市場計,2025-01-06,2025-05-11 10:55:31 +0900,2025-05-11 10:55:31 +0900
2280,4,365,主要卸売市場計,2025-01-06,2025-05-11 10:55:31 +0900,2025-05-11 10:55:31 +0900
2281,5,2189,主要卸売市場計,2025-01-06,2025-05-11 10:55:31 +0900,2025-05-11 10:55:31 +0900
2282,6,434,主要卸売市場計,2025-01-06,2025-05-11 10:55:31 +0900,2025-05-11 10:55:31 +0900
2283,7,135,主要卸売市場計,2025-01-06,2025-05-11 10:55:31 +0900,2025-05-11 10:55:31 +0900
2284,8,637,主要卸売市場計,2025-01-06,2025-05-11 10:55:31 +0900,2025-05-11 10:55:31 +0900
2285,9,575,主要卸売市場計,2025-01-06,2025-05-11 10:55:31 +0900,2025-05-11 10:55:31 +0900
2286,10,441,主要卸売市場計,2025-01-06,2025-05-11 10:55:31 +0900,2025-05-11 10:55:31 +0900
2287,11,312,主要卸売市場計,2025-01-06,2025-05-11 10:55:31 +0900,2025-05-11 10:55:31 +0900
2288,12,831,主要卸売市場計,2025-01-06,2025-05-11 10:55:31 +0900,2025-05-11 10:55:31 +0900
2289,13,713,主要卸売市場計,2025-01-06,2025-05-11 10:55:31 +0900,2025-05-11 10:55:31 +0900
2290,14,441,主要卸売市場計,2025-01-06,2025-05-11 10:55:31 +0900,2025-05-11 10:55:31 +0900
2291,15,855,主要卸売市場計,2025-01-06,2025-05-11 10:55:31 +0900,2025-05-11 10:55:31 +0900
2292,16,959,主要卸売市場計,2025-01-06,2025-05-11 10:55:31 +0900,2025-05-11 10:55:31 +0900
2293,17,1005,主要卸売市場計,2025-01-06,2025-05-11 10:55:31 +0900,2025-05-11 10:55:31 +0900
2294,18,1591,主要卸売市場計,2025-01-06,2025-05-11 10:55:31 +0900,2025-05-11 10:55:31 +0900
2295,19,305,主要卸売市場計,2025-01-06,2025-05-11 10:55:31 +0900,2025-05-11 10:55:31 +0900
2296,20,2202,主要卸売市場計,2025-01-06,2025-05-11 10:55:31 +0900,2025-05-11 10:55:31 +0900
2297,21,368,主要卸売市場計,2025-01-06,2025-05-11 10:55:31 +0900,2025-05-11 10:55:31 +0900
2298,22,622,主要卸売市場計,2025-01-06,2025-05-11 10:55:31 +0900,2025-05-11 10:55:31 +0900
2299,23,422,主要卸売市場計,2025-01-06,2025-05-11 10:55:31 +0900,2025-05-11 10:55:31 +0900
2300,24,3747,主要卸売市場計,2025-01-06,2025-05-11 10:55:31 +0900,2025-05-11 10:55:31 +0900
2301,25,391,主要卸売市場計,2025-01-06,2025-05-11 10:55:31 +0900,2025-05-11 10:55:31 +0900
2302,26,360,主要卸売市場計,2025-01-06,2025-05-11 10:55:31 +0900,2025-05-11 10:55:31 +0900
2303,27,530,主要卸売市場計,2025-01-06,2025-05-11 10:55:31 +0900,2025-05-11 10:55:31 +0900
2304,28,515,主要卸売市場計,2025-01-06,2025-05-11 10:55:31 +0900,2025-05-11 10:55:31 +0900
2305,29,829,主要卸売市場計,2025-01-06,2025-05-11 10:55:31 +0900,2025-05-11 10:55:31 +0900
2306,30,656,主要卸売市場計,2025-01-06,2025-05-11 10:55:31 +0900,2025-05-11 10:55:31 +0900
2307,33,1394,主要卸売市場計,2025-01-06,2025-05-11 10:55:31 +0900,2025-05-11 10:55:31 +0900
2308,34,1539,主要卸売市場計,2025-01-06,2025-05-11 10:55:31 +0900,2025-05-11 10:55:31 +0900
2309,35,1044,主要卸売市場計,2025-01-06,2025-05-11 10:55:31 +0900,2025-05-11 10:55:31 +0900
2310,36,1522,主要卸売市場計,2025-01-06,2025-05-11 10:55:31 +0900,2025-05-11 10:55:31 +0900
2311,37,2448,主要卸売市場計,2025-01-06,2025-05-11 10:55:31 +0900,2025-05-11 10:55:31 +0900
2312,38,282,主要卸売市場計,2025-01-06,2025-05-11 10:55:31 +0900,2025-05-11 10:55:31 +0900
2313,39,203,主要卸売市場計,2025-01-06,2025-05-11 10:55:31 +0900,2025-05-11 10:55:31 +0900
2314,40,506,主要卸売市場計,2025-01-06,2025-05-11 10:55:31 +0900,2025-05-11 10:55:31 +0900
2315,41,422,主要卸売市場計,2025-01-06,2025-05-11 10:55:31 +0900,2025-05-11 10:55:31 +0900
2316,42,143,主要卸売市場計,2025-01-06,2025-05-11 10:55:31 +0900,2025-05-11 10:55:31 +0900
2317,43,1313,主要卸売市場計,2025-01-06,2025-05-11 10:55:31 +0900,2025-05-11 10:55:31 +0900
2318,44,891,主要卸売市場計,2025-01-06,2025-05-11 10:55:31 +0900,2025-05-11 10:55:31 +0900
2319,45,1266,主要卸売市場計,2025-01-06,2025-05-11 10:55:31 +0900,2025-05-11 10:55:31 +0900
2320,46,509,主要卸売市場計,2025-01-06,2025-05-11 10:55:31 +0900,2025-05-11 10:55:31 +0900
2321,47,549,主要卸売市場計,2025-01-06,2025-05-11 10:55:31 +0900,2025-05-11 10:55:31 +0900
2322,48,733,主要卸売市場計,2025-01-06,2025-05-11 10:55:31 +0900,2025-05-11 10:55:31 +0900
2323,1,171,主要卸売市場計,2025-01-13,2025-05-11 10:55:31 +0900,2025-05-11 10:55:31 +0900
2324,3,230,主要卸売市場計,2025-01-13,2025-05-11 10:55:31 +0900,2025-05-11 10:55:31 +0900
2325,4,353,主要卸売市場計,2025-01-13,2025-05-11 10:55:31 +0900,2025-05-11 10:55:31 +0900
2326,7,151,主要卸売市場計,2025-01-13,2025-05-11 10:55:31 +0900,2025-05-11 10:55:31 +0900
2327,8,895,主要卸売市場計,2025-01-13,2025-05-11 10:55:31 +0900,2025-05-11 10:55:31 +0900
2328,9,370,主要卸売市場計,2025-01-13,2025-05-11 10:55:31 +0900,2025-05-11 10:55:31 +0900
2329,10,523,主要卸売市場計,2025-01-13,2025-05-11 10:55:31 +0900,2025-05-11 10:55:31 +0900
2330,11,278,主要卸売市場計,2025-01-13,2025-05-11 10:55:31 +0900,2025-05-11 10:55:31 +0900
2331,12,613,主要卸売市場計,2025-01-13,2025-05-11 10:55:31 +0900,2025-05-11 10:55:31 +0900
2332,13,760,主要卸売市場計,2025-01-13,2025-05-11 10:55:31 +0900,2025-05-11 10:55:31 +0900
2333,16,1062,主要卸売市場計,2025-01-13,2025-05-11 10:55:31 +0900,2025-05-11 10:55:31 +0900
2334,17,792,主要卸売市場計,2025-01-13,2025-05-11 10:55:31 +0900,2025-05-11 10:55:31 +0900
2335,18,2464,主要卸売市場計,2025-01-13,2025-05-11 10:55:31 +0900,2025-05-11 10:55:31 +0900
2336,19,312,主要卸売市場計,2025-01-13,2025-05-11 10:55:31 +0900,2025-05-11 10:55:31 +0900
2337,21,530,主要卸売市場計,2025-01-13,2025-05-11 10:55:31 +0900,2025-05-11 10:55:31 +0900
2338,22,579,主要卸売市場計,2025-01-13,2025-05-11 10:55:31 +0900,2025-05-11 10:55:31 +0900
2339,23,316,主要卸売市場計,2025-01-13,2025-05-11 10:55:31 +0900,2025-05-11 10:55:31 +0900
2340,24,4596,主要卸売市場計,2025-01-13,2025-05-11 10:55:31 +0900,2025-05-11 10:55:31 +0900
2341,25,372,主要卸売市場計,2025-01-13,2025-05-11 10:55:31 +0900,2025-05-11 10:55:31 +0900
2342,26,191,主要卸売市場計,2025-01-13,2025-05-11 10:55:31 +0900,2025-05-11 10:55:31 +0900
2343,27,482,主要卸売市場計,2025-01-13,2025-05-11 10:55:31 +0900,2025-05-11 10:55:31 +0900
2344,28,464,主要卸売市場計,2025-01-13,2025-05-11 10:55:31 +0900,2025-05-11 10:55:31 +0900
2345,29,703,主要卸売市場計,2025-01-13,2025-05-11 10:55:31 +0900,2025-05-11 10:55:31 +0900
2346,30,565,主要卸売市場計,2025-01-13,2025-05-11 10:55:31 +0900,2025-05-11 10:55:31 +0900
2347,33,1352,主要卸売市場計,2025-01-13,2025-05-11 10:55:31 +0900,2025-05-11 10:55:31 +0900
2348,34,1496,主要卸売市場計,2025-01-13,2025-05-11 10:55:31 +0900,2025-05-11 10:55:31 +0900
2349,38,286,主要卸売市場計,2025-01-13,2025-05-11 10:55:31 +0900,2025-05-11 10:55:31 +0900
2350,39,324,主要卸売市場計,2025-01-13,2025-05-11 10:55:31 +0900,2025-05-11 10:55:31 +0900
2351,40,429,主要卸売市場計,2025-01-13,2025-05-11 10:55:31 +0900,2025-05-11 10:55:31 +0900
2352,41,553,主要卸売市場計,2025-01-13,2025-05-11 10:55:31 +0900,2025-05-11 10:55:31 +0900
2353,42,169,主要卸売市場計,2025-01-13,2025-05-11 10:55:31 +0900,2025-05-11 10:55:31 +0900
2354,43,626,主要卸売市場計,2025-01-13,2025-05-11 10:55:31 +0900,2025-05-11 10:55:31 +0900
2355,44,862,主要卸売市場計,2025-01-13,2025-05-11 10:55:31 +0900,2025-05-11 10:55:31 +0900
2356,45,1908,主要卸売市場計,2025-01-13,2025-05-11 10:55:31 +0900,2025-05-11 10:55:31 +0900
2357,46,559,主要卸売市場計,2025-01-13,2025-05-11 10:55:31 +0900,2025-05-11 10:55:31 +0900
2358,47,616,主要卸売市場計,2025-01-13,2025-05-11 10:55:31 +0900,2025-05-11 10:55:31 +0900
2359,48,850,主要卸売市場計,2025-01-13,2025-05-11 10:55:31 +0900,2025-05-11 10:55:31 +0900
2360,1,119,主要卸売市場計,2025-01-20,2025-05-11 10:55:31 +0900,2025-05-11 10:55:31 +0900
2361,2,166,主要卸売市場計,2025-01-20,2025-05-11 10:55:31 +0900,2025-05-11 10:55:31 +0900
2362,3,194,主要卸売市場計,2025-01-20,2025-05-11 10:55:31 +0900,2025-05-11 10:55:31 +0900
2363,4,440,主要卸売市場計,2025-01-20,2025-05-11 10:55:31 +0900,2025-05-11 10:55:31 +0900
2364,5,2024,主要卸売市場計,2025-01-20,2025-05-11 10:55:31 +0900,2025-05-11 10:55:31 +0900
2365,6,426,主要卸売市場計,2025-01-20,2025-05-11 10:55:31 +0900,2025-05-11 10:55:31 +0900
2366,7,130,主要卸売市場計,2025-01-20,2025-05-11 10:55:31 +0900,2025-05-11 10:55:31 +0900
2367,8,516,主要卸売市場計,2025-01-20,2025-05-11 10:55:31 +0900,2025-05-11 10:55:31 +0900
2368,9,570,主要卸売市場計,2025-01-20,2025-05-11 10:55:31 +0900,2025-05-11 10:55:31 +0900
2369,10,504,主要卸売市場計,2025-01-20,2025-05-11 10:55:31 +0900,2025-05-11 10:55:31 +0900
2370,11,217,主要卸売市場計,2025-01-20,2025-05-11 10:55:31 +0900,2025-05-11 10:55:31 +0900
2371,12,694,主要卸売市場計,2025-01-20,2025-05-11 10:55:31 +0900,2025-05-11 10:55:31 +0900
2372,13,530,主要卸売市場計,2025-01-20,2025-05-11 10:55:31 +0900,2025-05-11 10:55:31 +0900
2373,14,517,主要卸売市場計,2025-01-20,2025-05-11 10:55:31 +0900,2025-05-11 10:55:31 +0900
2374,15,802,主要卸売市場計,2025-01-20,2025-05-11 10:55:31 +0900,2025-05-11 10:55:31 +0900
2375,16,708,主要卸売市場計,2025-01-20,2025-05-11 10:55:31 +0900,2025-05-11 10:55:31 +0900
2376,17,870,主要卸売市場計,2025-01-20,2025-05-11 10:55:31 +0900,2025-05-11 10:55:31 +0900
2377,18,1263,主要卸売市場計,2025-01-20,2025-05-11 10:55:31 +0900,2025-05-11 10:55:31 +0900
2378,19,278,主要卸売市場計,2025-01-20,2025-05-11 10:55:31 +0900,2025-05-11 10:55:31 +0900
2379,20,2036,主要卸売市場計,2025-01-20,2025-05-11 10:55:31 +0900,2025-05-11 10:55:31 +0900
2380,21,461,主要卸売市場計,2025-01-20,2025-05-11 10:55:31 +0900,2025-05-11 10:55:31 +0900
2381,22,697,主要卸売市場計,2025-01-20,2025-05-11 10:55:31 +0900,2025-05-11 10:55:31 +0900
2382,23,346,主要卸売市場計,2025-01-20,2025-05-11 10:55:31 +0900,2025-05-11 10:55:31 +0900
2383,24,1730,主要卸売市場計,2025-01-20,2025-05-11 10:55:31 +0900,2025-05-11 10:55:31 +0900
2384,25,519,主要卸売市場計,2025-01-20,2025-05-11 10:55:31 +0900,2025-05-11 10:55:31 +0900
2385,26,339,主要卸売市場計,2025-01-20,2025-05-11 10:55:31 +0900,2025-05-11 10:55:31 +0900
2386,27,568,主要卸売市場計,2025-01-20,2025-05-11 10:55:31 +0900,2025-05-11 10:55:31 +0900
2387,28,443,主要卸売市場計,2025-01-20,2025-05-11 10:55:31 +0900,2025-05-11 10:55:31 +0900
2388,29,700,主要卸売市場計,2025-01-20,2025-05-11 10:55:31 +0900,2025-05-11 10:55:31 +0900
2389,30,790,主要卸売市場計,2025-01-20,2025-05-11 10:55:31 +0900,2025-05-11 10:55:31 +0900
2390,33,1476,主要卸売市場計,2025-01-20,2025-05-11 10:55:31 +0900,2025-05-11 10:55:31 +0900
2391,34,1519,主要卸売市場計,2025-01-20,2025-05-11 10:55:31 +0900,2025-05-11 10:55:31 +0900
2392,35,1038,主要卸売市場計,2025-01-20,2025-05-11 10:55:31 +0900,2025-05-11 10:55:31 +0900
2393,36,1230,主要卸売市場計,2025-01-20,2025-05-11 10:55:31 +0900,2025-05-11 10:55:31 +0900
2394,37,2681,主要卸売市場計,2025-01-20,2025-05-11 10:55:31 +0900,2025-05-11 10:55:31 +0900
2395,38,267,主要卸売市場計,2025-01-20,2025-05-11 10:55:31 +0900,2025-05-11 10:55:31 +0900
2396,39,235,主要卸売市場計,2025-01-20,2025-05-11 10:55:31 +0900,2025-05-11 10:55:31 +0900
2397,40,418,主要卸売市場計,2025-01-20,2025-05-11 10:55:31 +0900,2025-05-11 10:55:31 +0900
2398,41,424,主要卸売市場計,2025-01-20,2025-05-11 10:55:31 +0900,2025-05-11 10:55:31 +0900
2399,42,152,主要卸売市場計,2025-01-20,2025-05-11 10:55:31 +0900,2025-05-11 10:55:31 +0900
2400,43,1615,主要卸売市場計,2025-01-20,2025-05-11 10:55:31 +0900,2025-05-11 10:55:31 +0900
2401,44,1055,主要卸売市場計,2025-01-20,2025-05-11 10:55:31 +0900,2025-05-11 10:55:31 +0900
2402,45,1114,主要卸売市場計,2025-01-20,2025-05-11 10:55:31 +0900,2025-05-11 10:55:31 +0900
2403,46,554,主要卸売市場計,2025-01-20,2025-05-11 10:55:31 +0900,2025-05-11 10:55:31 +0900
2404,47,470,主要卸売市場計,2025-01-20,2025-05-11 10:55:31 +0900,2025-05-11 10:55:31 +0900
2405,48,645,主要卸売市場計,2025-01-20,2025-05-11 10:55:31 +0900,2025-05-11 10:55:31 +0900
2406,1,105,主要卸売市場計,2025-01-27,2025-05-11 10:55:31 +0900,2025-05-11 10:55:31 +0900
2407,2,156,主要卸売市場計,2025-01-27,2025-05-11 10:55:31 +0900,2025-05-11 10:55:31 +0900
2408,3,180,主要卸売市場計,2025-01-27,2025-05-11 10:55:31 +0900,2025-05-11 10:55:31 +0900
2409,4,441,主要卸売市場計,2025-01-27,2025-05-11 10:55:31 +0900,2025-05-11 10:55:31 +0900
2410,5,1994,主要卸売市場計,2025-01-27,2025-05-11 10:55:31 +0900,2025-05-11 10:55:31 +0900
2411,6,418,主要卸売市場計,2025-01-27,2025-05-11 10:55:31 +0900,2025-05-11 10:55:31 +0900
2412,7,131,主要卸売市場計,2025-01-27,2025-05-11 10:55:31 +0900,2025-05-11 10:55:31 +0900
2413,8,462,主要卸売市場計,2025-01-27,2025-05-11 10:55:31 +0900,2025-05-11 10:55:31 +0900
2414,9,524,主要卸売市場計,2025-01-27,2025-05-11 10:55:31 +0900,2025-05-11 10:55:31 +0900
2415,10,468,主要卸売市場計,2025-01-27,2025-05-11 10:55:31 +0900,2025-05-11 10:55:31 +0900
2416,11,183,主要卸売市場計,2025-01-27,2025-05-11 10:55:31 +0900,2025-05-11 10:55:31 +0900
2417,12,604,主要卸売市場計,2025-01-27,2025-05-11 10:55:31 +0900,2025-05-11 10:55:31 +0900
2418,13,459,主要卸売市場計,2025-01-27,2025-05-11 10:55:31 +0900,2025-05-11 10:55:31 +0900
2419,14,542,主要卸売市場計,2025-01-27,2025-05-11 10:55:31 +0900,2025-05-11 10:55:31 +0900
2420,15,745,主要卸売市場計,2025-01-27,2025-05-11 10:55:31 +0900,2025-05-11 10:55:31 +0900
2421,16,700,主要卸売市場計,2025-01-27,2025-05-11 10:55:31 +0900,2025-05-11 10:55:31 +0900
2422,17,724,主要卸売市場計,2025-01-27,2025-05-11 10:55:31 +0900,2025-05-11 10:55:31 +0900
2423,18,1064,主要卸売市場計,2025-01-27,2025-05-11 10:55:31 +0900,2025-05-11 10:55:31 +0900
2424,19,271,主要卸売市場計,2025-01-27,2025-05-11 10:55:31 +0900,2025-05-11 10:55:31 +0900
2425,20,1553,主要卸売市場計,2025-01-27,2025-05-11 10:55:31 +0900,2025-05-11 10:55:31 +0900
2426,21,345,主要卸売市場計,2025-01-27,2025-05-11 10:55:31 +0900,2025-05-11 10:55:31 +0900
2427,22,572,主要卸売市場計,2025-01-27,2025-05-11 10:55:31 +0900,2025-05-11 10:55:31 +0900
2428,23,310,主要卸売市場計,2025-01-27,2025-05-11 10:55:31 +0900,2025-05-11 10:55:31 +0900
2429,24,1536,主要卸売市場計,2025-01-27,2025-05-11 10:55:31 +0900,2025-05-11 10:55:31 +0900
2430,25,515,主要卸売市場計,2025-01-27,2025-05-11 10:55:31 +0900,2025-05-11 10:55:31 +0900
2431,26,305,主要卸売市場計,2025-01-27,2025-05-11 10:55:31 +0900,2025-05-11 10:55:31 +0900
2432,27,516,主要卸売市場計,2025-01-27,2025-05-11 10:55:31 +0900,2025-05-11 10:55:31 +0900
2433,28,397,主要卸売市場計,2025-01-27,2025-05-11 10:55:31 +0900,2025-05-11 10:55:31 +0900
2434,29,680,主要卸売市場計,2025-01-27,2025-05-11 10:55:31 +0900,2025-05-11 10:55:31 +0900
2435,30,782,主要卸売市場計,2025-01-27,2025-05-11 10:55:31 +0900,2025-05-11 10:55:31 +0900
2436,33,1294,主要卸売市場計,2025-01-27,2025-05-11 10:55:31 +0900,2025-05-11 10:55:31 +0900
2437,34,1485,主要卸売市場計,2025-01-27,2025-05-11 10:55:31 +0900,2025-05-11 10:55:31 +0900
2438,35,1076,主要卸売市場計,2025-01-27,2025-05-11 10:55:31 +0900,2025-05-11 10:55:31 +0900
2439,36,1123,主要卸売市場計,2025-01-27,2025-05-11 10:55:31 +0900,2025-05-11 10:55:31 +0900
2440,37,2368,主要卸売市場計,2025-01-27,2025-05-11 10:55:31 +0900,2025-05-11 10:55:31 +0900
2441,38,269,主要卸売市場計,2025-01-27,2025-05-11 10:55:31 +0900,2025-05-11 10:55:31 +0900
2442,39,235,主要卸売市場計,2025-01-27,2025-05-11 10:55:31 +0900,2025-05-11 10:55:31 +0900
2443,40,402,主要卸売市場計,2025-01-27,2025-05-11 10:55:31 +0900,2025-05-11 10:55:31 +0900
2444,41,421,主要卸売市場計,2025-01-27,2025-05-11 10:55:31 +0900,2025-05-11 10:55:31 +0900
2445,42,150,主要卸売市場計,2025-01-27,2025-05-11 10:55:31 +0900,2025-05-11 10:55:31 +0900
2446,43,1383,主要卸売市場計,2025-01-27,2025-05-11 10:55:31 +0900,2025-05-11 10:55:31 +0900
2447,44,936,主要卸売市場計,2025-01-27,2025-05-11 10:55:31 +0900,2025-05-11 10:55:31 +0900
2448,45,1075,主要卸売市場計,2025-01-27,2025-05-11 10:55:31 +0900,2025-05-11 10:55:31 +0900
2449,46,550,主要卸売市場計,2025-01-27,2025-05-11 10:55:31 +0900,2025-05-11 10:55:31 +0900
2450,47,425,主要卸売市場計,2025-01-27,2025-05-11 10:55:31 +0900,2025-05-11 10:55:31 +0900
2451,48,611,主要卸売市場計,2025-01-27,2025-05-11 10:55:31 +0900,2025-05-11 10:55:31 +0900
2452,1,107,主要卸売市場計,2025-02-03,2025-05-11 10:55:31 +0900,2025-05-11 10:55:31 +0900
2453,2,158,主要卸売市場計,2025-02-03,2025-05-11 10:55:31 +0900,2025-05-11 10:55:31 +0900
2454,3,187,主要卸売市場計,2025-02-03,2025-05-11 10:55:31 +0900,2025-05-11 10:55:31 +0900
2455,4,463,主要卸売市場計,2025-02-03,2025-05-11 10:55:31 +0900,2025-05-11 10:55:31 +0900
2456,5,2484,主要卸売市場計,2025-02-03,2025-05-11 10:55:31 +0900,2025-05-11 10:55:31 +0900
2457,6,421,主要卸売市場計,2025-02-03,2025-05-11 10:55:31 +0900,2025-05-11 10:55:31 +0900
2458,7,139,主要卸売市場計,2025-02-03,2025-05-11 10:55:31 +0900,2025-05-11 10:55:31 +0900
2459,8,424,主要卸売市場計,2025-02-03,2025-05-11 10:55:31 +0900,2025-05-11 10:55:31 +0900
2460,9,462,主要卸売市場計,2025-02-03,2025-05-11 10:55:31 +0900,2025-05-11 10:55:31 +0900
2461,10,438,主要卸売市場計,2025-02-03,2025-05-11 10:55:31 +0900,2025-05-11 10:55:31 +0900
2462,11,185,主要卸売市場計,2025-02-03,2025-05-11 10:55:31 +0900,2025-05-11 10:55:31 +0900
2463,12,562,主要卸売市場計,2025-02-03,2025-05-11 10:55:31 +0900,2025-05-11 10:55:31 +0900
2464,13,489,主要卸売市場計,2025-02-03,2025-05-11 10:55:31 +0900,2025-05-11 10:55:31 +0900
2465,14,437,主要卸売市場計,2025-02-03,2025-05-11 10:55:31 +0900,2025-05-11 10:55:31 +0900
2466,15,810,主要卸売市場計,2025-02-03,2025-05-11 10:55:31 +0900,2025-05-11 10:55:31 +0900
2467,16,661,主要卸売市場計,2025-02-03,2025-05-11 10:55:31 +0900,2025-05-11 10:55:31 +0900
2468,17,701,主要卸売市場計,2025-02-03,2025-05-11 10:55:31 +0900,2025-05-11 10:55:31 +0900
2469,18,963,主要卸売市場計,2025-02-03,2025-05-11 10:55:31 +0900,2025-05-11 10:55:31 +0900
2470,19,271,主要卸売市場計,2025-02-03,2025-05-11 10:55:31 +0900,2025-05-11 10:55:31 +0900
2471,20,1444,主要卸売市場計,2025-02-03,2025-05-11 10:55:31 +0900,2025-05-11 10:55:31 +0900
2472,21,317,主要卸売市場計,2025-02-03,2025-05-11 10:55:31 +0900,2025-05-11 10:55:31 +0900
2473,22,594,主要卸売市場計,2025-02-03,2025-05-11 10:55:31 +0900,2025-05-11 10:55:31 +0900
2474,23,300,主要卸売市場計,2025-02-03,2025-05-11 10:55:31 +0900,2025-05-11 10:55:31 +0900
2475,24,1446,主要卸売市場計,2025-02-03,2025-05-11 10:55:31 +0900,2025-05-11 10:55:31 +0900
2476,25,502,主要卸売市場計,2025-02-03,2025-05-11 10:55:31 +0900,2025-05-11 10:55:31 +0900
2477,26,298,主要卸売市場計,2025-02-03,2025-05-11 10:55:31 +0900,2025-05-11 10:55:31 +0900
2478,27,518,主要卸売市場計,2025-02-03,2025-05-11 10:55:31 +0900,2025-05-11 10:55:31 +0900
2479,28,389,主要卸売市場計,2025-02-03,2025-05-11 10:55:31 +0900,2025-05-11 10:55:31 +0900
2480,29,703,主要卸売市場計,2025-02-03,2025-05-11 10:55:31 +0900,2025-05-11 10:55:31 +0900
2481,30,787,主要卸売市場計,2025-02-03,2025-05-11 10:55:31 +0900,2025-05-11 10:55:31 +0900
2482,33,1449,主要卸売市場計,2025-02-03,2025-05-11 10:55:31 +0900,2025-05-11 10:55:31 +0900
2483,34,1509,主要卸売市場計,2025-02-03,2025-05-11 10:55:31 +0900,2025-05-11 10:55:31 +0900
2484,35,1124,主要卸売市場計,2025-02-03,2025-05-11 10:55:31 +0900,2025-05-11 10:55:31 +0900
2485,36,1139,主要卸売市場計,2025-02-03,2025-05-11 10:55:31 +0900,2025-05-11 10:55:31 +0900
2486,37,2649,主要卸売市場計,2025-02-03,2025-05-11 10:55:31 +0900,2025-05-11 10:55:31 +0900
2487,38,264,主要卸売市場計,2025-02-03,2025-05-11 10:55:31 +0900,2025-05-11 10:55:31 +0900
2488,39,216,主要卸売市場計,2025-02-03,2025-05-11 10:55:31 +0900,2025-05-11 10:55:31 +0900
2489,40,380,主要卸売市場計,2025-02-03,2025-05-11 10:55:31 +0900,2025-05-11 10:55:31 +0900
2490,41,428,主要卸売市場計,2025-02-03,2025-05-11 10:55:31 +0900,2025-05-11 10:55:31 +0900
2491,42,161,主要卸売市場計,2025-02-03,2025-05-11 10:55:32 +0900,2025-05-11 10:55:32 +0900
2492,43,1472,主要卸売市場計,2025-02-03,2025-05-11 10:55:32 +0900,2025-05-11 10:55:32 +0900
2493,44,1008,主要卸売市場計,2025-02-03,2025-05-11 10:55:32 +0900,2025-05-11 10:55:32 +0900
2494,45,1054,主要卸売市場計,2025-02-03,2025-05-11 10:55:32 +0900,2025-05-11 10:55:32 +0900
2495,46,544,主要卸売市場計,2025-02-03,2025-05-11 10:55:32 +0900,2025-05-11 10:55:32 +0900
2496,47,367,主要卸売市場計,2025-02-03,2025-05-11 10:55:32 +0900,2025-05-11 10:55:32 +0900
2497,48,556,主要卸売市場計,2025-02-03,2025-05-11 10:55:32 +0900,2025-05-11 10:55:32 +0900
2498,1,118,主要卸売市場計,2025-02-10,2025-05-11 10:55:32 +0900,2025-05-11 10:55:32 +0900
2499,2,179,主要卸売市場計,2025-02-10,2025-05-11 10:55:32 +0900,2025-05-11 10:55:32 +0900
2500,3,194,主要卸売市場計,2025-02-10,2025-05-11 10:55:32 +0900,2025-05-11 10:55:32 +0900
2501,4,464,主要卸売市場計,2025-02-10,2025-05-11 10:55:32 +0900,2025-05-11 10:55:32 +0900
2502,5,2172,主要卸売市場計,2025-02-10,2025-05-11 10:55:32 +0900,2025-05-11 10:55:32 +0900
2503,6,435,主要卸売市場計,2025-02-10,2025-05-11 10:55:32 +0900,2025-05-11 10:55:32 +0900
2504,7,150,主要卸売市場計,2025-02-10,2025-05-11 10:55:32 +0900,2025-05-11 10:55:32 +0900
2505,8,432,主要卸売市場計,2025-02-10,2025-05-11 10:55:32 +0900,2025-05-11 10:55:32 +0900
2506,9,466,主要卸売市場計,2025-02-10,2025-05-11 10:55:32 +0900,2025-05-11 10:55:32 +0900
2507,10,447,主要卸売市場計,2025-02-10,2025-05-11 10:55:32 +0900,2025-05-11 10:55:32 +0900
2508,11,199,主要卸売市場計,2025-02-10,2025-05-11 10:55:32 +0900,2025-05-11 10:55:32 +0900
2509,12,604,主要卸売市場計,2025-02-10,2025-05-11 10:55:32 +0900,2025-05-11 10:55:32 +0900
2510,13,531,主要卸売市場計,2025-02-10,2025-05-11 10:55:32 +0900,2025-05-11 10:55:32 +0900
2511,14,487,主要卸売市場計,2025-02-10,2025-05-11 10:55:32 +0900,2025-05-11 10:55:32 +0900
2512,15,737,主要卸売市場計,2025-02-10,2025-05-11 10:55:32 +0900,2025-05-11 10:55:32 +0900
2513,16,625,主要卸売市場計,2025-02-10,2025-05-11 10:55:32 +0900,2025-05-11 10:55:32 +0900
2514,17,743,主要卸売市場計,2025-02-10,2025-05-11 10:55:32 +0900,2025-05-11 10:55:32 +0900
2515,18,1016,主要卸売市場計,2025-02-10,2025-05-11 10:55:32 +0900,2025-05-11 10:55:32 +0900
2516,19,272,主要卸売市場計,2025-02-10,2025-05-11 10:55:32 +0900,2025-05-11 10:55:32 +0900
2517,20,1385,主要卸売市場計,2025-02-10,2025-05-11 10:55:32 +0900,2025-05-11 10:55:32 +0900
2518,21,310,主要卸売市場計,2025-02-10,2025-05-11 10:55:32 +0900,2025-05-11 10:55:32 +0900
2519,22,636,主要卸売市場計,2025-02-10,2025-05-11 10:55:32 +0900,2025-05-11 10:55:32 +0900
2520,23,288,主要卸売市場計,2025-02-10,2025-05-11 10:55:32 +0900,2025-05-11 10:55:32 +0900
2521,24,1307,主要卸売市場計,2025-02-10,2025-05-11 10:55:32 +0900,2025-05-11 10:55:32 +0900
2522,25,508,主要卸売市場計,2025-02-10,2025-05-11 10:55:32 +0900,2025-05-11 10:55:32 +0900
2523,26,308,主要卸売市場計,2025-02-10,2025-05-11 10:55:32 +0900,2025-05-11 10:55:32 +0900
2524,27,491,主要卸売市場計,2025-02-10,2025-05-11 10:55:32 +0900,2025-05-11 10:55:32 +0900
2525,28,407,主要卸売市場計,2025-02-10,2025-05-11 10:55:32 +0900,2025-05-11 10:55:32 +0900
2526,29,774,主要卸売市場計,2025-02-10,2025-05-11 10:55:32 +0900,2025-05-11 10:55:32 +0900
2527,30,827,主要卸売市場計,2025-02-10,2025-05-11 10:55:32 +0900,2025-05-11 10:55:32 +0900
2528,33,1525,主要卸売市場計,2025-02-10,2025-05-11 10:55:32 +0900,2025-05-11 10:55:32 +0900
2529,34,1418,主要卸売市場計,2025-02-10,2025-05-11 10:55:32 +0900,2025-05-11 10:55:32 +0900
2530,35,1133,主要卸売市場計,2025-02-10,2025-05-11 10:55:32 +0900,2025-05-11 10:55:32 +0900
2531,36,1134,主要卸売市場計,2025-02-10,2025-05-11 10:55:32 +0900,2025-05-11 10:55:32 +0900
2532,37,2595,主要卸売市場計,2025-02-10,2025-05-11 10:55:32 +0900,2025-05-11 10:55:32 +0900
2533,38,259,主要卸売市場計,2025-02-10,2025-05-11 10:55:32 +0900,2025-05-11 10:55:32 +0900
2534,39,228,主要卸売市場計,2025-02-10,2025-05-11 10:55:32 +0900,2025-05-11 10:55:32 +0900
2535,40,419,主要卸売市場計,2025-02-10,2025-05-11 10:55:32 +0900,2025-05-11 10:55:32 +0900
2536,41,427,主要卸売市場計,2025-02-10,2025-05-11 10:55:32 +0900,2025-05-11 10:55:32 +0900
2537,42,163,主要卸売市場計,2025-02-10,2025-05-11 10:55:32 +0900,2025-05-11 10:55:32 +0900
2538,43,1247,主要卸売市場計,2025-02-10,2025-05-11 10:55:32 +0900,2025-05-11 10:55:32 +0900
2539,44,1028,主要卸売市場計,2025-02-10,2025-05-11 10:55:32 +0900,2025-05-11 10:55:32 +0900
2540,45,1074,主要卸売市場計,2025-02-10,2025-05-11 10:55:32 +0900,2025-05-11 10:55:32 +0900
2541,46,544,主要卸売市場計,2025-02-10,2025-05-11 10:55:32 +0900,2025-05-11 10:55:32 +0900
2542,47,358,主要卸売市場計,2025-02-10,2025-05-11 10:55:32 +0900,2025-05-11 10:55:32 +0900
2543,48,541,主要卸売市場計,2025-02-10,2025-05-11 10:55:32 +0900,2025-05-11 10:55:32 +0900
2544,1,119,主要卸売市場計,2025-02-17,2025-05-11 10:55:32 +0900,2025-05-11 10:55:32 +0900
2545,2,175,主要卸売市場計,2025-02-17,2025-05-11 10:55:32 +0900,2025-05-11 10:55:32 +0900
2546,3,209,主要卸売市場計,2025-02-17,2025-05-11 10:55:32 +0900,2025-05-11 10:55:32 +0900
2547,4,469,主要卸売市場計,2025-02-17,2025-05-11 10:55:32 +0900,2025-05-11 10:55:32 +0900
2548,5,2510,主要卸売市場計,2025-02-17,2025-05-11 10:55:32 +0900,2025-05-11 10:55:32 +0900
2549,6,439,主要卸売市場計,2025-02-17,2025-05-11 10:55:32 +0900,2025-05-11 10:55:32 +0900
2550,7,167,主要卸売市場計,2025-02-17,2025-05-11 10:55:32 +0900,2025-05-11 10:55:32 +0900
2551,8,445,主要卸売市場計,2025-02-17,2025-05-11 10:55:32 +0900,2025-05-11 10:55:32 +0900
2552,9,480,主要卸売市場計,2025-02-17,2025-05-11 10:55:32 +0900,2025-05-11 10:55:32 +0900
2553,10,437,主要卸売市場計,2025-02-17,2025-05-11 10:55:32 +0900,2025-05-11 10:55:32 +0900
2554,11,210,主要卸売市場計,2025-02-17,2025-05-11 10:55:32 +0900,2025-05-11 10:55:32 +0900
2555,12,642,主要卸売市場計,2025-02-17,2025-05-11 10:55:32 +0900,2025-05-11 10:55:32 +0900
2556,13,589,主要卸売市場計,2025-02-17,2025-05-11 10:55:32 +0900,2025-05-11 10:55:32 +0900
2557,14,510,主要卸売市場計,2025-02-17,2025-05-11 10:55:32 +0900,2025-05-11 10:55:32 +0900
2558,15,754,主要卸売市場計,2025-02-17,2025-05-11 10:55:32 +0900,2025-05-11 10:55:32 +0900
2559,16,573,主要卸売市場計,2025-02-17,2025-05-11 10:55:32 +0900,2025-05-11 10:55:32 +0900
2560,17,778,主要卸売市場計,2025-02-17,2025-05-11 10:55:32 +0900,2025-05-11 10:55:32 +0900
2561,18,1013,主要卸売市場計,2025-02-17,2025-05-11 10:55:32 +0900,2025-05-11 10:55:32 +0900
2562,19,277,主要卸売市場計,2025-02-17,2025-05-11 10:55:32 +0900,2025-05-11 10:55:32 +0900
2563,20,1514,主要卸売市場計,2025-02-17,2025-05-11 10:55:32 +0900,2025-05-11 10:55:32 +0900
2564,21,335,主要卸売市場計,2025-02-17,2025-05-11 10:55:32 +0900,2025-05-11 10:55:32 +0900
2565,22,652,主要卸売市場計,2025-02-17,2025-05-11 10:55:32 +0900,2025-05-11 10:55:32 +0900
2566,23,295,主要卸売市場計,2025-02-17,2025-05-11 10:55:32 +0900,2025-05-11 10:55:32 +0900
2567,24,1157,主要卸売市場計,2025-02-17,2025-05-11 10:55:32 +0900,2025-05-11 10:55:32 +0900
2568,25,453,主要卸売市場計,2025-02-17,2025-05-11 10:55:32 +0900,2025-05-11 10:55:32 +0900
2569,26,267,主要卸売市場計,2025-02-17,2025-05-11 10:55:32 +0900,2025-05-11 10:55:32 +0900
2570,27,451,主要卸売市場計,2025-02-17,2025-05-11 10:55:32 +0900,2025-05-11 10:55:32 +0900
2571,28,411,主要卸売市場計,2025-02-17,2025-05-11 10:55:32 +0900,2025-05-11 10:55:32 +0900
2572,29,788,主要卸売市場計,2025-02-17,2025-05-11 10:55:32 +0900,2025-05-11 10:55:32 +0900
2573,30,839,主要卸売市場計,2025-02-17,2025-05-11 10:55:32 +0900,2025-05-11 10:55:32 +0900
2574,33,1475,主要卸売市場計,2025-02-17,2025-05-11 10:55:32 +0900,2025-05-11 10:55:32 +0900
2575,34,1333,主要卸売市場計,2025-02-17,2025-05-11 10:55:32 +0900,2025-05-11 10:55:32 +0900
2576,35,1136,主要卸売市場計,2025-02-17,2025-05-11 10:55:32 +0900,2025-05-11 10:55:32 +0900
2577,36,1142,主要卸売市場計,2025-02-17,2025-05-11 10:55:32 +0900,2025-05-11 10:55:32 +0900
2578,37,2692,主要卸売市場計,2025-02-17,2025-05-11 10:55:32 +0900,2025-05-11 10:55:32 +0900
2579,38,270,主要卸売市場計,2025-02-17,2025-05-11 10:55:32 +0900,2025-05-11 10:55:32 +0900
2580,39,224,主要卸売市場計,2025-02-17,2025-05-11 10:55:32 +0900,2025-05-11 10:55:32 +0900
2581,40,426,主要卸売市場計,2025-02-17,2025-05-11 10:55:32 +0900,2025-05-11 10:55:32 +0900
2582,41,422,主要卸売市場計,2025-02-17,2025-05-11 10:55:32 +0900,2025-05-11 10:55:32 +0900
2583,42,154,主要卸売市場計,2025-02-17,2025-05-11 10:55:32 +0900,2025-05-11 10:55:32 +0900
2584,43,1225,主要卸売市場計,2025-02-17,2025-05-11 10:55:32 +0900,2025-05-11 10:55:32 +0900
2585,44,1036,主要卸売市場計,2025-02-17,2025-05-11 10:55:32 +0900,2025-05-11 10:55:32 +0900
2586,45,1056,主要卸売市場計,2025-02-17,2025-05-11 10:55:32 +0900,2025-05-11 10:55:32 +0900
2587,46,539,主要卸売市場計,2025-02-17,2025-05-11 10:55:32 +0900,2025-05-11 10:55:32 +0900
2588,47,355,主要卸売市場計,2025-02-17,2025-05-11 10:55:32 +0900,2025-05-11 10:55:32 +0900
2589,48,529,主要卸売市場計,2025-02-17,2025-05-11 10:55:32 +0900,2025-05-11 10:55:32 +0900
2590,1,147,主要卸売市場計,2025-02-24,2025-05-11 10:55:32 +0900,2025-05-11 10:55:32 +0900
2591,2,250,主要卸売市場計,2025-02-24,2025-05-11 10:55:32 +0900,2025-05-11 10:55:32 +0900
2592,3,157,主要卸売市場計,2025-02-24,2025-05-11 10:55:32 +0900,2025-05-11 10:55:32 +0900
2593,4,299,主要卸売市場計,2025-02-24,2025-05-11 10:55:32 +0900,2025-05-11 10:55:32 +0900
2594,7,185,主要卸売市場計,2025-02-24,2025-05-11 10:55:32 +0900,2025-05-11 10:55:32 +0900
2595,8,810,主要卸売市場計,2025-02-24,2025-05-11 10:55:32 +0900,2025-05-11 10:55:32 +0900
2596,9,340,主要卸売市場計,2025-02-24,2025-05-11 10:55:32 +0900,2025-05-11 10:55:32 +0900
2597,10,322,主要卸売市場計,2025-02-24,2025-05-11 10:55:32 +0900,2025-05-11 10:55:32 +0900
2598,11,207,主要卸売市場計,2025-02-24,2025-05-11 10:55:32 +0900,2025-05-11 10:55:32 +0900
2599,12,321,主要卸売市場計,2025-02-24,2025-05-11 10:55:32 +0900,2025-05-11 10:55:32 +0900
2600,13,607,主要卸売市場計,2025-02-24,2025-05-11 10:55:32 +0900,2025-05-11 10:55:32 +0900
2601,16,1006,主要卸売市場計,2025-02-24,2025-05-11 10:55:32 +0900,2025-05-11 10:55:32 +0900
2602,17,597,主要卸売市場計,2025-02-24,2025-05-11 10:55:32 +0900,2025-05-11 10:55:32 +0900
2603,18,1267,主要卸売市場計,2025-02-24,2025-05-11 10:55:32 +0900,2025-05-11 10:55:32 +0900
2604,19,107,主要卸売市場計,2025-02-24,2025-05-11 10:55:32 +0900,2025-05-11 10:55:32 +0900
2605,20,1738,主要卸売市場計,2025-02-24,2025-05-11 10:55:32 +0900,2025-05-11 10:55:32 +0900
2606,21,205,主要卸売市場計,2025-02-24,2025-05-11 10:55:32 +0900,2025-05-11 10:55:32 +0900
2607,22,366,主要卸売市場計,2025-02-24,2025-05-11 10:55:32 +0900,2025-05-11 10:55:32 +0900
2608,23,203,主要卸売市場計,2025-02-24,2025-05-11 10:55:32 +0900,2025-05-11 10:55:32 +0900
2609,24,1523,主要卸売市場計,2025-02-24,2025-05-11 10:55:32 +0900,2025-05-11 10:55:32 +0900
2610,25,311,主要卸売市場計,2025-02-24,2025-05-11 10:55:32 +0900,2025-05-11 10:55:32 +0900
2611,26,453,主要卸売市場計,2025-02-24,2025-05-11 10:55:32 +0900,2025-05-11 10:55:32 +0900
2612,27,252,主要卸売市場計,2025-02-24,2025-05-11 10:55:32 +0900,2025-05-11 10:55:32 +0900
2613,28,312,主要卸売市場計,2025-02-24,2025-05-11 10:55:32 +0900,2025-05-11 10:55:32 +0900
2614,29,721,主要卸売市場計,2025-02-24,2025-05-11 10:55:32 +0900,2025-05-11 10:55:32 +0900
2615,30,519,主要卸売市場計,2025-02-24,2025-05-11 10:55:32 +0900,2025-05-11 10:55:32 +0900
2616,33,1176,主要卸売市場計,2025-02-24,2025-05-11 10:55:32 +0900,2025-05-11 10:55:32 +0900
2617,34,1110,主要卸売市場計,2025-02-24,2025-05-11 10:55:32 +0900,2025-05-11 10:55:32 +0900
2618,38,247,主要卸売市場計,2025-02-24,2025-05-11 10:55:32 +0900,2025-05-11 10:55:32 +0900
2619,39,330,主要卸売市場計,2025-02-24,2025-05-11 10:55:32 +0900,2025-05-11 10:55:32 +0900
2620,40,790,主要卸売市場計,2025-02-24,2025-05-11 10:55:32 +0900,2025-05-11 10:55:32 +0900
2621,41,342,主要卸売市場計,2025-02-24,2025-05-11 10:55:32 +0900,2025-05-11 10:55:32 +0900
2622,42,171,主要卸売市場計,2025-02-24,2025-05-11 10:55:32 +0900,2025-05-11 10:55:32 +0900
2623,43,592,主要卸売市場計,2025-02-24,2025-05-11 10:55:32 +0900,2025-05-11 10:55:32 +0900
2624,44,879,主要卸売市場計,2025-02-24,2025-05-11 10:55:32 +0900,2025-05-11 10:55:32 +0900
2625,45,1368,主要卸売市場計,2025-02-24,2025-05-11 10:55:32 +0900,2025-05-11 10:55:32 +0900
2626,46,702,主要卸売市場計,2025-02-24,2025-05-11 10:55:32 +0900,2025-05-11 10:55:32 +0900
2627,47,392,主要卸売市場計,2025-02-24,2025-05-11 10:55:32 +0900,2025-05-11 10:55:32 +0900
2628,48,669,主要卸売市場計,2025-02-24,2025-05-11 10:55:32 +0900,2025-05-11 10:55:32 +0900
2629,1,160,主要卸売市場計,2025-03-03,2025-05-11 10:55:32 +0900,2025-05-11 10:55:32 +0900
2630,2,173,主要卸売市場計,2025-03-03,2025-05-11 10:55:32 +0900,2025-05-11 10:55:32 +0900
2631,3,251,主要卸売市場計,2025-03-03,2025-05-11 10:55:32 +0900,2025-05-11 10:55:32 +0900
2632,4,454,主要卸売市場計,2025-03-03,2025-05-11 10:55:32 +0900,2025-05-11 10:55:32 +0900
2633,5,2352,主要卸売市場計,2025-03-03,2025-05-11 10:55:32 +0900,2025-05-11 10:55:32 +0900
2634,6,517,主要卸売市場計,2025-03-03,2025-05-11 10:55:32 +0900,2025-05-11 10:55:32 +0900
2635,7,168,主要卸売市場計,2025-03-03,2025-05-11 10:55:32 +0900,2025-05-11 10:55:32 +0900
2636,8,414,主要卸売市場計,2025-03-03,2025-05-11 10:55:32 +0900,2025-05-11 10:55:32 +0900
2637,9,463,主要卸売市場計,2025-03-03,2025-05-11 10:55:32 +0900,2025-05-11 10:55:32 +0900
2638,10,404,主要卸売市場計,2025-03-03,2025-05-11 10:55:32 +0900,2025-05-11 10:55:32 +0900
2639,11,231,主要卸売市場計,2025-03-03,2025-05-11 10:55:32 +0900,2025-05-11 10:55:32 +0900
2640,12,612,主要卸売市場計,2025-03-03,2025-05-11 10:55:32 +0900,2025-05-11 10:55:32 +0900
2641,13,661,主要卸売市場計,2025-03-03,2025-05-11 10:55:32 +0900,2025-05-11 10:55:32 +0900
2642,14,742,主要卸売市場計,2025-03-03,2025-05-11 10:55:32 +0900,2025-05-11 10:55:32 +0900
2643,15,718,主要卸売市場計,2025-03-03,2025-05-11 10:55:32 +0900,2025-05-11 10:55:32 +0900
2644,16,618,主要卸売市場計,2025-03-03,2025-05-11 10:55:32 +0900,2025-05-11 10:55:32 +0900
2645,17,708,主要卸売市場計,2025-03-03,2025-05-11 10:55:32 +0900,2025-05-11 10:55:32 +0900
2646,18,913,主要卸売市場計,2025-03-03,2025-05-11 10:55:32 +0900,2025-05-11 10:55:32 +0900
2647,19,311,主要卸売市場計,2025-03-03,2025-05-11 10:55:32 +0900,2025-05-11 10:55:32 +0900
2648,20,1623,主要卸売市場計,2025-03-03,2025-05-11 10:55:32 +0900,2025-05-11 10:55:32 +0900
2649,21,219,主要卸売市場計,2025-03-03,2025-05-11 10:55:32 +0900,2025-05-11 10:55:32 +0900
2650,22,476,主要卸売市場計,2025-03-03,2025-05-11 10:55:32 +0900,2025-05-11 10:55:32 +0900
2651,23,278,主要卸売市場計,2025-03-03,2025-05-11 10:55:32 +0900,2025-05-11 10:55:32 +0900
2652,24,1046,主要卸売市場計,2025-03-03,2025-05-11 10:55:32 +0900,2025-05-11 10:55:32 +0900
2653,25,366,主要卸売市場計,2025-03-03,2025-05-11 10:55:32 +0900,2025-05-11 10:55:32 +0900
2654,26,297,主要卸売市場計,2025-03-03,2025-05-11 10:55:32 +0900,2025-05-11 10:55:32 +0900
2655,27,441,主要卸売市場計,2025-03-03,2025-05-11 10:55:32 +0900,2025-05-11 10:55:32 +0900
2656,28,416,主要卸売市場計,2025-03-03,2025-05-11 10:55:32 +0900,2025-05-11 10:55:32 +0900
2657,29,743,主要卸売市場計,2025-03-03,2025-05-11 10:55:32 +0900,2025-05-11 10:55:32 +0900
2658,30,778,主要卸売市場計,2025-03-03,2025-05-11 10:55:32 +0900,2025-05-11 10:55:32 +0900
2659,33,1372,主要卸売市場計,2025-03-03,2025-05-11 10:55:32 +0900,2025-05-11 10:55:32 +0900
2660,34,1488,主要卸売市場計,2025-03-03,2025-05-11 10:55:32 +0900,2025-05-11 10:55:32 +0900
2661,35,1206,主要卸売市場計,2025-03-03,2025-05-11 10:55:32 +0900,2025-05-11 10:55:32 +0900
2662,36,1078,主要卸売市場計,2025-03-03,2025-05-11 10:55:32 +0900,2025-05-11 10:55:32 +0900
2663,37,2650,主要卸売市場計,2025-03-03,2025-05-11 10:55:32 +0900,2025-05-11 10:55:32 +0900
2664,38,265,主要卸売市場計,2025-03-03,2025-05-11 10:55:32 +0900,2025-05-11 10:55:32 +0900
2665,39,220,主要卸売市場計,2025-03-03,2025-05-11 10:55:32 +0900,2025-05-11 10:55:32 +0900
2666,40,431,主要卸売市場計,2025-03-03,2025-05-11 10:55:32 +0900,2025-05-11 10:55:32 +0900
2667,41,421,主要卸売市場計,2025-03-03,2025-05-11 10:55:32 +0900,2025-05-11 10:55:32 +0900
2668,42,167,主要卸売市場計,2025-03-03,2025-05-11 10:55:32 +0900,2025-05-11 10:55:32 +0900
2669,43,1357,主要卸売市場計,2025-03-03,2025-05-11 10:55:32 +0900,2025-05-11 10:55:32 +0900
2670,44,1149,主要卸売市場計,2025-03-03,2025-05-11 10:55:32 +0900,2025-05-11 10:55:32 +0900
2671,45,1042,主要卸売市場計,2025-03-03,2025-05-11 10:55:32 +0900,2025-05-11 10:55:32 +0900
2672,46,533,主要卸売市場計,2025-03-03,2025-05-11 10:55:32 +0900,2025-05-11 10:55:32 +0900
2673,47,356,主要卸売市場計,2025-03-03,2025-05-11 10:55:32 +0900,2025-05-11 10:55:32 +0900
2674,48,516,主要卸売市場計,2025-03-03,2025-05-11 10:55:32 +0900,2025-05-11 10:55:32 +0900
2675,1,161,主要卸売市場計,2025-03-10,2025-05-11 10:55:32 +0900,2025-05-11 10:55:32 +0900
2676,2,177,主要卸売市場計,2025-03-10,2025-05-11 10:55:32 +0900,2025-05-11 10:55:32 +0900
2677,3,283,主要卸売市場計,2025-03-10,2025-05-11 10:55:32 +0900,2025-05-11 10:55:32 +0900
2678,4,564,主要卸売市場計,2025-03-10,2025-05-11 10:55:32 +0900,2025-05-11 10:55:32 +0900
2679,5,2344,主要卸売市場計,2025-03-10,2025-05-11 10:55:32 +0900,2025-05-11 10:55:32 +0900
2680,6,489,主要卸売市場計,2025-03-10,2025-05-11 10:55:32 +0900,2025-05-11 10:55:32 +0900
2681,7,160,主要卸売市場計,2025-03-10,2025-05-11 10:55:32 +0900,2025-05-11 10:55:32 +0900
2682,8,361,主要卸売市場計,2025-03-10,2025-05-11 10:55:32 +0900,2025-05-11 10:55:32 +0900
2683,9,392,主要卸売市場計,2025-03-10,2025-05-11 10:55:32 +0900,2025-05-11 10:55:32 +0900
2684,10,386,主要卸売市場計,2025-03-10,2025-05-11 10:55:32 +0900,2025-05-11 10:55:32 +0900
2685,11,194,主要卸売市場計,2025-03-10,2025-05-11 10:55:32 +0900,2025-05-11 10:55:32 +0900
2686,12,488,主要卸売市場計,2025-03-10,2025-05-11 10:55:32 +0900,2025-05-11 10:55:32 +0900
2687,13,661,主要卸売市場計,2025-03-10,2025-05-11 10:55:32 +0900,2025-05-11 10:55:32 +0900
2688,14,606,主要卸売市場計,2025-03-10,2025-05-11 10:55:32 +0900,2025-05-11 10:55:32 +0900
2689,15,715,主要卸売市場計,2025-03-10,2025-05-11 10:55:32 +0900,2025-05-11 10:55:32 +0900
2690,16,564,主要卸売市場計,2025-03-10,2025-05-11 10:55:32 +0900,2025-05-11 10:55:32 +0900
2691,17,587,主要卸売市場計,2025-03-10,2025-05-11 10:55:32 +0900,2025-05-11 10:55:32 +0900
2692,18,836,主要卸売市場計,2025-03-10,2025-05-11 10:55:32 +0900,2025-05-11 10:55:32 +0900
2693,19,298,主要卸売市場計,2025-03-10,2025-05-11 10:55:32 +0900,2025-05-11 10:55:32 +0900
2694,20,1561,主要卸売市場計,2025-03-10,2025-05-11 10:55:32 +0900,2025-05-11 10:55:32 +0900
2695,21,173,主要卸売市場計,2025-03-10,2025-05-11 10:55:32 +0900,2025-05-11 10:55:32 +0900
2696,22,323,主要卸売市場計,2025-03-10,2025-05-11 10:55:32 +0900,2025-05-11 10:55:32 +0900
2697,23,223,主要卸売市場計,2025-03-10,2025-05-11 10:55:32 +0900,2025-05-11 10:55:32 +0900
2698,24,1002,主要卸売市場計,2025-03-10,2025-05-11 10:55:32 +0900,2025-05-11 10:55:32 +0900
2699,25,386,主要卸売市場計,2025-03-10,2025-05-11 10:55:32 +0900,2025-05-11 10:55:32 +0900
2700,26,269,主要卸売市場計,2025-03-10,2025-05-11 10:55:32 +0900,2025-05-11 10:55:32 +0900
2701,27,480,主要卸売市場計,2025-03-10,2025-05-11 10:55:32 +0900,2025-05-11 10:55:32 +0900
2702,28,414,主要卸売市場計,2025-03-10,2025-05-11 10:55:32 +0900,2025-05-11 10:55:32 +0900
2703,29,712,主要卸売市場計,2025-03-10,2025-05-11 10:55:32 +0900,2025-05-11 10:55:32 +0900
2704,30,697,主要卸売市場計,2025-03-10,2025-05-11 10:55:32 +0900,2025-05-11 10:55:32 +0900
2705,33,1209,主要卸売市場計,2025-03-10,2025-05-11 10:55:32 +0900,2025-05-11 10:55:32 +0900
2706,34,1215,主要卸売市場計,2025-03-10,2025-05-11 10:55:32 +0900,2025-05-11 10:55:32 +0900
2707,35,1173,主要卸売市場計,2025-03-10,2025-05-11 10:55:32 +0900,2025-05-11 10:55:32 +0900
2708,36,1090,主要卸売市場計,2025-03-10,2025-05-11 10:55:32 +0900,2025-05-11 10:55:32 +0900
2709,37,2597,主要卸売市場計,2025-03-10,2025-05-11 10:55:32 +0900,2025-05-11 10:55:32 +0900
2710,38,274,主要卸売市場計,2025-03-10,2025-05-11 10:55:32 +0900,2025-05-11 10:55:32 +0900
2711,39,224,主要卸売市場計,2025-03-10,2025-05-11 10:55:32 +0900,2025-05-11 10:55:32 +0900
2712,40,427,主要卸売市場計,2025-03-10,2025-05-11 10:55:32 +0900,2025-05-11 10:55:32 +0900
2713,41,415,主要卸売市場計,2025-03-10,2025-05-11 10:55:32 +0900,2025-05-11 10:55:32 +0900
2714,42,162,主要卸売市場計,2025-03-10,2025-05-11 10:55:32 +0900,2025-05-11 10:55:32 +0900
2715,43,1165,主要卸売市場計,2025-03-10,2025-05-11 10:55:32 +0900,2025-05-11 10:55:32 +0900
2716,44,1171,主要卸売市場計,2025-03-10,2025-05-11 10:55:32 +0900,2025-05-11 10:55:32 +0900
2717,45,1017,主要卸売市場計,2025-03-10,2025-05-11 10:55:32 +0900,2025-05-11 10:55:32 +0900
2718,46,527,主要卸売市場計,2025-03-10,2025-05-11 10:55:32 +0900,2025-05-11 10:55:32 +0900
2719,47,351,主要卸売市場計,2025-03-10,2025-05-11 10:55:32 +0900,2025-05-11 10:55:32 +0900
2720,48,495,主要卸売市場計,2025-03-10,2025-05-11 10:55:32 +0900,2025-05-11 10:55:32 +0900
2721,1,134,主要卸売市場計,2025-03-17,2025-05-11 10:55:32 +0900,2025-05-11 10:55:32 +0900
2722,2,175,主要卸売市場計,2025-03-17,2025-05-11 10:55:32 +0900,2025-05-11 10:55:32 +0900
2723,3,290,主要卸売市場計,2025-03-17,2025-05-11 10:55:32 +0900,2025-05-11 10:55:32 +0900
2724,4,572,主要卸売市場計,2025-03-17,2025-05-11 10:55:32 +0900,2025-05-11 10:55:32 +0900
2725,5,1773,主要卸売市場計,2025-03-17,2025-05-11 10:55:32 +0900,2025-05-11 10:55:32 +0900
2726,6,469,主要卸売市場計,2025-03-17,2025-05-11 10:55:32 +0900,2025-05-11 10:55:32 +0900
2727,7,151,主要卸売市場計,2025-03-17,2025-05-11 10:55:32 +0900,2025-05-11 10:55:32 +0900
2728,8,354,主要卸売市場計,2025-03-17,2025-05-11 10:55:32 +0900,2025-05-11 10:55:32 +0900
2729,9,322,主要卸売市場計,2025-03-17,2025-05-11 10:55:32 +0900,2025-05-11 10:55:32 +0900
2730,10,375,主要卸売市場計,2025-03-17,2025-05-11 10:55:32 +0900,2025-05-11 10:55:32 +0900
2731,11,167,主要卸売市場計,2025-03-17,2025-05-11 10:55:32 +0900,2025-05-11 10:55:32 +0900
2732,12,409,主要卸売市場計,2025-03-17,2025-05-11 10:55:32 +0900,2025-05-11 10:55:32 +0900
2733,13,641,主要卸売市場計,2025-03-17,2025-05-11 10:55:32 +0900,2025-05-11 10:55:32 +0900
2734,14,550,主要卸売市場計,2025-03-17,2025-05-11 10:55:32 +0900,2025-05-11 10:55:32 +0900
2735,15,784,主要卸売市場計,2025-03-17,2025-05-11 10:55:32 +0900,2025-05-11 10:55:32 +0900
2736,16,555,主要卸売市場計,2025-03-17,2025-05-11 10:55:32 +0900,2025-05-11 10:55:32 +0900
2737,17,592,主要卸売市場計,2025-03-17,2025-05-11 10:55:32 +0900,2025-05-11 10:55:32 +0900
2738,18,756,主要卸売市場計,2025-03-17,2025-05-11 10:55:32 +0900,2025-05-11 10:55:32 +0900
2739,19,293,主要卸売市場計,2025-03-17,2025-05-11 10:55:32 +0900,2025-05-11 10:55:32 +0900
2740,20,1599,主要卸売市場計,2025-03-17,2025-05-11 10:55:32 +0900,2025-05-11 10:55:32 +0900
2741,21,164,主要卸売市場計,2025-03-17,2025-05-11 10:55:32 +0900,2025-05-11 10:55:32 +0900
2742,22,301,主要卸売市場計,2025-03-17,2025-05-11 10:55:32 +0900,2025-05-11 10:55:32 +0900
2743,23,194,主要卸売市場計,2025-03-17,2025-05-11 10:55:32 +0900,2025-05-11 10:55:32 +0900
2744,24,975,主要卸売市場計,2025-03-17,2025-05-11 10:55:32 +0900,2025-05-11 10:55:32 +0900
2745,25,399,主要卸売市場計,2025-03-17,2025-05-11 10:55:32 +0900,2025-05-11 10:55:32 +0900
2746,26,247,主要卸売市場計,2025-03-17,2025-05-11 10:55:32 +0900,2025-05-11 10:55:32 +0900
2747,27,468,主要卸売市場計,2025-03-17,2025-05-11 10:55:32 +0900,2025-05-11 10:55:32 +0900
2748,28,408,主要卸売市場計,2025-03-17,2025-05-11 10:55:32 +0900,2025-05-11 10:55:32 +0900
2749,29,707,主要卸売市場計,2025-03-17,2025-05-11 10:55:32 +0900,2025-05-11 10:55:32 +0900
2750,30,675,主要卸売市場計,2025-03-17,2025-05-11 10:55:32 +0900,2025-05-11 10:55:32 +0900
2751,33,1303,主要卸売市場計,2025-03-17,2025-05-11 10:55:32 +0900,2025-05-11 10:55:32 +0900
2752,34,1008,主要卸売市場計,2025-03-17,2025-05-11 10:55:32 +0900,2025-05-11 10:55:32 +0900
2753,35,1119,主要卸売市場計,2025-03-17,2025-05-11 10:55:32 +0900,2025-05-11 10:55:32 +0900
2754,36,883,主要卸売市場計,2025-03-17,2025-05-11 10:55:32 +0900,2025-05-11 10:55:32 +0900
2755,37,2380,主要卸売市場計,2025-03-17,2025-05-11 10:55:32 +0900,2025-05-11 10:55:32 +0900
2756,38,282,主要卸売市場計,2025-03-17,2025-05-11 10:55:32 +0900,2025-05-11 10:55:32 +0900
2757,39,220,主要卸売市場計,2025-03-17,2025-05-11 10:55:32 +0900,2025-05-11 10:55:32 +0900
2758,40,419,主要卸売市場計,2025-03-17,2025-05-11 10:55:32 +0900,2025-05-11 10:55:32 +0900
2759,41,428,主要卸売市場計,2025-03-17,2025-05-11 10:55:32 +0900,2025-05-11 10:55:32 +0900
2760,42,159,主要卸売市場計,2025-03-17,2025-05-11 10:55:32 +0900,2025-05-11 10:55:32 +0900
2761,43,1198,主要卸売市場計,2025-03-17,2025-05-11 10:55:32 +0900,2025-05-11 10:55:32 +0900
2762,44,1133,主要卸売市場計,2025-03-17,2025-05-11 10:55:32 +0900,2025-05-11 10:55:32 +0900
2763,45,982,主要卸売市場計,2025-03-17,2025-05-11 10:55:32 +0900,2025-05-11 10:55:32 +0900
2764,46,512,主要卸売市場計,2025-03-17,2025-05-11 10:55:32 +0900,2025-05-11 10:55:32 +0900
2765,47,342,主要卸売市場計,2025-03-17,2025-05-11 10:55:32 +0900,2025-05-11 10:55:32 +0900
2766,48,491,主要卸売市場計,2025-03-17,2025-05-11 10:55:32 +0900,2025-05-11 10:55:32 +0900
2767,1,131,主要卸売市場計,2025-03-24,2025-05-11 10:55:32 +0900,2025-05-11 10:55:32 +0900
2768,2,168,主要卸売市場計,2025-03-24,2025-05-11 10:55:32 +0900,2025-05-11 10:55:32 +0900
2769,3,274,主要卸売市場計,2025-03-24,2025-05-11 10:55:32 +0900,2025-05-11 10:55:32 +0900
2770,4,586,主要卸売市場計,2025-03-24,2025-05-11 10:55:32 +0900,2025-05-11 10:55:32 +0900
2771,5,1561,主要卸売市場計,2025-03-24,2025-05-11 10:55:32 +0900,2025-05-11 10:55:32 +0900
2772,6,442,主要卸売市場計,2025-03-24,2025-05-11 10:55:32 +0900,2025-05-11 10:55:32 +0900
2773,7,163,主要卸売市場計,2025-03-24,2025-05-11 10:55:32 +0900,2025-05-11 10:55:32 +0900
2774,8,381,主要卸売市場計,2025-03-24,2025-05-11 10:55:32 +0900,2025-05-11 10:55:32 +0900
2775,9,293,主要卸売市場計,2025-03-24,2025-05-11 10:55:32 +0900,2025-05-11 10:55:32 +0900
2776,10,363,主要卸売市場計,2025-03-24,2025-05-11 10:55:32 +0900,2025-05-11 10:55:32 +0900
2777,11,149,主要卸売市場計,2025-03-24,2025-05-11 10:55:32 +0900,2025-05-11 10:55:32 +0900
2778,12,425,主要卸売市場計,2025-03-24,2025-05-11 10:55:32 +0900,2025-05-11 10:55:32 +0900
2779,13,565,主要卸売市場計,2025-03-24,2025-05-11 10:55:32 +0900,2025-05-11 10:55:32 +0900
2780,14,541,主要卸売市場計,2025-03-24,2025-05-11 10:55:32 +0900,2025-05-11 10:55:32 +0900
2781,15,857,主要卸売市場計,2025-03-24,2025-05-11 10:55:32 +0900,2025-05-11 10:55:32 +0900
2782,16,560,主要卸売市場計,2025-03-24,2025-05-11 10:55:32 +0900,2025-05-11 10:55:32 +0900
2783,17,626,主要卸売市場計,2025-03-24,2025-05-11 10:55:32 +0900,2025-05-11 10:55:32 +0900
2784,18,704,主要卸売市場計,2025-03-24,2025-05-11 10:55:32 +0900,2025-05-11 10:55:32 +0900
2785,19,283,主要卸売市場計,2025-03-24,2025-05-11 10:55:32 +0900,2025-05-11 10:55:32 +0900
2786,20,1616,主要卸売市場計,2025-03-24,2025-05-11 10:55:32 +0900,2025-05-11 10:55:32 +0900
2787,21,205,主要卸売市場計,2025-03-24,2025-05-11 10:55:32 +0900,2025-05-11 10:55:32 +0900
2788,22,317,主要卸売市場計,2025-03-24,2025-05-11 10:55:32 +0900,2025-05-11 10:55:32 +0900
2789,23,194,主要卸売市場計,2025-03-24,2025-05-11 10:55:32 +0900,2025-05-11 10:55:32 +0900
2790,24,863,主要卸売市場計,2025-03-24,2025-05-11 10:55:32 +0900,2025-05-11 10:55:32 +0900
2791,25,385,主要卸売市場計,2025-03-24,2025-05-11 10:55:32 +0900,2025-05-11 10:55:32 +0900
2792,26,255,主要卸売市場計,2025-03-24,2025-05-11 10:55:32 +0900,2025-05-11 10:55:32 +0900
2793,27,465,主要卸売市場計,2025-03-24,2025-05-11 10:55:32 +0900,2025-05-11 10:55:32 +0900
2794,28,411,主要卸売市場計,2025-03-24,2025-05-11 10:55:32 +0900,2025-05-11 10:55:32 +0900
2795,29,676,主要卸売市場計,2025-03-24,2025-05-11 10:55:32 +0900,2025-05-11 10:55:32 +0900
2796,30,655,主要卸売市場計,2025-03-24,2025-05-11 10:55:32 +0900,2025-05-11 10:55:32 +0900
2797,33,1576,主要卸売市場計,2025-03-24,2025-05-11 10:55:32 +0900,2025-05-11 10:55:32 +0900
2798,34,946,主要卸売市場計,2025-03-24,2025-05-11 10:55:32 +0900,2025-05-11 10:55:32 +0900
2799,35,1105,主要卸売市場計,2025-03-24,2025-05-11 10:55:32 +0900,2025-05-11 10:55:32 +0900
2800,36,734,主要卸売市場計,2025-03-24,2025-05-11 10:55:32 +0900,2025-05-11 10:55:32 +0900
2801,37,2312,主要卸売市場計,2025-03-24,2025-05-11 10:55:32 +0900,2025-05-11 10:55:32 +0900
2802,38,273,主要卸売市場計,2025-03-24,2025-05-11 10:55:32 +0900,2025-05-11 10:55:32 +0900
2803,39,247,主要卸売市場計,2025-03-24,2025-05-11 10:55:32 +0900,2025-05-11 10:55:32 +0900
2804,40,409,主要卸売市場計,2025-03-24,2025-05-11 10:55:32 +0900,2025-05-11 10:55:32 +0900
2805,41,433,主要卸売市場計,2025-03-24,2025-05-11 10:55:32 +0900,2025-05-11 10:55:32 +0900
2806,42,153,主要卸売市場計,2025-03-24,2025-05-11 10:55:32 +0900,2025-05-11 10:55:32 +0900
2807,43,1234,主要卸売市場計,2025-03-24,2025-05-11 10:55:32 +0900,2025-05-11 10:55:32 +0900
2808,44,1148,主要卸売市場計,2025-03-24,2025-05-11 10:55:32 +0900,2025-05-11 10:55:32 +0900
2809,45,960,主要卸売市場計,2025-03-24,2025-05-11 10:55:32 +0900,2025-05-11 10:55:32 +0900
2810,46,492,主要卸売市場計,2025-03-24,2025-05-11 10:55:32 +0900,2025-05-11 10:55:32 +0900
2811,47,337,主要卸売市場計,2025-03-24,2025-05-11 10:55:32 +0900,2025-05-11 10:55:32 +0900
2812,48,481,主要卸売市場計,2025-03-24,2025-05-11 10:55:32 +0900,2025-05-11 10:55:32 +0900
2813,1,123,主要卸売市場計,2025-03-31,2025-05-11 10:55:33 +0900,2025-05-11 10:55:33 +0900
2814,2,156,主要卸売市場計,2025-03-31,2025-05-11 10:55:33 +0900,2025-05-11 10:55:33 +0900
2815,3,253,主要卸売市場計,2025-03-31,2025-05-11 10:55:33 +0900,2025-05-11 10:55:33 +0900
2816,4,524,主要卸売市場計,2025-03-31,2025-05-11 10:55:33 +0900,2025-05-11 10:55:33 +0900
2817,5,1249,主要卸売市場計,2025-03-31,2025-05-11 10:55:33 +0900,2025-05-11 10:55:33 +0900
2818,6,474,主要卸売市場計,2025-03-31,2025-05-11 10:55:33 +0900,2025-05-11 10:55:33 +0900
2819,7,117,主要卸売市場計,2025-03-31,2025-05-11 10:55:33 +0900,2025-05-11 10:55:33 +0900
2820,8,337,主要卸売市場計,2025-03-31,2025-05-11 10:55:33 +0900,2025-05-11 10:55:33 +0900
2821,9,258,主要卸売市場計,2025-03-31,2025-05-11 10:55:33 +0900,2025-05-11 10:55:33 +0900
2822,10,315,主要卸売市場計,2025-03-31,2025-05-11 10:55:33 +0900,2025-05-11 10:55:33 +0900
2823,11,116,主要卸売市場計,2025-03-31,2025-05-11 10:55:33 +0900,2025-05-11 10:55:33 +0900
2824,12,411,主要卸売市場計,2025-03-31,2025-05-11 10:55:33 +0900,2025-05-11 10:55:33 +0900
2825,13,476,主要卸売市場計,2025-03-31,2025-05-11 10:55:33 +0900,2025-05-11 10:55:33 +0900
2826,14,506,主要卸売市場計,2025-03-31,2025-05-11 10:55:33 +0900,2025-05-11 10:55:33 +0900
2827,15,805,主要卸売市場計,2025-03-31,2025-05-11 10:55:33 +0900,2025-05-11 10:55:33 +0900
2828,16,500,主要卸売市場計,2025-03-31,2025-05-11 10:55:33 +0900,2025-05-11 10:55:33 +0900
2829,17,591,主要卸売市場計,2025-03-31,2025-05-11 10:55:33 +0900,2025-05-11 10:55:33 +0900
2830,18,637,主要卸売市場計,2025-03-31,2025-05-11 10:55:33 +0900,2025-05-11 10:55:33 +0900
2831,19,278,主要卸売市場計,2025-03-31,2025-05-11 10:55:33 +0900,2025-05-11 10:55:33 +0900
2832,20,1470,主要卸売市場計,2025-03-31,2025-05-11 10:55:33 +0900,2025-05-11 10:55:33 +0900
2833,21,226,主要卸売市場計,2025-03-31,2025-05-11 10:55:33 +0900,2025-05-11 10:55:33 +0900
2834,22,297,主要卸売市場計,2025-03-31,2025-05-11 10:55:33 +0900,2025-05-11 10:55:33 +0900
2835,23,164,主要卸売市場計,2025-03-31,2025-05-11 10:55:33 +0900,2025-05-11 10:55:33 +0900
2836,24,803,主要卸売市場計,2025-03-31,2025-05-11 10:55:33 +0900,2025-05-11 10:55:33 +0900
2837,25,323,主要卸売市場計,2025-03-31,2025-05-11 10:55:33 +0900,2025-05-11 10:55:33 +0900
2838,26,246,主要卸売市場計,2025-03-31,2025-05-11 10:55:33 +0900,2025-05-11 10:55:33 +0900
2839,27,410,主要卸売市場計,2025-03-31,2025-05-11 10:55:33 +0900,2025-05-11 10:55:33 +0900
2840,28,394,主要卸売市場計,2025-03-31,2025-05-11 10:55:33 +0900,2025-05-11 10:55:33 +0900
2841,29,622,主要卸売市場計,2025-03-31,2025-05-11 10:55:33 +0900,2025-05-11 10:55:33 +0900
2842,30,603,主要卸売市場計,2025-03-31,2025-05-11 10:55:33 +0900,2025-05-11 10:55:33 +0900
2843,33,1125,主要卸売市場計,2025-03-31,2025-05-11 10:55:33 +0900,2025-05-11 10:55:33 +0900
2844,34,896,主要卸売市場計,2025-03-31,2025-05-11 10:55:33 +0900,2025-05-11 10:55:33 +0900
2845,35,1050,主要卸売市場計,2025-03-31,2025-05-11 10:55:33 +0900,2025-05-11 10:55:33 +0900
2846,36,641,主要卸売市場計,2025-03-31,2025-05-11 10:55:33 +0900,2025-05-11 10:55:33 +0900
2847,37,991,主要卸売市場計,2025-03-31,2025-05-11 10:55:33 +0900,2025-05-11 10:55:33 +0900
2848,38,268,主要卸売市場計,2025-03-31,2025-05-11 10:55:33 +0900,2025-05-11 10:55:33 +0900
2849,39,271,主要卸売市場計,2025-03-31,2025-05-11 10:55:33 +0900,2025-05-11 10:55:33 +0900
2850,40,410,主要卸売市場計,2025-03-31,2025-05-11 10:55:33 +0900,2025-05-11 10:55:33 +0900
2851,41,428,主要卸売市場計,2025-03-31,2025-05-11 10:55:33 +0900,2025-05-11 10:55:33 +0900
2852,42,142,主要卸売市場計,2025-03-31,2025-05-11 10:55:33 +0900,2025-05-11 10:55:33 +0900
2853,43,1211,主要卸売市場計,2025-03-31,2025-05-11 10:55:33 +0900,2025-05-11 10:55:33 +0900
2854,44,1161,主要卸売市場計,2025-03-31,2025-05-11 10:55:33 +0900,2025-05-11 10:55:33 +0900
2855,45,881,主要卸売市場計,2025-03-31,2025-05-11 10:55:33 +0900,2025-05-11 10:55:33 +0900
2856,46,460,主要卸売市場計,2025-03-31,2025-05-11 10:55:33 +0900,2025-05-11 10:55:33 +0900
2857,47,317,主要卸売市場計,2025-03-31,2025-05-11 10:55:33 +0900,2025-05-11 10:55:33 +0900
2858,48,468,主要卸売市場計,2025-03-31,2025-05-11 10:55:33 +0900,2025-05-11 10:55:33 +0900
2859,1,126,主要卸売市場計,2025-04-07,2025-05-11 10:55:33 +0900,2025-05-11 10:55:33 +0900
2860,2,157,主要卸売市場計,2025-04-07,2025-05-11 10:55:33 +0900,2025-05-11 10:55:33 +0900
2861,3,290,主要卸売市場計,2025-04-07,2025-05-11 10:55:33 +0900,2025-05-11 10:55:33 +0900
2862,4,639,主要卸売市場計,2025-04-07,2025-05-11 10:55:33 +0900,2025-05-11 10:55:33 +0900
2863,5,739,主要卸売市場計,2025-04-07,2025-05-11 10:55:33 +0900,2025-05-11 10:55:33 +0900
2864,6,510,主要卸売市場計,2025-04-07,2025-05-11 10:55:33 +0900,2025-05-11 10:55:33 +0900
2865,7,103,主要卸売市場計,2025-04-07,2025-05-11 10:55:33 +0900,2025-05-11 10:55:33 +0900
2866,8,344,主要卸売市場計,2025-04-07,2025-05-11 10:55:33 +0900,2025-05-11 10:55:33 +0900
2867,9,269,主要卸売市場計,2025-04-07,2025-05-11 10:55:33 +0900,2025-05-11 10:55:33 +0900
2868,10,323,主要卸売市場計,2025-04-07,2025-05-11 10:55:33 +0900,2025-05-11 10:55:33 +0900
2869,11,129,主要卸売市場計,2025-04-07,2025-05-11 10:55:33 +0900,2025-05-11 10:55:33 +0900
2870,12,479,主要卸売市場計,2025-04-07,2025-05-11 10:55:33 +0900,2025-05-11 10:55:33 +0900
2871,13,514,主要卸売市場計,2025-04-07,2025-05-11 10:55:33 +0900,2025-05-11 10:55:33 +0900
2872,14,519,主要卸売市場計,2025-04-07,2025-05-11 10:55:33 +0900,2025-05-11 10:55:33 +0900
2873,15,887,主要卸売市場計,2025-04-07,2025-05-11 10:55:33 +0900,2025-05-11 10:55:33 +0900
2874,16,531,主要卸売市場計,2025-04-07,2025-05-11 10:55:33 +0900,2025-05-11 10:55:33 +0900
2875,17,592,主要卸売市場計,2025-04-07,2025-05-11 10:55:33 +0900,2025-05-11 10:55:33 +0900
2876,18,655,主要卸売市場計,2025-04-07,2025-05-11 10:55:33 +0900,2025-05-11 10:55:33 +0900
2877,19,292,主要卸売市場計,2025-04-07,2025-05-11 10:55:33 +0900,2025-05-11 10:55:33 +0900
2878,20,1759,主要卸売市場計,2025-04-07,2025-05-11 10:55:33 +0900,2025-05-11 10:55:33 +0900
2879,21,289,主要卸売市場計,2025-04-07,2025-05-11 10:55:33 +0900,2025-05-11 10:55:33 +0900
2880,22,406,主要卸売市場計,2025-04-07,2025-05-11 10:55:33 +0900,2025-05-11 10:55:33 +0900
2881,23,175,主要卸売市場計,2025-04-07,2025-05-11 10:55:33 +0900,2025-05-11 10:55:33 +0900
2882,24,844,主要卸売市場計,2025-04-07,2025-05-11 10:55:33 +0900,2025-05-11 10:55:33 +0900
2883,25,330,主要卸売市場計,2025-04-07,2025-05-11 10:55:33 +0900,2025-05-11 10:55:33 +0900
2884,26,239,主要卸売市場計,2025-04-07,2025-05-11 10:55:33 +0900,2025-05-11 10:55:33 +0900
2885,27,409,主要卸売市場計,2025-04-07,2025-05-11 10:55:33 +0900,2025-05-11 10:55:33 +0900
2886,28,393,主要卸売市場計,2025-04-07,2025-05-11 10:55:33 +0900,2025-05-11 10:55:33 +0900
2887,29,586,主要卸売市場計,2025-04-07,2025-05-11 10:55:33 +0900,2025-05-11 10:55:33 +0900
2888,30,602,主要卸売市場計,2025-04-07,2025-05-11 10:55:33 +0900,2025-05-11 10:55:33 +0900
2889,33,1124,主要卸売市場計,2025-04-07,2025-05-11 10:55:33 +0900,2025-05-11 10:55:33 +0900
2890,34,918,主要卸売市場計,2025-04-07,2025-05-11 10:55:33 +0900,2025-05-11 10:55:33 +0900
2891,35,999,主要卸売市場計,2025-04-07,2025-05-11 10:55:33 +0900,2025-05-11 10:55:33 +0900
2892,36,503,主要卸売市場計,2025-04-07,2025-05-11 10:55:33 +0900,2025-05-11 10:55:33 +0900
2893,37,1459,主要卸売市場計,2025-04-07,2025-05-11 10:55:33 +0900,2025-05-11 10:55:33 +0900
2894,38,275,主要卸売市場計,2025-04-07,2025-05-11 10:55:33 +0900,2025-05-11 10:55:33 +0900
2895,39,261,主要卸売市場計,2025-04-07,2025-05-11 10:55:33 +0900,2025-05-11 10:55:33 +0900
2896,40,394,主要卸売市場計,2025-04-07,2025-05-11 10:55:33 +0900,2025-05-11 10:55:33 +0900
2897,41,427,主要卸売市場計,2025-04-07,2025-05-11 10:55:33 +0900,2025-05-11 10:55:33 +0900
2898,42,153,主要卸売市場計,2025-04-07,2025-05-11 10:55:33 +0900,2025-05-11 10:55:33 +0900
2899,43,1399,主要卸売市場計,2025-04-07,2025-05-11 10:55:33 +0900,2025-05-11 10:55:33 +0900
2900,44,1186,主要卸売市場計,2025-04-07,2025-05-11 10:55:33 +0900,2025-05-11 10:55:33 +0900
2901,45,962,主要卸売市場計,2025-04-07,2025-05-11 10:55:33 +0900,2025-05-11 10:55:33 +0900
2902,46,453,主要卸売市場計,2025-04-07,2025-05-11 10:55:33 +0900,2025-05-11 10:55:33 +0900
2903,47,310,主要卸売市場計,2025-04-07,2025-05-11 10:55:33 +0900,2025-05-11 10:55:33 +0900
2904,48,463,主要卸売市場計,2025-04-07,2025-05-11 10:55:33 +0900,2025-05-11 10:55:33 +0900
2905,1,116,主要卸売市場計,2025-04-14,2025-05-11 10:55:33 +0900,2025-05-11 10:55:33 +0900
2906,2,165,主要卸売市場計,2025-04-14,2025-05-11 10:55:33 +0900,2025-05-11 10:55:33 +0900
2907,3,297,主要卸売市場計,2025-04-14,2025-05-11 10:55:33 +0900,2025-05-11 10:55:33 +0900
2908,4,646,主要卸売市場計,2025-04-14,2025-05-11 10:55:33 +0900,2025-05-11 10:55:33 +0900
2909,5,595,主要卸売市場計,2025-04-14,2025-05-11 10:55:33 +0900,2025-05-11 10:55:33 +0900
2910,6,578,主要卸売市場計,2025-04-14,2025-05-11 10:55:33 +0900,2025-05-11 10:55:33 +0900
2911,7,91,主要卸売市場計,2025-04-14,2025-05-11 10:55:33 +0900,2025-05-11 10:55:33 +0900
2912,8,345,主要卸売市場計,2025-04-14,2025-05-11 10:55:33 +0900,2025-05-11 10:55:33 +0900
2913,9,322,主要卸売市場計,2025-04-14,2025-05-11 10:55:33 +0900,2025-05-11 10:55:33 +0900
2914,10,335,主要卸売市場計,2025-04-14,2025-05-11 10:55:33 +0900,2025-05-11 10:55:33 +0900
2915,11,127,主要卸売市場計,2025-04-14,2025-05-11 10:55:33 +0900,2025-05-11 10:55:33 +0900
2916,12,556,主要卸売市場計,2025-04-14,2025-05-11 10:55:33 +0900,2025-05-11 10:55:33 +0900
2917,13,488,主要卸売市場計,2025-04-14,2025-05-11 10:55:33 +0900,2025-05-11 10:55:33 +0900
2918,14,512,主要卸売市場計,2025-04-14,2025-05-11 10:55:33 +0900,2025-05-11 10:55:33 +0900
2919,15,842,主要卸売市場計,2025-04-14,2025-05-11 10:55:33 +0900,2025-05-11 10:55:33 +0900
2920,16,516,主要卸売市場計,2025-04-14,2025-05-11 10:55:33 +0900,2025-05-11 10:55:33 +0900
2921,17,654,主要卸売市場計,2025-04-14,2025-05-11 10:55:33 +0900,2025-05-11 10:55:33 +0900
2922,18,673,主要卸売市場計,2025-04-14,2025-05-11 10:55:33 +0900,2025-05-11 10:55:33 +0900
2923,19,299,主要卸売市場計,2025-04-14,2025-05-11 10:55:33 +0900,2025-05-11 10:55:33 +0900
2924,20,1798,主要卸売市場計,2025-04-14,2025-05-11 10:55:33 +0900,2025-05-11 10:55:33 +0900
2925,21,282,主要卸売市場計,2025-04-14,2025-05-11 10:55:33 +0900,2025-05-11 10:55:33 +0900
2926,22,488,主要卸売市場計,2025-04-14,2025-05-11 10:55:33 +0900,2025-05-11 10:55:33 +0900
2927,23,190,主要卸売市場計,2025-04-14,2025-05-11 10:55:33 +0900,2025-05-11 10:55:33 +0900
2928,24,937,主要卸売市場計,2025-04-14,2025-05-11 10:55:33 +0900,2025-05-11 10:55:33 +0900
2929,25,307,主要卸売市場計,2025-04-14,2025-05-11 10:55:33 +0900,2025-05-11 10:55:33 +0900
2930,26,231,主要卸売市場計,2025-04-14,2025-05-11 10:55:33 +0900,2025-05-11 10:55:33 +0900
2931,27,362,主要卸売市場計,2025-04-14,2025-05-11 10:55:33 +0900,2025-05-11 10:55:33 +0900
2932,28,378,主要卸売市場計,2025-04-14,2025-05-11 10:55:33 +0900,2025-05-11 10:55:33 +0900
2933,29,565,主要卸売市場計,2025-04-14,2025-05-11 10:55:33 +0900,2025-05-11 10:55:33 +0900
2934,30,618,主要卸売市場計,2025-04-14,2025-05-11 10:55:33 +0900,2025-05-11 10:55:33 +0900
2935,33,970,主要卸売市場計,2025-04-14,2025-05-11 10:55:33 +0900,2025-05-11 10:55:33 +0900
2936,34,995,主要卸売市場計,2025-04-14,2025-05-11 10:55:33 +0900,2025-05-11 10:55:33 +0900
2937,35,991,主要卸売市場計,2025-04-14,2025-05-11 10:55:33 +0900,2025-05-11 10:55:33 +0900
2938,36,512,主要卸売市場計,2025-04-14,2025-05-11 10:55:33 +0900,2025-05-11 10:55:33 +0900
2939,37,1907,主要卸売市場計,2025-04-14,2025-05-11 10:55:33 +0900,2025-05-11 10:55:33 +0900
2940,38,272,主要卸売市場計,2025-04-14,2025-05-11 10:55:33 +0900,2025-05-11 10:55:33 +0900
2941,39,309,主要卸売市場計,2025-04-14,2025-05-11 10:55:33 +0900,2025-05-11 10:55:33 +0900
2942,40,406,主要卸売市場計,2025-04-14,2025-05-11 10:55:33 +0900,2025-05-11 10:55:33 +0900
2943,41,425,主要卸売市場計,2025-04-14,2025-05-11 10:55:33 +0900,2025-05-11 10:55:33 +0900
2944,42,148,主要卸売市場計,2025-04-14,2025-05-11 10:55:33 +0900,2025-05-11 10:55:33 +0900
2945,43,1513,主要卸売市場計,2025-04-14,2025-05-11 10:55:33 +0900,2025-05-11 10:55:33 +0900
2946,44,1159,主要卸売市場計,2025-04-14,2025-05-11 10:55:33 +0900,2025-05-11 10:55:33 +0900
2947,45,926,主要卸売市場計,2025-04-14,2025-05-11 10:55:33 +0900,2025-05-11 10:55:33 +0900
2948,46,451,主要卸売市場計,2025-04-14,2025-05-11 10:55:33 +0900,2025-05-11 10:55:33 +0900
2949,47,301,主要卸売市場計,2025-04-14,2025-05-11 10:55:33 +0900,2025-05-11 10:55:33 +0900
2950,48,466,主要卸売市場計,2025-04-14,2025-05-11 10:55:33 +0900,2025-05-11 10:55:33 +0900
2951,1,111,主要卸売市場計,2025-04-21,2025-05-11 10:55:33 +0900,2025-05-11 10:55:33 +0900
2952,2,161,主要卸売市場計,2025-04-21,2025-05-11 10:55:33 +0900,2025-05-11 10:55:33 +0900
2953,3,282,主要卸売市場計,2025-04-21,2025-05-11 10:55:33 +0900,2025-05-11 10:55:33 +0900
2954,4,521,主要卸売市場計,2025-04-21,2025-05-11 10:55:33 +0900,2025-05-11 10:55:33 +0900
2955,5,450,主要卸売市場計,2025-04-21,2025-05-11 10:55:33 +0900,2025-05-11 10:55:33 +0900
2956,6,602,主要卸売市場計,2025-04-21,2025-05-11 10:55:33 +0900,2025-05-11 10:55:33 +0900
2957,7,81,主要卸売市場計,2025-04-21,2025-05-11 10:55:33 +0900,2025-05-11 10:55:33 +0900
2958,8,318,主要卸売市場計,2025-04-21,2025-05-11 10:55:33 +0900,2025-05-11 10:55:33 +0900
2959,9,328,主要卸売市場計,2025-04-21,2025-05-11 10:55:33 +0900,2025-05-11 10:55:33 +0900
2960,10,347,主要卸売市場計,2025-04-21,2025-05-11 10:55:33 +0900,2025-05-11 10:55:33 +0900
2961,11,109,主要卸売市場計,2025-04-21,2025-05-11 10:55:33 +0900,2025-05-11 10:55:33 +0900
2962,12,502,主要卸売市場計,2025-04-21,2025-05-11 10:55:33 +0900,2025-05-11 10:55:33 +0900
2963,13,468,主要卸売市場計,2025-04-21,2025-05-11 10:55:33 +0900,2025-05-11 10:55:33 +0900
2964,14,475,主要卸売市場計,2025-04-21,2025-05-11 10:55:33 +0900,2025-05-11 10:55:33 +0900
2965,15,812,主要卸売市場計,2025-04-21,2025-05-11 10:55:33 +0900,2025-05-11 10:55:33 +0900
2966,16,507,主要卸売市場計,2025-04-21,2025-05-11 10:55:33 +0900,2025-05-11 10:55:33 +0900
2967,17,656,主要卸売市場計,2025-04-21,2025-05-11 10:55:33 +0900,2025-05-11 10:55:33 +0900
2968,18,648,主要卸売市場計,2025-04-21,2025-05-11 10:55:33 +0900,2025-05-11 10:55:33 +0900
2969,19,314,主要卸売市場計,2025-04-21,2025-05-11 10:55:33 +0900,2025-05-11 10:55:33 +0900
2970,20,1987,主要卸売市場計,2025-04-21,2025-05-11 10:55:33 +0900,2025-05-11 10:55:33 +0900
2971,21,294,主要卸売市場計,2025-04-21,2025-05-11 10:55:33 +0900,2025-05-11 10:55:33 +0900
2972,22,480,主要卸売市場計,2025-04-21,2025-05-11 10:55:33 +0900,2025-05-11 10:55:33 +0900
2973,23,155,主要卸売市場計,2025-04-21,2025-05-11 10:55:33 +0900,2025-05-11 10:55:33 +0900
2974,24,930,主要卸売市場計,2025-04-21,2025-05-11 10:55:33 +0900,2025-05-11 10:55:33 +0900
2975,25,290,主要卸売市場計,2025-04-21,2025-05-11 10:55:33 +0900,2025-05-11 10:55:33 +0900
2976,26,250,主要卸売市場計,2025-04-21,2025-05-11 10:55:33 +0900,2025-05-11 10:55:33 +0900
2977,27,373,主要卸売市場計,2025-04-21,2025-05-11 10:55:33 +0900,2025-05-11 10:55:33 +0900
2978,28,369,主要卸売市場計,2025-04-21,2025-05-11 10:55:33 +0900,2025-05-11 10:55:33 +0900
2979,29,519,主要卸売市場計,2025-04-21,2025-05-11 10:55:33 +0900,2025-05-11 10:55:33 +0900
2980,30,568,主要卸売市場計,2025-04-21,2025-05-11 10:55:33 +0900,2025-05-11 10:55:33 +0900
2981,33,989,主要卸売市場計,2025-04-21,2025-05-11 10:55:33 +0900,2025-05-11 10:55:33 +0900
2982,34,1091,主要卸売市場計,2025-04-21,2025-05-11 10:55:33 +0900,2025-05-11 10:55:33 +0900
2983,35,906,主要卸売市場計,2025-04-21,2025-05-11 10:55:33 +0900,2025-05-11 10:55:33 +0900
2984,36,564,主要卸売市場計,2025-04-21,2025-05-11 10:55:33 +0900,2025-05-11 10:55:33 +0900
2985,37,1530,主要卸売市場計,2025-04-21,2025-05-11 10:55:33 +0900,2025-05-11 10:55:33 +0900
2986,38,282,主要卸売市場計,2025-04-21,2025-05-11 10:55:33 +0900,2025-05-11 10:55:33 +0900
2987,39,355,主要卸売市場計,2025-04-21,2025-05-11 10:55:33 +0900,2025-05-11 10:55:33 +0900
2988,40,384,主要卸売市場計,2025-04-21,2025-05-11 10:55:33 +0900,2025-05-11 10:55:33 +0900
2989,41,397,主要卸売市場計,2025-04-21,2025-05-11 10:55:33 +0900,2025-05-11 10:55:33 +0900
2990,42,163,主要卸売市場計,2025-04-21,2025-05-11 10:55:33 +0900,2025-05-11 10:55:33 +0900
2991,43,1609,主要卸売市場計,2025-04-21,2025-05-11 10:55:33 +0900,2025-05-11 10:55:33 +0900
2992,44,1077,主要卸売市場計,2025-04-21,2025-05-11 10:55:33 +0900,2025-05-11 10:55:33 +0900
2993,45,957,主要卸売市場計,2025-04-21,2025-05-11 10:55:33 +0900,2025-05-11 10:55:33 +0900
2994,46,458,主要卸売市場計,2025-04-21,2025-05-11 10:55:33 +0900,2025-05-11 10:55:33 +0900
2995,47,318,主要卸売市場計,2025-04-21,2025-05-11 10:55:33 +0900,2025-05-11 10:55:33 +0900
2996,48,460,主要卸売市場計,2025-04-21,2025-05-11 10:55:33 +0900,2025-05-11 10:55:33 +0900
2997,1,104,主要卸売市場計,2025-04-28,2025-05-11 10:55:33 +0900,2025-05-11 10:55:33 +0900
2998,2,158,主要卸売市場計,2025-04-28,2025-05-11 10:55:33 +0900,2025-05-11 10:55:33 +0900
2999,3,233,主要卸売市場計,2025-04-28,2025-05-11 10:55:33 +0900,2025-05-11 10:55:33 +0900
3000,4,539,主要卸売市場計,2025-04-28,2025-05-11 10:55:33 +0900,2025-05-11 10:55:33 +0900
3001,5,458,主要卸売市場計,2025-04-28,2025-05-11 10:55:33 +0900,2025-05-11 10:55:33 +0900
3002,6,593,主要卸売市場計,2025-04-28,2025-05-11 10:55:33 +0900,2025-05-11 10:55:33 +0900
3003,7,72,主要卸売市場計,2025-04-28,2025-05-11 10:55:33 +0900,2025-05-11 10:55:33 +0900
3004,8,296,主要卸売市場計,2025-04-28,2025-05-11 10:55:33 +0900,2025-05-11 10:55:33 +0900
3005,9,269,主要卸売市場計,2025-04-28,2025-05-11 10:55:33 +0900,2025-05-11 10:55:33 +0900
3006,10,340,主要卸売市場計,2025-04-28,2025-05-11 10:55:33 +0900,2025-05-11 10:55:33 +0900
3007,11,106,主要卸売市場計,2025-04-28,2025-05-11 10:55:33 +0900,2025-05-11 10:55:33 +0900
3008,12,445,主要卸売市場計,2025-04-28,2025-05-11 10:55:33 +0900,2025-05-11 10:55:33 +0900
3009,13,459,主要卸売市場計,2025-04-28,2025-05-11 10:55:33 +0900,2025-05-11 10:55:33 +0900
3010,14,495,主要卸売市場計,2025-04-28,2025-05-11 10:55:33 +0900,2025-05-11 10:55:33 +0900
3011,15,745,主要卸売市場計,2025-04-28,2025-05-11 10:55:33 +0900,2025-05-11 10:55:33 +0900
3012,16,524,主要卸売市場計,2025-04-28,2025-05-11 10:55:33 +0900,2025-05-11 10:55:33 +0900
3013,17,687,主要卸売市場計,2025-04-28,2025-05-11 10:55:33 +0900,2025-05-11 10:55:33 +0900
3014,18,528,主要卸売市場計,2025-04-28,2025-05-11 10:55:33 +0900,2025-05-11 10:55:33 +0900
3015,19,335,主要卸売市場計,2025-04-28,2025-05-11 10:55:33 +0900,2025-05-11 10:55:33 +0900
3016,20,1982,主要卸売市場計,2025-04-28,2025-05-11 10:55:33 +0900,2025-05-11 10:55:33 +0900
3017,21,256,主要卸売市場計,2025-04-28,2025-05-11 10:55:33 +0900,2025-05-11 10:55:33 +0900
3018,22,416,主要卸売市場計,2025-04-28,2025-05-11 10:55:33 +0900,2025-05-11 10:55:33 +0900
3019,23,142,主要卸売市場計,2025-04-28,2025-05-11 10:55:33 +0900,2025-05-11 10:55:33 +0900
3020,24,1164,主要卸売市場計,2025-04-28,2025-05-11 10:55:33 +0900,2025-05-11 10:55:33 +0900
3021,25,271,主要卸売市場計,2025-04-28,2025-05-11 10:55:33 +0900,2025-05-11 10:55:33 +0900
3022,26,253,主要卸売市場計,2025-04-28,2025-05-11 10:55:33 +0900,2025-05-11 10:55:33 +0900
3023,27,350,主要卸売市場計,2025-04-28,2025-05-11 10:55:33 +0900,2025-05-11 10:55:33 +0900
3024,28,364,主要卸売市場計,2025-04-28,2025-05-11 10:55:33 +0900,2025-05-11 10:55:33 +0900
3025,29,544,主要卸売市場計,2025-04-28,2025-05-11 10:55:33 +0900,2025-05-11 10:55:33 +0900
3026,30,553,主要卸売市場計,2025-04-28,2025-05-11 10:55:33 +0900,2025-05-11 10:55:33 +0900
3027,33,1042,主要卸売市場計,2025-04-28,2025-05-11 10:55:33 +0900,2025-05-11 10:55:33 +0900
3028,34,1106,主要卸売市場計,2025-04-28,2025-05-11 10:55:33 +0900,2025-05-11 10:55:33 +0900
3029,35,872,主要卸売市場計,2025-04-28,2025-05-11 10:55:33 +0900,2025-05-11 10:55:33 +0900
3030,36,637,主要卸売市場計,2025-04-28,2025-05-11 10:55:33 +0900,2025-05-11 10:55:33 +0900
3031,37,1958,主要卸売市場計,2025-04-28,2025-05-11 10:55:33 +0900,2025-05-11 10:55:33 +0900
3032,38,293,主要卸売市場計,2025-04-28,2025-05-11 10:55:33 +0900,2025-05-11 10:55:33 +0900
3033,39,377,主要卸売市場計,2025-04-28,2025-05-11 10:55:33 +0900,2025-05-11 10:55:33 +0900
3034,40,360,主要卸売市場計,2025-04-28,2025-05-11 10:55:33 +0900,2025-05-11 10:55:33 +0900
3035,41,428,主要卸売市場計,2025-04-28,2025-05-11 10:55:33 +0900,2025-05-11 10:55:33 +0900
3036,42,175,主要卸売市場計,2025-04-28,2025-05-11 10:55:33 +0900,2025-05-11 10:55:33 +0900
3037,43,1230,主要卸売市場計,2025-04-28,2025-05-11 10:55:33 +0900,2025-05-11 10:55:33 +0900
3038,44,1047,主要卸売市場計,2025-04-28,2025-05-11 10:55:33 +0900,2025-05-11 10:55:33 +0900
3039,45,957,主要卸売市場計,2025-04-28,2025-05-11 10:55:33 +0900,2025-05-11 10:55:33 +0900
3040,46,473,主要卸売市場計,2025-04-28,2025-05-11 10:55:33 +0900,2025-05-11 10:55:33 +0900
3041,47,329,主要卸売市場計,2025-04-28,2025-05-11 10:55:33 +0900,2025-05-11 10:55:33 +0900
3042,48,471,主要卸売市場計,2025-04-28,2025-05-11 10:55:33 +0900,2025-05-11 10:55:33 +0900
